time_s,input_v,output_v
0,0,0
9.99999944e-11,6.28318503e-07,-1.009159878e-12
1.999999888e-10,1.256637006e-06,-2.987660249e-12
3.999999776e-10,2.513274012e-06,-8.880135342e-12
7.999999552e-10,5.026548024e-06,-3.227703521e-11
1.59999991e-09,1.005309605e-05,-1.255187065e-10
3.199999821e-09,2.01061921e-05,-4.97795194e-10
6.399999641e-09,4.021238419e-05,-1.985532849e-09
1.279999928e-08,8.042476838e-05,-7.933845581e-09
2.559999857e-08,0.0001608495368,-3.172260321e-08
5.119999713e-08,0.0003216990735,-1.26874923e-07
1.023999943e-07,0.0006433980889,-5.075290233e-07
2.047999885e-07,0.001286795945,-2.030637233e-06
4.09599977e-07,0.002573589794,-8.12727103e-06
8.191999541e-07,0.005147162359,-3.254797775e-05
1.638399908e-06,0.01029418875,-0.0001305057958
3.276799816e-06,0.02058728598,-0.0005245476495
6.553599633e-06,0.04116584361,-0.002118544187
1.310719927e-05,0.08226189762,-0.008639488369
2.310719927e-05,0.1446772814,-0.02762218751
3.310719927e-05,0.2065216899,-0.05824721977
4.310719927e-05,0.2675510347,-0.1014342234
5.310719927e-05,0.327524513,-0.1581549346
6.310719927e-05,0.3862053752,-0.229439199
7.310719927e-05,0.4433620572,-0.3163816631
8.310719927e-05,0.4987690151,-0.4201492965
8.410719927e-05,0.5042049885,-0.4314880073
9.410719927e-05,0.5574349165,-0.5552066565
9.510719927e-05,0.5626403093,-0.5686190724
0.0001051071993,0.6134391427,-0.7139189243
0.0001061071993,0.61838907,-0.7295745015
0.0001161071993,0.6665141582,-0.8982214332
0.0001171071993,0.6711850166,-0.9163039327
0.0001271071993,0.7164065838,-1.110216618
0.0001281071993,0.7207760811,-1.130926132
0.0001381071993,0.7628781796,-1.352195263
0.0001391071993,0.7669253945,-1.375749946
0.0001491071993,0.8057070374,-1.626659274
0.0001501071993,0.8094127178,-1.653297782
0.0001601071993,0.8446886539,-1.936348319
0.0001611071993,0.8480350971,-1.966332316
0.0001711071993,0.8796368837,-2.284267902
0.0001721071993,0.8826080561,-2.317884922
0.0001821071993,0.9103848934,-2.673722744
0.0001831071993,0.912966609,-2.711288452
0.0001931071993,0.9367857575,-3.108350515
0.0001941071993,0.9389657974,-3.150213718
0.0002041071993,0.9587135315,-3.592163563
0.0002051071993,0.9604814053,-3.638708591
0.0002151071993,0.9760634899,-4.129591465
0.0002161071993,0.9774106741,-4.181242943
0.0002261071993,0.9887527227,-4.725529194
0.0002271071993,0.9896728992,-4.782757282
0.0002371071993,0.9967206717,-5.385393143
0.0002381071993,0.9972094297,-5.448717594
0.0002481071993,0.9999293089,-6.115178585
0.0002491071993,0.9999842644,-6.185174465
0.0002591071993,0.9983632565,-6.921525955
0.0002601071993,0.9979842305,-6.998831272
0.0002701071993,0.9920300841,-7.811795712
0.0002711071993,0.9912188053,-7.897117138
0.0002811071993,0.9809599519,-8.794146538
0.0002821071993,0.9797202945,-8.888268471
0.0002921071993,0.965205729,-9.877627373
0.0002931071993,0.9635437131,-9.98141861
0.0002943571993,0.9614126682,-10.11319542
0.0002968571993,0.9569727778,-10.37970161
0.0002978571993,0.9551306963,-10.48796463
0.0003018571993,0.9473859072,-10.93078423
0.0003028571993,0.9453560114,-11.04395199
0.0003098571993,0.9301064014,-11.86506557
0.0003108571993,0.9277803302,11.38281631
0.0003117024883,0.9257855415,12.28392506
0.0003122165628,0.9245595932,11.43712807
0.0003127178306,0.9233549237,12.22092724
0.0003132263573,0.9221234322,11.49669552
0.0003137032418,0.9209600091,12.16550827
0.000314167587,0.9198192358,11.55104446
0.0003146098816,0.9187253714,12.11458206
0.0003150240673,0.9176945686,11.60115814
0.0003154238994,0.9166935682,12.06739998
0.0003158169555,0.9157039523,11.64580059
0.0003162092682,0.9147106409,12.02733135
0.0003166101062,0.913689971,11.68241978
0.0003170269958,0.912622273,11.99583626
0.0003174687213,0.9114841223,11.71046257
0.0003179462555,0.9102458358,11.97263527
0.0003184702631,0.9088776112,11.73090744
0.0003190557449,0.9073372483,11.95641327
0.0003197183364,0.9055791497,11.74539852
0.0003204789021,0.9035418034,11.94556808
0.0003213612723,0.9011522532,11.75561237
0.0003223957972,0.8983154297,11.93868542
0.0003236187244,0.8949130177,11.76297379
0.0003250754685,0.8907911777,11.93471527
0.0003268816304,0.885577023,11.76857376
0.0003292636493,0.8785262108,11.93336582
0.0003325809758,0.8683792949,11.77335358
0.0003375847148,0.8523619175,11.93527508
0.0003458811964,0.8239558339,11.77975273
0.0003558811964,0.7867494226,11.94163895
0.0003658811964,0.746438086,11.7876358
0.0003758811964,0.7031809092,11.94781017
0.0003858811964,0.6571485996,11.79461098
0.0003958811964,0.6085228324,11.95314121
0.0004058811964,0.5574954748,11.80079269
0.0004158811964,0.504267931,11.95774078
0.0004258811964,0.4490503073,11.80628204
0.0004358811964,0.3920604885,11.96170425
0.0004458811964,0.3335233629,11.81116772
0.0004471311964,0.3261088729,11.88697147
0.0004496311964,0.3112200201,11.88865089
0.0004502561964,0.30748564,11.88819313
0.0004515061964,0.3000027537,11.8884182
0.0004518186964,0.2981291413,11.88848686
0.0004524436964,0.2943784297,11.88860798
0.0004536936964,0.286863476,11.8888464
0.0004536999464,0.2868258357,2.698596716
0.0004537124464,0.2867506146,-8.562885284
0.0004537195221,0.2867080271,-10.28980446
0.0004537245353,0.2866778374,-10.91660976
0.0004537318976,0.2866335213,-11.41730785
0.0004537436529,0.2865627706,-11.73202229
0.0004537590108,0.2864703238,-11.82587051
0.0004537803818,0.2863416672,-11.8398962
0.000453812797,0.2861465216,-11.83926392
0.0004538776274,0.2857561707,-11.83949471
0.000454007288,0.2849753797,-11.83944988
0.0004542666094,0.2834132016,-11.8396883
0.0004547852522,0.2802865803,-11.8398962
0.0004558225377,0.2740244567,-11.84055138
0.0004578971087,0.2614655495,-11.84162045
0.0004620462508,0.2362166345,-11.84393978
0.0004703445349,0.1852544397,-11.84818554
0.0004803445349,0.1231852323,-11.85317707
0.0004903445349,0.06062987074,-11.85772324
0.0005003445349,-0.002164774807,-11.86213398
0.0005103445349,-0.06495087594,-11.86613274
0.0005203445349,-0.127480641,-11.87002563
0.0005303445349,-0.1895073056,-11.87353802
0.0005403445349,-0.2507860661,-11.87697029
0.0005503445349,-0.3110750914,-11.8800478
0.0005603445349,-0.3701364398,-11.88306904
0.0005703445349,-0.4277370274,-11.88575935
0.0005803445349,-0.4836495519,-11.88841438
0.0005903445349,-0.537653327,-11.89075947
0.0005915945349,-0.5442588925,-11.89108276
0.0005940945349,-0.5573688745,-11.89165688
0.0005947195349,-0.5606250167,-11.89179897
0.0005959695349,-0.5671113133,-11.89208031
0.0005962820349,-0.5687274337,-11.89215088
0.0005969070349,-0.5719530582,-11.89229012
0.0005970632849,-0.5727581382,-11.8923254
0.000597182028,-0.5733695626,8.448618889
0.0005972345603,-0.5736399293,13.3705101
0.0005972745162,-0.5738455653,11.31736946
0.0005972944578,-0.5739481449,11.8381176
0.0005973181136,-0.5740698576,11.83573914
0.0005973411249,-0.5741882324,11.8359623
0.0005973780322,-0.5743780732,11.83596325
0.000597451847,-0.5747576952,11.83600903
0.0005975994766,-0.5755165219,11.83608246
0.0005978947358,-0.5770326257,11.83624268
0.0005984852541,-0.5800589919,11.83654976
0.0005996662907,-0.5860876441,11.83717251
0.000602028364,-0.5980478525,11.83839417
0.0006067525105,-0.6215704083,11.84079552
0.0006162008035,-0.6669524908,11.84539318
0.0006262008035,-0.7124216557,11.8499918
0.0006362008035,-0.7550792098,11.85432053
0.0006462008035,-0.7947567701,11.85840988
0.0006562008035,-0.8312978148,11.86226082
0.0006662008035,-0.8645581603,11.86590195
0.0006762008035,-0.8944064379,11.86933422
0.0006862008035,-0.9207249284,11.87258244
0.0006962008035,-0.9434096813,11.87564659
0.0007062008035,-0.9623712897,11.87854958
0.0007162008035,-0.9775348306,11.88128948
0.0007174508035,-0.9791600704,11.88162231
0.0007199508035,-0.9822292924,11.8822794
0.0007205758035,-0.982958734,11.88244247
0.0007218258035,-0.9843721986,11.88276672
0.0007221383035,-0.9847160578,11.88284779
0.0007227633035,-0.9853923917,11.88300896
0.0007229195535,-0.9855591059,11.88304901
0.0007232320535,-0.9858897328,11.88312912
0.0007233455101,-0.9860088229,-8.323404312
0.0007234140817,-0.9860805273,-13.79029942
0.0007234708191,-0.9861397147,-10.90534878
0.0007234947062,-0.9861646295,-11.93367004
0.0007235178045,-0.9861886501,-11.838274
0.0007235421565,-0.9862139821,-11.84586525
0.0007235697008,-0.9862426519,-11.8450489
0.0007236247893,-0.9862997532,-11.84524918
0.0007237349663,-0.9864137173,-11.84521008
0.0007239553203,-0.9866402745,-11.84538937
0.0007243960284,-0.9870876074,-11.84554577
0.0007252774444,-0.9879595637,-11.84603596
0.0007270402766,-0.9896125197,-11.84683895
0.0007305659409,-0.9925541282,-11.84858131
0.0007376172694,-0.9969748855,-11.85178566
0.0007476172694,-0.9998879433,-11.85620499
0.0007576172694,-0.9988548756,-11.86023331
0.0007676172694,-0.9938798547,-11.86410141
0.0007776172694,-0.9849823713,-11.86761284
0.0007876172694,-0.9721976519,-11.87099552
0.0007976172694,-0.9555761218,-11.874053
0.0008076172694,-0.9351833463,-11.87700939
0.0008176172694,-0.9110997915,-11.87966728
0.0008276172694,-0.8834205866,-11.88224983
0.0008376172694,-0.8522549272,-11.88455868
0.0008476172694,-0.8177258372,-11.88681316
0.0008576172694,-0.7799695134,-11.88881683
0.0008676172694,-0.7391350269,-11.89078522
0.0008688672694,-0.7338221669,-11.8909893
0.0008713672694,-0.7230609655,-11.89144421
0.0008719922694,-0.7203426957,-11.89155674
0.0008732422694,-0.7148728967,-11.8917799
0.0008735547694,-0.7134985328,-11.89183521
0.0008737922556,-0.7124522328,10.01258373
0.0008738927712,-0.7120088935,13.06063366
0.0008739833693,-0.7116091251,11.0509367
0.0008740252125,-0.7114243507,12.11788368
0.0008740633888,-0.7112557888,11.74718571
0.0008741036961,-0.7110777497,11.86709881
0.0008741412887,-0.7109116316,11.82709694
0.000874205472,-0.7106279731,11.84163666
0.0008743042111,-0.7101913095,11.83333302
0.0008745016893,-0.7093172669,11.83952427
0.0008748966456,-0.7075658441,11.83454132
0.0008756865582,-0.7040498853,11.83981895
0.0008772663834,-0.6969661713,11.83606434
0.0008804260338,-0.6825933456,11.84238911
0.0008867453346,-0.6530463696,11.84129715
0.0008967453346,-0.6042053103,11.85095501
0.0009067453346,-0.5529797673,11.85133553
0.0009167453346,-0.4995718896,11.86036682
0.0009267453346,-0.4441923797,11.86022663
0.0009367453346,-0.3870598674,11.86869812
0.0009467453346,-0.3283998072,11.86809731
0.0009567453346,-0.2684437037,11.87606716
0.0009667453346,-0.2074281871,11.87505913
0.0009767453346,-0.1455940306,11.88257694
0.0009867453346,-0.08318527788,11.88120937
0.0009967453346,-0.02044824138,11.88831997
0.001006745335,0.0423694998,11.88663387
0.001007995335,0.05021504313,11.88907909
0.001008307835,0.05217596143,11.88917351
0.001008932835,0.05609719083,11.88933086
0.001009089085,0.05707736686,11.88936996
0.001009207828,0.05782222003,-8.451571465
0.00100926036,0.05815173313,-13.37346172
0.00100930032,0.05840238556,-11.32024384
0.001009320265,0.05852748454,-11.84110641
0.001009343924,0.0586758852,-11.83868408
0.001009366939,0.05882024392,-11.83891106
0.00100940385,0.05905175582,-11.8389101
0.001009477671,0.05951477215,-11.83895397
0.001009625312,0.06044076383,-11.83902359
0.001009920596,0.06229258701,-11.83917522
0.001010511164,0.0659955889,-11.83946705
0.001011692298,0.07339881361,-11.84005833
0.001014054568,0.08819272369,-11.84121704
0.001018779107,0.117719017,-11.84349537
0.001028228186,0.1764344871,-11.84784889
0.001038228186,0.2378918231,-11.85219669
0.001048228186,0.2984102964,-11.85628128
0.001058228186,0.3577511013,-11.86013317
0.001068228186,0.4156799912,-11.86375427
0.001078228186,0.4719684124,-11.86717129
0.001088228186,0.5263941884,-11.87038708
0.001098228186,0.5787425041,-11.87342644
0.001108228186,0.6288068295,-11.87628841
0.001118228186,0.6763895154,-11.87899685
0.001128228186,0.7213028073,-11.88154984
0.001138228186,0.763369441,-11.88396931
0.001139478186,0.7684192061,-11.88425922
0.001139790686,0.7696742415,-11.88433266
0.001140028172,0.7706260681,10.02007389
0.001140128688,0.7710283995,13.06811905
0.001140219286,0.7713907361,11.05841637
0.00114026114,0.7715581059,12.12545013
0.001140299331,0.7717106938,11.75458336
0.001140339652,0.7718718052,11.87461185
0.001140377263,0.7720220089,11.83454895
0.001140441466,0.7722783685,11.84911537
0.00114054022,0.7726724148,11.84078693
0.001140737727,0.7734596133,11.84698105
0.001141132742,0.7750303745,11.84196472
0.001141922772,0.7781576514,11.84720993
0.001143502832,0.7843545079,11.84335804
0.001146662952,0.7965158224,11.84951878
0.001152983191,0.8198916316,11.84807014
0.001162983191,0.8542225361,11.85719585
0.001172983191,0.8851822019,11.85702801
0.001182983191,0.9126484394,11.8655386
0.001192983191,0.9365128875,11.86486244
0.001202983191,0.9566813111,11.87282658
0.001212983191,0.9730741978,11.8717041
0.001222983191,0.9856267571,11.87918091
0.001232983191,0.9942895174,11.87766838
0.001242983191,0.9990282655,11.88471127
0.001252983191,0.9998243451,11.88285828
0.001262983191,0.9966745377,11.88951492
0.001272983191,0.9895913005,11.88736534
0.001282983191,0.9786026478,11.89367771
0.001284233191,0.9769564271,11.89179134
0.001286733191,0.9734833837,11.8922348
0.001287358191,0.9725775123,11.89236927
0.001288608191,0.9707208872,11.89260387
0.001288920691,0.9702473879,11.89266109
0.001289545691,0.969289124,11.89277744
0.001290795691,0.967327714,11.89300823
0.001290801941,0.96731776,2.702757835
0.001290814441,0.967297852,-8.558724403
0.001290821516,0.9672865868,-10.28542709
0.001290826528,0.9672785997,-10.91223621
0.001290833889,0.9672668576,-11.41298676
0.001290845642,0.9672481418,-11.72778702
0.001290860997,0.9672236443,-11.8216877
0.001290882362,0.9671895504,-11.83573437
0.001290914765,0.9671378136,-11.83510399
0.00129097957,0.9670341611,-11.83533478
0.001291109181,0.9668264985,-11.83529091
0.001291368402,0.9664091468,-11.83553028
0.001291886845,0.9655668736,-11.835742
0.00129292373,0.9638514519,-11.8364048
0.001294997502,0.9602980614,-11.83748817
0.001299145044,0.9527027607,-11.83983803
0.001307440128,0.9355769157,-11.84415245
0.001317440128,0.911558032,-11.84923744
0.001327440128,0.8839415908,-11.85388851
0.001337440128,0.8528366685,-11.85841465
0.001347440128,0.8183659911,-11.86254025
0.001357440128,0.7806655765,-11.86656952
0.001367440128,0.7398841977,-11.87022877
0.001377440128,0.6961829066,-11.87381649
0.001387440128,0.6497340798,-11.87706089
0.001397440128,0.6007210016,-11.8802557
0.001407440128,0.5493372083,-11.88312912
0.001417440128,0.4957853854,-11.88597393
0.001418690128,0.4889494181,-11.88627338
0.001421190128,0.4751874208,-11.88693523
0.001421200178,0.4751318693,0.07429187745
0.001421220278,0.4750207365,11.93759155
0.001421227339,0.4749816954,11.88689709
0.001421233467,0.4749478102,11.86530113
0.001421241808,0.4749016762,11.85103703
0.001421258491,0.474809438,11.84209728
0.001421291856,0.4746249318,11.84107208
0.001421358587,0.47425583,11.84143257
0.001421492048,0.4735174179,11.84129715
0.001421758971,0.4720395505,11.84158611
0.001422292816,0.4690798819,11.84170437
0.001423360505,0.4631447196,11.84235668
0.001425495885,0.4512121677,11.84325123
0.001429766645,0.4271055162,11.84538746
0.001438308164,0.377987206,11.84911633
0.001448308164,0.3191092014,11.85349941
0.001458308164,0.2589718103,11.85736752
0.001468308164,0.1978123635,11.86124325
0.001478308164,0.1358722448,11.86463833
0.001488308164,0.07339591533,11.8680706
0.001498308164,0.01062991749,11.87105274
0.001508308164,-0.05217802897,11.87409878
0.001518308164,-0.1147800535,11.87672329
0.001528308164,-0.1769291013,11.87943268
0.001538308164,-0.2383798808,11.88174534
0.001548308164,-0.2988898754,11.8841629
0.001549558164,-0.3063755333,11.88437843
0.001552058164,-0.3212897182,11.88492584
0.001552683164,-0.3250060081,11.88506222
0.001553933164,-0.3324235082,11.88533306
0.001556433164,-0.3471965492,11.88586712
0.001556443214,-0.3472557664,-0.0753607899
0.001556463314,-0.3473742008,-11.93866158
0.001556470375,-0.3474158049,-11.8879652
0.001556476504,-0.3474518955,-11.8663702
0.001556484845,-0.3475010395,-11.85210705
0.001556501528,-0.3475993276,-11.84316826
0.001556534895,-0.3477959037,-11.84214592
0.001556601628,-0.3481889963,-11.84250927
0.001556735095,-0.3489750028,-11.84238052
0.001557002028,-0.3505462408,-11.84268379
0.001557535894,-0.3536857963,-11.84282875
0.001558603626,-0.3599529266,-11.84353447
0.00156073909,-0.3724383116,-11.84453487
0.001565010017,-0.3972056508,-11.84687901
0.001573551872,-0.4458646774,-11.85100365
0.001583551872,-0.5011886954,-11.8558197
0.001593551872,-0.5545347333,-11.86008453
0.001603551872,-0.6056922674,-11.86432362
0.001613551872,-0.6544594169,-11.86804771
0.001623551872,-0.7006437182,-11.87177372
0.001633551872,-0.7440629005,-11.87501717
0.001643551872,-0.7845456004,-11.87828827
0.001653551872,-0.8219320774,-11.88110447
0.001663551872,-0.8560747504,-11.88397217
0.001673551872,-0.886838913,-11.88640976
0.001683551872,-0.9141030908,-11.88891888
0.001693551872,-0.937759757,-11.89101982
0.001703551872,-0.9577154517,-11.89321136
0.001704801872,-0.9599456191,-11.89339828
0.001705114372,-0.9604939222,-11.89345932
0.001705739372,-0.9615793824,-11.89358234
0.001705895622,-0.9618484378,-11.89361382
0.001706208122,-0.9623838067,-11.89367485
0.001706321579,-0.9625772238,8.312866211
0.001706390151,-0.9626938701,13.77976418
0.001706446866,-0.9627902508,10.8951025
0.001706470741,-0.9628307819,11.92286396
0.001706493824,-0.9628699422,11.82779503
0.001706518162,-0.9629112482,11.83533096
0.001706545692,-0.962957859,11.83452511
0.001706600754,-0.9630511403,11.83472633
0.001706710876,-0.963237226,11.83469486
0.001706931122,-0.9636080861,11.8348875
0.001707371613,-0.9643442631,11.83507061
0.001708252596,-0.9657943845,11.8356142
0.001710014561,-0.9686059356,11.83652496
0.001713538492,-0.9738724232,11.83848095
0.001720586353,-0.982970953,11.84211445
0.001730586353,-0.9925697446,11.84714603
0.001740586353,-0.9982512593,11.85178757
0.001750586353,-0.9999932051,11.85626984
0.001760586353,-0.9977886081,11.86039734
0.001770586353,-0.9916462302,11.86439514
0.001780586353,-0.981590271,11.86806774
0.001790586353,-0.9676603675,11.87163639
0.001800586353,-0.9499115944,11.87490559
0.001810586353,-0.9284139276,11.87809467
0.001820586353,-0.9032523036,11.88100815
0.001830586353,-0.8745259047,11.88385963
0.001831836353,-0.8706899285,11.88417149
0.001832148853,-0.8697225451,11.88425541
0.001832773853,-0.8677777052,11.88442421
0.001832930103,-0.8672894239,11.88446617
0.001833048846,-0.866917789,-8.456472397
0.001833101378,-0.8667532206,-13.3783617
0.001833141346,-0.8666279316,-11.32501984
0.001833161296,-0.8665653467,-11.8460722
0.00183318496,-0.8664911389,-11.84357738
0.001833207982,-0.8664189577,-11.84381008
0.001833244898,-0.8663030863,-11.84380722
0.001833318729,-0.8660712838,-11.84385109
0.001833466391,-0.8656070828,-11.84391785
0.001833761715,-0.8646764755,-11.84406376
0.001834352364,-0.8628063202,-11.84434414
0.001835533662,-0.8590303063,-11.84491348
0.001837896259,-0.8513365984,-11.84602737
0.001842621451,-0.8353881836,-11.84821415
0.001852071835,-0.801297009,-11.8523798
0.001862071835,-0.7621504068,-11.85652065
0.001872071835,-0.7199958563,-11.86039066
0.001882071835,-0.6749998331,-11.86402035
0.001892071835,-0.6273399591,-11.86741352
0.001902071835,-0.5772041678,-11.87059593
0.001912071835,-0.5247904658,-11.87357044
0.001922071835,-0.4703056514,-11.8763628
0.001932071835,-0.4139647484,-11.87897301
0.001942071835,-0.3559901416,-11.88142586
0.001952071835,-0.296610564,-11.88371944
0.001962071835,-0.2360604256,-11.88587666
0.001972071835,-0.1745786518,-11.88789558
0.001973321835,-0.166839987,-11.88813972
0.001975821835,-0.1513322294,-11.88862133
0.001975831885,-0.1512698084,0.07260691375
0.001975851985,-0.1511449814,11.93590832
0.001975859045,-0.1511011273,11.88521671
0.001975865173,-0.1510630697,11.86362076
0.001975873514,-0.1510112584,11.84935665
0.001975890195,-0.1509076506,11.84041691
0.001975923559,-0.1507004201,11.83939362
0.001975990285,-0.1502859443,11.83975887
0.001976123738,-0.1494569033,11.83963299
0.001976390644,-0.1477985084,11.83994102
0.001976924456,-0.1444804817,11.84009743
0.00197799208,-0.1378395855,11.84082603
0.001980127328,-0.1245394796,11.84187126
0.001984397823,-0.09787442535,11.84430408
0.001992938814,-0.04435218498,11.84860611
0.002002938814,0.01846406423,11.8536253
0.002012938814,0.08120744675,11.85809135
0.002022938814,0.1436303407,11.86252689
0.002032938814,0.205486387,11.86644363
0.002042938814,0.2665314674,11.87036037
0.002052938814,0.3265246749,11.87378883
0.002062938814,0.3852292597,11.87724209
0.002072938814,0.4424134791,11.88023567
0.002082938814,0.4978517294,11.88327599
0.002092938814,0.551325202,11.88588238
0.002102938814,0.602622807,11.88855553
0.002112938814,0.6515421271,11.89081573
0.002114188814,0.6574801207,11.89116096
0.002116688814,0.6692340374,11.89172745
0.002117313814,0.6721467972,11.89186668
0.002118563814,0.6779412627,11.8921442
0.002118876314,0.6793833375,11.89221287
0.002119501314,0.6822596192,11.89235115
0.002119657564,0.6829770803,11.89238548
0.002119970064,0.684409976,11.89245415
0.002120083521,0.6849295497,-8.314084053
0.002120152092,0.6852434278,-13.78098106
0.002120208811,0.6855029464,-10.89628506
0.002120232686,0.6856121421,-11.92411137
0.002120255771,0.6857177019,-11.82900429
0.002120280111,0.6858290434,-11.83654594
0.002120307643,0.6859549284,-11.83573818
0.002120362707,0.6862066388,-11.83593845
0.002120472836,0.6867097616,-11.83590412
0.002120693095,0.6877151728,-11.83609104
0.002121133611,0.6897219419,-11.83626461
0.002122014643,0.6937195659,-11.83678722
0.002123776709,0.7016510367,-11.83765793
0.002127300839,0.7172548771,-11.83953285
0.0021343491,0.7474002242,-11.8430109
0.0021443491,0.7876417637,-11.84782791
0.0021543491,0.8247749209,-11.85226631
0.0021643491,0.8586530089,-11.85655594
0.0021743491,0.8891423941,-11.86050034
0.0021843491,0.9161227345,-11.86432552
0.0021943491,0.9394875765,-11.867836
0.0022043491,0.9591446519,-11.87125397
0.0022143491,0.9750164747,-11.87438202
0.0022243491,0.9870402813,-11.87744045
0.0022343491,0.9951687455,-11.88023281
0.0022443491,0.9993697405,-11.88297462
0.0022455991,0.9996176958,-11.88327408
0.0022459116,0.9996700883,-11.88335514
0.0022465366,0.9997632504,-11.88351727
0.00224669285,0.999784112,-11.88355732
0.002246811593,0.9997993112,8.457382202
0.002246864125,0.9998058677,13.37927246
0.002246904094,0.9998108149,11.32590675
0.002246924045,0.9998132586,11.8469944
0.00224694771,0.9998161197,11.84448719
0.002246970733,0.9998188615,11.84472179
0.00224700765,0.9998232722,11.84471893
0.002247081483,0.9998318553,11.8447628
0.002247229149,0.9998484254,11.84483147
0.002247524481,0.9998790622,11.84498024
0.002248115145,0.9999298453,11.8452673
0.002249296474,0.9999902248,11.84584808
0.002251659131,0.9999456406,11.84698486
0.002256384444,0.9991955161,11.84921646
0.002265835071,0.9950544834,11.85346413
0.002275835071,0.9868539572,11.85768223
0.002285835071,0.9747587442,11.861619
0.002295835071,0.9588166475,11.8653059
0.002305835071,0.9390904903,11.86874485
0.002315835071,0.9156581759,11.8719635
0.002325835071,0.8886122108,11.87496567
0.002335835071,0.8580592871,11.87777519
0.002345835071,0.8241199851,11.88039303
0.002355835071,0.7869282961,11.88284397
0.002365835071,0.7466309071,11.88512707
0.002375835071,0.7033869624,11.88726521
0.002385835071,0.657366991,11.88925552
0.002387085071,0.6514282823,11.88949585
0.002389585071,0.6394305825,11.88996887
0.002394585071,0.614964962,11.89089203
0.002394741321,0.6141905189,11.89092064
0.002394780384,0.6139968038,11.89092731
0.002394858509,0.6136092544,11.89094162
0.002395014759,0.6128337979,11.89097023
0.002395071487,0.6125521064,-5.704158783
0.002395109472,0.6123633981,-13.77097797
0.002395130411,0.612259388,-11.78189659
0.0023951424,0.6121998429,-11.82368755
0.0023951567,0.6121287942,-11.8350811
0.002395174115,0.6120422482,-11.83713245
0.002395208945,0.6118691564,-11.83732796
0.002395278606,0.611522913,-11.83730888
0.002395417926,0.6108300686,-11.83742523
0.002395696566,0.6094429493,-11.83755493
0.002396253847,0.6066631079,-11.83789825
0.002397368409,0.6010811925,-11.83850384
0.002399597532,0.5898292065,-11.83977795
0.002404055779,0.5669803023,-11.84220123
0.002412972273,0.5199661851,-11.84692764
0.002422972273,0.4653052986,-11.85188198
0.002432972273,0.4088080823,-11.85658836
0.002442972273,0.3506974876,-11.86096764
0.002452972273,0.2912028432,-11.86513233
0.002462972273,0.2305589467,-11.86900139
0.002472972273,0.1690051556,-11.87268353
0.002482972273,0.1067843735,-11.87609768
0.002492972273,0.04414216429,-11.87934875
0.002502972273,-0.01867425442,-11.88235569
0.002512972273,-0.08141697198,-11.88522339
0.002522972273,-0.1438383758,-11.88786697
0.002532972273,-0.2056921273,-11.8903904
0.002533012898,-0.2059419155,7.193443298
0.002533094147,-0.2064414471,14.66411781
0.002533121564,-0.2066099942,11.38010883
0.002533137956,-0.2067107707,11.79507065
0.002533153048,-0.2068035454,11.83213615
0.002533169614,-0.2069053799,11.83738518
0.002533202747,-0.207109049,11.83803749
0.002533269014,-0.2075163722,11.83787346
0.002533401546,-0.2083308995,11.83806133
0.00253366661,-0.2099595219,11.83810139
0.002534196739,-0.2132149935,11.83845615
0.002535256997,-0.2197188288,11.83891201
0.002537377513,-0.2326969504,11.84005165
0.002541618545,-0.2585269809,11.84205818
0.002550100608,-0.3096181154,11.84614468
0.002560100608,-0.3687122166,11.8505373
0.002570100608,-0.4263511896,11.85482121
0.002580100608,-0.4823075235,11.85870838
0.002590100608,-0.5363604426,11.86251831
0.002600100608,-0.5882965326,11.86596298
0.002610100608,-0.6379109025,11.86935806
0.002620100608,-0.685007751,11.8724165
0.002630100608,-0.7294012308,11.87544823
0.002640100608,-0.7709160447,11.87816906
0.002650100608,-0.8093883991,11.88088322
0.002660100608,-0.844666481,11.88330841
0.002661350608,-0.8488445878,11.88364601
0.002661663108,-0.8498809338,11.88372135
0.002661900594,-0.8506662846,-10.02068233
0.002662001109,-0.8509981632,-13.06872654
0.002662091707,-0.8512969613,-11.05902386
0.002662133562,-0.8514348865,-12.1260643
0.002662171755,-0.8515607119,-11.75518417
0.002662212077,-0.851693511,-11.87522125
0.00266224969,-0.8518173695,-11.83515358
0.002662313894,-0.8520286083,-11.84972191
0.002662412649,-0.8523532748,-11.84139156
0.002662610159,-0.8530015945,-11.84758472
0.002663005179,-0.8542943597,-11.84256458
0.002663795218,-0.8568640351,-11.84780407
0.002665375297,-0.8619399667,-11.84393883
0.002668535455,-0.8718365431,-11.85007668
0.00267485577,-0.8905947208,-11.84858036
0.00268485577,-0.91739434,-11.85763359
0.00269485577,-0.9405733943,-11.85739708
0.00270485577,-0.9600404501,-11.86584282
0.00271485577,-0.975718677,-11.86510468
0.00272485577,-0.9875461459,-11.87301064
0.00273485577,-0.9954762459,-11.87183189
0.00274485577,-0.9994776845,-11.87925816
0.00275485577,-0.9995346069,-11.87769604
0.00276485577,-0.9956468344,-11.8846941
0.00277485577,-0.9878296852,-11.88279819
0.00278485577,-0.9761140347,-11.88941574
0.00279485577,-0.9605461359,-11.88722992
0.00280485577,-0.9411873817,-11.89351082
0.00280610577,-0.9385046363,-11.89161968
0.00280860577,-0.9329656363,-11.89205551
0.00280923077,-0.9315448403,-11.89218807
0.00281048077,-0.9286602139,-11.89241886
0.00281298077,-0.9227192998,-11.89287281
0.00281299082,-0.9226949811,0.06835547835
0.00281301092,-0.9226462841,11.93165684
0.002813017979,-0.9226291776,11.88097191
0.002813024106,-0.922614336,11.85937595
0.002813032445,-0.92259413,11.84510994
0.002813049124,-0.9225536585,11.83616638
0.002813082482,-0.922472775,11.83514309
0.002813149198,-0.9223108888,11.83550835
0.00281328263,-0.9219865799,11.83538437
0.002813549495,-0.9213359952,11.83569622
0.002814083223,-0.9200270772,11.83585835
0.00281515068,-0.9173781872,11.83659744
0.002817285594,-0.9119568467,11.83766651
0.002821555423,-0.9006227851,11.84014988
0.002830095079,-0.876018703,11.84455395
0.002840095079,-0.8440076709,11.84970474
0.002850095079,-0.8086656928,11.85431194
0.002860095079,-0.7701323032,11.85889816
0.002870095079,-0.7285595536,11.86297512
0.002880095079,-0.6841114759,11.86706066
0.002890095079,-0.6369635463,11.8706665
0.002900095079,-0.5873018503,11.87430573
0.002910095079,-0.5353223085,11.87749195
0.002920095079,-0.4812300801,11.88073349
0.002930095079,-0.4252386689,11.88354683
0.002940095079,-0.3675690293,11.88643265
0.002941345079,-0.3602536023,11.88670444
0.002943845079,-0.3455565274,11.88736343
0.002944470079,-0.341868788,11.88752651
0.002944473204,-0.3418503404,6.188802719
0.002944479454,-0.3418134153,-2.4713552
0.002944491954,-0.3417396247,-9.729076385
0.002944497366,-0.3417076468,-10.63662052
0.002944504938,-0.3416629434,-11.30337524
0.002944512283,-0.341619581,-11.59444809
0.002944526975,-0.3415328264,-11.80436707
0.002944543473,-0.3414353728,-11.83740139
0.002944573105,-0.3412603736,-11.84134865
0.002944613733,-0.3410204351,-11.84048843
0.00294469499,-0.3405404389,-11.84089184
0.002944857505,-0.3395801783,-11.84072685
0.002945182533,-0.3376586139,-11.84108925
0.00294583259,-0.3338112533,-11.84122181
0.002947132704,-0.3260999322,-11.84203053
0.002949732932,-0.3106124699,-11.84310532
0.002954933387,-0.2793930173,-11.84571171
0.002964933387,-0.2185516804,-11.85000706
0.002974933387,-0.1568478346,-11.85436821
0.002984933387,-0.09452498704,-11.85813713
0.002994933387,-0.03182908893,-11.86200428
0.003004933387,0.03099242225,-11.86531448
0.003014933387,0.0936916247,-11.86875057
0.003024933387,0.1560210586,-11.87166023
0.003034933387,0.217734769,-11.87471962
0.003044933387,0.2785891593,-11.87728024
0.003054933387,0.3383440971,-11.88001251
0.003064933387,0.396763742,-11.88227081
0.003074933387,0.453617543,-11.88471794
0.003076183387,0.4606029093,-11.88491344
0.003078683387,0.4744880199,-11.88545895
0.003078693437,0.4745436013,0.07576934993
0.003078713537,0.4746547639,11.93906975
0.003078720598,0.474693805,11.88837337
0.003078726727,0.4747276902,11.86677742
0.003078735069,0.4747738242,11.85251522
0.003078751752,0.4748660922,11.84357643
0.003078785119,0.4750505686,11.84255409
0.003078851853,0.4754194915,11.84291649
0.003078985322,0.476157099,11.84278774
0.003079252259,0.4776313007,11.8430891
0.003079786133,0.4805756807,11.84323215
0.003080853881,0.4864481986,11.84393215
0.003082989377,0.4981272221,11.84492207
0.003087260368,0.5212141871,11.84724617
0.003095802352,0.5662457943,11.85133171
0.003105802352,0.6168826818,11.85610104
0.003115802352,0.6650850177,11.86032104
0.003125802352,0.7106625438,11.8645153
0.003135802352,0.7534354329,11.86819458
0.003145802352,0.7932348251,11.87187862
0.003155802352,0.8299037218,11.87508011
0.003165802352,0.8632973433,11.87831116
0.003175802352,0.8932839036,11.88108826
0.003185802352,0.9197450876,11.88391781
0.003195802352,0.942576468,11.88631916
0.003205802352,0.9616879821,11.88879299
0.003215802352,0.9770041108,11.89086151
0.003225802352,0.9884644151,11.89302063
0.003227052352,0.9896234274,11.89320374
0.003227364852,0.9899036288,11.89326382
0.003227989852,0.9904526472,11.89338493
0.003228146102,0.9905874729,11.89341545
0.003228458602,0.9908543825,11.89347553
0.003229083602,0.9913765788,11.8935957
0.003229086727,0.9913792014,6.194869518
0.003229092977,0.9913843274,-2.465291023
0.003229105477,0.9913945794,-9.723011971
0.003229110888,0.9913990498,-10.63036442
0.003229118458,0.9914053082,-11.2971487
0.003229125802,0.9914113283,-11.58825111
0.003229140489,0.9914233685,-11.7982502
0.003229156983,0.9914368987,-11.83132744
0.003229186602,0.9914612174,-11.83528805
0.003229227207,0.9914944172,-11.83442879
0.003229308419,0.9915606976,-11.83483791
0.003229470841,0.9916924834,-11.83468437
0.003229795685,0.9919530153,-11.8350687
0.003230445374,0.9924615622,-11.83524609
0.003231744752,0.9934290648,-11.83614349
0.003234343508,0.9951652884,-11.83739567
0.00323954102,0.9978414774,-11.84035206
0.00324954102,0.9999958277,-11.84531021
0.00325954102,0.9982036352,-11.85031414
0.00326954102,0.992471993,-11.85470581
0.00327954102,0.9828235507,-11.85917664
0.00328954102,0.9692963362,-11.86306953
0.00329954102,0.9519436955,-11.86706734
0.00330954102,0.9308342338,-11.87051773
0.00331954102,0.9060511589,-11.87409687
0.00332954102,0.8776923418,-11.87715626
0.00333954102,0.8458696604,-11.88036346
0.00334954102,0.8107087016,-11.88307381
0.00335079102,0.8060856462,-11.88350105
0.00335329102,0.7966906428,-11.88418961
0.00335391602,0.7943110466,-11.88435936
0.00335516602,0.7895152569,-11.88469887
0.00335547852,0.7883086801,-11.88478279
0.00335610352,0.7858864069,-11.88495064
0.00335625977,0.7852789164,-11.8849926
0.00335657227,0.7840617299,-11.88507652
0.003356685727,0.7836190462,8.321455002
0.003356754298,0.7833513021,13.78834915
0.003356811032,0.7831296921,10.90345097
0.003356834916,0.7830363512,11.93166828
0.003356858012,0.7829461098,11.83633232
0.003356882361,0.7828509212,11.84391212
0.003356909903,0.7827432156,11.84309769
0.003356964986,0.7825278044,11.84329605
0.003357075153,0.7820966244,11.843256
0.003357295487,0.7812331915,11.84343338
0.003357736155,0.7795017958,11.84358406
0.003358617491,0.7760211229,11.84406471
0.003360380162,0.7689884901,11.84484863
0.003363905505,0.7546410561,11.84655285
0.003370956191,0.7248427868,11.84968662
0.003380956191,0.6801552176,11.85401726
0.003390956191,0.6327833533,11.85797024
0.003400956191,0.5829141736,11.86177635
0.003410956191,0.530744493,11.86523914
0.003420956191,0.4764802158,11.86858749
0.003430956191,0.4203355014,11.87162304
0.003440956191,0.3625319302,11.87457085
0.003450956191,0.3032975793,11.87723351
0.003460956191,0.2428662628,11.87983322
0.003470956191,0.1814764589,11.88217163
0.003480956191,0.1193704605,11.88446808
0.003490956191,0.05679335445,11.88652611
0.003492206191,0.04895037785,11.88680458
0.003494706191,0.03325584903,11.88730812
0.003495331191,0.02933078632,11.88743305
0.003496581191,0.0214793589,11.88768005
0.003496893691,0.0195162762,11.88774204
0.003497518691,0.0155898938,11.88786507
0.003497521816,0.01557026058,6.189138889
0.003497528066,0.01553099602,-2.471021652
0.003497540566,0.01545246504,-9.728742599
0.003497545978,0.01541846339,-10.63627625
0.003497553549,0.01537089702,-11.30303192
0.003497560895,0.01532474812,-11.59410572
0.003497575586,0.01523245033,-11.80402946
0.003497592085,0.01512880158,-11.8370676
0.003497621715,0.01494264789,-11.84101677
0.003497662343,0.01468740683,-11.84015942
0.003497743597,0.01417692192,-11.84056854
0.003497906107,0.01315594092,-11.84041309
0.003498231125,0.01111393794,-11.84079647
0.003498881163,0.00702980347,-11.84097099
0.003500181238,-0.001138749416,-11.84186268
0.003502781387,-0.01747508347,-11.84310246
0.003507981687,-0.0501293987,-11.84602833
0.003517981687,-0.1127420515,-11.85091114
0.003527981687,-0.1749097705,-11.85582066
0.003537981687,-0.2363871932,-11.86009884
0.003547981687,-0.2969317138,-11.8644371
0.003557981687,-0.3563043773,-11.86817837
0.003567981687,-0.414270848,-11.87200737
0.003577981687,-0.470602423,-11.8752718
0.003587981687,-0.5250766873,-11.87864685
0.003597981687,-0.5774787664,-11.88148594
0.003607981687,-0.6276018023,-11.88445854
0.003617981687,-0.6752479672,-11.88691902
0.003627981687,-0.7202292085,-11.88953114
0.003637981687,-0.7623680234,-11.89165497
0.003639231687,-0.7674271464,-11.89200878
0.003641731687,-0.777402997,-11.89255238
0.003642356687,-0.7798671126,-11.89268494
0.003643606687,-0.7847591639,-11.89295197
0.003643612937,-0.7847834826,-2.702703714
0.003643625437,-0.7848321795,8.558777809
0.003643632511,-0.7848597169,10.28548431
0.003643637524,-0.7848792076,10.91229343
0.003643644885,-0.7849078774,11.41304398
0.003643656638,-0.7849536538,11.72784328
0.003643671992,-0.7850133777,11.82174206
0.003643693358,-0.7850965261,11.83578873
0.00364372576,-0.7852226496,11.83515644
0.003643790566,-0.7854747176,11.83538532
0.003643920177,-0.7859784365,11.83533859
0.0036441794,-0.7869843841,11.83557034
0.003644697845,-0.7889899611,11.83576775
0.003645734735,-0.7929760814,11.83640099
0.003647808516,-0.8008470535,11.83742714
0.003651956077,-0.816179812,11.83966351
0.0036602512,-0.8451725841,11.84375954
0.0036702512,-0.8770659566,11.84859562
0.0036802512,-0.9054979682,11.85301495
0.0036902512,-0.9303563237,11.85732555
0.0037002512,-0.9515430927,11.86125278
0.0037102512,-0.9689744711,11.86510181
0.0037202512,-0.9825817943,11.86859608
0.0037302512,-0.9923112988,11.87203693
0.0037402512,-0.9981245995,11.87514973
0.0037502512,-0.9999987483,11.87823105
0.0037602512,-0.9979263544,11.88100719
0.0037615012,-0.9973900914,11.8813858
0.0037640012,-0.9961329699,11.88206863
0.0037690012,-0.9928817153,11.88340569
0.00376915745,-0.9927642941,11.88344669
0.00376946995,-0.9925265908,11.88352966
0.003769583406,-0.9924393892,-8.323003769
0.003769651978,-0.9923864007,-13.78989792
0.003769708715,-0.9923424125,-10.90495872
0.003769732601,-0.9923238754,-11.93325806
0.003769755699,-0.9923059344,-11.83787346
0.00376978005,-0.9922869802,-11.8454628
0.003769807594,-0.9922655225,-11.84464741
0.003769862682,-0.9922224879,-11.84484577
0.003769972857,-0.9921360612,-11.84480667
0.003770193206,-0.9919618368,-11.84498405
0.003770633906,-0.991607666,-11.8451376
0.003771515306,-0.9908764362,-11.84562302
0.003773278105,-0.9893229604,-11.84641457
0.003776803703,-0.9858520627,-11.84813499
0.003783854899,-0.9774609804,-11.85129833
0.003793854899,-0.9622761011,-11.8556633
0.003803854899,-0.9432935715,-11.85964108
0.003813854899,-0.9205882549,-11.86346436
0.003823854899,-0.8942498565,-11.86693478
0.003833854899,-0.8643822074,-11.87028217
0.003843854899,-0.8311032653,-11.87330914
0.003853854899,-0.7945443392,-11.87623978
0.003863854899,-0.7548496723,-11.87887764
0.003873854899,-0.7121759653,-11.88144398
0.003883854899,-0.6666916609,-11.88374138
0.003893854899,-0.6185762286,-11.88599014
0.003903854899,-0.5680195093,-11.88799191
0.003913854899,-0.5152211189,-11.8899641
0.003915104899,-0.5084739923,-11.89016819
0.003915417399,-0.5067822933,-11.89022541
0.003916042399,-0.503393054,-11.89034081
0.003916198649,-0.5025445223,-11.89036942
0.003916511149,-0.5008459687,-11.89042568
0.003916624605,-0.5002288818,8.316116333
0.003916693177,-0.499855727,13.78301525
0.0039167499,-0.4995470345,10.89826679
0.003916773778,-0.4994170666,11.92620182
0.003916796866,-0.4992913604,11.83103275
0.003916821208,-0.4991588593,11.83858585
0.003916848743,-0.4990089238,11.83777809
0.003916903812,-0.4987090528,11.83798027
0.003917013952,-0.4981091022,11.83795071
0.003917234231,-0.4969084859,11.83814526
0.003917674789,-0.4945044219,11.83833504
0.003918555906,-0.4896849096,11.83889008
0.003920318139,-0.4800010324,11.83982277
0.003923842605,-0.4604579508,11.84182262
0.003930891538,-0.4207040668,11.84553528
0.003940891538,-0.3629104793,11.85066032
0.003950891538,-0.3036846519,11.85537529
0.003960891538,-0.2432603091,11.85991096
0.003970891538,-0.1818759292,11.86407089
0.003980891538,-0.1197737679,11.86808109
0.003990891538,-0.05719891936,11.87174606
0.004000891538,0.005601669662,11.87528896
0.004010891538,0.06838014722,11.87851238
0.004020891538,0.1308887601,11.88163757
0.004030891538,0.1928808242,11.88446808
0.004040891538,0.2541116774,11.88722038
0.004050891538,0.3143396378,11.88969898
0.004052141538,0.321785748,11.890028
0.004054641538,0.3366179466,11.89062977
0.004055266538,0.3403131366,11.89077854
0.004055422788,0.3412361443,11.89081478
0.004055735288,0.3430811167,11.89088917
0.004055848745,0.3437506258,-8.315646172
0.004055917316,0.3441551924,-13.78254223
0.004055974038,0.344489783,-10.89780331
0.004055997915,0.3446306288,-11.92571163
0.004056021003,0.3447667956,-11.83055592
0.004056045344,0.3449103534,-11.8381052
0.004056072878,0.3450727463,-11.83729649
0.004056127947,0.3453974724,-11.8374958
0.004056238084,0.3460468054,-11.83745956
0.004056458358,0.3473449945,-11.83764267
0.004056898906,0.3499393761,-11.83780861
0.004057780003,0.355120033,-11.83831596
0.004059542197,0.3654485643,-11.8391552
0.004063066584,0.3859699667,-11.84096813
0.004070115358,0.4264350235,-11.84432411
0.004080115358,0.482388705,-11.84897327
0.004090115358,0.5364386439,-11.8532486
0.004100115358,0.5883715153,-11.85737991
0.004110115358,0.6379823089,-11.86117077
0.004120115358,0.6850752831,-11.86484814
0.004130115358,0.7294645905,-11.86821651
0.004140115358,0.7709750533,-11.87149715
0.004150115358,0.8094428182,-11.87449455
0.004160115358,0.8447160721,-11.8774271
0.004170115358,0.8766556382,-11.88010025
0.004180115358,0.9051354527,-11.88272858
0.004181365358,0.9084463716,-11.88301373
0.004183865358,0.9149000049,-11.88363171
0.004183875408,0.914925456,0.0775962472
0.004183895508,0.9149764776,11.94089603
0.00418390257,0.914994359,11.8901968
0.004183908699,0.9150099158,11.8686018
0.004183917041,0.9150310159,11.8543396
0.004183933726,0.9150733352,11.84540176
0.004183967095,0.9151578546,11.84437847
0.004184033834,0.9153267741,11.84473896
0.004184167311,0.915664196,11.8446064
0.004184434266,0.9163371325,11.84490108
0.004184968176,0.9176751971,11.84502792
0.004186035996,0.9203203321,11.84569836
0.004188171635,0.925486207,11.84662914
0.004192442913,0.9353171587,11.84883499
0.00420098547,0.9529516697,11.85268974
0.00421098547,0.9701044559,11.85719872
0.00422098547,0.9834286571,11.86116791
0.00423098547,0.9928717017,11.8651228
0.00424098547,0.9983963966,11.86857414
0.00425098547,0.9999808073,11.87203979
0.00426098547,0.9976187944,11.87503433
0.00427098547,0.9913196564,11.87806892
0.00428098547,0.9811081886,11.88066101
0.00429098547,0.9670247436,11.88331699
0.00430098547,0.9491248727,11.88555527
0.00431098547,0.9274792671,11.88787842
0.00432098547,0.9021733403,11.88980675
0.00433098547,0.8733069301,11.89183807
0.00433223547,0.8694537878,11.89200687
0.00433473547,0.8615869284,11.89245796
0.00433474552,0.8615548611,-0.06877024472
0.00433476562,0.8614907265,-11.93207169
0.004334772678,0.8614681959,-11.8813858
0.004334778805,0.8614486456,-11.85978985
0.004334787145,0.8614220619,-11.84552383
0.004334803824,0.861368835,-11.83658123
0.004334837183,0.8612623215,-11.83555794
0.0043349039,0.8610492349,-11.83592319
0.004335037334,0.8606225848,-11.83579922
0.004335304203,0.8597674966,-11.83611107
0.004335837939,0.8580500484,-11.83627319
0.004336905413,0.8545862436,-11.8370142
0.004339040359,0.8475433588,-11.83808517
0.004343310253,0.8330014944,-11.8405714
0.004351850039,0.8021299839,-11.84498215
0.004361850039,0.7630518675,-11.85013771
0.004371850039,0.720962286,-11.85474682
0.004381850039,0.6760274172,-11.85933399
0.004391850039,0.6284245849,-11.86340904
0.004401850039,0.5783416033,-11.86749077
0.004411850039,0.5259762406,-11.87109089
0.004421850039,0.4715350568,-11.87472248
0.004431850039,0.4152329266,-11.87789917
0.004441850039,0.3572920859,-11.88112926
0.004451850039,0.2979411483,-11.88392925
0.004461850039,0.2374143898,-11.88679981
0.004463100039,0.2297777236,-11.8870697
0.004465600039,0.2144623399,-11.88772488
0.004466225039,0.2106250823,-11.887887
0.004467475039,0.2029408664,-11.88820934
0.004467787539,0.2010178417,-11.88829041
0.004468025025,0.1995559037,10.01611042
0.004468125541,0.1989370137,13.06415272
0.004468216139,0.1983791143,11.05444813
0.004468257987,0.1981213987,12.12143421
0.00446829617,0.1978862286,11.75065517
0.004468336484,0.1976379305,11.87061977
0.004468374085,0.1974063367,11.83058739
0.004468438278,0.1970109195,11.84513664
0.004468537024,0.1964026093,11.83681583
0.004468734516,0.1951857358,11.84299755
0.0044691295,0.1927511245,11.83797836
0.004469919467,0.1878783256,11.84319878
0.004471499402,0.1781189889,11.83931637
0.004474659272,0.1585486084,11.84540176
0.004480979013,0.1192280874,11.84382725
0.004490979013,0.05665019155,11.85276413
0.004500979013,-0.0061512799,11.85244942
0.004510979013,-0.0689284727,11.86083221
0.004520979013,-0.131433636,11.86006927
0.004530979013,-0.1934200972,11.86796474
0.004540979013,-0.2546432018,11.86681461
0.004550979013,-0.3148613572,11.87428093
0.004560979013,-0.3738369048,11.87279701
0.004570979013,-0.4313370883,11.87988567
0.004580979013,-0.4871349633,11.87811565
0.004590979013,-0.5410103798,11.88486958
0.004592229013,-0.5475988984,11.8830204
0.004594729013,-0.5606743097,11.88356876
0.004599729013,-0.5864069462,11.88474083
0.004599885263,-0.5872018933,11.8847599
0.004600197763,-0.5887900591,11.88482857
0.004600822763,-0.5919596553,11.88496971
0.004600825888,-0.5919754505,6.186244488
0.004600832138,-0.5920071006,-2.473915339
0.004600844638,-0.5920704007,-9.731637001
0.004600850051,-0.5920978189,-10.6392622
0.004600857623,-0.5921361446,-11.30600357
0.004600864969,-0.5921733379,-11.59706306
0.004600879662,-0.5922477841,-11.80694866
0.004600896163,-0.5923312902,-11.83996677
0.0046009258,-0.5924813151,-11.84391022
0.004600966438,-0.5926870108,-11.84305191
0.004601047714,-0.5930982232,-11.84345818
0.004601210268,-0.5939202309,-11.84329891
0.004601535374,-0.5955623984,-11.84367371
0.004602185587,-0.598839283,-11.84383106
0.004603486014,-0.6053629518,-11.84468842
0.004606086866,-0.6182886958,-11.84585857
0.004611288571,-0.6436413527,-11.84864807
0.004621288571,-0.6904265881,-11.85327053
0.004631288571,-0.7344869971,-11.85792542
0.004641288571,-0.7756487131,-11.86195469
0.004651288571,-0.8137493134,-11.86604881
0.004661288571,-0.8486384153,-11.86955357
0.004671288571,-0.8801783323,-11.87315083
0.004681288571,-0.9082446098,-11.87619019
0.004691288571,-0.9327264428,-11.87934685
0.004701288571,-0.9535272121,-11.88197327
0.004711288571,-0.9705648422,-11.88474083
0.004721288571,-0.9837721586,-11.8870039
0.004731288571,-0.9930968881,-11.88942528
0.004741288571,-0.9985023737,-11.89136696
0.004751288571,-0.9999672174,-11.89348507
0.004751444821,-0.9999588132,-11.89343929
0.004751757321,-0.9999390244,-11.89348888
0.004751870777,-0.9999309182,8.313040733
0.004751939349,-0.9999257326,13.77995205
0.004751996065,-0.9999213815,10.89528084
0.004752019939,-0.9999194741,11.92305183
0.004752043023,-0.9999176264,11.82797909
0.00475206736,-0.9999156594,11.83551502
0.004752094891,-0.9999133945,11.83471012
0.004752149953,-0.9999087453,11.83491135
0.004752260077,-0.9998991489,11.83488083
0.004752480324,-0.9998785853,11.83507442
0.004752920819,-0.9998316169,11.83526134
0.004753801808,-0.9997147322,11.83581161
0.004755563787,-0.9993889928,11.83673573
0.004759087744,-0.9983702302,11.83871841
0.004766135658,-0.9948651195,11.84240437
0.004776135658,-0.9865469337,11.84750366
0.004786135658,-0.9743353724,11.85220909
0.004796135658,-0.9582784772,11.85675049
0.004806135658,-0.9384397268,11.8609314
0.004816135658,-0.9148974419,11.86497688
0.004826135658,-0.8877444267,11.8686924
0.004836135658,-0.8570878506,11.87229919
0.004846135658,-0.8230487704,11.87560272
0.004856135658,-0.7857615352,11.87881947
0.004866135658,-0.7453731894,11.88175488
0.004876135658,-0.7020432353,11.88462448
0.004877385658,-0.6964285374,11.88493824
0.004879885658,-0.6850706339,11.88561249
0.004879895708,-0.6850246191,-0.07561513782
0.004879915808,-0.6849326491,-11.9389143
0.004879922869,-0.6849002838,-11.88821793
0.004879928997,-0.6848722696,-11.86662292
0.004879937339,-0.6848340631,-11.85235977
0.004879954022,-0.6847576499,-11.84342003
0.004879987389,-0.6846048832,-11.84239578
0.004880054123,-0.684299171,-11.84275532
0.004880187591,-0.6836873889,-11.84261894
0.004880454526,-0.6824624538,-11.84290695
0.004880988397,-0.6800068617,-11.8430233
0.004882056139,-0.6750726104,-11.84366989
0.004884191623,-0.6651132703,-11.8445549
0.00488846259,-0.644837141,-11.8466711
0.004897004525,-0.6029068828,-11.85035896
0.004907004525,-0.5516221523,-11.85469341
0.004917004525,-0.4981604517,-11.85851002
0.004927004525,-0.4427327514,-11.86233234
0.004937004525,-0.3855577707,-11.86567307
0.004947004525,-0.3268611729,-11.86904907
0.004957004525,-0.2668745816,-11.87197495
0.004967004525,-0.2058347911,-11.8749609
0.004977004525,-0.1439826488,-11.87752438
0.004987004525,-0.08156228065,-11.88017273
0.004997004525,-0.01882001571,-11.88242149
0.005007004525,0.04399652034,-11.88477516
0.005017004525,0.1066394225,-11.88675213
0.005018254525,0.1144452468,-11.88706493
0.005018567025,0.1163956225,-11.88712788
0.005018804511,0.1178775206,10.01728535
0.005018905026,0.1185046509,13.06533337
0.005018995625,0.1190698668,11.05563354
0.005019037475,0.1193309426,12.12263584
0.00501907566,0.1195691526,11.75183201
0.005019115976,0.1198206395,11.87181854
0.00501915358,0.1200552136,11.83177853
0.005019217776,0.1204556376,11.84633541
0.005019316524,0.1210715473,11.83801746
0.005019514021,0.1223032326,11.84421253
0.005019909014,0.1247660369,11.83921242
0.005020699,0.1296893209,11.84447765
0.005022278973,0.1395262033,11.84067917
0.005025438918,0.1591577083,11.84693432
0.005031758808,0.1982248276,11.84568214
0.005041758808,0.2593782246,11.85510254
0.005051758808,0.3195079565,11.85523033
0.005061758808,0.3783767521,11.86402035
0.005071758808,0.4357522428,11.86362267
0.005081758808,0.4914080501,11.87184906
0.005091758808,0.5451244712,11.87098789
0.005101758808,0.5966895819,11.87870884
0.005111758808,0.6458997726,11.8774395
0.005121758808,0.6925609112,11.8847084
0.005131758808,0.7364888191,11.88307858
0.005141758808,0.7775101662,11.88994122
0.005151758808,0.8154630065,11.88799477
0.005161758808,0.8501976132,11.8944931
0.005163008808,0.854306221,11.89263058
0.005165508808,0.8623650074,11.89311981
0.005165586933,0.8626134396,11.89315033
0.005165743183,0.8631096482,11.89318562
0.005166055683,0.8640995622,11.8932476
0.005166169139,0.8644581437,-8.31329155
0.005166237711,0.8646746278,-13.78018856
0.005166294427,0.8648536205,-10.89551449
0.005166318302,0.8649289012,-11.92329884
0.005166341386,0.8650016785,-11.82821655
0.005166365724,0.8650783896,-11.83575344
0.005166393256,0.865165174,-11.83494759
0.005166448318,0.8653386235,-11.83514786
0.005166558443,0.8656852245,-11.83511543
0.005166778693,0.8663771152,-11.83530521
0.005167219193,0.8677560091,-11.8354845
0.005168100193,0.8704937696,-11.83601856
0.005169862193,0.8758892417,-11.8369112
0.005173386193,0.8863574266,-11.83883095
0.005180434192,0.9059852362,-11.84239578
0.005190434192,0.9307773113,-11.847332
0.005200434192,0.9518960118,-11.85188484
0.005210434192,0.9692580104,-11.85628223
0.005220434192,0.9827948213,-11.86033058
0.005230434192,0.9924529195,-11.86425495
0.005240434192,0.9981943369,-11.86785793
0.005250434192,0.9999963045,-11.87136364
0.005260434192,0.9978517294,-11.87457466
0.005270434192,0.9917690754,-11.87771034
0.005280434192,0.9817724228,-11.88057518
0.005290434192,0.9679011106,-11.88338375
0.005291684192,0.9658973217,-11.88369083
0.005291996692,0.9653870463,-11.8837738
0.005292621692,0.9643553495,-11.88393974
0.005292624817,0.9643501639,-6.18521595
0.005292631067,0.9643397927,2.474942207
0.005292643567,0.9643189907,9.732663155
0.00529264898,0.9643099904,10.64032078
0.005292656552,0.9642974138,11.30705738
0.005292663899,0.9642851949,11.59811211
0.005292678593,0.9642606974,11.80798435
0.005292695095,0.9642332196,11.84099483
0.005292724733,0.964183867,11.84493446
0.005292765376,0.9641160965,11.8440752
0.00529284666,0.9639803767,11.84447765
0.005293009229,0.9637082219,11.84431267
0.005293334366,0.9631608129,11.84467316
0.005293984641,0.9620540142,11.84480381
0.005295285192,0.9597921968,11.8456068
0.005297886292,0.9550765157,11.84667206
0.005303088492,0.9448812008,11.84925365
0.005313088492,0.9224582314,11.85349274
0.005323088492,0.8963947296,11.85778522
0.005333088492,0.8667935729,11.86147499
0.005343088492,0.8337715864,11.86525059
0.005353088492,0.7974590659,11.86845875
0.005363088492,0.7579993606,11.87178135
0.005373088492,0.7155481577,11.87456799
0.005383088492,0.6702730656,11.87749386
0.005393088492,0.6223526597,11.87991333
0.005403088492,0.5719761252,11.88249302
0.005413088492,0.5193422437,11.8845911
0.005423088492,0.4646587968,11.88686943
0.005433088492,0.4081415534,11.88868999
0.005434338492,0.4009589851,11.88900757
0.005436838492,0.3865201175,11.88947964
0.005437463492,0.3828953505,11.88959599
0.005437619742,0.3819882274,11.8896246
0.005437932242,0.3801729083,11.88968277
0.005438045699,0.3795134723,-8.316859245
0.005438114271,0.3791148067,-13.78375816
0.005438170995,0.3787849844,-10.89898872
0.005438194874,0.3786461353,-11.92696381
0.005438217963,0.3785118461,-11.8317709
0.005438242306,0.3783702552,-11.83932877
0.005438269842,0.3782101274,-11.83852005
0.005438324913,0.3778897822,-11.83872223
0.005438435057,0.3772489429,-11.83869171
0.005438655344,0.3759667575,-11.83888626
0.005439095917,0.3734002113,-11.83907413
0.005439977064,0.3682585359,-11.83962631
0.005441739358,0.3579415083,-11.84055328
0.005445263947,0.337177068,-11.84254074
0.005452313124,0.2951623797,-11.84623051
0.005462313124,0.2345869392,-11.85132122
0.005472313124,0.1730856746,-11.85600185
0.005482313124,0.1109013185,-11.86050224
0.005492313124,0.04827928916,-11.86462688
0.005502313124,-0.01453327574,-11.86860085
0.005512313124,-0.07728848606,-11.87222958
0.005522313124,-0.1397386789,-11.87573528
0.005532313124,-0.2016373724,-11.87892246
0.005542313124,-0.262740314,-11.88201046
0.005552313124,-0.3228063285,-11.88480282
0.005562313124,-0.3815983832,-11.88751793
0.005572313124,-0.4388844371,-11.88995838
0.005573563124,-0.4459279478,-11.89028263
0.005576063124,-0.4599320889,-11.89087486
0.005576688124,-0.4634155035,-11.89102077
0.005577938124,-0.4703608751,-11.8913126
0.005578250624,-0.4720927179,-11.89138412
0.005578875624,-0.47555089,-11.89152908
0.005579031874,-0.4764142931,-11.89156437
0.005579150617,-0.477070123,8.449378967
0.00557920315,-0.477360189,13.37127018
0.005579243107,-0.4775807858,11.31810856
0.005579263049,-0.4776908755,11.83888626
0.005579286706,-0.4778214395,11.83649731
0.005579309718,-0.477948457,11.83672142
0.005579346626,-0.4781521559,11.83672047
0.005579420442,-0.4785594344,11.83676624
0.005579568075,-0.4793737233,11.83683872
0.005579863341,-0.4810010493,11.83699703
0.005580453872,-0.4842507243,11.8373003
0.005581634933,-0.4907300472,11.83791351
0.005583997057,-0.5036072135,11.83911896
0.005588721305,-0.5290260315,11.84148693
0.0055981698,-0.5784432888,11.84601879
0.0056081698,-0.6285215616,11.85055065
0.0056181698,-0.6761192679,11.85481644
0.0056281698,-0.7210486531,11.8588438
0.0056381698,-0.7631323934,11.86263657
0.0056481698,-0.8022044301,11.86622143
0.0056581698,-0.8381105065,11.86959934
0.0056681698,-0.8707089424,11.87279606
0.0056781698,-0.8998711109,11.87581158
0.0056881698,-0.9254818559,11.87866783
0.0056981698,-0.9474401474,11.88136387
0.0056994198,-0.9499236941,11.88169098
0.0057019198,-0.9547147155,11.88233852
0.0057025448,-0.9558757544,11.88249874
0.0057037948,-0.9581534863,11.88281822
0.0057062948,-0.9625316262,11.88344955
0.00570630485,-0.9625487328,-0.07777801901
0.00570632495,-0.9625829458,-11.94107819
0.005706332011,-0.962594986,-11.890378
0.005706338141,-0.9626054168,-11.868783
0.005706346483,-0.9626196027,-11.8545208
0.005706363168,-0.9626479745,-11.84558296
0.005706396537,-0.9627047777,-11.84455967
0.005706463276,-0.9628181458,-11.84492016
0.005706596755,-0.9630443454,-11.84478664
0.005706863711,-0.9634947777,-11.84507942
0.005707397625,-0.9643874764,-11.84520435
0.005708465452,-0.9661403298,-11.84586906
0.005710601105,-0.9695155025,-11.84678745
0.005714872412,-0.9757415652,-11.84897137
0.005723415025,-0.986081481,-11.8527813
0.005733415025,-0.9945754409,-11.85724163
0.005743415025,-0.9991441965,-11.86116505
0.005753415025,-0.9997698069,-11.86507702
0.005763415025,-0.9964497685,-11.86848736
0.005773415025,-0.9891971946,-11.87191582
0.005783415025,-0.9780407548,-11.87487602
0.005793415025,-0.9630243778,-11.87787914
0.005803415025,-0.9442074299,-11.88044167
0.005813415025,-0.9216641188,-11.8830719
0.005823415025,-0.8954834342,-11.88528633
0.005833415025,-0.865768671,-11.88758945
0.005843415025,-0.8326370716,-11.88949966
0.005853415025,-0.7962194681,-11.89151669
0.005854665025,-0.7914432287,-11.89168262
0.005854977525,-0.7902415395,-11.89173889
0.005855602525,-0.7878290415,-11.89185143
0.005855758775,-0.7872239947,-11.89188004
0.005856071275,-0.7860116363,-11.8919363
0.005856184732,-0.7855707407,8.314606667
0.005856253304,-0.7853040695,13.78150558
0.005856310023,-0.7850834131,10.89679813
0.005856333899,-0.7849904895,11.92465305
0.005856356985,-0.7849006057,11.82953072
0.005856381325,-0.7848058343,11.83707619
0.005856408858,-0.7846986055,11.83626938
0.005856463924,-0.7844840884,11.83647156
0.005856574056,-0.7840547562,11.83644199
0.005856794319,-0.7831950188,11.8366375
0.005857234846,-0.7814709544,11.83682823
0.005858115901,-0.7780050039,11.83738518
0.00585987801,-0.7710015774,11.83832455
0.005863402228,-0.7567121387,11.84033394
0.005870450663,-0.7270273566,11.84407043
0.005880450663,-0.682480216,11.84923363
0.005890450663,-0.6352396607,11.85399055
0.005900450663,-0.5854920745,11.85857201
0.005910450663,-0.5334338546,11.86278248
0.005920450663,-0.4792703986,11.86684704
0.005930450663,-0.4232154787,11.87057018
0.005940450663,-0.3654903173,11.87417507
0.005950450663,-0.3063227534,11.87746429
0.005960450663,-0.2459462583,11.88065815
0.005970450663,-0.1845991164,11.88356113
0.005980450663,-0.1225234643,11.88638783
0.005990450663,-0.05996425822,11.88894463
0.005990606913,-0.05898424983,11.88900757
0.005990919413,-0.05702406168,-10.42714024
0.005991005624,-0.05648325384,-12.7244072
0.005991091815,-0.05594255403,-11.28447342
0.005991136257,-0.0556637533,-12.05243778
0.005991181209,-0.05538174883,-11.756423
0.005991227506,-0.05509130284,-11.8726368
0.005991275232,-0.05479188263,-11.8255949
0.005991353096,-0.05430337787,-11.84761715
0.005991468316,-0.05358048156,-11.83367634
0.005991689097,-0.05219521001,-11.84442902
0.005992130661,-0.04942437261,-11.83537483
0.005993013788,-0.04388157278,-11.84447765
0.005994780041,-0.03279209137,-11.83696842
0.005998312548,-0.01060237642,-11.84691334
0.006005377561,0.03378178552,-11.84205055
0.006015377561,0.09646980464,-11.85461903
0.006025377561,0.1587771028,-11.85069561
0.006035377561,0.2204577774,-11.86268806
0.006045377561,0.2812684178,-11.8583498
0.006055377561,0.3409689963,-11.86983013
0.006065377561,0.3993239403,-11.8651371
0.006075377561,0.4561029375,-11.87616348
0.006085377561,0.511081934,-11.87116814
0.006095377561,0.5640438795,-11.88179207
0.006105377561,0.61477983,-11.87654018
0.006115377561,0.6630894542,-11.88680458
0.006116627561,0.6689479947,-11.88323212
0.006119127561,0.6805408597,-11.88375759
0.006119752561,0.6834129691,-11.88393307
0.006121002561,0.6891254783,-11.88422298
0.006121315061,0.6905469894,-11.88429451
0.006121940061,0.6933819652,-11.88443851
0.006122096311,0.6940890551,-11.88447475
0.006122408811,0.6955012083,-11.88454628
0.006122522268,0.6960132718,8.321990967
0.006122590839,0.6963225603,13.78888702
0.006122647574,0.6965783834,10.90397644
0.006122671459,0.6966860294,11.93222332
0.006122694556,0.6967901587,11.8368721
0.006122718906,0.6968998909,11.84445572
0.006122746448,0.6970239878,11.84364223
0.006122801533,0.6972721219,11.84384251
0.006122911703,0.6977680922,11.84380627
0.006123132042,0.6987591386,11.84399223
0.006123572721,0.7007371783,11.84416008
0.00612445408,0.7046771646,11.84467506
0.006126216796,0.7124921679,11.8455267
0.006129742228,0.7278589606,11.84736347
0.006136793093,0.7575138807,11.85075378
0.006146793093,0.7970099449,11.85542488
0.006156793093,0.8333605528,11.85969162
0.006166793093,0.8664222956,11.86378574
0.006176793093,0.8960646987,11.86750984
0.006186793093,0.9221706986,11.8710928
0.006196793093,0.9446372986,11.8743372
0.006206793093,0.9633758664,11.87746811
0.006216793093,0.9783124328,11.88028812
0.006226793093,0.9893880486,11.88301945
0.006236793093,0.9965590239,11.88546467
0.006246793093,0.9997969866,11.88784313
0.006256793093,0.999089241,11.88995743
0.006266793093,0.994438529,11.89202499
0.006268043093,0.993580699,11.89224052
0.006270543093,0.9916812181,11.89271736
0.006271168093,0.9911681414,11.89283466
0.006272418093,0.9900960326,11.89306927
0.006272730593,0.9898184538,11.89312744
0.006273355593,0.9892519116,11.89324379
0.006273511843,0.9891078472,11.8932724
0.006273824343,0.9888169169,11.89333057
0.006273937799,0.9887104034,-8.313212395
0.006274006371,0.9886457324,-13.78011131
0.006274063087,0.9885921478,-10.8954401
0.006274086962,0.9885694981,-11.92322063
0.006274110046,0.9885476232,-11.82814121
0.006274134384,0.9885245562,-11.83567905
0.006274161915,0.9884983897,-11.8348732
0.006274216977,0.9884459972,-11.83507538
0.006274327102,0.9883409142,-11.83504486
0.006274547351,0.9881292582,-11.83523941
0.00627498785,0.9877002835,-11.83542824
0.006275868847,0.9868196249,-11.83598137
0.006277630841,0.984967649,-11.8369112
0.006281154829,0.9809017777,-11.83890438
0.006288202804,0.9713295698,-11.84261131
0.006298202804,0.9544852376,-11.84773827
0.006308202804,0.933874011,-11.85246944
0.006318202804,0.9095771909,-11.85703182
0.006328202804,0.8816907406,-11.86123276
0.006338202804,0.8503245711,-11.86529541
0.006348202804,0.8156026006,-11.86902618
0.006358202804,0.7776618004,-11.87264442
0.006368202804,0.736651957,-11.87595654
0.006378202804,0.6927348971,-11.87918091
0.006388202804,0.6460838914,-11.88212013
0.006398202804,0.5968831182,-11.88499165
0.006399452804,0.5905632973,-11.88530636
0.006401952804,0.5778147578,-11.88597965
0.006402577804,0.5746052265,-11.88614655
0.006402734054,0.5738014579,-11.88618851
0.006403046554,0.5721922517,-11.88627148
0.006403160011,0.5716074705,8.320261002
0.006403228582,0.5712538958,13.78715515
0.006403285313,0.5709612966,10.90228939
0.006403309197,0.5708380938,11.93044281
0.00640333229,0.5707189441,11.83514404
0.006403356638,0.5705932975,11.84271717
0.006403384178,0.5704512,11.84190369
0.006403439259,0.5701669455,11.84210205
0.00640354942,0.5695981383,11.84206295
0.006403769741,0.5684598088,11.84223938
0.006404210385,0.566179812,11.84239197
0.006405091671,0.561606884,11.84287453
0.006406854244,0.5524094701,11.84366226
0.00641037939,0.5338125825,11.84537411
0.006417429683,0.4958423972,11.84852505
0.006427429683,0.4403358996,11.85288334
0.006437429683,0.3830915689,11.85686684
0.006447429683,0.3243353963,11.86070728
0.006457429683,0.2642991841,11.86420822
0.006467429683,0.2032199055,11.86759663
0.006477429683,0.1413386315,11.87067604
0.006487429683,0.07889954001,11.87367058
0.006497429683,0.01614907756,11.87638283
0.006507429683,-0.04666512087,11.87903404
0.006517429683,-0.1092951521,11.88142681
0.006527429683,-0.1714938432,11.88378048
0.006537429683,-0.233015731,11.88589668
0.006538679683,-0.240646258,11.88618279
0.006538992183,-0.2425515801,11.88624859
0.006539617183,-0.2463594228,11.88637829
0.006539773433,-0.2473108023,11.88641071
0.006540085933,-0.2492128164,11.88647556
0.006540199389,-0.2499031276,-8.320063591
0.006540267961,-0.2503202856,-13.78696156
0.006540324691,-0.2506653666,-10.90210438
0.006540348574,-0.250810653,-11.93024921
0.006540371668,-0.2509511113,-11.83495712
0.006540396015,-0.2510991693,-11.8425312
0.006540423555,-0.2512666583,-11.84171963
0.006540478635,-0.2516016364,-11.84192085
0.006540588795,-0.2522714734,-11.84188747
0.006540809115,-0.25361076,-11.84207821
0.006541249754,-0.2562878728,-11.84225655
0.006542131033,-0.2616362274,-11.84278965
0.006543893591,-0.2723086774,-11.84367943
0.006547418707,-0.2935521007,-11.8455925
0.006554468938,-0.3355965614,-11.84913158
0.006564468938,-0.3940833509,-11.85401058
0.006574468938,-0.4510149062,-11.8584795
0.006584468938,-0.5061665177,-11.86276913
0.006594468938,-0.5593205094,-11.86668396
0.006604468938,-0.6102671027,-11.87045097
0.006614468938,-0.6588052511,-11.87387371
0.006624468938,-0.7047433853,-11.87717628
0.006634468938,-0.7479002476,-11.88016129
0.006644468938,-0.7881054878,-11.88304996
0.006654468938,-0.8252004385,-11.88564682
0.006664468938,-0.8590387106,-11.88816929
0.006674468938,-0.8894867301,-11.89042091
0.006684468938,-0.916424334,-11.89261627
0.006685718938,-0.9195392728,-11.89284801
0.006688218938,-0.9255987406,-11.89335537
0.006688843938,-0.9270780087,-11.89348125
0.006688847063,-0.9270853996,-6.194755077
0.006688853313,-0.927100122,2.465405464
0.006688865813,-0.9271295071,9.723126411
0.006688871224,-0.9271422625,10.63048267
0.006688878794,-0.9271600842,11.29726696
0.006688886138,-0.9271773696,11.58836842
0.006688900826,-0.9272119403,11.79836559
0.006688917319,-0.9272507429,11.83144188
0.006688946938,-0.9273204207,11.83540249
0.006688987544,-0.9274159074,11.83454323
0.006689068756,-0.9276066422,11.8349514
0.00668923118,-0.9279873967,11.83479595
0.006689556028,-0.928745985,11.83517742
0.006690205724,-0.9302515388,11.83534908
0.006691505116,-0.9332161546,11.836236
0.006694103899,-0.9389586449,11.83746624
0.006699301466,-0.9496910572,11.84037971
0.006709301466,-0.9674823284,11.84525776
0.006719301466,-0.9814553857,11.85018826
0.006729301466,-0.9915550351,11.85451126
0.006739301466,-0.9977415204,11.85891724
0.006749301466,-0.999990344,11.86275005
0.006759301466,-0.9982926846,11.8666935
0.006769301466,-0.9926552176,11.8700943
0.006779301466,-0.9831002355,11.87362862
0.006789301466,-0.9696653485,11.876647
0.006799301466,-0.952403605,11.87981892
0.006809301466,-0.9313832521,11.88249874
0.006810551466,-0.9284953475,11.88292217
0.006813051466,-0.922547996,11.88360405
0.006813676466,-0.9210255146,11.8837719
0.006814926466,-0.917937994,11.88410854
0.006815238966,-0.9171572924,11.88419151
0.006815476452,-0.9165616035,-10.0202055
0.006815576968,-0.9163088799,-13.0682478
0.006815667566,-0.9160807729,-11.05854225
0.00681570942,-0.9159752727,-12.12557602
0.006815747611,-0.9158789515,-11.75470543
0.006815787933,-0.9157772064,-11.87473488
0.006815825544,-0.9156822562,-11.83466911
0.006815889747,-0.915520072,-11.84923363
0.006815988501,-0.9152702689,-11.84090233
0.006816186009,-0.9147696495,-11.84708977
0.006816581025,-0.9137641788,-11.84205914
0.006817371057,-0.9117363691,-11.84727764
0.006818951121,-0.9076133966,-11.84337234
0.006822111248,-0.8990994692,-11.84942913
0.006828431503,-0.8810117841,-11.84777737
0.006838431503,-0.8495674729,-11.85659885
0.006848431503,-0.8147703409,-11.85614777
0.006858431503,-0.7767576575,-11.86439705
0.006868431503,-0.7356794477,-11.86348057
0.006878431503,-0.6916978359,-11.87122536
0.006888431503,-0.6449864507,-11.86990547
0.006898431503,-0.5957295895,-11.8772049
0.006908431503,-0.544121623,-11.87553501
0.006918431503,-0.4903662801,-11.88244247
0.006928431503,-0.4346756935,-11.88047409
0.006938431503,-0.3772696257,-11.88703442
0.006948431503,-0.3183746636,-11.88481045
0.006958431503,-0.2582232058,-11.8910675
0.006958587753,-0.2572746277,-11.88908005
0.006958900253,-0.2553767264,-11.88889885
0.006959013704,-0.2546874583,8.317303658
0.006959082275,-0.254270792,13.78455734
0.006959138998,-0.2539260983,10.8996172
0.006959162877,-0.2537809908,11.92763329
0.006959185965,-0.2536406517,11.83244228
0.006959210308,-0.253492713,11.8399992
0.006959237844,-0.2533253431,11.83919048
0.006959292916,-0.2529905736,11.83939266
0.006959403059,-0.2523209751,11.83936119
0.006959623347,-0.2509814203,11.83955479
0.006960063921,-0.2483008504,11.83974171
0.00696094507,-0.2429340333,11.84029102
0.006962707369,-0.2321782261,11.84121227
0.006966231965,-0.2105825394,11.84318733
0.006973281158,-0.1670919657,11.8468523
0.006983281158,-0.1048544869,11.85190868
0.006993281158,-0.04220318794,11.85655308
0.007003281158,0.020614665,11.86101818
0.007013281158,0.08335116506,11.86510563
0.007023281158,0.1457587183,11.86904335
0.007033281158,0.2075910121,11.87263584
0.007043281158,0.2686040699,11.87610435
0.007053281158,0.3285570443,11.87925434
0.007063281158,0.3872133493,11.88230515
0.007073281158,0.4443415105,11.88506031
0.007083281158,0.4997160733,11.88773727
0.007093281158,0.5531184673,11.89014149
0.007094531158,0.5596445203,11.89046097
0.007097031158,0.5725926161,11.89104462
0.007097656158,0.5758076906,11.89118767
0.007098906158,0.5822111964,11.89147472
0.007101406158,0.5949100256,11.89204025
0.007101416208,0.5949607491,-0.06918773055
0.007101436308,0.5950622559,-11.93248844
0.007101443367,0.5950978994,-11.88180161
0.007101449494,0.5951288342,-11.86020565
0.007101457834,0.5951709747,-11.84593964
0.007101474514,0.5952551961,-11.83699608
0.007101507873,0.5954235792,-11.83597183
0.007101574591,0.5957603455,-11.83633423
0.007101708027,0.5964334607,-11.83620453
0.007101974899,0.5977785587,-11.83650398
0.007102508644,0.6004636288,-11.83664227
0.007103576134,0.6058135629,-11.83733559
0.007105711113,0.6164313555,-11.83831215
0.007109981072,0.6373323202,-11.84061432
0.007118520989,0.6777434349,-11.84466934
0.007128520989,0.7225758433,-11.84943295
0.007138520989,0.7645565271,-11.85367775
0.007148520989,0.8035199046,-11.85792637
0.007158520989,0.8393121362,-11.86168861
0.007168520989,0.8717920184,-11.86548519
0.007178520989,0.9008313417,-11.86882591
0.007188520989,0.9263154268,-11.87222481
0.007198520989,0.9481438398,-11.87519455
0.007208520989,0.9662303329,-11.87824345
0.007218520989,0.9805035591,-11.88088799
0.007219770989,0.982016623,-11.88128281
0.007222270989,0.9848608971,-11.88194752
0.007227270989,0.9898198843,-11.88324642
0.007227427239,0.9899591208,-11.88328743
0.007227739739,0.9902347922,-11.88336754
0.007227853196,0.9903339148,8.323166847
0.007227921767,0.990393579,13.790061
0.007227978504,0.9904428124,10.90511799
0.007228002391,0.9904634953,11.9334259
0.007228025489,0.9904834628,11.83803749
0.007228049841,0.9905045033,11.84562683
0.007228077385,0.9905282855,11.84481144
0.007228132473,0.9905757904,11.84501076
0.007228242648,0.9906703234,11.84497166
0.007228463,0.990858078,11.8451519
0.007228903703,0.9912278652,11.8453083
0.007229785109,0.9919445515,11.84579945
0.007231547922,0.9932867289,11.84660435
0.007235073547,0.9956053495,11.84834957
0.007242124797,0.9987760186,11.85155964
0.007252124797,0.9999108911,11.85598564
0.007262124797,0.9970995188,11.86002064
0.007272124797,0.9903530478,11.86389637
0.007282124797,0.9796981812,11.86741352
0.007292124797,0.9651768208,11.87080288
0.007302124797,0.9468463659,11.87386608
0.007312124797,0.9247791171,11.87682819
0.007322124797,0.8990622163,11.87949276
0.007332124797,0.8697971106,11.88208008
0.007342124797,0.8370993137,11.88439465
0.007352124797,0.8010979295,11.88665485
0.007362124797,0.7619348764,11.88866425
0.007372124797,0.7197648883,11.89063835
0.007373374797,0.7142903805,11.89084339
0.007375874797,0.7032095194,11.89129925
0.007376499797,0.700412035,11.89141178
0.007376656047,0.6997110248,11.89144039
0.007376968547,0.6983069181,11.89149666
0.007377082004,0.697796464,-8.31504631
0.007377150576,0.6974877715,-13.78194523
0.007377207296,0.697232306,-10.89722538
0.007377231173,0.6971247792,-11.92510414
0.007377254259,0.6970207691,-11.82996845
0.0073772786,0.6969110966,-11.83751583
0.007377306133,0.6967870593,-11.83670902
0.0073773612,0.696538806,-11.8369112
0.007377471334,0.6960421205,-11.83688164
0.007377691602,0.6950477362,-11.83707714
0.007378132139,0.6930550337,-11.83726788
0.007379013211,0.6890536547,-11.83782482
0.007380775356,0.6809876561,-11.83876324
0.007384299647,0.6646062732,-11.84077263
0.007391348227,0.6308740377,-11.84450817
0.007401348227,0.5809109211,-11.84966564
0.007411348227,0.528655231,-11.85441685
0.007421348227,0.4743131399,-11.85898972
0.007431348227,0.418099165,-11.86319065
0.007441348227,0.3602351546,-11.86724377
0.007451348227,0.3009494543,-11.87095356
0.007461348227,0.240476042,-11.87454319
0.007471348227,0.1790535748,-11.8778162
0.007481348227,0.1169244722,-11.88099194
0.007491348227,0.05433392525,-11.88387489
0.007501348227,-0.00847105775,-11.8866806
0.007511348227,-0.07124260813,-11.88921452
0.007512598227,-0.07907435298,-11.88955021
0.007512910727,-0.081031546,-11.88962746
0.007513148213,-0.08251871914,10.01477528
0.007513248729,-0.08314810693,13.06281853
0.007513339327,-0.08371536434,11.05311489
0.007513381173,-0.08397737145,12.12008476
0.007513419354,-0.08421641588,11.74933529
0.007513459665,-0.08446879685,11.86927986
0.007513497263,-0.08470418304,11.82925797
0.007513561452,-0.08510603756,11.84380245
0.007513660195,-0.08572419733,11.83548641
0.007513857682,-0.08696040511,11.84166718
0.007514252655,-0.0894324258,11.83665371
0.007515042602,-0.09437479824,11.84187984
0.007516622495,-0.1042524427,11.83801365
0.007519782281,-0.12397594,11.84412479
0.007526101854,-0.163268581,11.84260941
0.007536101854,-0.2248943746,11.85163498
0.007546101854,-0.2856326401,11.85141182
0.007556101854,-0.345243603,11.85988331
0.007566101854,-0.4034920931,11.85921192
0.007576101854,-0.4601481557,11.86719513
0.007586101854,-0.5149882436,11.86613464
0.007596101854,-0.5677958727,11.87368679
0.007606101854,-0.6183626652,11.87229252
0.007616101854,-0.6664891243,11.8794651
0.007626101854,-0.7119852304,11.87778187
0.007636101854,-0.7546713948,11.88461781
0.007637351854,-0.7598010898,11.88278008
0.007639851854,-0.7699195743,11.88334846
0.007640476854,-0.7724196315,11.8835144
0.007641726854,-0.7773839235,11.88381195
0.007642039354,-0.7786175013,11.88388538
0.007642664354,-0.7810756564,11.88403225
0.007642820604,-0.7816883326,11.88406944
0.007643133104,-0.7829113603,11.88414288
0.007643246561,-0.7833546996,-8.322393417
0.007643315132,-0.7836224437,-13.78928947
0.007643371868,-0.7838438153,-10.90436745
0.007643395754,-0.783937037,-11.93263531
0.00764341885,-0.7840270996,-11.83727074
0.007643443201,-0.7841220498,-11.84485722
0.007643470744,-0.7842294574,-11.84404278
0.00764352583,-0.7844441533,-11.84424305
0.007643636002,-0.7848733068,-11.84420681
0.007643856345,-0.7857304215,-11.84439087
0.007644297033,-0.7874401808,-11.84455681
0.007645178407,-0.7908415794,-11.84506607
0.007646941157,-0.7975714803,-11.84590721
0.007650466655,-0.8107369542,-11.84772396
0.007657517652,-0.8358682394,-11.85107327
0.007667517652,-0.8686864376,-11.85569
0.007677517652,-0.8980763555,-11.85990334
0.007687517652,-0.9239219427,-11.86394691
0.007697517652,-0.9461212754,-11.86762333
0.007707517652,-0.9645866752,-11.87116051
0.007717517652,-0.9792453051,-11.87436199
0.007727517652,-0.990039289,-11.87745094
0.007737517652,-0.9969260097,-11.88023281
0.007747517652,-0.9998783469,-11.88292694
0.007757517652,-0.9988846183,-11.88533783
0.007767517652,-0.9939487576,-11.88768387
0.007777517652,-0.9850902557,-11.88976955
0.007787517652,-0.9723440409,-11.89180946
0.007788767652,-0.9704797268,-11.89202118
0.007791267652,-0.9665716887,-11.89249229
0.007791892652,-0.9655573368,-11.89260864
0.007793142652,-0.9634840488,-11.89283943
0.007793455152,-0.9629564285,-11.89289665
0.007794080152,-0.9618901014,-11.89301109
0.007794236402,-0.9616211653,-11.8930397
0.007794548902,-0.9610806108,-11.89309692
0.007794662358,-0.960883379,8.313446045
0.00779473093,-0.9607639909,13.78034401
0.007794787647,-0.9606650472,10.89566803
0.007794811522,-0.9606233835,11.92346096
0.007794834606,-0.9605830908,11.82837391
0.007794858945,-0.9605405927,11.83591366
0.007794886476,-0.9604924321,11.8351078
0.007794941539,-0.960396111,11.83530903
0.007795051665,-0.9602030516,11.83527946
0.007795271916,-0.9598156214,11.83547401
0.00779571242,-0.9590352178,11.8356638
0.007796593426,-0.9574524164,11.83621883
0.007798355439,-0.9541987777,11.83715343
0.007801879466,-0.9473410845,11.83915424
0.007808927519,-0.9322360158,11.84287643
0.007818927519,-0.9076756239,11.84802341
0.007828927519,-0.879533112,11.85277081
0.007838927519,-0.8479194641,11.8573494
0.007848927519,-0.8129594326,11.86156178
0.007858927519,-0.7747910619,11.86563492
0.007868927519,-0.7335649133,11.86937332
0.007878927519,-0.6894437671,11.87299728
0.007888927519,-0.6426016688,11.87631226
0.007898927519,-0.5932235122,11.87953663
0.007908927519,-0.5415041447,11.88247585
0.007918927519,-0.4876477718,11.88534355
0.007920177519,-0.4807759523,11.88565731
0.007922677519,-0.4669438004,11.88632965
0.007923302519,-0.463467598,11.88649654
0.007924552519,-0.4564938545,11.88682842
0.007924865019,-0.4547460079,11.88691044
0.007925102505,-0.4534165561,-10.01748753
0.00792520302,-0.4528535604,-13.06553078
0.007925293618,-0.4523459375,-11.05582523
0.007925335469,-0.452111423,-12.12282658
0.007925373655,-0.4518974125,-11.75201702
0.007925413971,-0.4516714215,-11.87200356
0.007925451576,-0.4514605999,-11.83195877
0.007925515772,-0.4511006474,-11.84651375
0.00792561452,-0.4505468309,-11.83818913
0.007925812018,-0.4494386315,-11.8443718
0.007926207012,-0.4472202063,-11.83934784
0.007926997001,-0.4427751303,-11.84456444
0.00792857698,-0.4338523149,-11.84066963
0.007931736936,-0.4158793092,-11.84673405
0.00793805685,-0.3794486523,-11.84511375
0.00794805685,-0.320605278,-11.85398102
0.00795805685,-0.2604966462,-11.85359287
0.00796805685,-0.1993599683,-11.8619051
0.00797805685,-0.1374364942,-11.86106682
0.00798805685,-0.07497061789,-11.86889076
0.00799805685,-0.01220887154,-11.86766338
0.00800805685,0.05060106143,-11.87505627
0.00801805685,0.113211289,-11.8734951
0.00802805685,0.1753747314,-11.88050842
0.00803805685,0.2368460447,-11.87866116
0.00804805685,0.297382623,-11.88534164
0.00805805685,0.3567456007,-11.88324928
0.00805930685,0.3640717268,-11.88565063
0.00805961935,0.3658997715,-11.8857336
0.00806024435,0.369551599,-11.88586807
0.0080604006,0.3704636693,-11.8859005
0.0080607131,0.372286737,-11.88596725
0.008060826556,0.3729482591,8.320571899
0.008060895128,0.3733479977,13.78746891
0.008060951859,0.3736786544,10.90259838
0.008060975743,0.3738178611,11.93076992
0.008060998837,0.3739524186,11.83546257
0.008061023185,0.3740943074,11.84303951
0.008061050726,0.3742547929,11.84222698
0.008061105807,0.3745757043,11.84242821
0.00806121597,0.3752173781,11.84239388
0.008061436295,0.3765002191,11.84258366
0.008061876945,0.3790637255,11.84275913
0.008062758244,0.3841820061,11.84328842
0.008064520844,0.3943830729,11.84416962
0.008068046043,0.4146388471,11.84606457
0.008075096442,0.4545303285,11.84956932
0.008085096442,0.5095629096,11.85440063
0.008095096442,0.5625844598,11.85882187
0.008105096442,0.6133857369,11.86306572
0.008115096442,0.6617662907,11.86693478
0.008125096442,0.7075351477,11.87065792
0.008135096442,0.7505116463,11.87403679
0.008145096442,0.7905262709,11.87729645
0.008155096442,0.8274210095,11.88024044
0.008165096442,0.8610503078,11.88309002
0.008175096442,0.8912814856,11.88564777
0.008185096442,0.9179950953,11.8881321
0.008195096442,0.941085875,11.89034843
0.008205096442,0.9604625702,11.89251041
0.008206346442,0.9626195431,11.89273739
0.008208846442,0.9667552114,11.89323616
0.008209471442,0.9677519202,11.89336014
0.008209627692,0.9679987431,11.89339066
0.008209940192,0.9684896469,11.89345169
0.008210565192,0.9694601893,11.89357471
0.008210568317,0.9694650173,6.194848537
0.008210574566,0.9694746733,-2.465312004
0.008210587066,0.9694939256,-9.723032951
0.008210592477,0.9695022106,-10.63038635
0.008210600047,0.9695138931,-11.29717064
0.008210607391,0.969525218,-11.58827305
0.008210622079,0.9695478082,-11.79827118
0.008210638572,0.9695731997,-11.83134842
0.008210668191,0.9696187377,-11.83530903
0.008210708797,0.9696810842,-11.83444977
0.008210790008,0.9698056579,-11.83485889
0.008210952431,0.9700540304,-11.83470345
0.008211277276,0.9705477953,-11.83508778
0.008211926966,0.9715231061,-11.8352623
0.008213226347,0.9734252095,-11.83615494
0.008215825108,0.9770345688,-11.83739758
0.008221022629,0.9834709764,-11.84033585
0.008231022629,0.9928995371,-11.84525776
0.008241022629,0.9984095693,-11.85023022
0.008251022629,0.9999793768,-11.85459232
0.008261022629,0.9976027012,-11.85903549
0.008271022629,0.9912889004,-11.86290264
0.008281022629,0.9810630083,-11.86687756
0.008291022629,0.9669652581,-11.87030697
0.008301022629,0.9490513206,-11.87386799
0.008311022629,0.9273919463,-11.87691021
0.008321022629,0.9020726085,-11.88010311
0.008331022629,0.8731931448,-11.88280106
0.008332272629,0.8693384528,-11.88322735
0.008334772629,0.8614683747,-11.88391399
0.008335397629,0.859467566,-11.88408279
0.008336647629,0.8554261923,-11.88442039
0.008336960129,0.8544076085,-11.88450432
0.008337585129,0.8523605466,-11.88467216
0.008337588254,0.8523502946,-6.185948372
0.008337594504,0.852329731,2.474209309
0.008337607004,0.8522886634,9.731930733
0.008337612417,0.8522709012,10.63956547
0.008337619989,0.8522459865,11.30630589
0.008337627336,0.8522218466,11.59736347
0.008337642029,0.8521735668,11.80724525
0.00833765853,0.852119267,11.84026051
0.008337688167,0.8520218134,11.84420204
0.008337728807,0.8518881202,11.84334278
0.008337810085,0.8516205549,11.84374523
0.008337972643,0.8510847688,11.84357834
0.008338297758,0.8500104547,11.84393883
0.008338947989,0.8478512764,11.84406757
0.00834024845,0.8434904218,11.84486675
0.008342849372,0.8346001506,11.84592342
0.008348051215,0.8161533475,11.84849167
0.008358051215,0.7782602906,11.85270691
0.008368051215,0.7372957468,11.85698128
0.008378051215,0.693421483,11.86065769
0.008388051215,0.6468105912,11.86442471
0.008398051215,0.5976470113,11.8676281
0.008408051215,0.5461248159,11.87095165
0.008418051215,0.4924472868,11.87374306
0.008428051215,0.4368263185,11.87667847
0.008438051215,0.379481405,11.87911129
0.008448051215,0.3206388354,11.8817091
0.008458051215,0.2605308294,11.88382912
0.008468051215,0.1993946582,11.88613319
0.008478051215,0.1374715567,11.88798332
0.008479301215,0.1296879798,11.88830471
0.008479613715,0.1277408153,11.88836575
0.008479851202,0.1262607276,-10.01605129
0.008479951717,0.1256342083,-13.06409836
0.008480042315,0.1250694543,-11.05440044
0.008480084164,0.1248085722,-12.12138844
0.008480122347,0.1245705336,-11.75061226
0.008480162661,0.1243192032,-11.87057877
0.008480200262,0.1240847781,-11.83054924
0.008480264454,0.1236845478,-11.84510231
0.0084803632,0.1230688542,-11.83678818
0.008480560692,0.1218373105,-11.84298229
0.008480955675,0.1193736717,-11.8379879
0.008481745642,0.1144442111,-11.84325886
0.008483325576,0.1045769379,-11.83947563
0.008486485443,0.08481245488,-11.84575558
0.008492805178,0.04519100487,-11.84456062
0.008502805178,-0.01762454025,-11.85406494
0.008512805178,-0.08037053049,-11.85428047
0.008522805178,-0.1427993327,-11.86315346
0.008532805178,-0.2046645731,-11.86284161
0.008542805178,-0.265722096,-11.87114906
0.008552805178,-0.3257309198,-11.87037182
0.008562805178,-0.3844542503,-11.87817287
0.008572805178,-0.4416603148,-11.8769846
0.008582805178,-0.4971233606,-11.88433075
0.008592805178,-0.5506244302,-11.88278008
0.008602805178,-0.6019524932,-11.88971615
0.008612805178,-0.6509049535,-11.88784599
0.008622805178,-0.6972885132,-11.89441395
0.008624055178,-0.702896595,-11.89256191
0.008624367678,-0.7042918801,-11.89261341
0.008624605162,-0.705350399,10.01178265
0.008624705677,-0.7057979107,13.05985069
0.008624796275,-0.7062010765,11.05013943
0.008624838117,-0.7063871622,12.11707687
0.008624876291,-0.7065569162,11.74639797
0.008624916597,-0.7067361474,11.86629486
0.008624954187,-0.7069032192,11.82629871
0.008625018368,-0.7071883678,11.84083271
0.008625117106,-0.7076268792,11.83252716
0.008625314581,-0.7085030675,11.83870792
0.008625709532,-0.7102521062,11.83371162
0.008626499434,-0.7137371302,11.83895683
0.008628079239,-0.7206543088,11.83514214
0.008631238847,-0.7342749238,11.84134483
0.008637558063,-0.7606428266,11.84002018
0.008647558063,-0.7999036312,11.8493309
0.008657558063,-0.8360075951,11.84939575
0.008667558063,-0.8688122034,11.85813713
0.008677558063,-0.898187995,11.85773754
0.008687558063,-0.9240190983,11.86597538
0.008697558063,-0.9462034702,11.86517048
0.008707558063,-0.9646536112,11.87296104
0.008717558063,-0.9792967439,11.87180519
0.008727558063,-0.9900749922,11.87919807
0.008737558063,-0.9969459176,11.87773514
0.008747558063,-0.9998822808,11.88477421
0.008748808063,-0.9999719858,11.88296413
0.008749120563,-0.9999847412,11.88302994
0.008749745563,-0.9999987483,11.88319206
0.008750995563,-0.9999804497,11.88351822
0.008751001813,-0.9999802113,2.693274498
0.008751014313,-0.9999796748,-8.56820488
0.00875102139,-0.9999794364,-10.29540539
0.008751026405,-0.999979198,-10.92220688
0.008751033768,-0.9999789,-11.42283821
0.008751045526,-0.9999784231,-11.73744011
0.008751060889,-0.9999777675,-11.83122253
0.008751082267,-0.9999768734,-11.84522057
0.008751114698,-0.9999755025,-11.84458351
0.008751179561,-0.9999725223,-11.84481144
0.008751309285,-0.9999661446,-11.84475708
0.008751568734,-0.9999514222,-11.84497738
0.008752087632,-0.9999139905,-11.84514999
0.008753125429,-0.999807179,-11.8457346
0.008755201021,-0.9994660616,-11.84666252
0.008759352206,-0.9982740283,-11.84870243
0.008767654575,-0.9938539267,-11.85239983
0.008777654575,-0.9849418998,-11.85674667
0.008787654575,-0.972142756,-11.86066818
0.008797654575,-0.9555069804,-11.8644762
0.008807654575,-0.9351002574,-11.86789417
0.008817654575,-0.9110031724,-11.87122917
0.008827654575,-0.8833107352,-11.87420464
0.008837654575,-0.8521323204,-11.87712383
0.008847654575,-0.8175908923,-11.87971115
0.008857654575,-0.7798227668,-11.882267
0.008867654575,-0.7389770746,-11.88451576
0.008877654575,-0.6952149868,-11.88675404
0.008887654575,-0.6487092376,-11.88870811
0.008897654575,-0.59964329,-11.89066982
0.008898904575,-0.5933395624,-11.89086151
0.008899217075,-0.5917578936,-11.89091778
0.008899454562,-0.5905543566,10.01350117
0.008899555077,-0.590044558,13.06155109
0.008899645675,-0.589584887,11.05185318
0.00889968752,-0.5893725157,12.11881161
0.008899725698,-0.589178741,11.74809265
0.008899766007,-0.5889740586,11.86802006
0.008899803602,-0.588783145,11.82801056
0.008899867787,-0.5884571075,11.84255409
0.008899966528,-0.5879553556,11.83424759
0.00890016401,-0.5869512558,11.8404398
0.008900558974,-0.5849402547,11.83545494
0.008901348901,-0.580907464,11.84073067
0.008902928755,-0.5727991462,11.83697033
0.008906088463,-0.5564138889,11.84328556
0.008912407879,-0.5229920149,11.84217167
0.008922407879,-0.4684412777,11.85179806
0.008932407879,-0.4120418131,11.85214329
0.008942407879,-0.3540162444,11.86114216
0.008952407879,-0.294593513,11.86096478
0.008962407879,-0.2340081483,11.86940193
0.008972407879,-0.1724992692,11.86876202
0.008982407879,-0.1103096083,11.87669468
0.008992407879,-0.04768461362,11.87564659
0.009002407879,0.01512857247,11.88312626
0.009012407879,0.07788205147,11.88171673
0.009022407879,0.1403281689,11.88878822
0.009032407879,0.2022204697,11.88705921
0.009033657879,0.2099058777,11.88949966
0.009036157879,0.2252373695,11.89014626
0.009036782879,0.229061693,11.89028168
0.009036939129,0.2300172299,11.89031887
0.009037251629,0.2319276333,11.89039516
0.009037365085,0.2326210141,-8.316140175
0.009037433657,0.2330400199,-13.78303623
0.00903749038,0.2333865911,-10.898283
0.009037514258,0.2335324734,-11.92621803
0.009037537346,0.2336735278,-11.83104706
0.009037561688,0.2338222265,-11.83859921
0.009037589223,0.2339904457,-11.83778954
0.009037644292,0.2343268394,-11.83798885
0.009037754432,0.2349995375,-11.83795166
0.009037974711,0.2363446057,-11.83813381
0.00903841527,0.2390333861,-11.83829689
0.009039296387,0.2444054335,-11.83880043
0.009041058621,0.2551268935,-11.83963203
0.00904458309,0.2764746249,-11.84142971
0.009051632026,0.3187530041,-11.84475327
0.009061632026,0.3776392639,-11.8493576
0.009071632026,0.4350351393,-11.85358906
0.009081632026,0.4907141328,-11.85767746
0.009091632026,0.5444564819,-11.86142635
0.009101632026,0.5960501432,-11.86506367
0.009111632026,0.6452914476,-11.86839104
0.009121632026,0.691986084,-11.87163258
0.009131632026,0.7359497547,-11.87459183
0.009141632026,0.7770089507,-11.87748814
0.009151632026,0.8150016665,-11.88012505
0.009161632026,0.8497779965,-11.88271904
0.009162882026,0.8538919091,-11.88300037
0.009165382026,0.8619614244,-11.88360977
0.009166007026,0.863945663,-11.88376045
0.009166163276,0.8644396067,-11.8837986
0.009166282019,0.8648144603,8.457143784
0.009166334552,0.8649801612,13.37903404
0.00916637452,0.8651061654,11.32567596
0.009166394471,0.8651689887,11.84675503
0.009166418136,0.8652435541,11.84425068
0.009166441159,0.865316093,11.84448528
0.009166478075,0.865432322,11.84448433
0.009166551907,0.8656646609,11.84452915
0.009166699572,0.8661287427,11.84459972
0.009166994903,0.8670547605,11.84475422
0.009167585563,0.8688977361,11.84505081
0.009168766883,0.8725478649,11.84565163
0.009171129524,0.8797035813,11.84682846
0.009175854807,0.8934320211,11.84913731
0.009185305371,0.918514967,11.85353565
0.009195305371,0.941528976,11.85790253
0.009205305371,0.9608272314,11.86197948
0.009215305371,0.976333499,11.86579514
0.009225305371,0.9879866838,11.8693552
0.009235305371,0.9957407117,11.87268543
0.009245305371,0.9995650053,11.87578869
0.009255305371,0.9994444251,11.87868977
0.009265305371,0.9953795671,11.88139057
0.009275305371,0.9873863459,11.88391399
0.009285305371,0.9754964113,11.88626003
0.009295305371,0.9597566128,11.88845253
0.009305305371,0.9402291179,11.89048767
0.009315305371,0.9169909358,11.8923893
0.009316555371,0.9138296843,11.89261436
0.009316867871,0.9130305052,11.89267063
0.009317492871,0.9114217162,11.89278316
0.009317649121,0.9110172987,11.89281178
0.009317767864,0.9107093811,-8.448138237
0.009317820396,0.9105730057,-13.37003136
0.009317860352,0.910469234,-11.31690407
0.009317880293,0.9104173779,-11.83763504
0.009317903948,0.910355866,-11.83526421
0.009317926959,0.9102960229,-11.83548832
0.009317963866,0.9101999998,-11.83549023
0.009318037679,0.9100078344,-11.83553886
0.009318185307,0.9096229076,-11.83561897
0.009318480562,0.9088506103,-11.83579159
0.009319071073,0.9072967172,-11.83612442
0.009320252093,0.9041514993,-11.83679676
0.009322614135,0.8977118731,-11.8381176
0.009327338218,0.8842408061,-11.84071445
0.009336786385,0.8549743295,-11.84568501
0.009346786385,0.8207196593,-11.85065651
0.009356786385,0.7832260132,-11.85533524
0.009366786385,0.7426412702,-11.85974789
0.009376786385,0.6991257071,-11.86390018
0.009386786385,0.6528509855,-11.86781788
0.009396786385,0.6039997935,-11.87150288
0.009406786385,0.552764833,-11.87497997
0.009416786385,0.4993484318,-11.87824821
0.009426786385,0.4439612925,-11.88133144
0.009436786385,0.3868220448,-11.88422775
0.009446786385,0.3281561732,-11.88695908
0.009448036385,0.3207270801,-11.88728619
0.009448348885,0.3188666999,-11.8873682
0.009448973885,0.3151422441,-11.88753128
0.009449130135,0.3142103851,-11.88757229
0.009449442635,0.3123457134,-11.88765335
0.009449556092,0.3116684258,8.318879128
0.009449624663,0.3112590313,13.78577328
0.009449681391,0.3109202683,10.90094566
0.009449705273,0.3107776642,11.92902565
0.009449728365,0.310639739,11.8337698
0.009449752711,0.3104943335,11.84133625
0.009449780249,0.3103298545,11.84052372
0.009449835326,0.3100008667,11.84072208
0.00944994548,0.3093427718,11.84068298
0.009450165787,0.308026135,11.84086132
0.009450606402,0.305391103,11.84101677
0.009451487632,0.3001140356,11.84150314
0.009453250091,0.2895324528,11.84230137
0.00945677501,0.2682640851,11.84403324
0.009463824848,0.2253431082,11.84722614
0.009473824848,0.1637229323,11.85164452
0.009483824848,0.1014566123,11.85569096
0.009493824848,0.03878989443,11.8595953
0.009503824848,-0.02402991243,11.86316204
0.009513824848,-0.08675488085,11.86661816
0.009523824848,-0.1491374671,11.86976719
0.009533824848,-0.2109314799,11.87283134
0.009543824848,-0.2718930542,11.87561512
0.009553824848,-0.3317815661,11.87833881
0.009563824848,-0.390360713,11.88080597
0.009573824848,-0.4473992586,11.88323402
0.009575074848,-0.4544094801,11.88349438
0.009577574848,-0.4683453739,11.88406277
0.009582574848,-0.4958671033,11.88517666
0.009582731098,-0.49671942,11.88521004
0.009583043598,-0.4984225929,11.8852787
0.009583157054,-0.4990404844,-8.321259499
0.009583225626,-0.4994138181,-13.78815651
0.009583282359,-0.4997226,-10.90326595
0.009583306243,-0.4998525977,-11.93147469
0.009583329338,-0.4999782741,-11.8361454
0.009583353688,-0.5001107454,-11.8437252
0.009583381229,-0.5002605915,-11.84291267
0.009583436312,-0.5005602241,-11.8431139
0.009583546478,-0.5011593699,-11.84307861
0.00958376681,-0.5023568869,-11.84326649
0.009584207474,-0.5047490001,-11.8434391
0.009585088802,-0.5095216036,-11.84396267
0.009586851458,-0.5190197825,-11.84483242
0.00959037677,-0.5378240943,-11.84670448
0.009597427395,-0.5746319294,-11.85016251
0.009607427395,-0.6248865724,-11.85492897
0.009617427395,-0.6726750135,-11.85928822
0.009627427395,-0.7178087831,-11.86347198
0.009637427395,-0.7601096034,-11.86728287
0.009647427395,-0.7994106412,-11.87094879
0.009657427395,-0.8355568051,-11.87427425
0.009667427395,-0.8684054017,-11.87748146
0.009677427395,-0.8978267908,-11.88037491
0.009687427395,-0.9237048626,-11.8831749
0.009697427395,-0.9459375143,-11.88568687
0.009707427395,-0.9644369483,-11.88812733
0.009717427395,-0.9791302085,-11.89030075
0.009727427395,-0.9899592996,-11.89242268
0.009728677395,-0.9910389185,-11.89264488
0.009731177395,-0.9930147529,-11.89313412
0.009731802395,-0.9934704304,-11.89325523
0.009733052395,-0.9943358302,-11.89349556
0.009733364895,-0.9945425987,-11.89355564
0.009733602381,-0.9946971536,10.01086044
0.009733702897,-0.9947619438,13.05890942
0.009733793495,-0.9948199391,11.04921055
0.009733835335,-0.994846642,12.11613655
0.009733873508,-0.9948709607,11.74547672
0.009733913812,-0.9948965311,11.86536217
0.009733951401,-0.9949203134,11.82537365
0.009734015579,-0.9949608445,11.83990574
0.009734114315,-0.9950228333,11.831604
0.009734311786,-0.9951457381,11.83778954
0.009734706729,-0.9953868389,11.83280468
0.009735496615,-0.9958507419,11.83806896
0.009737076386,-0.9967049956,11.83429623
0.009740235928,-0.9981186986,11.84057808
0.009746555012,-0.9997657537,11.83941269
0.009756555012,-0.9991519451,11.84896183
0.009766555012,-0.9945949912,11.84925461
0.009776555012,-0.9861127734,11.85821056
0.009786555012,-0.9737388492,11.85801315
0.009796555012,-0.9575220346,11.86643982
0.009806555012,-0.9375262856,11.86581326
0.009816555012,-0.9138305783,11.8737669
0.009826555012,-0.8865283728,11.87276363
0.009836555012,-0.8557274938,11.8802948
0.009846555012,-0.8215494156,11.8789587
0.009856555012,-0.7841290236,11.88611031
0.009857805012,-0.7792307138,11.88431358
0.009860305012,-0.7692902684,11.88495827
0.009860930012,-0.7667753696,11.88514233
0.009861086262,-0.7661448121,11.88518429
0.009861205005,-0.7656651139,-8.45575428
0.009861257537,-0.7654527426,-13.37764359
0.009861297504,-0.7652911544,-11.32431984
0.009861317452,-0.7652104497,-11.84534359
0.009861341116,-0.7651147246,-11.84286022
0.009861364137,-0.7650215626,-11.84309196
0.009861401052,-0.7648721933,-11.8430891
0.009861474881,-0.764573276,-11.84313297
0.009861622541,-0.7639749646,-11.84319878
0.009861917859,-0.7627763748,-11.84334564
0.009862508496,-0.7603712678,-11.84362698
0.00986368977,-0.7555297613,-11.84419632
0.009866052319,-0.7457221746,-11.84531116
0.009870777415,-0.7256161571,-11.8475008
0.009880227608,-0.6835039258,-11.85167408
0.009890227608,-0.6363214254,-11.85582447
0.009900227608,-0.5866276622,-11.85970688
0.009910227608,-0.5346187949,-11.86335087
0.009920227608,-0.4804999828,-11.8667593
0.009930227608,-0.424484849,-11.86995983
0.009940227608,-0.3667944968,-11.87295437
0.009950227608,-0.3076565862,-11.87576962
0.009960227608,-0.2473044544,-11.87840462
0.009970227608,-0.1859763563,-11.88088322
0.009980227608,-0.123914279,-11.88320446
0.009990227608,-0.06136317551,-11.88539124
0.01000022761,0.001430101111,-11.88744068
0.01000147761,0.009283949621,-11.88768959
0.01000179011,0.01124734152,-11.88775063
0.01000202759,0.01273940317,10.01666355
0.01000212811,0.01337090787,13.06471252
0.01000221871,0.0139400987,11.0550127
0.01000226056,0.01420301944,12.12200832
0.01000229874,0.01444291417,11.7512188
0.01000233906,0.01469619386,11.87119484
0.01000237666,0.01493243128,11.83115959
0.01000244085,0.01533572841,11.84571552
0.0100025396,0.01595609821,11.83739853
0.01000273709,0.01719681919,11.8435936
0.01000313208,0.0196781829,11.83859634
0.01000392206,0.02464052662,11.84386444
0.01000550201,0.03456327319,11.84007454
0.01000866192,0.05439757183,11.84634209
0.01001498173,0.09399402887,11.84511948
0.01002498173,0.1563210785,11.85458279
0.01003498173,0.2180312127,11.85475445
0.01004498173,0.2788808644,11.86358643
0.01005498173,0.3386299014,11.86323166
0.01006498173,0.3970425427,11.87149811
0.01007498173,0.4538882077,11.87067795
0.01008498173,0.5089426041,11.878438
0.01009498173,0.5619884133,11.87720776
0.01010498173,0.6128163338,11.88451385
0.01011498173,0.6612257361,11.88292217
0.01012498173,0.7070255876,11.88981915
0.01013498173,0.7500351667,11.88790894
0.01014498173,0.7900846601,11.89443874
0.01014623173,0.7948747277,11.89258099
0.01014654423,0.7960645556,11.89263153
0.01014716923,0.798435092,11.89276409
0.01014841923,0.8031391501,11.89302921
0.01014842548,0.8031625152,2.7027812
0.01014843798,0.8032093048,-8.558700562
0.01014844505,0.8032358289,-10.28540325
0.01014845007,0.8032545447,-10.91221237
0.01014845743,0.8032821417,-11.41296291
0.01014846918,0.8033260703,-11.72776413
0.01014848454,0.8033835292,-11.82166481
0.0101485059,0.803463459,-11.83571148
0.0101485383,0.8035846949,-11.83507919
0.01014860311,0.8038269281,-11.83530807
0.01014873272,0.8043110967,-11.83526134
0.01014899194,0.805277884,-11.83549404
0.01014951038,0.8072049022,-11.83569241
0.01015054726,0.8110333681,-11.8363266
0.01015262103,0.8185867667,-11.83735466
0.01015676856,0.8332753778,-11.83959675
0.01016506362,0.8609454632,-11.84370232
0.01017506362,0.8911879659,-11.8485508
0.01018506362,0.9179133177,-11.85298157
0.01019506362,0.9410161376,-11.85730362
0.01020506362,0.9604051113,-11.86124134
0.01021506362,0.9760038853,-11.86509895
0.01022506362,0.9877507687,-11.86860275
0.01023506362,0.9955995083,-11.87205219
0.01024506362,0.9995190501,-11.87517357
0.01025506362,0.999493897,-11.87826252
0.01026506362,0.9955242872,-11.8810463
0.01026631362,0.9947513342,-11.88142586
0.01026881362,0.993021369,-11.8821106
0.01027381362,0.9888269901,-11.88344955
0.01027396987,0.9886801839,-11.88349152
0.01027428237,0.9883836508,-11.88357353
0.01027490737,0.9877792001,-11.88373852
0.0102749105,0.9877761602,-6.185014725
0.01027491675,0.987770021,2.475143433
0.01027492925,0.987757802,9.73286438
0.01027493466,0.9877524972,10.64052868
0.01027494223,0.9877450466,11.30726433
0.01027494958,0.9877378345,11.5983181
0.01027496428,0.9877234101,11.80818748
0.01027498078,0.9877072573,11.84119606
0.01027501042,0.9876781106,11.84513569
0.01027505106,0.9876381159,11.84427643
0.01027513234,0.987557888,11.84467983
0.01027529492,0.9873967767,11.84451389
0.01027562006,0.9870713949,11.84487629
0.01027627035,0.9864082336,11.8450079
0.01027757092,0.985032618,11.84581375
0.01028017207,0.9820840955,11.84688377
0.01028537437,0.9754009247,11.84947491
0.01029537437,0.9596347809,11.85373116
0.01030537437,0.940081358,11.85803986
0.01031537437,0.9168179035,11.86174202
0.01032537437,0.8899361491,11.86553001
0.01033537437,0.8595422506,11.86874676
0.01034537437,0.8257561326,11.87207699
0.01035537437,0.7887111306,11.87486935
0.01036537437,0.7485534549,11.87779808
0.01037537437,0.7054415345,11.88021851
0.01038537437,0.6595456004,11.88279819
0.01039537437,0.6110467315,11.88489437
0.01040537437,0.5601363182,11.88716888
0.01041537437,0.5070153475,11.88898277
0.01041662437,0.5002301335,11.88929939
0.01041912437,0.4865675569,11.88977051
0.01041974937,0.4831330478,11.8898859
0.01042099937,0.476241678,11.89011669
0.01042131187,0.474514246,11.89017391
0.01042154936,0.4732002318,-10.01424408
0.01042164987,0.4726437628,-13.06229305
0.01042174047,0.4721420407,-11.05259514
0.01042178232,0.4719102383,-12.11956215
0.0104218205,0.4716987312,-11.74882698
0.01042186081,0.4714753926,-11.86876583
0.0104218984,0.4712670445,-11.82875061
0.01042196259,0.4709112942,-11.843297
0.01042206133,0.4703638852,-11.83498764
0.01042225882,0.4692685306,-11.8411808
0.01042265379,0.4670756459,-11.83619308
0.01042344373,0.4626812339,-11.84146881
0.0104250236,0.4538583457,-11.83770275
0.01042818336,0.4360792935,-11.84401035
0.01043450287,0.4000126421,-11.84287739
0.01044450287,0.3416751921,-11.85247421
0.01045450287,0.2819893062,-11.85278797
0.01046450287,0.2211905271,-11.86175728
0.01047450287,0.159518823,-11.86154652
0.01048450287,0.09721757472,-11.86995125
0.01049450287,0.03453264385,-11.86927795
0.01050450287,-0.02828856744,-11.87717724
0.01051450287,-0.09099813551,-11.87609386
0.01052450287,-0.15334858,-11.8835392
0.01053450287,-0.2150938213,-11.88209343
0.01054450287,-0.2759901881,-11.88912868
0.01055450287,-0.3357973397,-11.88736343
0.01055575287,-0.3431848586,-11.88980007
0.01055825287,-0.3578958809,-11.89043713
0.01055887787,-0.3615599871,-11.89056969
0.01056012787,-0.3688714206,-11.89086628
0.01056044037,-0.37069574,-11.89094067
0.01056106537,-0.3743400872,-11.89108753
0.01056122162,-0.3752502799,-11.89112473
0.01056134036,-0.3759417236,8.449818611
0.01056139289,-0.376247555,13.37170887
0.01056143285,-0.3764801621,11.31853676
0.01056145279,-0.3765962422,11.83933163
0.01056147645,-0.3767339289,11.836936
0.01056149946,-0.3768678904,11.83716011
0.01056153637,-0.3770826757,11.83716011
0.01056161019,-0.3775122166,11.83720493
0.01056175782,-0.3783710301,11.83727646
0.01056205309,-0.3800876737,11.83743286
0.01056264363,-0.3835170269,11.83773327
0.01056382471,-0.3903598785,11.83834171
0.01056618686,-0.4039807022,11.83953571
0.01057091117,-0.4309524298,11.84188175
0.01058035978,-0.4837333858,11.8463707
0.01059035978,-0.5377340913,11.85085869
0.01060035978,-0.5896125436,11.85508156
0.01061035978,-0.6391641498,11.85906601
0.01062035978,-0.6861932278,11.86281872
0.01063035978,-0.7305142283,11.86636353
0.01064035978,-0.7719522119,11.86970329
0.01065035978,-0.8103436232,11.87286282
0.01066035978,-0.8455370069,11.87584209
0.01067035978,-0.8773934841,11.87866497
0.01068035978,-0.9057872295,11.88132763
0.01068160978,-0.9090872407,11.88165092
0.01068410978,-0.9155188799,11.88228989
0.01068910978,-0.9277028441,11.88354301
0.01068926603,-0.9280689359,11.88358116
0.01068957853,-0.9287983775,-10.43257046
0.01068966407,-0.9289973974,-12.7264967
0.01068975059,-0.9291984439,-11.29097748
0.01068979506,-0.9293016791,-12.05759907
0.01068984017,-0.9294063449,-11.76163292
0.01068988661,-0.9295139909,-11.87825775
0.01068993445,-0.9296247959,-11.83091259
0.01069001253,-0.9298054576,-11.85312939
0.01069012781,-0.9300718307,-11.83905125
0.01069034851,-0.930580318,-11.84991074
0.0106907899,-0.9315920472,-11.84076691
0.01069167267,-0.9335939288,-11.84995842
0.01069343823,-0.9375115037,-11.8423748
0.01069696935,-0.9450001121,-11.85241413
0.01070403159,-0.9585783482,-11.84748936
0.01071403159,-0.9745713472,-11.86014366
0.01072403159,-0.9867181778,-11.85612392
0.01073403159,-0.9949709177,-11.86815262
0.01074403159,-0.9992969036,-11.86367035
0.01075403159,-0.9996792078,-11.87514114
0.01076403159,-0.9961161613,-11.87025833
0.01077403159,-0.9886218905,-11.88123035
0.01078403159,-0.9772260189,-11.87600231
0.01079403159,-0.9619734883,-11.88652706
0.01080403159,-0.9429244399,-11.88100338
0.01081403159,-0.9201541543,-11.89112949
0.01082403159,-0.8937523961,-11.88535309
0.01083403159,-0.8638234735,-11.89512253
0.01083528159,-0.8598400354,-11.89147949
0.01083778159,-0.8517143726,-11.89187813
0.01083840659,-0.849650085,-11.89202118
0.01083965659,-0.845482111,-11.89224815
0.01083996909,-0.8444319963,-11.89230442
0.01084020657,-0.8436317444,10.01211548
0.01084030709,-0.8432924747,13.06016445
0.01084039769,-0.8429864049,11.05046749
0.01084043953,-0.8428449631,12.11740875
0.0108404777,-0.8427158594,11.74672127
0.01084051801,-0.842579484,11.86662674
0.0108405556,-0.8424522281,11.82662868
0.01084061978,-0.8422349095,11.8411665
0.01084071852,-0.8419002891,11.83286381
0.010840916,-0.8412300944,11.83905315
0.01084131095,-0.8398857713,11.83407116
0.01084210086,-0.8371816278,11.83934593
0.01084368067,-0.8317115903,11.83558941
0.01084684029,-0.820526123,11.8419075
0.01085315953,-0.7971897125,11.84080696
0.01086315953,-0.7577081919,11.85045242
0.01087315953,-0.7152363062,11.85082626
0.01088315953,-0.669941783,11.8598547
0.01089315953,-0.6220032573,11.85971451
0.01090315953,-0.5716099739,11.86818981
0.01091315953,-0.5189607739,11.86759663
0.01092315953,-0.4642635286,11.87557697
0.01093315953,-0.4077340364,11.8745842
0.01094315953,-0.3495953977,11.88211823
0.01095315953,-0.2900770605,11.88077164
0.01096315953,-0.2294139266,11.88790512
0.01097315953,-0.1678453982,11.88624573
0.01097331578,-0.1668774933,11.88830566
0.01097362828,-0.1649412215,-10.42760372
0.01097371449,-0.1644069254,-12.72505093
0.01097380068,-0.1638727337,-11.28500652
0.01097384512,-0.1635972559,-12.0530262
0.01097389007,-0.1633186191,-11.75699234
0.01097393637,-0.1630316377,-11.87321186
0.01097398409,-0.1627357751,-11.82616901
0.01097406196,-0.162253052,-11.84819031
0.01097417718,-0.1615386605,-11.8342495
0.01097439796,-0.160169512,-11.84500122
0.01097483952,-0.1574303061,-11.83594513
0.01097572264,-0.1519482732,-11.84504414
0.01097748889,-0.1409703344,-11.83752918
0.01098102139,-0.1189637333,-11.84746075
0.01098808638,-0.07478558272,-11.84257221
0.01099808638,-0.01202332508,-11.85510445
0.01100808638,0.05078637972,-11.85114479
0.01101808638,0.1133956537,-11.86310005
0.01102808638,0.1755574048,-11.8587265
0.01103808638,0.2370263189,-11.87017059
0.01104808638,0.2975597978,-11.86544228
0.01105808638,0.356918931,-11.87643337
0.01106808638,0.4148694873,-11.87140369
0.01107808638,0.4711827338,-11.88199234
0.01108808638,0.5256364346,-11.87670708
0.01109808638,0.5780156851,-11.8869381
0.01109933638,0.5844068527,-11.88336086
0.01110183638,0.5970806479,-11.88387871
0.01110246138,0.6002261639,-11.88405132
0.01110371138,0.6064894199,-11.88433838
0.01110402388,0.6080494523,-11.884408
0.01110464888,0.6111623645,-11.88455009
0.01110589888,0.6173599362,-11.88483238
0.01110590513,0.6173908114,-2.694585085
0.01110591763,0.6174526215,8.566895485
0.01110592471,0.6174875498,10.29402542
0.01110592972,0.6175123453,10.92082787
0.01110593709,0.6175487638,11.42147541
0.01110594884,0.6176068783,11.73610497
0.01110596421,0.617682755,11.8299036
0.01110598558,0.6177883744,11.84390926
0.01110601801,0.6179485917,11.84327412
0.01110608286,0.6182689071,11.843503
0.01110621257,0.6189092398,11.84345436
0.01110647199,0.6201887131,11.84368324
0.01110699083,0.6227426529,11.84387398
0.0111080285,0.6278307438,11.84449387
0.01111010384,0.6379265785,11.84549332
0.01111425452,0.6577911377,11.84767246
0.01112255589,0.696164906,11.85164165
0.01113255589,0.7398673892,11.85630131
0.01114255589,0.7806499004,11.86051941
0.01115255589,0.8183515668,11.86460686
0.01116255589,0.8528235555,11.86828804
0.01117255589,0.8839299083,11.87186813
0.01118255589,0.9115477204,11.87507343
0.01119255589,0.9355680943,11.8782053
0.01120255589,0.9558961987,11.88098907
0.01121255589,0.9724518061,11.88372421
0.01122255589,0.9851696491,11.8861351
0.01123255589,0.9939994216,11.88851929
0.01124255589,0.998906374,11.89060116
0.01125255589,0.9998710752,11.8926754
0.01125380589,0.9997140765,11.89287949
0.01125630589,0.9992151856,11.89335346
0.01125693089,0.9990519285,11.89347076
0.01125708714,0.9990087152,11.89349937
0.01125720588,0.9989752173,-8.447449684
0.01125725841,0.9989602566,-13.36934185
0.01125729837,0.9989487529,-11.31623173
0.01125731831,0.9989430308,-11.836936
0.01125734196,0.9989361763,-11.83457565
0.01125736497,0.9989295006,-11.83479786
0.01125740188,0.9989187121,-11.83479977
0.01125747569,0.9988970757,-11.8348484
0.01125762331,0.9988530874,-11.83492756
0.01125791856,0.998762548,-11.83509731
0.01125850906,0.9985711575,-11.83542633
0.01125969006,0.99814713,-11.83609104
0.01126205206,0.9971342087,-11.83739662
0.01126677605,0.9944497943,-11.83996296
0.01127622403,0.9864560366,-11.8448782
0.01128622403,0.9742102027,-11.8497982
0.01129622403,0.9581196308,-11.85443115
0.01130622403,0.9382477999,-11.85880661
0.01131622403,0.9146731496,-11.86292744
0.01132622403,0.8874886632,-11.86682129
0.01133622403,0.8568016887,-11.87048817
0.01134622403,0.822733283,-11.87395382
0.01135622403,0.7854179144,-11.87721825
0.01136622403,0.7450029254,-11.88030338
0.01137622403,0.7016476989,-11.88320827
0.01137747403,0.6960299611,-11.88356018
0.01137997403,0.6846660376,-11.88425636
0.01138497403,0.6614342332,-11.88561726
0.01138513028,0.660697639,-11.88565922
0.01138544278,0.659222424,-11.88574314
0.01138555624,0.6586862206,8.320789337
0.01138562481,0.658362031,13.78768349
0.01138568154,0.6580936313,10.90280342
0.01138570542,0.6579806805,11.9309845
0.01138572852,0.6578713655,11.83566952
0.01138575287,0.6577561498,11.84324646
0.01138578041,0.6576257944,11.84243202
0.01138583549,0.6573650241,11.84263039
0.01138594565,0.656843245,11.84259033
0.01138616598,0.6557987928,11.84276772
0.01138660663,0.6537060738,11.84291935
0.01138748794,0.6495056748,11.8434
0.01138925056,0.6410451531,11.84418488
0.01139277579,0.623889327,11.845891
0.01139982626,0.5886680484,11.84903049
0.01140982626,0.5367481709,11.85337162
0.01141982626,0.4827100039,11.857337
0.01142982626,0.426766783,11.86115837
0.01143982626,0.3691393137,11.86463928
0.01144982626,0.3100550175,11.86800671
0.01145982626,0.2497470975,11.87106419
0.01146982626,0.1884535104,11.87403584
0.01147982626,0.1264161915,11.8767252
0.01148982626,0.06387997419,11.87935257
0.01149982626,0.001091647311,11.88172054
0.01150982626,-0.06170098856,11.88404846
0.01151982626,-0.1242501214,11.88613987
0.01152107626,-0.1320393234,11.88642311
0.01152357626,-0.1475928277,11.88693523
0.01152420126,-0.151475668,11.88706112
0.01152420438,-0.1514950693,6.188335419
0.01152421063,-0.1515338868,-2.471825123
0.01152422313,-0.1516115218,-9.729545593
0.01152422855,-0.1516451389,-10.63710499
0.01152423612,-0.151692152,-11.30385685
0.01152424346,-0.1517377794,-11.59492683
0.01152425816,-0.1518290192,-11.80484009
0.01152427465,-0.1519314796,-11.83787251
0.01152430429,-0.1521155089,-11.84181976
0.01152434492,-0.1523678154,-11.84096241
0.01152442618,-0.1528724134,-11.84137058
0.0115245887,-0.1538814902,-11.84121513
0.01152491374,-0.1558991373,-11.8415966
0.01152556383,-0.1599324942,-11.84176731
0.011526864,-0.1679911464,-11.84265041
0.01152946435,-0.1840742677,-11.84387398
0.01153466504,-0.2160888016,-11.84676933
0.01154466504,-0.276969403,-11.85159206
0.01155466504,-0.3367569447,-11.8564415
0.01156466504,-0.3952154815,-11.86066151
0.01157466504,-0.4521142542,-11.86494064
0.01158466504,-0.5072287321,-11.86862564
0.01159466504,-0.5603414178,-11.87239742
0.01160466504,-0.6112427115,-11.87560558
0.01161466504,-0.6597316861,-11.87892628
0.01162466504,-0.7056170106,-11.88171196
0.01163466504,-0.7487176061,-11.88463116
0.01164466504,-0.7888633013,-11.88704014
0.01165466504,-0.8258957863,-11.88960171
0.01166466504,-0.8596687913,-11.8916769
0.01166591504,-0.8636544347,-11.89202499
0.01166841504,-0.871465683,-11.89255619
0.01166904004,-0.8733850121,-11.89268589
0.01167029004,-0.8771831393,-11.89294624
0.01167060254,-0.8781242371,-11.89301109
0.01167122754,-0.8799962401,-11.89313984
0.01167138379,-0.8804621696,-11.89317226
0.01167169629,-0.8813914061,-11.89323616
0.01167180974,-0.8817279339,8.313303947
0.01167187831,-0.8819310665,13.78020096
0.01167193503,-0.8820990324,10.89552689
0.01167195891,-0.8821696639,11.92331123
0.01167198199,-0.8822379708,11.82822895
0.01167200633,-0.8823099136,11.83576679
0.01167203386,-0.8823913336,11.83496094
0.01167208892,-0.8825540543,11.83516121
0.01167219905,-0.8828791976,11.83512878
0.0116724193,-0.8835282326,11.83531857
0.0116728598,-0.8848212361,11.83549786
0.0116737408,-0.8873867989,11.83603287
0.0116755028,-0.8924363256,11.83692741
0.0116790268,-0.9022065997,11.83885098
0.01168607481,-0.9204156995,11.84242153
0.01169607481,-0.9431468844,11.84736729
0.01170607481,-0.9621558785,11.85192871
0.01171607481,-0.9773676395,11.85633469
0.01172607481,-0.9887222648,11.86039066
0.01173607481,-0.9961748123,11.86432171
0.01174607481,-0.9996958971,11.86793232
0.01175607481,-0.9992716312,11.87144375
0.01176607481,-0.9949037433,11.87466145
0.01177607481,-0.9866093993,11.8778019
0.01178607481,-0.974421382,11.8806715
0.01179607481,-0.9583877325,11.88348484
0.01179732481,-0.9561160803,11.88379192
0.01179763731,-0.9555389881,11.88387489
0.01179787479,-0.9550979137,-10.02052212
0.01179797531,-0.9549106359,-13.06856441
0.01179806591,-0.954741478,-11.05885887
0.01179810776,-0.9546632171,-12.12589741
0.01179814595,-0.9545917511,-11.75502014
0.01179818627,-0.954516232,-11.87505341
0.01179822389,-0.9544457197,-11.83498478
0.01179828809,-0.9543253183,-11.84955215
0.01179838684,-0.9541397095,-11.84121895
0.01179858435,-0.9537674785,-11.84740734
0.01179897937,-0.9530186057,-11.84237766
0.01179976941,-0.9515032172,-11.84759712
0.01180134948,-0.9484021664,-11.84369278
0.01180450963,-0.9419199824,-11.84975338
0.01181082992,-0.9278442264,-11.84810734
0.01182082992,-0.9025945067,-11.85693645
0.01183082992,-0.8737826347,-11.85649109
0.01184082992,-0.841522336,-11.86474609
0.01185082992,-0.8059409857,-11.86383152
0.01186082992,-0.7671788931,-11.87157822
0.01187082992,-0.725389123,-11.87025642
0.01188082992,-0.6807365417,-11.87755394
0.01189082992,-0.63339746,-11.87588024
0.01190082992,-0.583558619,-11.88278198
0.01191082992,-0.5314167142,-11.88080502
0.01192082992,-0.4771775901,-11.88735771
0.01193082992,-0.4210552275,-11.8851223
0.01194082992,-0.3632711768,-11.89136791
0.01194207992,-0.3559426367,-11.88947392
0.01194239242,-0.3541070521,-11.88951588
0.01194262991,-0.3527111709,10.01488781
0.01194273042,-0.3521201313,13.06295872
0.01194282102,-0.3515872955,11.05325031
0.01194286287,-0.3513411582,12.12022686
0.01194290105,-0.351116538,11.74947834
0.01194294136,-0.3508793712,11.86942577
0.01194297896,-0.3506581485,11.82940674
0.01194304315,-0.3502804041,11.84395504
0.01194314189,-0.349699229,11.83564472
0.01194333938,-0.3485364318,11.84183788
0.01194373435,-0.3462092876,11.83684826
0.01194452431,-0.3415485919,11.84212112
0.01194610421,-0.3322020471,11.8383503
0.01194926401,-0.3134116828,11.84464931
0.01195558362,-0.2754678428,11.84349632
0.01196558362,-0.2145631164,11.85306454
0.01197558362,-0.1528115869,11.85334682
0.01198558362,-0.09045697749,11.86228371
0.01199558362,-0.027745381,11.86204052
0.01200558362,0.03507571295,11.87041378
0.01201558362,0.09775838256,11.8697052
0.01202558362,0.1600552499,11.87757206
0.01203558362,0.2217204422,11.87645245
0.01204558362,0.2825106084,11.8838644
0.01205558362,0.3421858251,11.88238239
0.01206558362,0.4005106091,11.88938332
0.01207558362,0.4572547376,11.88758087
0.01207683362,0.4642254114,11.89001369
0.01207933362,0.4780803621,11.89064217
0.01207995862,0.4815258086,11.89077282
0.01208120862,0.4883943796,11.8910656
0.01208370862,0.5020406842,11.89164352
0.01208371867,0.5020952821,-0.06958455592
0.01208373877,0.5022045374,-11.93288517
0.01208374583,0.5022428632,-11.88219833
0.01208375195,0.5022761822,-11.86060238
0.01208376029,0.5023214817,-11.84633636
0.01208377697,0.5024120808,-11.83739281
0.01208381033,0.5025932789,-11.83636856
0.01208387705,0.5029556751,-11.83673096
0.01208401049,0.5036801696,-11.83659935
0.01208427737,0.505128026,-11.83689785
0.01208481112,0.5080195665,-11.83703423
0.01208587863,0.5137854218,-11.83772278
0.01208801364,0.5252475142,-11.83868885
0.01209228366,0.5478861928,-11.84097004
0.0121008237,0.5919643641,-11.84498596
0.0121108237,0.6414031982,-11.84970474
0.0121208237,0.6883106828,-11.85390568
0.0121308237,0.7325016856,-11.85811138
0.0121408237,0.7738018632,-11.86183357
0.0121508237,0.8120481968,-11.8655901
0.0121608237,0.8470897675,-11.86889362
0.0121708237,0.8787882328,-11.87225533
0.0121808237,0.9070185423,-11.87519073
0.0121908237,0.9316692352,-11.87820721
0.0122008237,0.9526430964,-11.88081932
0.0122108237,0.9698572755,-11.88353157
0.01221097995,0.9700960517,-11.88351345
0.01221129245,0.9705707431,10.43264484
0.01221137866,0.9707010388,12.72990417
0.01221146487,0.9708310366,11.28991699
0.01221150932,0.9708979726,12.05803204
0.01221155429,0.9709656239,11.76185036
0.01221160061,0.9710351825,11.8781786
0.01221164835,0.9711068273,11.83107281
0.01221172623,0.9712234735,11.85313225
0.01221184146,0.9713956714,11.83916664
0.01221206221,0.971724093,11.84993839
0.0122125037,0.9723753333,11.840868
0.01221338668,0.9736554027,11.84998512
0.01221515264,0.9761255383,11.84246159
0.01221868456,0.9807049632,11.85241795
0.01222574841,0.9884130359,11.84752846
0.01223574841,0.995993495,11.860075
0.01224574841,0.9996432066,11.85608101
0.01225574841,0.999347806,11.86800766
0.01226574841,0.9951084256,11.86355591
0.01227574841,0.9869418144,11.87492943
0.01228574841,0.9748801589,11.8700819
0.01229574841,0.9589711428,11.88096142
0.01230574841,0.9392774701,11.87577343
0.01231574841,0.915876925,11.88621235
0.01232574841,0.888861835,11.88073254
0.01233574841,0.8583388329,11.89077854
0.01234574841,0.8244283199,11.88505077
0.01235574841,0.7872641683,11.89474678
0.01235699841,0.7823970318,11.89113235
0.01235949841,0.7725183368,11.89152908
0.01236012341,0.7700187564,11.89167213
0.01236137341,0.7649840713,11.8918972
0.01236137966,0.7649587393,2.701646566
0.01236139216,0.7649081945,-8.559836388
0.01236139923,0.7648795247,-10.2865963
0.01236140425,0.7648592591,-10.91340446
0.01236141161,0.7648294568,-11.4141407
0.01236142336,0.7647818923,-11.72891808
0.01236143872,0.7647197247,-11.82280445
0.01236146008,0.7646331787,-11.83684635
0.01236149249,0.7645019293,-11.83621502
0.0123615573,0.7642393708,-11.83644676
0.01236168693,0.7637138367,-11.83640385
0.01236194617,0.7626612782,-11.83664417
0.01236246467,0.7605501413,-11.83685875
0.01236350166,0.7563035488,-11.83752537
0.01236557565,0.7477142811,-11.83861828
0.01236972362,0.7301563025,-11.8409853
0.01237801956,0.6935647726,-11.84533024
0.01238801956,0.646962285,-11.85044479
0.01239801956,0.5978064537,-11.85511684
0.01240801956,0.5462914109,-11.85965633
0.01241801956,0.4926204085,-11.86378765
0.01242801956,0.4370052516,-11.86781597
0.01243801956,0.3796654046,-11.87146568
0.01244801956,0.3208272159,-11.87503815
0.01245801956,0.2607228756,-11.87825966
0.01246801956,0.1995895654,-11.88142586
0.01247801956,0.1376685798,-11.88426399
0.01248801956,0.07520427555,-11.88706684
0.01248926956,0.06737029552,-11.88735962
0.01249176956,0.05169035122,-11.88801098
0.01249239456,0.04776822031,-11.88817215
0.01249364456,0.03992181271,-11.88849258
0.01249614456,0.0242220927,-11.88912582
0.01249615461,0.02415896393,0.07210148126
0.01249617471,0.02403271012,11.93540192
0.01249618177,0.02398836426,11.88471031
0.01249618789,0.0239498727,11.86311436
0.01249619624,0.02389748208,11.8488493
0.01249621292,0.02379270084,11.83990765
0.01249624628,0.0235831365,11.8388834
0.012496313,0.02316400222,11.83924389
0.01249644646,0.02232572623,11.83911037
0.01249671336,0.02064912394,11.83940315
0.01249724716,0.01729575358,11.83952713
0.01249831476,0.01058846433,11.84019184
0.01250044997,-0.002827241318,11.84111118
0.01250472039,-0.02965471148,11.84329796
0.01251326122,-0.08322630823,11.84712887
0.01252326122,-0.1456347555,11.85163403
0.01253326122,-0.2074684501,11.8556242
0.01254326122,-0.2684833705,11.85962486
0.01255326122,-0.3284386992,11.86314583
0.01256326122,-0.3870978355,11.86670589
0.01257326122,-0.444229275,11.86981678
0.01258326122,-0.4996075332,11.87299156
0.01259326122,-0.5530140996,11.87574482
0.01260326122,-0.6042381525,11.87858391
0.01261326122,-0.6530775428,11.88102531
0.01262326122,-0.699339509,11.88357162
0.01262451122,-0.7049318552,11.88380337
0.01262701122,-0.7159857154,11.8843832
0.01262702127,-0.7160297632,-0.07684477419
0.01262704137,-0.7161179185,-11.94014454
0.01262704843,-0.7161489129,-11.88944626
0.01262705456,-0.7161757946,-11.86785126
0.0126270629,-0.7162123322,-11.85358906
0.01262707958,-0.7162855268,-11.84465122
0.01262711295,-0.7164317966,-11.84362793
0.01262717969,-0.7167242765,-11.84399033
0.01262731316,-0.7173088789,-11.84385967
0.01262758011,-0.7184764743,-11.84415722
0.01262811401,-0.7208057046,-11.84429264
0.0126291818,-0.7254397869,-11.84497833
0.01263131738,-0.7346097827,-11.84594059
0.01263558854,-0.7525513768,-11.84820843
0.01264413086,-0.7867961526,-11.85218239
0.01265413086,-0.8239987493,-11.85682583
0.01266413086,-0.8579493165,-11.86092377
0.01267413086,-0.8885140419,-11.86500072
0.01268413086,-0.9155721068,-11.86856747
0.01269413086,-0.9390168786,-11.87214279
0.01270413086,-0.9587557912,-11.87524033
0.01271413086,-0.9747109413,-11.87837124
0.01272413086,-0.9868193269,-11.88105392
0.01273413086,-0.9950332046,-11.88379288
0.01274413086,-0.9993201494,-11.8861084
0.01275413086,-0.9996631742,-11.88850212
0.01276413086,-0.9960610271,-11.89049435
0.01277413086,-0.988527894,-11.89258289
0.01277538086,-0.9873111844,-11.89275837
0.01277788086,-0.9846950769,-11.89322281
0.01277850586,-0.984003067,-11.8933382
0.01277850898,-0.9839995503,-6.194612026
0.01277851523,-0.9839925766,2.465549231
0.01277852773,-0.9839785695,9.723269463
0.01277853314,-0.9839724898,10.63063049
0.01277854071,-0.983964026,11.29741383
0.01277854806,-0.9839558005,11.58851433
0.01277856275,-0.9839393497,11.79851055
0.01277857924,-0.9839208126,11.83158588
0.01277860886,-0.9838875532,11.83554649
0.01277864947,-0.9838418961,11.83468819
0.01277873068,-0.9837504625,11.83509731
0.0127788931,-0.9835667014,11.83494473
0.01277921796,-0.9831961393,11.83533192
0.01277986766,-0.9824427366,11.83551502
0.01278116707,-0.980886817,11.83642292
0.01278376589,-0.977578938,11.83769512
0.01278896353,-0.9701821804,11.84069157
0.01279896353,-0.9530487657,11.84572029
0.01280896353,-0.932154119,11.85079002
0.01281896353,-0.9075806737,11.85524178
0.01282896353,-0.8794254065,11.85976601
0.01283896353,-0.84779948,11.86370659
0.01284896353,-0.8128276467,11.86774635
0.01285896353,-0.7746480107,11.87123203
0.01286896353,-0.7334111333,11.87484169
0.01287896353,-0.6892798543,11.87792397
0.01288896353,-0.6424282789,11.88115025
0.01289896353,-0.5930413604,11.88387299
0.01290021353,-0.586699307,11.88430119
0.01290271353,-0.5739070773,11.8849926
0.01290771353,-0.5479009748,11.88634109
0.01290786978,-0.5470794439,11.88638306
0.01290818228,-0.545434773,11.88646603
0.01290829573,-0.5448371172,-8.320066452
0.01290836431,-0.5444757938,-13.78695965
0.01290842104,-0.5441768169,-10.90209961
0.01290844492,-0.5440508723,-11.93024254
0.01290846801,-0.5439291596,-11.83495045
0.01290849236,-0.5438007712,-11.84252262
0.0129085199,-0.5436555147,-11.84170914
0.01290857498,-0.5433650613,-11.8419075
0.01290868514,-0.5427838564,-11.8418684
0.01290890546,-0.5416206717,-11.84204578
0.0129093461,-0.5392912626,-11.84219837
0.01291022738,-0.534619987,-11.84268093
0.01291198994,-0.5252284408,-11.84347057
0.01291551505,-0.5062532425,-11.84518528
0.01292256528,-0.4675672948,-11.84834099
0.01293256528,-0.4111405015,-11.85270691
0.01294256528,-0.3530911505,-11.85669899
0.01295256528,-0.2936482728,-11.86054802
0.01296256528,-0.2330465168,-11.86405659
0.01297256528,-0.1715250462,-11.86745358
0.01298256528,-0.1093266234,-11.87054157
0.01299256528,-0.04669674858,-11.87354374
0.01300256528,0.01611741818,-11.87626553
0.01301256528,0.07886797935,-11.87892532
0.01302256528,0.1413072795,-11.88132763
0.01303256528,0.2031889111,-11.88368893
0.01304256528,0.2642686367,-11.88581467
0.01304381528,0.2718351781,-11.88610268
0.01304412778,0.2737241983,-11.88616848
0.01304475278,0.2774991095,-11.88629913
0.01304490903,0.2784421742,-11.88633156
0.01304522153,0.2803274691,-11.88639641
0.01304533498,0.2810116708,8.320142746
0.01304540356,0.2814251482,13.78704071
0.01304546029,0.2817671597,10.90218163
0.01304548417,0.2819111347,11.93033028
0.01304550726,0.2820503712,11.83503628
0.01304553161,0.2821971178,11.84261036
0.01304555915,0.2823631167,11.84179878
0.01304561423,0.2826951146,11.84200001
0.01304572439,0.2833589613,11.84196663
0.01304594471,0.2846862674,11.84215736
0.01304638535,0.2873392403,11.84233475
0.01304726664,0.2926385701,11.84286785
0.0130490292,0.3032101095,11.84375572
0.01305255433,0.3242403567,11.84566498
0.01305960459,0.3658134341,11.84919834
0.01306960459,0.4235299826,11.8540678
0.01307960459,0.479575038,11.85852814
0.01308960459,0.5337274671,11.86280918
0.01309960459,0.585773468,11.86671543
0.01310960459,0.6355077028,11.87047291
0.01311960459,0.6827338934,11.87388706
0.01312960459,0.727265656,11.87718105
0.01313960459,0.7689272165,11.88015747
0.01314960459,0.8075541854,11.88303852
0.01315960459,0.8429940939,11.88562679
0.01316960459,0.8751070499,11.88814068
0.01317960459,0.9037664533,11.89038467
0.01318960459,0.928859055,11.89257336
0.01319085459,0.9317397475,11.89280415
0.01319335459,0.9373285174,11.89330959
0.01319397959,0.9386896491,11.89343452
0.01319413584,0.939027667,11.893466
0.01319425458,0.9392839074,-8.447482109
0.01319430711,0.9393971562,-13.36937428
0.01319434707,0.9394831657,-11.31626225
0.01319436701,0.9395260811,-11.83696747
0.01319439066,0.9395769835,-11.83460617
0.01319441367,0.9396264553,-11.83482838
0.01319445058,0.9397057891,-11.83482933
0.01319452439,0.9398642778,-11.83487701
0.01319467201,0.9401807189,-11.83495426
0.01319496726,0.9408110976,-11.83512115
0.01319555776,0.9420620799,-11.83544254
0.01319673876,0.9445252419,-11.836092
0.01319910076,0.949295342,-11.83736897
0.01320382475,0.9582073689,-11.83987808
0.01321327275,0.9734919071,-11.84468365
0.01322327275,0.9859324694,-11.84949493
0.01323327275,0.9944820404,-11.8540287
0.01324327275,0.9991068244,-11.85831165
0.01325327275,0.9997885823,-11.8623476
0.01326327275,0.996524632,-11.86616421
0.01327327275,0.989327848,-11.86976337
0.01328327275,0.9782266617,-11.87316704
0.01329327275,0.9632648826,-11.87637711
0.01330327275,0.9445015192,-11.87941647
0.01331327275,0.9220106006,-11.88228321
0.01331452275,0.9189414382,-11.88263035
0.01331702275,0.9126331806,-11.88331795
0.01331764775,0.911020875,-11.8834877
0.01331889775,0.9077541232,-11.88382626
0.01331921025,0.9069287181,-11.88391113
0.01331983525,0.9052672982,-11.88407898
0.0133199915,0.9048498273,-11.88412094
0.013320304,0.9040121436,-11.88420486
0.013320929,0.9023263454,-11.88437176
0.01332093212,0.9023178816,-6.185648441
0.01332093837,0.9023009539,2.474509239
0.01332095087,0.9022670984,9.732230186
0.01332095628,0.9022524357,10.63987446
0.01332096386,0.9022319317,11.30661392
0.0133209712,0.9022120237,11.5976696
0.0133209859,0.9021722078,11.80754757
0.0133210024,0.9021274447,11.84056091
0.01332103203,0.9020470977,11.8445015
0.01332107268,0.9019368291,11.84364223
0.01332115396,0.9017161727,11.84404469
0.01332131652,0.9012741446,11.84387875
0.01332164164,0.9003871679,11.84423923
0.01332229189,0.8986020684,11.84436798
0.01332359239,0.8949868679,11.84516811
0.01332619338,0.8875773549,11.84622765
0.01333139537,0.8720493317,11.84879875
0.01334139537,0.839597702,11.85301971
0.01335139537,0.8038326502,11.8572979
0.01336139537,0.7648951411,11.86097527
0.01337139537,0.7229390144,11.86474323
0.01338139537,0.6781297326,11.86794567
0.01339139537,0.6306442022,11.87126541
0.01340139537,0.5806697607,11.87405205
0.01341139537,0.528403759,11.87698174
0.01342139537,0.4740523398,11.87940598
0.01343139537,0.41783005,11.8819952
0.01344139537,0.3599587977,11.88410473
0.01345139537,0.3006669283,11.88639641
0.01346139537,0.2401884943,11.88823318
0.01346264537,0.2325570881,11.88855267
0.01346295787,0.2306469828,11.8886137
0.01346358287,0.2268241048,11.88873291
0.01346373912,0.2258678377,11.88876247
0.01346405162,0.2239546478,11.88882256
0.01346416508,0.2232598364,-8.31771946
0.01346423365,0.2228398323,-13.78461742
0.01346429038,0.222492367,-10.8998251
0.01346431426,0.2223460823,-11.92784595
0.01346433735,0.2222046256,-11.83262634
0.01346436169,0.2220554948,-11.84018898
0.01346438923,0.2218867838,-11.83937931
0.0134644443,0.2215493619,-11.83958149
0.01346455445,0.2208744287,-11.83955002
0.01346477475,0.2195242494,-11.83974361
0.01346521534,0.2168226242,-11.83992958
0.01346609652,0.2114143968,-11.84047794
0.01346785889,0.2005786896,-11.84139729
0.01347138362,0.1788348109,-11.84336853
0.01347843308,0.1350946426,-11.84702587
0.01348843308,0.07261316478,-11.85207176
0.01349843308,0.009845116176,-11.85670567
0.01350843308,-0.05296178907,-11.86116028
0.01351843308,-0.1155596748,-11.86523724
0.01352843308,-0.177701503,-11.86916447
0.01353843308,-0.2391420156,-11.87274551
0.01354843308,-0.2996387482,-11.87620449
0.01355843308,-0.3589529693,-11.87934303
0.01356843308,-0.4168505371,-11.88238335
0.01357843308,-0.4731029868,-11.88512897
0.01358843308,-0.5274882913,-11.8877964
0.01359843308,-0.5797919035,-11.89019012
0.01359968308,-0.5861731172,-11.89050865
0.01360218308,-0.5988266468,-11.89108944
0.01360718308,-0.6236873269,-11.8922205
0.01360733933,-0.6244544387,-11.89225483
0.01360765183,-0.6259868741,10.42390442
0.01360773737,-0.6264058948,12.71783257
0.01360782386,-0.6268294454,11.28240681
0.01360786831,-0.6270470023,12.04879093
0.01360791339,-0.6272676587,11.75308609
0.0136079598,-0.6274946928,11.86953354
0.01360800762,-0.627728641,11.82229042
0.01360808567,-0.6281102896,11.84445095
0.01360820094,-0.6286736727,11.83041477
0.01360842169,-0.6297517419,11.84125042
0.01360886319,-0.6319041848,11.83214283
0.0136097462,-0.6361944675,11.84133339
0.01361151221,-0.6447161436,11.83381748
0.01361504423,-0.6615203023,11.84392548
0.01362210828,-0.6941431761,11.83921242
0.01363210828,-0.7379723787,11.85212803
0.01364210828,-0.7788891792,11.84843063
0.01365210828,-0.8167319894,11.86075592
0.01366210828,-0.8513515592,11.85663128
0.01367210828,-0.8826112747,11.86843204
0.01368210828,-0.9103876948,11.86393929
0.01369210828,-0.9345712066,11.87527275
0.01370210828,-0.9550663829,11.87046337
0.01371210828,-0.9717923999,11.88137722
0.01372210828,-0.984683156,11.876297
0.01373210828,-0.9936878681,11.88683605
0.01373335828,-0.9945382476,11.88326168
0.01373367078,-0.994741261,11.88331223
0.01373429578,-0.9951357841,11.88347054
0.01373445203,-0.9952320457,11.88351154
0.01373457077,-0.9953045249,-8.457427979
0.0137346233,-0.9953364134,-13.37931824
0.01373466327,-0.9953606129,-11.32595253
0.01373468322,-0.995372653,-11.84704208
0.01373470689,-0.9953869581,-11.84453297
0.01373472991,-0.995400846,-11.84476757
0.01373476683,-0.9954230189,-11.84476566
0.01373484066,-0.9954672456,-11.84480953
0.01373498833,-0.9955550432,-11.8448782
0.01373528366,-0.9957281351,-11.84502792
0.01373587433,-0.9960639477,-11.84531593
0.01373705566,-0.996694386,-11.84589863
0.01373941832,-0.997790575,-11.84704113
0.01374414363,-0.99932307,-11.84928131
0.01375359427,-0.9997450113,-11.85354805
0.01376359427,-0.9963543415,-11.85778332
0.01377359427,-0.9890314937,-11.8617363
0.01378359427,-0.9778054357,-11.86543655
0.01379359427,-0.9627203941,-11.86888885
0.01380359427,-0.9438359141,-11.8721199
0.01381359427,-0.9212265611,-11.87513161
0.01382359427,-0.8949815631,-11.87794971
0.01383359427,-0.8652044535,-11.88057518
0.01384359427,-0.8320128322,-11.8830328
0.01385359427,-0.795537591,-11.88531971
0.01386359427,-0.7559227347,-11.88746166
0.01387359427,-0.7133246064,-11.88945389
0.01388359427,-0.6679112911,-11.89132023
0.0138836349,-0.6677212715,7.192510128
0.01388371615,-0.6673411727,14.66318417
0.01388374357,-0.6672129035,11.379179
0.01388375996,-0.6671361923,11.79413414
0.01388377505,-0.6670655012,11.83120632
0.01388379161,-0.6669879556,11.83645725
0.01388382475,-0.6668328643,11.83711243
0.01388389101,-0.6665225625,11.83695221
0.01388402354,-0.6659015417,11.83714867
0.01388428859,-0.6646581888,11.83720493
0.0138848187,-0.6621659398,11.83759212
0.01388587892,-0.6571593881,11.83811283
0.01388799936,-0.6470590234,11.83938217
0.01389224023,-0.6265156269,11.84164238
0.01390072198,-0.5841092467,11.8462162
0.01391072198,-0.5319911242,11.85115337
0.01392072198,-0.4777734876,11.85594654
0.01393072198,-0.4216703176,11.86030865
0.01394072198,-0.363902986,11.86455822
0.01395072198,-0.3046995103,11.86840916
0.01396072198,-0.2442935109,11.87217522
0.01397072198,-0.1829234064,11.87556934
0.01398072198,-0.1208313778,11.87890339
0.01399072198,-0.05826248974,11.88189125
0.01400072198,0.004536333494,11.88483906
0.01401072198,0.06731725484,11.88746357
0.01401197198,0.07515126467,11.8878231
0.01401447198,0.0908048898,11.88846684
0.01401947198,0.1220410764,11.88971996
0.01401962823,0.1230154261,11.88975906
0.01401994073,0.1249637753,11.88983631
0.01402005419,0.1256710142,-8.316699028
0.01402012276,0.1260984391,-13.78359413
0.01402017948,0.1264519989,-10.89882565
0.01402020336,0.1266008168,-11.92679024
0.01402022645,0.1267447323,-11.83160114
0.01402025079,0.126896441,-11.83915615
0.01402027833,0.1270680577,-11.83834648
0.0140203334,0.1274112612,-11.83854485
0.01402044354,0.1280976385,-11.83850861
0.01402066383,0.1294701993,-11.8386898
0.0140211044,0.1322145909,-11.83885098
0.01402198554,0.1377002895,-11.83934975
0.01402374782,0.1486588866,-11.84017277
0.01402727238,0.1705200374,-11.84195518
0.0140343215,0.213980794,-11.84524727
0.0140443215,0.2748947144,-11.84980774
0.0140543215,0.3347237408,-11.85399532
0.0140643215,0.3932317793,-11.85804176
0.0140743215,0.4501878917,-11.8617487
0.0140843215,0.5053673387,-11.865345
0.0140943215,0.5585523248,-11.86863232
0.0141043215,0.6095329523,-11.87183475
0.0141143215,0.6581080556,-11.87475681
0.0141243215,0.7040858865,-11.87761593
0.0141343215,0.7472850084,-11.8802166
0.0141443215,0.7875349522,-11.88277531
0.0141455715,0.792350769,-11.88305283
0.0141480715,0.801835537,-11.88365364
0.0141486965,0.8041758537,-11.88380241
0.01414885275,0.8047590256,-11.88383961
0.01414916525,0.8059229851,-11.88391399
0.01414979025,0.8082416654,-11.88406181
0.01414979337,0.8082532287,-6.185337543
0.01414979962,0.8082763553,2.474821806
0.01414981212,0.8083225489,9.732542992
0.01414981754,0.808342576,10.6401968
0.01414982511,0.8083705902,11.3069334
0.01414983246,0.8083977699,11.59798813
0.01414984715,0.8084521294,11.80786228
0.01414986365,0.8085131645,11.84087467
0.01414989329,0.8086227179,11.84481525
0.01414993393,0.8087729216,11.84395695
0.01415001522,0.8090732098,11.84436226
0.01415017778,0.8096730709,11.84420109
0.01415050292,0.8108702898,11.84457111
0.01415115318,0.8132545948,11.84471989
0.01415245372,0.8179824948,11.84555912
0.01415505479,0.8272740245,11.8466959
0.01416025694,0.8451918364,11.84941769
0.01417025694,0.8770833015,11.85391331
0.01418025694,0.905513227,11.85844517
0.01419025694,0.930369556,11.86235809
0.01420025694,0.9515541792,11.86633968
0.01421025694,0.9689833522,11.86973572
0.01422025694,0.98258847,11.87322998
0.01423025694,0.9923157692,11.87617207
0.01424025694,0.9981268048,11.87923622
0.01425025694,0.9999986887,11.88177586
0.01426025694,0.9979240894,11.88446045
0.01427025694,0.9919110537,11.88664627
0.01428025694,0.9819834828,11.88899708
0.01429025694,0.968180418,11.890872
0.01430025694,0.9505563974,11.89292908
0.01430041319,0.9502510428,11.89288139
0.01430072569,0.9496376514,11.89293003
0.01430135069,0.9483997822,11.89305115
0.01430135381,0.9483935833,6.194324493
0.01430136006,0.9483811259,-2.465837479
0.01430137256,0.9483562112,-9.72355938
0.01430137797,0.9483454227,-10.63092995
0.01430138554,0.9483303428,-11.29771233
0.01430139289,0.94831568,-11.58881092
0.01430140758,0.9482864141,-11.79880333
0.01430142407,0.9482535124,-11.83187675
0.01430145369,0.9481943846,-11.83583736
0.0143014943,0.9481133223,-11.83497906
0.01430157551,0.9479509592,-11.83538914
0.01430173794,0.9476254582,-11.83523655
0.0143020628,0.9469715953,-11.83562469
0.01430271253,0.9456519485,-11.83580875
0.01430401197,0.9429655075,-11.83671951
0.01430661086,0.9374041557,-11.83799839
0.01431180864,0.9255331755,-11.84100628
0.01432180864,0.8999301791,-11.84605503
0.01433180864,0.8707755804,-11.85114193
0.01434180864,0.8381844163,-11.85560894
0.01435180864,0.8022853136,-11.86014557
0.01436180864,0.7632199526,-11.86409473
0.01437180864,0.7211425304,-11.86814213
0.01438180864,0.6762191057,-11.87163353
0.01439180864,0.628626883,-11.87524414
0.01440180864,0.5785537958,-11.87832737
0.01441180864,0.5261974335,-11.88154984
0.01442180864,0.4717644155,-11.88426876
0.01443180864,0.415469557,-11.88714504
0.01443196489,0.4145763516,-11.88710976
0.01443227739,0.4127887487,-11.88718224
0.01443239084,0.4121393561,8.319337845
0.01443245942,0.4117467403,13.78624535
0.01443251614,0.411421895,10.90139866
0.01443254003,0.4112851322,11.92950344
0.01443256312,0.4111528695,11.83423424
0.01443258747,0.4110134244,11.8418026
0.014432615,0.4108556807,11.84099007
0.01443267008,0.4105401337,11.84118843
0.01443278024,0.4099089205,11.84114933
0.01443300055,0.4086459279,11.84132671
0.01443344117,0.4061175287,11.84148121
0.01443432242,0.4010514915,11.84196663
0.01443608492,0.3908826113,11.84276009
0.01443960991,0.3704023361,11.84448528
0.01444665989,0.3289068341,11.84766197
0.01445665989,0.2689608037,11.85205746
0.01446665989,0.207953319,11.85608101
0.01447665989,0.1461251229,11.85996151
0.01448665989,0.08372025192,11.86350346
0.01449665989,0.02098496631,11.86693382
0.01450665989,-0.04183313623,11.87005711
0.01451665989,-0.1044861376,11.87309551
0.01452665989,-0.1667267829,11.87585258
0.01453665989,-0.2283094376,11.87854958
0.01454665989,-0.2889910638,11.88098907
0.01455665989,-0.3485321701,11.88338947
0.01456665989,-0.4066977799,11.88555336
0.01456681614,-0.4075944722,11.88561058
0.01456712864,-0.4093866646,11.88568115
0.01456775364,-0.4129663408,11.88581181
0.01456775677,-0.4129842222,6.187086582
0.01456776302,-0.413019985,-2.473072767
0.01456777552,-0.4130915105,-9.730792999
0.01456778093,-0.4131224751,-10.63839149
0.0145677885,-0.4131658077,-11.30513668
0.01456779585,-0.413207829,-11.59620094
0.01456781054,-0.4132919014,-11.80609798
0.01456782704,-0.4133862853,-11.83912182
0.01456785668,-0.4135558307,-11.84306622
0.01456789731,-0.4137882888,-11.84220886
0.01456797858,-0.4142531157,-11.84261608
0.01456814112,-0.4151824117,-11.84245872
0.0145684662,-0.4170397222,-11.84283543
0.01456911637,-0.4207491279,-11.84299946
0.01457041669,-0.4281467795,-11.84386826
0.01457301734,-0.4428558946,-11.84506321
0.01457821863,-0.4719155133,-11.84790039
0.01458821863,-0.5263431668,-11.85261154
0.01459821863,-0.5786935687,-11.85735321
0.01460821863,-0.628760159,-11.86146736
0.01461821863,-0.6763452888,-11.8656435
0.01462821863,-0.7212612033,-11.86922646
0.01463821863,-0.7633306384,-11.87290001
0.01464821863,-0.8023875952,-11.87601185
0.01465821863,-0.8382778168,-11.87923908
0.01466821863,-0.8708598018,-11.88193321
0.01467821863,-0.9000048637,-11.88476467
0.01468821863,-0.9255980253,-11.88708973
0.01469821863,-0.9475383162,-11.88956928
0.01470821863,-0.9657390714,-11.89156628
0.01470946863,-0.9677474499,-11.89190483
0.01471196863,-0.9715850949,-11.89241695
0.01471696863,-0.9785403013,-11.89341068
0.01471712488,-0.9787421227,-11.8934412
0.01471743738,-0.9791429639,-11.89350224
0.01471755084,-0.9792875648,8.313038826
0.01471761941,-0.9793747067,13.77993679
0.01471767613,-0.9794466496,10.89527035
0.0147177,-0.9794768691,11.92304134
0.01471772309,-0.9795060754,11.82796764
0.01471774742,-0.979536891,11.83550358
0.01471777496,-0.9795717001,11.83469772
0.01471783002,-0.9796411991,11.83489895
0.01471794014,-0.9797798991,11.83486748
0.01471816039,-0.980055809,11.83506012
0.01471860088,-0.9806020856,11.83524418
0.01471948187,-0.9816720486,11.83578873
0.01472124385,-0.9837216735,11.83670139
0.01472476781,-0.9874590635,11.83866024
0.01473181573,-0.9934799671,11.84230137
0.01474181573,-0.9986780882,11.84734249
0.01475181573,-0.9999349117,11.85199356
0.01476181573,-0.9972454309,11.85648346
0.01477181573,-0.9906203151,11.86061859
0.01478181573,-0.9800856113,11.86462212
0.01479181573,-0.9656829834,11.86830044
0.01480181573,-0.9474692345,11.87187481
0.01481181573,-0.9255163074,11.87514877
0.01482181573,-0.899910748,11.87834072
0.01483181573,-0.8707536459,11.8812561
0.01484181573,-0.8381600976,11.88410854
0.01484306573,-0.8338505626,11.88442135
0.01484337823,-0.8327651024,11.88450527
0.01484400323,-0.8305845857,11.88467312
0.01484415948,-0.8300374746,11.88471508
0.01484447198,-0.8289408088,11.884799
0.01484458544,-0.8285418749,-8.321732521
0.01484465401,-0.8283005357,-13.78862667
0.01484471074,-0.8281008005,-10.90372181
0.01484473463,-0.8280166388,-11.93195248
0.01484475772,-0.8279352784,-11.83660793
0.01484478207,-0.8278494477,-11.84418964
0.01484480961,-0.8277523518,-11.84337521
0.0148448647,-0.8275581002,-11.84357357
0.01484497487,-0.8271692991,-11.84353352
0.0148451952,-0.8263905644,-11.8437109
0.01484563588,-0.8248282671,-11.84386158
0.01484651722,-0.8216847181,-11.84434223
0.01484827992,-0.8153221607,-11.84512615
0.01485180531,-0.802297771,-11.84682941
0.01485885608,-0.7750747204,-11.84996223
0.01486885608,-0.7338699102,-11.85429096
0.01487885608,-0.6897687912,-11.85824108
0.01488885608,-0.6429454684,-11.86204243
0.01489885608,-0.5935847759,-11.86550045
0.01490885608,-0.5418814421,-11.86884212
0.01491885608,-0.488039583,-11.87187099
0.01492885608,-0.4322716296,-11.87481022
0.01493885608,-0.3747977018,-11.87746429
0.01494885608,-0.3158445954,-11.88005352
0.01495885608,-0.2556450367,-11.88238144
0.01496885608,-0.1944365352,-11.88466644
0.01497885608,-0.1324606985,-11.88671112
0.01498010608,-0.1246719137,-11.88698864
0.01498260608,-0.1090717614,-11.88748932
0.01498323108,-0.105167374,-11.88761234
0.01498448108,-0.09735377878,-11.88785839
0.01498479358,-0.09539942443,-11.88791943
0.01498541858,-0.09148962051,-11.8880415
0.01498557483,-0.09051194787,-11.88807201
0.01498588733,-0.08855633438,-11.88813305
0.01498600079,-0.08784624934,8.318408012
0.01498606936,-0.08741705865,13.78530598
0.01498612609,-0.08706198633,10.90049458
0.01498614997,-0.08691250533,11.92855167
0.01498617306,-0.08676797152,11.83331108
0.01498619741,-0.08661557734,11.84087658
0.01498622494,-0.08644320071,11.84006691
0.01498628002,-0.08609843999,11.84026909
0.01498639017,-0.08540888876,11.84023762
0.01498661047,-0.08402966708,11.84043026
0.01498705108,-0.08127073199,11.84061337
0.01498793229,-0.0757510215,11.84115887
0.01498969471,-0.06470479816,11.84207058
0.01499321956,-0.04258989915,11.84402752
0.01500026924,0.001691701356,11.8476553
0.01501026924,0.06447879225,11.85265827
0.01502026924,0.1270114183,11.85725021
0.01503026924,0.1890427768,11.86166096
0.01504026924,0.2503280938,11.86569595
0.01505026924,0.3106254637,11.86958122
0.01506026924,0.3696969151,11.87312031
0.01507026924,0.4273093939,11.87653637
0.01508026924,0.4832354486,11.8796339
0.01509026924,0.5372543931,11.88263226
0.01510026924,0.5891530514,11.88533688
0.01511026924,0.6387265325,11.88796329
0.01512026924,0.6857793331,11.89031696
0.01513026924,0.7301256061,11.8926115
0.01513042549,0.7307960987,11.89262199
0.01513073799,0.7321349978,11.89268684
0.01513085145,0.7326203585,-8.313848495
0.01513092002,0.7329135537,-13.78074932
0.01513097674,0.7331559658,-10.89605808
0.01513100061,0.7332579494,-11.92387104
0.0151310237,0.733356595,-11.82877254
0.01513104804,0.7334605455,-11.83631229
0.01513107557,0.7335781455,-11.83550549
0.01513113063,0.7338132262,-11.83570576
0.01513124076,0.7342830896,-11.83567142
0.01513146102,0.7352218628,-11.8358593
0.01513190153,0.7370951176,-11.83603382
0.01513278255,0.740824759,-11.83656025
0.0151345446,0.748215735,-11.83743572
0.01513806869,0.7627217174,-11.83932209
0.01514511687,0.7906048894,-11.84282207
0.01515511687,0.8274930716,-11.8476696
0.01516511687,0.8611155748,-11.85213661
0.01517511687,0.8913396597,-11.8564539
0.01518511687,0.9180459976,-11.860425
0.01519511687,0.9411292672,-11.86427498
0.01520511687,0.9604982734,-11.8678093
0.01521511687,0.9760766625,-11.87125015
0.01522511687,0.9878029227,-11.87440014
0.01523511687,0.9956308007,-11.8774786
0.01524511687,0.9995293617,-11.88029003
0.01525511687,0.9994832277,-11.88304996
0.01525636687,0.9991999269,-11.88335133
0.01525667937,0.9991194606,-11.88343334
0.01525730437,0.9989470243,-11.88359547
0.01525730749,0.9989461303,-6.18487215
0.01525731374,0.9989443421,2.475286007
0.01525732624,0.9989407063,9.733007431
0.01525733166,0.9989391565,10.64067554
0.01525733923,0.9989369512,11.30741024
0.01525734658,0.9989348054,11.59846306
0.01525736127,0.9989305735,11.80833149
0.01525737777,0.9989257455,11.84133911
0.01525740741,0.9989171028,11.84527874
0.01525744806,0.9989051819,11.84441948
0.01525752934,0.9988811612,11.84482288
0.01525769192,0.998832345,11.8446579
0.01525801706,0.9987315536,11.84502029
0.01525866736,0.9985175133,11.84515381
0.01525996795,0.9980393648,11.84596252
0.01526256914,0.9968831539,11.84703922
0.0152677715,0.9937723279,11.84964275
0.0152777715,0.9848145843,11.85392094
0.0152877715,0.9719702601,11.85824966
0.0152977715,0.9552900195,11.86196995
0.0153077715,0.9348396659,11.8657732
0.0153177715,0.9106999636,11.8690033
0.0153277715,0.8829661012,11.87234497
0.0153377715,0.8517475724,11.87514687
0.0153477715,0.8171676397,11.87808418
0.0153577715,0.7793626785,11.88050938
0.0153677715,0.7384819388,11.88309288
0.0153777715,0.6946867108,11.88519001
0.0153877715,0.6481499076,11.88746452
0.0153977715,0.599055171,11.8892765
0.0153990215,0.5927479863,11.88959217
0.0154015215,0.5800244212,11.89006233
0.0154021465,0.5768210292,11.89017773
0.0154033965,0.5703876019,11.89040852
0.015403709,0.5687737465,11.89046574
0.015404334,0.5655394197,11.89057922
0.01540449025,0.5647295117,11.89060783
0.01540480275,0.5631079674,11.89066505
0.01540491621,0.5625187159,-8.315877914
0.01540498478,0.5621624589,-13.78277683
0.01540504151,0.5618676543,-10.8980341
0.01540506538,0.5617435575,-11.92595673
0.01540508847,0.5616235137,-11.83079529
0.01540511281,0.561496973,-11.83834743
0.01540514035,0.5613538027,-11.83753967
0.01540519542,0.561067462,-11.83774185
0.01540530555,0.5604944825,-11.83771133
0.01540552583,0.5593477488,-11.83790684
0.01540596638,0.5570510626,-11.83809662
0.01540684749,0.5524448752,-11.83865166
0.0154086097,0.5431818962,-11.83958626
0.01541213413,0.5244572759,-11.84158707
0.01541918299,0.4862457812,-11.84530449
0.01542918299,0.430418551,-11.85043716
0.01543918299,0.372892648,-11.85515976
0.01544918299,0.3138951063,-11.85970402
0.01545918299,0.2536587715,-11.86387444
0.01546918299,0.1924213469,-11.86789513
0.01547918299,0.1304245293,-11.87157154
0.01548918299,0.06791299582,-11.87512589
0.01549918299,0.005133430474,-11.87836361
0.01550918299,-0.05766639113,-11.88150215
0.01551918299,-0.120238632,-11.88434601
0.01552918299,-0.1823363453,-11.88711262
0.01553918299,-0.2437144518,-11.88960648
0.01554043299,-0.2513240278,-11.8899374
0.01554293299,-0.2664961815,-11.89054298
0.01554294304,-0.2665570378,0.07068502158
0.01554296314,-0.2666787505,11.93398571
0.01554297019,-0.2667215168,11.88329601
0.01554297632,-0.2667586207,11.86170101
0.01554298466,-0.2668091059,11.847435
0.01554300134,-0.2669101357,11.83849239
0.0155430347,-0.2671121359,11.83746719
0.01554310143,-0.2675161064,11.83782959
0.01554323487,-0.2683238983,11.83769703
0.01554350176,-0.269938916,11.83799267
0.01554403553,-0.2731666863,11.83812332
0.01554510308,-0.2796129882,11.83879948
0.01554723818,-0.2924675643,11.83974266
0.01555150837,-0.3180164993,11.84197712
0.01556004876,-0.3684093654,11.84590244
0.01557004876,-0.4260564744,11.85051632
0.01558004876,-0.4820221066,11.85461521
0.01559004876,-0.5360854268,11.85872173
0.01560004876,-0.5880330801,11.8623476
0.01561004876,-0.6376600266,11.86601067
0.01562004876,-0.6847704053,11.86922264
0.01563004876,-0.7291783094,11.8724966
0.01564004876,-0.7707085013,11.87534618
0.01565004876,-0.8091970086,11.87828064
0.01566004876,-0.8444920182,11.88081455
0.01567004876,-0.8764542341,11.88345051
0.01567129876,-0.8802087307,11.88369274
0.01567161126,-0.8811388612,11.88376808
0.01567184874,-0.8818435073,-10.02063465
0.01567194926,-0.8821411133,-13.06867981
0.01567203986,-0.8824090958,-11.05897617
0.01567208171,-0.8825327754,-12.12601662
0.0156721199,-0.882645607,-11.75513744
0.01567216023,-0.8827646375,-11.87517357
0.01567219784,-0.8828756809,-11.8351059
0.01567226204,-0.8830650449,-11.84967422
0.0156723608,-0.8833560348,-11.84134388
0.01567255831,-0.8839370012,-11.84753704
0.01567295333,-0.8850948811,-11.84251595
0.01567374337,-0.8873942494,-11.84775448
0.01567532344,-0.8919273019,-11.84388733
0.0156784836,-0.9007292986,-11.85002041
0.01568480391,-0.9172645807,-11.84851456
0.01569480391,-0.9404627085,-11.85755348
0.01570480391,-0.9599491954,-11.85730267
0.01571480391,-0.9756472707,-11.86573601
0.01572480391,-0.9874948263,-11.86498547
0.01573480391,-0.9954452515,-11.87287998
0.01574480391,-0.9994670749,-11.87169075
0.01575480391,-0.9995445013,-11.87910557
0.01576480391,-0.9956771731,-11.87753487
0.01577480391,-0.9878803492,-11.88452435
0.01578480391,-0.9761847854,-11.88261986
0.01579480391,-0.9606366754,-11.88923168
0.01580480391,-0.9412974119,-11.88703918
0.01581480391,-0.9182432294,-11.89331436
0.01581605391,-0.9151046276,-11.89142323
0.01581855391,-0.9086583257,-11.8918581
0.01581917891,-0.9070116282,-11.89198971
0.01582042891,-0.903676331,-11.8922205
0.01582292891,-0.8968387246,-11.89267349
0.01582293896,-0.89681077,0.06855477393
0.01582295906,-0.8967549205,11.93185616
0.01582296612,-0.8967352509,11.88117123
0.01582297224,-0.8967182636,11.85957527
0.01582298058,-0.8966950178,11.84530926
0.01582299726,-0.8966486454,11.8363657
0.01582303062,-0.896555841,11.83534241
0.01582309734,-0.8963701129,11.83570766
0.01582323077,-0.8959981203,11.83558369
0.01582349764,-0.8952522874,11.83589554
0.01582403137,-0.8937530518,11.83605766
0.01582509883,-0.8907244205,11.83679771
0.01582723376,-0.884547174,11.83786774
0.01583150362,-0.8717162609,11.84035206
0.01584004334,-0.8441819549,11.84475899
0.01585004334,-0.8088569045,11.84991169
0.01586004334,-0.7703396082,11.85451984
0.01587004334,-0.728782177,11.85910606
0.01588004334,-0.6843485832,11.86318207
0.01589004334,-0.6372141242,11.8672657
0.01590004334,-0.5875648856,11.87086868
0.01591004334,-0.5355968475,11.87450504
0.01592004334,-0.4815150201,11.8776865
0.01593004334,-0.4255328774,11.88092327
0.01594004334,-0.3678713441,11.88372993
0.01595004334,-0.3087579906,11.88660908
0.01595129334,-0.3012782931,11.88687992
0.01595379334,-0.2862636447,11.887537
0.01595441834,-0.2824987769,11.88770008
0.01595457459,-0.2815569043,11.88774109
0.01595488709,-0.2796722949,11.88782215
0.01595500055,-0.2789877951,-8.318711281
0.01595506912,-0.2785740197,-13.78560543
0.01595512585,-0.2782316804,-10.90078259
0.01595514973,-0.2780875564,-11.92885303
0.01595517282,-0.2779482007,-11.83360291
0.01595519717,-0.2778012455,-11.8411684
0.0159552247,-0.2776350379,-11.84035587
0.01595527978,-0.2773025632,-11.84055424
0.01595538993,-0.2766375244,-11.84051609
0.01595561024,-0.2753070593,-11.84069443
0.01595605085,-0.2726445496,-11.84084892
0.01595693207,-0.2673132718,-11.8413372
0.01595869452,-0.256626308,-11.84213638
0.01596221941,-0.2351592779,-11.84387207
0.01596926919,-0.1918897778,-11.84707069
0.01597926919,-0.1298874766,-11.8514986
0.01598926919,-0.0673725754,-11.85555363
0.01599926919,-0.004591778386,-11.85946751
0.01600926919,0.05820713937,-11.86304379
0.01601926919,0.1207763404,-11.86650848
0.01602926919,0.1828688979,-11.86966705
0.01603926919,0.2442397475,-11.87274075
0.01604926919,0.3046467006,-11.87553501
0.01605926919,0.3638513386,-11.87826824
0.01606926919,0.4216200411,-11.88074493
0.01607926919,0.4777247906,-11.88318157
0.01608051919,0.4846097827,-11.88344383
0.01608301919,0.4982896745,-11.88401413
0.01608801919,0.525277257,-11.88513279
0.01608817544,0.5261123776,-11.88516617
0.01608848794,0.5277811885,-11.88523483
0.0160886014,0.5283865333,8.321302414
0.01608866997,0.5287522674,13.78819942
0.0160887267,0.5290548205,10.90330791
0.01608875059,0.5291821361,11.93151855
0.01608877368,0.5293052793,11.83618832
0.01608879803,0.5294350386,11.84376907
0.01608882558,0.5295818448,11.84295559
0.01608888066,0.5298753977,11.84315681
0.01608899082,0.5304623246,11.84312248
0.01608921116,0.531635344,11.8433094
0.01608965182,0.5339784026,11.84348202
0.01609053315,0.5386521816,11.84400463
0.01609229581,0.547950089,11.84487152
0.01609582113,0.5663430691,11.84674072
0.01610287177,0.6022865772,11.85019207
0.01611287177,0.651222527,11.85494995
0.01612287177,0.6975883842,11.85929966
0.01613287177,0.7412011623,11.86347389
0.01614287177,0.781888783,11.86727619
0.01615287177,0.8194906116,11.87093353
0.01616287177,0.8538583517,11.87424946
0.01617287177,0.8848562241,11.87744904
0.01618287177,0.9123620391,11.8803339
0.01619287177,0.9362671375,11.88312721
0.01620287177,0.9564772248,11.88563156
0.01621287177,0.97291255,11.88806438
0.01622287177,0.9855082631,11.89023113
0.01623287177,0.9942145944,11.89234734
0.01623412177,0.9950275421,11.89256859
0.01623662177,0.9964691997,11.89305687
0.01623724677,0.9967912436,11.89317703
0.01623849677,0.9973891377,11.89341736
0.01623880927,0.9975290298,11.89347649
0.01623943427,0.9977972507,11.8935957
0.01623943739,0.9977985024,6.194869518
0.01623944364,0.997801125,-2.4652915
0.01623945614,0.9978063107,-9.723011971
0.01623946156,0.9978085756,-10.63036442
0.01623946913,0.9978117347,-11.29714966
0.01623947647,0.9978147745,-11.58825111
0.01623949116,0.9978208542,-11.7982502
0.01623950765,0.9978277087,-11.83132744
0.01623953727,0.9978399277,-11.83528805
0.01623957787,0.9978566766,-11.83442974
0.01623965909,0.997889936,-11.83483887
0.01623982151,0.9979556799,-11.83468533
0.01624014635,0.9980840683,-11.83507061
0.01624079604,0.9983283281,-11.83524895
0.01624209542,0.9987668991,-11.83614922
0.01624469418,0.9994443655,-11.83740711
0.01624989169,0.9999997616,-11.84037399
0.01625989169,0.9980692267,-11.84535027
0.01626989169,0.9921997786,-11.85037136
0.01627989169,0.9824145436,-11.85477924
0.01628989169,0.9687522054,-11.85926437
0.01629989169,0.9512665868,-11.86317062
0.01630989169,0.9300267696,-11.86718082
0.01631989169,0.9051166177,-11.87064266
0.01632989169,0.8766343594,-11.87423134
0.01633989169,0.844692409,-11.87729836
0.01634989169,0.8094168305,-11.88051224
0.01635989169,0.7709468603,-11.8832283
0.01636114169,0.7659209371,-11.88365555
0.01636364169,0.7557276487,-11.88434601
0.01636426669,0.7531501055,-11.88451576
0.01636551669,0.7479602098,-11.88485527
0.01636582919,0.7466555238,-11.88494015
0.01636645419,0.744037509,-11.88510895
0.01636661044,0.7433812022,-11.88515091
0.01636692294,0.742066443,-11.88523483
0.01636703639,0.7415884137,8.321297646
0.01636710497,0.7412992716,13.78819084
0.0163671617,0.7410599589,10.90329742
0.01636718558,0.7409592271,11.93150616
0.01636720868,0.7408617735,11.83617496
0.01636723303,0.7407590151,11.84375381
0.01636726057,0.7406427264,11.84293938
0.01636731565,0.7404101491,11.84313869
0.01636742582,0.7399446964,11.84309769
0.01636764615,0.7390127778,11.84327507
0.01636808682,0.737144649,11.84342575
0.01636896815,0.7333914042,11.8439064
0.0163707308,0.7258176804,11.84468937
0.01637425612,0.7104040384,11.84639168
0.01638130675,0.6785388589,11.84952354
0.01639130675,0.6310762167,11.85385227
0.01640130675,0.5811229944,11.85780525
0.01641130675,0.5288763642,11.86161137
0.01642130675,0.4745425284,11.86507702
0.01643130675,0.4183358848,11.86842728
0.01644130675,0.3604782224,11.87146664
0.01645130675,0.3011979461,11.87441921
0.01646130675,0.2407289594,11.87708759
0.01647130675,0.1793099493,11.87969303
0.01648130675,0.1171832681,11.88204002
0.01649130675,0.05459411815,11.8843441
0.01650130675,-0.00821048487,11.88641071
0.01650255675,-0.016063869,11.88669109
0.01650505675,-0.03176717833,11.88719654
0.01650568175,-0.03569193184,11.88732147
0.01650693175,-0.04353972524,11.88757038
0.016506938,-0.04357896,2.697321653
0.0165069505,-0.04365742579,-8.564160347
0.01650695758,-0.04370184243,-10.29114628
0.01650696259,-0.04373331368,-10.91795063
0.01650696996,-0.04377952963,-11.41863251
0.01650698171,-0.04385332391,-11.73332024
0.01650699707,-0.04394973442,-11.82715225
0.01650701844,-0.0440838933,-11.84117222
0.01650705086,-0.04428738728,-11.84053898
0.0165071157,-0.04469437525,-11.84076977
0.01650724538,-0.04550832137,-11.84072399
0.01650750473,-0.04713613167,-11.84095955
0.01650802343,-0.05039136484,-11.84116364
0.01650906084,-0.05690019578,-11.84181118
0.01651113566,-0.06991032511,-11.84286404
0.01651528529,-0.09589272738,-11.84514999
0.01652358455,-0.1476443708,-11.8493309
0.01653358455,-0.2094554007,-11.85424042
0.01654358455,-0.2704398036,-11.85870361
0.01655358455,-0.3303568959,-11.86302948
0.01656358455,-0.388970226,-11.86694336
0.01657358455,-0.4460484684,-11.87075043
0.01658358455,-0.5013663769,-11.87417603
0.01659358455,-0.5547056198,-11.87752056
0.01660358455,-0.6058556437,-11.88051128
0.01661358455,-0.654614687,-11.88344479
0.01662358455,-0.7007902265,-11.88604832
0.01663358455,-0.7442001104,-11.88861656
0.01664358455,-0.7846729159,-11.89087582
0.01665358455,-0.8220490217,-11.89311695
0.01665362518,-0.8221943378,7.190737247
0.01665370643,-0.8224848509,14.66142082
0.01665373384,-0.8225827813,11.37740993
0.01665375023,-0.8226413727,11.79235077
0.01665376532,-0.8226952553,11.82943344
0.01665378189,-0.8227544427,11.83468723
0.01665381502,-0.8228726983,11.83534145
0.01665388128,-0.8231092095,11.83518028
0.0166540138,-0.8235817552,11.83537292
0.01665427883,-0.8245251775,11.83542061
0.0166548089,-0.826405108,11.83579254
0.01665586904,-0.8301374316,11.83628178
0.01665798933,-0.8374913931,11.83749008
0.0166622299,-0.8517522216,11.83963108
0.01667071104,-0.8784502149,11.84398174
0.01668071104,-0.906720221,11.84867859
0.01669071104,-0.9314118028,11.85325623
0.01670071104,-0.9524275661,11.8574276
0.01671071104,-0.9696845412,11.86151218
0.01672071104,-0.9831146002,11.86522198
0.01673071104,-0.9926647544,11.86887169
0.01674071104,-0.9982972741,11.87217426
0.01675071104,-0.999990046,11.87543964
0.01676071104,-0.9977362752,11.87838268
0.01677071104,-0.9915448427,11.88130951
0.01677196104,-0.9904951453,11.88161755
0.01677446104,-0.9882124066,11.88230038
0.01677946104,-0.9829161763,11.88364124
0.01677961729,-0.9827349782,11.88368225
0.01677992979,-0.9823698401,11.88376427
0.01678004324,-0.9822363257,-8.322768211
0.01678011182,-0.9821553826,-13.78966236
0.01678016855,-0.9820882678,-10.90472889
0.01678019244,-0.9820599556,-11.93301582
0.01678021553,-0.9820325971,-11.83763981
0.01678023989,-0.9820036888,-11.84522724
0.01678026743,-0.9819710255,-11.84441185
0.01678032252,-0.98190552,-11.84461021
0.01678043269,-0.9817742109,-11.84457111
0.01678065304,-0.9815101027,-11.8447485
0.01678109373,-0.9809763432,-11.84490204
0.01678197512,-0.9798862338,-11.84538651
0.0167837379,-0.9776159525,-11.84617805
0.01678726346,-0.972715795,-11.84789658
0.01679431458,-0.96148628,-11.8510561
0.01680431458,-0.9423308372,-11.85541725
0.01681431458,-0.9194564819,-11.85939217
0.01682431458,-0.8929533958,-11.86321354
0.01683431458,-0.8629263043,-11.86668301
0.01684431458,-0.8294935822,-11.87002945
0.01685431458,-0.7927872539,-11.87305737
0.01686431458,-0.7529520988,-11.87598896
0.01687431458,-0.7101454735,-11.87862873
0.01688431458,-0.6645361781,-11.88119793
0.01689431458,-0.6163042784,-11.88349915
0.01690431458,-0.5656400919,-11.88575172
0.01691431458,-0.5127435923,-11.88776016
0.01692431458,-0.4578235149,-11.88973808
0.01692556458,-0.4508269429,-11.88994312
0.01692587708,-0.4490734339,-11.8900013
0.01692650208,-0.4455612302,-11.89011574
0.0169265052,-0.4455436468,-6.191389561
0.01692651145,-0.4455084801,2.468771458
0.01692652395,-0.4454381764,9.726491928
0.01692652937,-0.4454077184,10.633955
0.01692653694,-0.4453651309,11.30072212
0.01692654428,-0.4453238249,11.59180641
0.01692655897,-0.445241183,11.80175972
0.01692657547,-0.4451483786,11.83481407
0.01692660509,-0.4449816644,11.83876801
0.01692664571,-0.4447531104,11.83791065
0.01692672695,-0.4442958832,11.83831978
0.01692688943,-0.4433810711,11.83816719
0.01692721438,-0.441550076,11.83855438
0.01692786428,-0.4378826022,11.83873749
0.01692916408,-0.4305257797,11.83964539
0.01693176368,-0.4157264829,11.84091759
0.01693696289,-0.3857991397,11.84390926
0.01694696289,-0.3271083832,11.84891987
0.01695696289,-0.2671267092,11.85395813
0.01696696289,-0.206090793,11.85836601
0.01697696289,-0.1442415267,11.86283398
0.01698696289,-0.08182301372,11.86670589
0.01699696289,-0.01908158325,11.8706665
0.01700696289,0.0437351577,11.87406158
0.01701696289,0.1063792929,11.87756824
0.01702696289,0.1686035991,11.88053799
0.01703696289,0.2301625013,11.88363934
0.01704696289,0.2908130586,11.88622952
0.01705696289,0.3503159285,11.88897038
0.01705821289,0.3576613367,11.88919926
0.01706071289,0.3722855151,11.88981056
0.01706571289,0.4012547135,11.89100838
0.01706586914,0.4021537602,11.89104462
0.01706618164,0.4039506912,11.8911171
0.01706680664,0.4075399041,11.89126396
0.01706680976,0.4075578451,6.192539215
0.01706681601,0.4075936973,-2.467620134
0.01706682851,0.4076654315,-9.725340843
0.01706683392,0.4076964855,-10.63276768
0.01706684149,0.4077399075,-11.29954052
0.01706684884,0.407782048,-11.59063148
0.01706686353,0.4078662992,-11.8005991
0.01706688002,0.4079609513,-11.83366013
0.01706690965,0.4081308842,-11.83761501
0.01706695026,0.4083638191,-11.83675575
0.01706703149,0.4088296592,-11.83716106
0.01706719395,0.4097609818,-11.83699989
0.01706751886,0.4116223752,-11.83737183
0.01706816869,0.4153400064,-11.83752155
0.01706946835,0.4227544069,-11.83836555
0.01707206767,0.4374981523,-11.83951187
0.01707726631,0.4666316807,-11.84225941
0.01708726631,0.5212460756,-11.8468256
0.01709726631,0.5738033652,-11.85145473
0.01710726631,0.6240960956,-11.85548973
0.01711726631,0.6719257832,-11.85962009
0.01712726631,0.7171037197,-11.8631897
0.01713726631,0.7594515681,-11.86688137
0.01714726631,0.798802197,-11.87004375
0.01715726631,0.8350003362,-11.8733511
0.01716726631,0.8679031134,-11.87615681
0.01717726631,0.89738065,-11.87912846
0.01718726631,0.9233166575,-11.88162041
0.01718851631,0.9263044,-11.8820219
0.01719101631,0.9321082234,-11.88265991
0.01719164131,0.9335233569,-11.88281727
0.01719289131,0.9363102913,-11.88313103
0.01719320381,0.9369980097,-11.88320923
0.01719382881,0.9383625984,-11.88336468
0.01719398506,0.9387015104,-11.88340378
0.01719429756,0.9393765926,-11.88348198
0.01719441102,0.9396207929,8.32305336
0.01719447959,0.9397681355,13.78994751
0.01719453633,0.9398899078,10.90500832
0.01719456022,0.9399411678,11.93331051
0.01719458331,0.9399906993,11.83792496
0.01719460767,0.940042913,11.8455143
0.01719463521,0.9401019216,11.84469986
0.0171946903,0.9402198195,11.84489918
0.01719480047,0.9404553771,11.84486103
0.01719502082,0.9409250617,11.84504223
0.01719546152,0.9418591261,11.84520245
0.01719634293,0.9437054396,11.84570026
0.01719810573,0.9473112822,11.84651756
0.01720163134,0.9541739225,11.84828758
0.01720868255,0.9664914012,11.85154629
0.01721868255,0.9807025194,11.85603809
0.01722868255,0.9910432696,11.86013412
0.01723868255,0.9974727631,11.86406612
0.01724868255,0.9999657273,11.86763668
0.01725868255,0.9985122681,11.87107468
0.01726868255,0.9931181669,11.8741827
0.01727868255,0.9838047028,11.87718582
0.01728868255,0.9706085324,11.87988567
0.01729868255,0.9535818696,11.88250637
0.01730868255,0.9327918291,11.88484859
0.01731868255,0.9083205462,11.8871336
0.01732868255,0.880264461,11.88916302
0.01733868255,0.8487344384,11.89115334
0.01733993255,0.8445549607,11.89135933
0.01734243255,0.8360399604,11.891819
0.01734305755,0.8338789344,11.89193249
0.01734430755,0.8295182586,11.89215851
0.01734462005,0.8284201026,11.89221382
0.01734485753,0.8275833726,-10.01220512
0.01734495805,0.827228725,-13.06025505
0.01734504865,0.8269087076,-11.05055714
0.01734509049,0.8267608285,-12.11750031
0.01734512867,0.8266258836,-11.74680996
0.01734516897,0.8264833689,-11.86671734
0.01734520656,0.8263503313,-11.82671833
0.01734527075,0.826123178,-11.84125614
0.01734536949,0.8257734179,-11.83295345
0.01734556696,0.8250730038,-11.8391428
0.01734596192,0.8236683011,-11.8341608
0.01734675182,0.8208437562,-11.83943558
0.01734833164,0.8151339889,-11.83568001
0.01735149126,0.8034740686,-11.8419981
0.01735781051,0.7792090774,-11.84089851
0.01736781051,0.7383165956,-11.85054398
0.01737781051,0.6945104003,-11.85091782
0.01738781051,0.6479632258,-11.8599453
0.01739781051,0.5988588929,-11.85980511
0.01740781051,0.5473911166,-11.86827946
0.01741781051,0.4937629998,-11.86768436
0.01742781051,0.4381862581,-11.87566185
0.01743781051,0.3808802068,-11.87466717
0.01744781051,0.3220709562,-11.88219833
0.01745781051,0.2619906664,-11.88084888
0.01746781051,0.2008764297,-11.88797855
0.01747781051,0.1389694065,-11.88631439
0.01747796676,0.1379971206,-11.88837433
0.01747827926,0.1360521466,-11.88869476
0.01747839273,0.1353458315,8.318179131
0.0174784613,0.134918943,13.78471756
0.01747851803,0.1345657557,10.90006828
0.01747854191,0.134417057,11.92809296
0.017478565,0.1342732906,11.83284378
0.01747858935,0.1341217011,11.84040928
0.01747861688,0.1339502335,11.8395977
0.01747867196,0.1336072981,11.83979607
0.01747878211,0.132921353,11.83975792
0.01747900242,0.1315492988,11.83993721
0.01747944303,0.1288044304,11.84009457
0.01748032424,0.123311758,11.84058666
0.01748208668,0.1123152375,11.84139347
0.01748561155,0.09028222412,11.84314442
0.01749266128,0.0460941717,11.84637451
0.01750266128,-0.01672056317,11.85084629
0.01751266128,-0.07946930826,11.85494614
0.01752266128,-0.1419044286,11.85890484
0.01753266128,-0.2037795186,11.86252594
0.01754266128,-0.264850378,11.86603546
0.01755266128,-0.3248759806,11.8692379
0.01756266128,-0.3836194873,11.87235737
0.01757266128,-0.4408489764,11.8751955
0.01758266128,-0.4963386655,11.8779726
0.01759266128,-0.5498695374,11.88049316
0.01760266128,-0.6012303233,11.88297367
0.01760391128,-0.6074876189,11.88324165
0.01760641128,-0.6198894382,11.88382244
0.01760703628,-0.6229661107,11.88396645
0.01760828628,-0.6290906072,11.8842535
0.01760859878,-0.6306157112,11.88432503
0.01760922378,-0.6336585283,11.88446712
0.01761047378,-0.6397148967,11.88475037
0.01761048003,-0.6397450566,2.694503784
0.01761049253,-0.6398054361,-8.566976547
0.01761049961,-0.6398395896,-10.29411125
0.01761050463,-0.6398637891,-10.92091274
0.01761051199,-0.6398993731,-11.42156029
0.01761052375,-0.6399561167,-11.73618793
0.01761053911,-0.6400303245,-11.82998562
0.01761056048,-0.6401335001,-11.84399033
0.01761059291,-0.6402900219,-11.84335518
0.01761065777,-0.6406029463,-11.84358501
0.01761078748,-0.6412285566,-11.84353542
0.0176110469,-0.642478466,-11.84376431
0.01761156574,-0.6449731588,-11.84395409
0.01761260341,-0.6499419808,-11.84457302
0.01761467877,-0.659796536,-11.84556961
0.01761882948,-0.6791673899,-11.84774399
0.01762713091,-0.7165105343,-11.85170364
0.01763713091,-0.758897841,-11.85635281
0.01764713091,-0.7982901335,-11.86055946
0.01765713091,-0.8345319033,-11.86463737
0.01766713091,-0.8674802184,-11.86830807
0.01767713091,-0.8970049024,-11.87187958
0.01768713091,-0.9229896069,-11.87507534
0.01769713091,-0.9453316331,-11.87819862
0.01770713091,-0.9639428854,-11.88097477
0.01771713091,-0.9787499309,-11.88370132
0.01772713091,-0.9896942377,-11.88610554
0.01773713091,-0.9967327118,-11.88848114
0.01774713091,-0.9998375177,-11.89055729
0.01775713091,-0.9989964366,-11.89262486
0.01775838091,-0.9986138344,-11.89282894
0.01776088091,-0.9976639152,-11.89330101
0.01776150591,-0.9973879457,-11.89341831
0.01776166216,-0.9973165393,-11.89344692
0.01776178091,-0.9972616434,8.447502136
0.01776183344,-0.9972372055,13.36939526
0.01776187339,-0.9972184896,11.31628323
0.01776189333,-0.9972091317,11.8369894
0.01776191699,-0.9971980453,11.83462811
0.01776194,-0.9971872568,11.83485031
0.0177619769,-0.9971697927,11.83485222
0.01776205072,-0.9971348643,11.83490086
0.01776219834,-0.9970642328,11.83498001
0.01776249359,-0.9969204664,11.83515072
0.01776308409,-0.9966226816,11.83547974
0.01776426509,-0.9959859252,11.8361454
0.01776662709,-0.9945478439,11.83745193
0.01777135109,-0.991015017,11.84002113
0.01778079909,-0.9813340902,11.84494114
0.01779079909,-0.9673223495,11.84986496
0.01780079909,-0.9494930506,11.85450172
0.01781079909,-0.9279164672,11.858881
0.01782079909,-0.9026778936,11.86300564
0.01783079909,-0.8738768697,11.8669014
0.01784079909,-0.8416270018,11.87057114
0.01785079909,-0.806055665,11.8740387
0.01786079909,-0.7673031688,11.87730408
0.01787079909,-0.7255224586,11.88038921
0.01788079909,-0.6808784604,11.88329506
0.01788204909,-0.6751053333,11.88364697
0.01788454909,-0.6634343863,11.88434219
0.01788954909,-0.6396044493,11.88570309
0.01788970534,-0.6388494372,11.88574505
0.01789001784,-0.637337625,11.88582897
0.01789013129,-0.6367881298,-8.320703506
0.01789019986,-0.6364558935,-13.78759766
0.0178902566,-0.6361809373,-10.9027195
0.01789028048,-0.6360651255,-11.93089676
0.01789030357,-0.6359531283,-11.83558369
0.01789032792,-0.6358350515,-11.84315968
0.01789035546,-0.6357015371,-11.84234619
0.01789041054,-0.6354343295,-11.84254456
0.01789052071,-0.6348996758,-11.8425045
0.01789074103,-0.6338295341,-11.84268188
0.01789118169,-0.6316856146,-11.84283352
0.01789206299,-0.6273832321,-11.84331417
0.0178938256,-0.6187208295,-11.84409904
0.01789735082,-0.6011695266,-11.84580612
0.01790440126,-0.5651908517,-11.84894562
0.01791440126,-0.5122759342,-11.85328865
0.01792440126,-0.457339257,-11.85725594
0.01793440126,-0.4005976617,-11.86107922
0.01794440126,-0.3422751129,-11.86456203
0.01795440126,-0.2826017737,-11.86793327
0.01796440126,-0.2218130976,-11.87099361
0.01797440126,-0.1601490378,-11.87396908
0.01798440126,-0.09785295278,-11.87666225
0.01799440126,-0.0351706855,-11.87929344
0.01800440126,0.02765038982,-11.88166714
0.01801440126,0.09036234021,-11.88399982
0.01802440126,0.1527176648,-11.88609505
0.01802565126,0.1604747325,-11.88637924
0.01802815126,0.175958693,-11.88689232
0.01802816131,0.1760208458,0.07433599979
0.01802818141,0.1761451662,11.93763733
0.01802818847,0.1761888415,11.88694286
0.0180281946,0.1762267351,11.86534691
0.01802820294,0.1762783229,11.85108376
0.01802821962,0.1763814986,11.84214497
0.01802825299,0.1765878499,11.84112167
0.01802831972,0.1770005375,11.84148598
0.01802845318,0.1778257936,11.84135818
0.0180287201,0.1794759333,11.84166336
0.01802925395,0.1827747077,11.84181309
0.01803032164,0.1893660426,11.84252834
0.01803245702,0.202522859,11.84354687
0.01803672779,0.2287247479,11.84592819
0.01804526932,0.2806157172,11.85012531
0.01805526932,0.3403295875,11.85502338
0.01806526932,0.3987003565,11.85936832
0.01807526932,0.4554976225,11.86368561
0.01808526932,0.5104972124,11.867486
0.01809526932,0.5634821653,11.87128639
0.01810526932,0.614243269,11.87460041
0.01811526932,0.6625802517,11.87794209
0.01812526932,0.708302319,11.88082504
0.01813526932,0.7512290478,11.88375854
0.01814526932,0.7911910415,11.88625813
0.01815526932,0.8280305266,11.88882828
0.01816526932,0.8616021872,11.8909874
0.01817526932,0.8917734623,11.89323425
0.01817542557,0.8922172785,11.89320946
0.01817573807,0.8931022882,11.89326668
0.01817585153,0.8934227228,-8.313263893
0.0181759201,0.8936161995,-13.78017139
0.01817597682,0.8937761188,-10.89549446
0.01817600069,0.8938433528,-11.9232769
0.01817602378,0.8939083815,-11.82819653
0.01817604811,0.8939769268,-11.83573341
0.01817607564,0.8940544128,-11.83492756
0.01817613071,0.8942093849,-11.83512783
0.01817624083,0.8945189118,-11.83509541
0.01817646108,0.8951366544,-11.83528614
0.01817690158,0.8963670731,-11.83546543
0.01817778258,0.8988072872,-11.8360014
0.01817954458,0.9036049843,-11.83689785
0.01818306857,0.9128675461,-11.83882427
0.01819011656,0.9300458431,-11.8424015
0.01820011656,0.9512825608,-11.84735584
0.01821011656,0.9687650204,-11.85192585
0.01822011656,0.9824241996,-11.85634041
0.01823011656,0.9922062159,-11.86040401
0.01824011656,0.9980724454,-11.86434174
0.01825011656,0.9999997616,-11.86795902
0.01826011656,0.9979804754,-11.87147617
0.01827011656,0.9920226336,-11.87469959
0.01828011656,0.9821497798,-11.87784576
0.01829011656,0.9684007764,-11.88072014
0.01830011656,0.9508299232,-11.88353634
0.01830136656,0.9483681917,-11.88384533
0.01830167906,0.9477435946,-11.8839283
0.01830191654,0.9472664595,10.02046967
0.01830201706,0.9470639229,13.06851196
0.01830210766,0.9468809962,11.05880642
0.01830214951,0.9467964172,12.12584305
0.0183021877,0.94671911,11.75496674
0.01830222803,0.9466375113,11.875
0.01830226564,0.9465613365,11.83493233
0.01830232984,0.9464311004,11.84949875
0.0183024286,0.9462305903,11.84116554
0.01830262611,0.9458284378,11.84735394
0.01830302112,0.9450196624,11.8423233
0.01830381116,0.9433847666,11.84754276
0.01830539123,0.9400452375,11.84363842
0.01830855138,0.9330886006,11.84969711
0.01831487166,0.9180745482,11.84804916
0.01832487166,0.891372323,11.85687542
0.01833487166,0.8611522317,11.85642815
0.01834487166,0.8275335431,11.86468029
0.01835487166,0.7906489968,11.86376381
0.01836487166,0.7506440878,11.87150955
0.01837487166,0.7076767087,11.87018681
0.01838487166,0.6619164944,11.87748337
0.01839487166,0.6135439873,11.87580967
0.01840487166,0.5627501011,11.88271236
0.01841487166,0.5097353458,11.88073635
0.01842487166,0.4547088146,11.88729095
0.01843487166,0.3978877962,11.8850565
0.01844487166,0.3394964933,11.89130402
0.01844612166,0.3320986032,11.88941002
0.01844643416,0.3302459121,11.88945293
0.01844667165,0.3288370967,-10.01495075
0.01844677216,0.3282406032,-13.06302166
0.01844686276,0.3277028501,-11.05331326
0.01844690461,0.3274544179,-12.12029076
0.01844694279,0.3272277415,-11.74954128
0.0184469831,0.326988399,-11.86948967
0.0184470207,0.32676512,-11.82946968
0.01844708489,0.3263839185,-11.84401798
0.01844718363,0.3257974088,-11.83570766
0.01844738112,0.324624002,-11.84190083
0.01844777609,0.3222756982,-11.8369112
0.01844856605,0.3175731599,-11.84218407
0.01845014595,0.3081447184,-11.83841228
0.01845330576,0.2891976535,-11.8447113
0.01845962537,0.2509690821,-11.8435564
0.01846962537,0.1896929443,-11.85312176
0.01847962537,0.1276681721,-11.85340023
0.01848962537,0.06513954699,-11.86233425
0.01849962537,0.00235384563,-11.86208725
0.01850962537,-0.06044114381,-11.87045574
0.01851962537,-0.1229976043,-11.86974335
0.01852962537,-0.1850686371,-11.87760544
0.01853962537,-0.246409297,-11.87648201
0.01854962537,-0.3067775071,-11.88388824
0.01855962537,-0.365934968,-11.88240147
0.01856962537,-0.4236482978,-11.88939762
0.01857962537,-0.4796896577,-11.88759041
0.01858087537,-0.4865661561,-11.89002228
0.01858337537,-0.5002287626,-11.8906498
0.01858837537,-0.5271802545,-11.89177418
0.01858853162,-0.5280142426,-11.89182568
0.01858884412,-0.5296807289,10.42433071
0.01858892967,-0.5301365256,12.71825981
0.01858901616,-0.5305972695,11.28282833
0.01858906061,-0.5308339596,12.0492239
0.0185891057,-0.5310739875,11.75350666
0.0185891521,-0.5313210487,11.86996269
0.01858919992,-0.5315755606,11.82271481
0.01858927797,-0.5319908857,11.84487724
0.01858939324,-0.5326040387,11.8308382
0.01858961399,-0.5337774158,11.84167385
0.01859005549,-0.53612113,11.8325634
0.01859093848,-0.5407961607,11.84175014
0.01859270447,-0.5500961542,11.83422375
0.01859623645,-0.5684918165,11.84431458
0.01860330041,-0.6044343114,11.83956432
0.01861330041,-0.6532639861,11.85243225
0.01862330041,-0.6995155215,11.84868526
0.01863330041,-0.7430064082,11.86096668
0.01864330041,-0.7835649252,11.85679626
0.01865330041,-0.8210311532,11.86855507
0.01866330041,-0.8552570939,11.86402035
0.01867330041,-0.8861077428,11.87531471
0.01868330041,-0.9134612679,11.87046719
0.01869330041,-0.9372098446,11.8813467
0.01870330041,-0.9572597146,11.87623119
0.01871330041,-0.9735316634,11.88673782
0.01871455041,-0.9752966166,11.88315964
0.01871486291,-0.9757285118,11.88320923
0.01871548791,-0.9765809178,11.88336563
0.01871564416,-0.9767916799,11.88340664
0.01871595666,-0.9772103429,11.88348579
0.01871607012,-0.9773614407,-8.323048592
0.01871613869,-0.9774525166,-13.7899437
0.01871619542,-0.977527678,-10.90500355
0.01871621931,-0.9775593281,-11.93330574
0.01871624241,-0.9775899053,-11.83792019
0.01871626676,-0.9776220918,-11.84550953
0.0187162943,-0.9776585102,-11.84469414
0.01871634939,-0.9777311683,-11.84489346
0.01871645957,-0.977876246,-11.84485531
0.01871667992,-0.9781649113,-11.84503555
0.01871712062,-0.978736639,-11.84519386
0.01871800202,-0.979857564,-11.84568787
0.01871976482,-0.9820092916,-11.84649754
0.01872329043,-0.985951066,-11.84825325
0.01873034164,-0.9923814535,-11.85148335
0.01874034164,-0.9981592298,-11.85593796
0.01875034164,-0.9999976754,-11.85999775
0.01876034164,-0.9978896379,-11.86389637
0.01877034164,-0.9918434024,-11.86743641
0.01878034164,-0.981882751,-11.87084579
0.01879034164,-0.9680470824,-11.87392712
0.01880034164,-0.9503909945,-11.87690639
0.01881034164,-0.9289841056,-11.87958527
0.01882034164,-0.9039109945,-11.88218689
0.01883034164,-0.8752705455,-11.8845129
0.01884034164,-0.8431757689,-11.8867836
0.01885034164,-0.8077533841,-11.88880062
0.01886034164,-0.7691431642,-11.89078236
0.01886159164,-0.764100194,-11.8909874
0.01886409164,-0.753873229,-11.89144516
0.01886471664,-0.7512872815,-11.89155865
0.01886596664,-0.7460807562,-11.89178276
0.01886597289,-0.7460545897,-2.701532602
0.01886598539,-0.7460022569,8.559950829
0.01886599246,-0.745972693,10.28671646
0.01886599748,-0.7459517121,10.91352367
0.01886600484,-0.7459208965,11.41425896
0.01886601659,-0.7458717227,11.72903442
0.01886603195,-0.7458074689,11.82291889
0.01886605331,-0.7457180023,11.83695984
0.01886608572,-0.7455823421,11.83632851
0.01886615053,-0.7453109026,11.83656025
0.01886628016,-0.7447676063,11.83651733
0.01886653941,-0.7436795831,11.83675766
0.01886705791,-0.7414976954,11.83697224
0.01886809492,-0.7371102571,11.83763885
0.01887016892,-0.7282416821,11.83873177
0.01887431694,-0.7101350427,11.84109879
0.01888261296,-0.6724873781,11.84544182
0.01889261296,-0.6246885657,11.85055447
0.01890261296,-0.574424386,11.85522461
0.01891261296,-0.5218932629,11.85976124
0.01892261296,-0.4673024416,11.86388969
0.01893261296,-0.4108673632,11.8679142
0.01894261296,-0.3528108001,11.87156105
0.01895261296,-0.2933618724,11.8751297
0.01896261296,-0.2327551544,11.87834644
0.01897261296,-0.1712298542,11.88150787
0.01898261296,-0.1090288013,11.88434124
0.01899261296,-0.04639745876,11.88713932
0.01899386296,-0.03855058551,11.8874321
0.01899636296,-0.0228501875,11.88808155
0.01900136296,0.008563645184,11.88935184
0.01900138359,0.008693230338,-4.150152206
0.01900142484,0.008952401578,-14.54477882
0.01900143738,0.009031181224,-12.44472885
0.0190014464,0.009087882936,-12.06500053
0.01900145876,0.009165519848,-11.8910675
0.01900147204,0.009248963557,-11.84912682
0.0190014986,0.009415852837,-11.83738518
0.01900153813,0.009664200246,-11.83940792
0.01900161718,0.01016089413,-11.83864689
0.01900177529,0.01115427446,-11.8392601
0.01900209152,0.01314100157,-11.83897877
0.01900272396,0.01711429097,-11.83969498
0.01900398884,0.02505999617,-11.83994293
0.01900651861,0.04094615951,-11.8415575
0.01901157814,0.07268343866,-11.84361744
0.01902157814,0.1351644546,-11.84856606
0.01903157814,0.1971120387,-11.85251141
0.01904157814,0.2582817078,-11.85692883
0.01905157814,0.3184320629,-11.86038399
0.01906157814,0.3773257136,-11.86433697
0.01907157814,0.4347302318,-11.86736393
0.01908157814,0.49041906,-11.87091064
0.01909157814,0.5441724658,-11.87356377
0.01910157814,0.5957782269,-11.87675667
0.01911157814,0.6450327039,-11.87908363
0.01912157814,0.6917415857,-11.88196659
0.01913157814,0.7357204556,-11.88401031
0.01913173439,0.7363850474,-11.88421059
0.01913204689,0.7377120256,-11.88430309
0.01913216034,0.7381930947,8.322260857
0.01913222892,0.738483727,13.7891283
0.01913228565,0.7387239933,10.90422344
0.01913230954,0.7388251424,11.93248272
0.01913233263,0.7389229536,11.83712101
0.01913235698,0.73902601,11.84470654
0.01913238453,0.7391425967,11.84389305
0.01913243961,0.7393757105,11.84409332
0.01913254978,0.7398415804,11.84405708
0.01913277013,0.7407723069,11.8442421
0.01913321081,0.7426294684,11.84440899
0.01913409218,0.7463268042,11.84492111
0.01913585492,0.7536525726,11.84576702
0.01913938041,0.7680258751,11.84759331
0.01914643137,0.7956352234,11.85096169
0.01915643137,0.8321021795,11.85560417
0.01916643137,0.8652852774,11.85984325
0.01917643137,0.8950534463,11.86391068
0.01918643137,0.9212892652,11.86760998
0.01919643137,0.9438891411,11.87116909
0.01920643137,0.9627639651,11.8743906
0.01921643137,0.9778391719,11.87749958
0.01922643137,0.9890552759,11.88029957
0.01923643137,0.9963680506,11.88301086
0.01924643137,0.9997486472,11.88543797
0.01925643137,0.9991836548,11.88779926
0.01926643137,0.9946753383,11.8898983
0.01927643137,0.9862415195,11.89195156
0.01927768137,0.9849127531,11.89216518
0.01928018137,0.9820730686,11.89263821
0.01928080637,0.9813252687,11.89275551
0.01928205637,0.9797842503,11.8929882
0.01928236887,0.9793895483,11.89304543
0.01928299387,0.9785888195,11.89316082
0.01928315012,0.9783862829,11.89318943
0.01928346262,0.9779784083,11.89324665
0.01928357608,0.9778293371,-8.313295364
0.01928364465,0.9777390361,-13.78019428
0.01928370136,0.9776642323,-10.89552116
0.01928372524,0.9776326418,-11.92330647
0.01928374832,0.9776021838,-11.82822418
0.01928377266,0.9775699377,-11.83576298
0.01928380019,0.9775335193,-11.83495712
0.01928385526,0.9774605036,-11.83515835
0.01928396538,0.9773142338,-11.83512878
0.01928418563,0.9770202041,-11.83532333
0.01928462613,0.9764264822,-11.83551311
0.01928550713,0.9752167463,-11.8360672
0.01928726913,0.97270751,-11.83699894
0.01929079313,0.9673318267,-11.83899689
0.01929784114,0.9551605582,-11.84271145
0.01930784114,0.934684217,-11.84784985
0.01931784114,0.9105191231,-11.85258961
0.01932784114,0.882760644,-11.85716152
0.01933784114,0.8515182734,-11.86136913
0.01934784114,0.8169153333,-11.86543846
0.01935784114,0.7790884376,-11.86917305
0.01936784114,0.7381868362,-11.87279606
0.01937784114,0.6943719387,-11.87611103
0.01938784114,0.647816658,-11.87933636
0.01939784114,0.5987047553,-11.88227654
0.01940784114,0.5472300649,-11.88514805
0.01940909114,0.5406396389,-11.88546181
0.01941159114,0.5273590684,-11.8861351
0.01941221614,0.5240184665,-11.88630199
0.01941237239,0.5231820345,-11.88634396
0.01941268489,0.52150774,-11.88642693
0.01941330989,0.5181530118,-11.88659286
0.01941331301,0.5181362033,-6.187869072
0.01941331926,0.5181026459,2.472288847
0.01941333176,0.5180354714,9.730010033
0.01941333717,0.5180063844,10.63758373
0.01941334475,0.5179656744,11.30433369
0.01941335209,0.5179262161,11.59540176
0.01941336678,0.51784724,11.80530834
0.01941338328,0.5177585483,11.83833694
0.01941341292,0.517599225,11.84228134
0.01941345355,0.517380774,11.84142208
0.01941353481,0.5169437528,11.84182453
0.01941369734,0.5160693526,11.84165859
0.0194140224,0.5143188238,11.84202003
0.01941467251,0.5108114481,11.84215069
0.01941597274,0.5037711859,11.84295368
0.01941857319,0.4895901978,11.84401894
0.0194237741,0.4608399868,11.84660435
0.0194337741,0.4042050838,11.85085869
0.0194437741,0.3459749818,11.85517788
0.0194537741,0.2863794565,11.85890293
0.0194637741,0.2256537229,11.86272526
0.0194737741,0.1640374511,11.86598969
0.0194837741,0.1017737985,11.86937904
0.0194937741,0.03910848498,11.87224102
0.0195037741,-0.02371116914,11.87525177
0.0195137741,-0.08643724769,11.87776375
0.0195237741,-0.1488221884,11.88044643
0.0195337741,-0.2106198072,11.88265419
0.0195437741,-0.2715862095,11.88505077
0.0195450241,-0.2791365385,11.88523865
0.0195475241,-0.2941850722,11.88577175
0.0195481491,-0.2979360223,11.88590431
0.0195493991,-0.3054240346,11.88616753
0.0195497116,-0.307293117,11.88623333
0.01954994909,-0.3087127507,-10.01817894
0.01955004961,-0.3093134165,-13.06622601
0.0195501402,-0.3098546863,-11.05652523
0.01955018205,-0.3101046979,-12.12353802
0.01955022024,-0.3103327751,-11.75271416
0.01955026056,-0.3105736077,-11.87271404
0.01955029817,-0.310798198,-11.8326664
0.01955036236,-0.3111815453,-11.8472271
0.01955046111,-0.3117711544,-11.83890533
0.01955065861,-0.3129499853,-11.84510136
0.01955105361,-0.3153062165,-11.84009647
0.01955184361,-0.3200128376,-11.84535694
0.01955342362,-0.3294022977,-11.8415451
0.01955658362,-0.3480829,-11.84777737
0.01956290362,-0.3850251734,-11.8464756
0.01957290362,-0.4422151446,-11.85582161
0.01958290362,-0.4976599216,-11.85587406
0.01959290362,-0.551140666,-11.86459351
0.01960290362,-0.6024463177,-11.86412334
0.01961290362,-0.6513743401,-11.87228107
0.01962290362,-0.6977317333,-11.87135029
0.01963290362,-0.7413354516,-11.87900543
0.01964290362,-0.7820135355,-11.87766933
0.01965290362,-0.8196052909,-11.88487625
0.01966290362,-0.853962481,-11.88318348
0.01967290362,-0.8849494457,-11.88998699
0.01968290362,-0.9124439359,-11.88798237
0.01969290362,-0.9363374114,-11.89442539
0.01969415362,-0.9390660524,-11.89255619
0.01969665362,-0.9443494081,-11.89303112
0.01969727862,-0.9456338882,-11.89317322
0.01969852862,-0.948159039,-11.89342308
0.01969884112,-0.9487812519,-11.89348507
0.0196990786,-0.9492515922,10.01093006
0.01969917912,-0.949450016,13.05897808
0.01969926972,-0.9496285915,11.04927826
0.01969931156,-0.9497109652,12.11620522
0.01969934973,-0.9497860074,11.74554253
0.01969939004,-0.949865222,11.86542892
0.01969942762,-0.9499390125,11.82543945
0.0196994918,-0.9500649571,11.83997154
0.01969959054,-0.9502583742,11.83166981
0.01969978801,-0.9506440759,11.83785343
0.01970018295,-0.951411128,11.83286572
0.01970097284,-0.9529275894,11.83812428
0.01970255261,-0.9558901787,11.83434105
0.01970571216,-0.9615324736,11.84060001
0.01971203125,-0.9716781378,11.83939171
0.01972203125,-0.9845986962,11.84887505
0.01973203125,-0.9936334491,11.84910679
0.01974203125,-0.9987468123,11.85800552
0.01975203125,-0.9999185801,11.85775566
0.01976203125,-0.9971441031,11.86613464
0.01977203125,-0.9904343486,11.86546326
0.01978203125,-0.9798158407,11.8733778
0.01979203125,-0.9653304219,11.87233829
0.01980203125,-0.947035253,11.87983799
0.01981203125,-0.9250026345,11.87847519
0.01982203125,-0.8993194103,11.8856039
0.01982328125,-0.8958572149,11.88380432
0.01982578125,-0.8887672424,11.88444424
0.0198257913,-0.8887383342,-0.07677489519
0.0198258114,-0.8886803985,-11.94006634
0.01982581846,-0.8886600733,-11.88936806
0.01982582459,-0.8886424303,-11.8677721
0.01982583293,-0.8886184096,-11.8535099
0.01982584962,-0.8885703087,-11.84457111
0.01982588299,-0.8884741068,-11.84354687
0.01982594972,-0.8882815838,-11.8439064
0.0198260832,-0.8878960609,-11.84377098
0.01982635014,-0.8871232271,-11.84405899
0.01982688404,-0.8855699897,-11.84417534
0.01982795183,-0.8824336529,-11.84482193
0.0198300874,-0.8760420084,-11.84570789
0.01983435855,-0.8627866507,-11.84782505
0.01984290085,-0.8344219327,-11.851511
0.01985290085,-0.7981699109,-11.85583782
0.01986290085,-0.7587678432,-11.85964298
0.01987290085,-0.7163712978,-11.8634491
0.01988290085,-0.6711475253,-11.86676788
0.01989290085,-0.6232751012,-11.87011814
0.01990290085,-0.572942853,-11.87301254
0.01991290085,-0.520349443,-11.87596416
0.01992290085,-0.4657024741,-11.87848854
0.01993290085,-0.4092175961,-11.88109303
0.01994290085,-0.3511177301,-11.88329601
0.01995290085,-0.2916321456,-11.88559818
0.01996290085,-0.2309956104,-11.88752079
0.01996415085,-0.2233469933,-11.88782692
0.01996665085,-0.2080089152,-11.88831425
0.01996727585,-0.2041662186,-11.88843441
0.01996852585,-0.1964714527,-11.88867474
0.01996883835,-0.1945458502,-11.88873386
0.01996907583,-0.193081975,10.01568222
0.01996917635,-0.1924622655,13.06373119
0.01996926695,-0.1919036359,11.05403233
0.0199693088,-0.1916455775,12.1210165
0.01996934698,-0.1914101094,11.75024891
0.01996938729,-0.1911614984,11.87020969
0.01996942489,-0.1909295917,11.83018303
0.01996948908,-0.1905336678,11.84473515
0.01996958783,-0.1899245679,11.83642197
0.01996978532,-0.1887061447,11.84261608
0.0199701803,-0.186268419,11.8376236
0.01997097026,-0.1813895255,11.84289455
0.01997255018,-0.1716184914,11.8391161
0.01997571003,-0.1520266235,11.84540272
0.01998202972,-0.1126708612,11.84422207
0.01999202972,-0.05005784333,11.85374832
0.02000202972,0.01275273599,11.85398674
0.02001202972,0.0755129829,11.86288166
0.02002202972,0.1379752159,11.86259174
0.02003202972,0.1998929232,11.87092113
0.02004202972,0.2610217631,11.87016678
0.02005202972,0.321120441,11.87798882
0.02006202972,0.3799518049,11.87682343
0.02007202972,0.4372836947,11.88418961
0.02008202972,0.4928897917,11.88266087
0.02009202972,0.5465506911,11.88961792
0.02010202972,0.5980546474,11.88776875
0.02011202972,0.6471983194,11.89435673
0.02011218597,0.6479464173,11.8923769
0.02011249847,0.6494407058,11.89220619
0.02011261192,0.6499826312,-8.3139925
0.02011268049,0.6503099799,-13.78124332
0.0201127372,0.6505806446,-10.89639187
0.02011276108,0.6506945491,-11.92423058
0.02011278416,0.6508046985,-11.82914162
0.0201128085,0.6509207487,-11.83667946
0.02011283603,0.6510521173,-11.83587265
0.0201128911,0.6513146758,-11.83607197
0.02011300122,0.6518395543,-11.83603859
0.02011322148,0.6528884172,-11.83622456
0.02011366198,0.654982388,-11.83639717
0.02011454299,0.6591552496,-11.83691883
0.02011630502,0.6674402356,-11.83778572
0.02011982907,0.6837638021,-11.83965397
0.02012687717,0.7153974771,-11.84311867
0.02013687717,0.757858634,-11.84791756
0.02014687717,0.7973288894,-11.85233879
0.02015687717,0.8336524367,-11.85661125
0.02016687717,0.8666859865,-11.86054039
0.02017687717,0.8962990642,-11.86434937
0.02018687717,0.9223749042,-11.86784554
0.02019687717,0.9448105097,-11.8712492
0.02020687717,0.9635174274,-11.8743639
0.02021687717,0.9784217477,-11.87740993
0.02022687717,0.9894647002,-11.8801899
0.02023687717,0.9966026545,-11.88292122
0.02023812717,0.9972187877,-11.88321877
0.02023843967,0.9973632097,-11.88329983
0.02023906467,0.9976404905,-11.883461
0.02023922092,0.9977074265,-11.88350105
0.02023933966,0.9977576137,8.457439423
0.0202393922,0.9977796674,13.37932873
0.02023943217,0.9977963567,11.32596207
0.02023945212,0.9978046417,11.84705257
0.02023947578,0.9978144765,11.84454441
0.0202394988,0.9978240728,11.84477806
0.02023953572,0.9978393316,11.84477615
0.02023960955,0.9978696704,11.84482002
0.02023975722,0.9979298115,11.84488869
0.02024005255,0.9980474114,11.84503841
0.02024064322,0.9982723594,11.84532547
0.02024182455,0.9986809492,11.84590721
0.02024418721,0.9993331432,11.84704685
0.02024891253,0.999976635,11.84928322
0.02025836317,0.9986196756,11.85354042
0.02026836317,0.9933512211,11.85776711
0.02027836317,0.9841623902,11.86171246
0.02028836317,0.9710895419,11.86540604
0.02029836317,0.9541842341,11.86885071
0.02030836317,0.9335132241,11.87207603
0.02031836317,0.909158051,11.87508202
0.02032836317,0.8812148571,11.87789631
0.02033836317,0.8497938514,11.88051701
0.02034836317,0.8150191903,11.88297081
0.02035836317,0.7770279646,11.88525581
0.02036836317,0.7359701395,11.88739491
0.02037836317,0.6920078397,11.88938522
0.02037961317,0.6863168478,11.88962555
0.02038211317,0.6748082042,11.89009953
0.02038711317,0.651294291,11.89102173
0.02038726942,0.6505489945,11.89105034
0.02038758192,0.6490565538,11.89110661
0.02038820692,0.6460641623,11.89121914
0.02038821005,0.6460491419,6.192492962
0.0203882163,0.6460191607,-2.467668295
0.0203882288,0.6459591985,-9.725389481
0.02038823421,0.6459332705,-10.63281631
0.02038824178,0.6458969712,-11.29958916
0.02038824912,0.6458617449,-11.59067917
0.02038826381,0.6457912326,-11.80064774
0.02038828031,0.6457121372,-11.83370876
0.02038830993,0.6455699801,-11.8376646
0.02038835055,0.645375073,-11.83680725
0.02038843178,0.6449851394,-11.83721733
0.02038859424,0.6442047358,-11.83706474
0.02038891915,0.6426419616,-11.83745384
0.02038956899,0.639508307,-11.83763885
0.02039086865,0.6332091093,-11.83855152
0.02039346799,0.6204845309,-11.83983326
0.02039866666,0.5945422053,-11.84284401
0.02040866666,0.5428813696,-11.84789371
0.02041866666,0.4890780747,-11.85297394
0.02042866666,0.4333445728,-11.85742474
0.02043866666,0.3759008646,-11.86193848
0.02044866666,0.3169736564,-11.86585808
0.02045866666,0.2567954957,-11.86986637
0.02046866666,0.1956038922,-11.873312
0.02047866666,0.1336403191,-11.87687111
0.02048866666,0.07114932686,-11.87989426
0.02049866666,0.008377541788,-11.88305092
0.02050866666,-0.0544273071,-11.88569736
0.02051866666,-0.1170173511,-11.88849545
0.02051991666,-0.1248136908,-11.888731
0.02052241666,-0.1403827816,-11.88935757
0.02052304166,-0.1442697942,-11.88951302
0.02052429166,-0.1520370692,-11.88982201
0.02052460416,-0.1539774537,-11.8898983
0.02052522916,-0.1578564197,-11.89005184
0.02052538541,-0.15882577,-11.89008999
0.02052550415,-0.1595623493,8.450852394
0.02052555668,-0.1598881781,13.37274265
0.02052559664,-0.1601360142,11.31954384
0.02052561659,-0.1602597088,11.84037876
0.02052564024,-0.1604064405,11.83796692
0.02052566326,-0.1605491638,11.83819294
0.02052570017,-0.1607780606,11.83819199
0.02052577399,-0.1612358242,11.83823681
0.02052592163,-0.1621512622,11.83830643
0.0205262169,-0.1639817208,11.83845997
0.02052680746,-0.1676409245,11.83875561
0.02052798857,-0.174952358,11.83935261
0.02053035079,-0.1895459145,11.84052467
0.02053507524,-0.2186045498,11.8428278
0.02054452412,-0.2761185765,11.84723091
0.02055452412,-0.3359231651,11.85163021
0.02056452412,-0.3944019973,11.85576534
0.02057452412,-0.4513243437,11.85966587
0.02058452412,-0.5064654946,11.8633337
0.02059452412,-0.5596078634,11.86679745
0.02060452412,-0.6105417609,11.87005806
0.02061452412,-0.659066081,11.87314129
0.02062452412,-0.7049893737,11.87604523
0.02063452412,-0.7481303811,11.87879467
0.02064452412,-0.7883188725,11.88138771
0.02065452412,-0.8253962398,11.88384628
0.02065468037,-0.8259500861,11.88388157
0.02065499287,-0.8270553946,11.88395596
0.02065510633,-0.8274559379,-8.322579384
0.0206551749,-0.8276977539,-13.78947544
0.02065523164,-0.8278977871,-10.90454865
0.02065525552,-0.8279819489,-11.93282604
0.02065527862,-0.8280633092,-11.83745575
0.02065530297,-0.8281490803,-11.84504318
0.02065533051,-0.828246057,-11.84422874
0.0206553856,-0.8284399509,-11.84442902
0.02065549577,-0.8288274407,-11.84439182
0.02065571612,-0.8296012878,-11.84457493
0.02065615681,-0.8311441541,-11.84473991
0.02065703819,-0.834210813,-11.84524632
0.02065880096,-0.8402671814,-11.84608173
0.02066232649,-0.8520700336,-11.84788704
0.02066937754,-0.8744158149,-11.85121536
0.02067937754,-0.9031549096,-11.85580158
0.02068937754,-0.9283296466,-11.85998726
0.02069937754,-0.9498406649,-11.86400318
0.02070937754,-0.967603147,-11.86765385
0.02071937754,-0.9815468788,-11.87116623
0.02072937754,-0.9916169643,-11.87434387
0.02073937754,-0.9977735281,-11.87741184
0.02074937754,-0.9999923706,-11.88017273
0.02075937754,-0.9982646704,-11.88284779
0.02076937754,-0.9925972819,-11.88524055
0.02077937754,-0.983012557,-11.88757038
0.02078937754,-0.9695484042,-11.88964081
0.02079937754,-0.952257812,-11.89166737
0.02080062754,-0.9498306513,-11.89187813
0.02080312754,-0.9448007941,-11.89234543
0.02080375254,-0.9435068965,-11.89246082
0.02080500254,-0.9408753514,-11.89269066
0.02080531504,-0.9402083755,-11.89274788
0.02080594004,-0.9388636351,-11.89286137
0.02080609629,-0.9385251403,-11.89288998
0.02080640879,-0.9378455281,-11.89294624
0.02080652225,-0.9375978708,8.313595772
0.02080659082,-0.9374479651,13.78049469
0.02080664754,-0.9373238683,10.89581394
0.02080667141,-0.937271595,11.92361546
0.0208066945,-0.9372209907,11.82852459
0.02080671884,-0.9371677041,11.83606434
0.02080674637,-0.9371073246,11.83525848
0.02080680143,-0.936986506,11.83545971
0.02080691156,-0.9367445111,11.83543015
0.02080713181,-0.9362592697,11.83562565
0.02080757232,-0.9352833033,11.83581543
0.02080845333,-0.9333099723,11.83637142
0.02081021536,-0.9292775393,11.83730793
0.02081373941,-0.9208714366,11.83931351
0.02082078751,-0.9027091861,11.84304237
0.02083078751,-0.8739122152,11.84819889
0.02084078751,-0.8416662812,11.85295391
0.02085078751,-0.8060986996,11.85753822
0.02086078751,-0.7673497796,11.86175632
0.02087078751,-0.7255725265,11.86583328
0.02088078751,-0.680931747,11.86957359
0.02089078751,-0.6336036325,11.87319851
0.02090078751,-0.5837749839,11.87651348
0.02091078751,-0.531642437,11.8797369
0.02092078751,-0.4774117768,11.88267326
0.02093078751,-0.4212969542,11.88553715
0.02093203751,-0.4141610563,11.88585091
0.02093453751,-0.3998131156,11.88652229
0.02093516251,-0.3962105811,11.88668823
0.02093641251,-0.3889872134,11.88701916
0.02093672501,-0.3871776164,11.88710117
0.02093735001,-0.383553952,11.88726521
0.02093750626,-0.3826470971,11.88730621
0.020937625,-0.38195768,-8.453633308
0.02093767754,-0.3816526234,-13.37552261
0.0209377175,-0.3814205229,-11.32225227
0.02093773745,-0.3813046515,-11.84319496
0.02093776111,-0.3811672032,-11.84074211
0.02093778413,-0.38103351,-11.84097099
0.02093782104,-0.3808190525,-11.84096909
0.02093789486,-0.3803901076,-11.84101295
0.02093804251,-0.3795319796,-11.84108067
0.02093833781,-0.3778147101,-11.84122849
0.02093892842,-0.374376297,-11.84151363
0.02094010962,-0.3674840629,-11.84208965
0.02094247203,-0.353639245,-11.84321976
0.02094719684,-0.3257189393,-11.84543991
0.02095664647,-0.2690420449,-11.84967613
0.02096664647,-0.2080358267,-11.85389805
0.02097664647,-0.1462085843,-11.85785675
0.02098664647,-0.08380430937,-11.86158085
0.02099664647,-0.02106930315,-11.86507416
0.02100664647,0.04174885154,-11.86836338
0.02101664647,0.1044022441,-11.87145042
0.02102664647,0.1666436046,-11.87436104
0.02103664647,0.2282273024,-11.87709522
0.02104664647,0.2889102995,-11.87967682
0.02105664647,0.3484531045,-11.88210297
0.02106664647,0.4066207111,-11.88439751
0.02106789647,0.4137834609,-11.88467216
0.02107039647,0.428031981,-11.88522053
0.02107102147,0.4315777421,-11.88535595
0.02107227147,0.4386492372,-11.88562679
0.02107227772,0.4386845231,-2.69537878
0.02107229022,0.438755095,8.566102028
0.02107229729,0.4387950599,10.29319
0.02107230231,0.4388233721,10.9199934
0.02107230967,0.4388649464,11.42065144
0.02107232143,0.4389313161,11.7352972
0.02107233679,0.4390180409,11.82910633
0.02107235816,0.4391386807,11.84311485
0.02107239059,0.4393217266,11.84248066
0.02107245544,0.4396877289,11.84271049
0.02107258514,0.4404194951,11.84266281
0.02107284454,0.4418821931,11.84289455
0.02107336333,0.4448040128,11.8430891
0.02107440093,0.4506334662,11.84371948
0.02107647612,0.4622347057,11.84473705
0.0210806265,0.4851994216,11.84695435
0.02108892725,0.530123651,11.85099697
0.02109892725,0.5823189616,11.85574341
0.02110892725,0.6322160959,11.86004639
0.02111892725,0.6796181202,11.86421585
0.02112892725,0.7243380547,11.86797523
0.02113892725,0.7661993504,11.87163258
0.02114892725,0.8050368428,11.87491131
0.02115892725,0.8406971693,11.87811375
0.02116892725,0.8730396628,11.88096523
0.02117892725,0.9019366503,11.88376427
0.02118892725,0.9272741079,11.88623714
0.02119892725,0.9489520788,11.8886795
0.02120892725,0.9668849111,11.89081669
0.02121892725,0.9810019732,11.89294243
0.02122017725,0.9824953079,11.89315319
0.02122048975,0.9828591943,11.89321423
0.02122111475,0.9835755825,11.8933363
0.02122236475,0.9849628806,11.89357853
0.021222371,0.9849696755,2.703329325
0.0212223835,0.9849832058,-8.558153152
0.02122239058,0.9849908948,-10.28482628
0.02122239559,0.9849963188,-10.9116354
0.02122240295,0.9850043058,-11.41239262
0.0212224147,0.9850170612,-11.72720623
0.02122243006,0.9850336909,-11.82111263
0.02122245142,0.9850568175,-11.83516312
0.02122248382,0.9850918651,-11.83453178
0.02122254862,0.9851617813,-11.83476162
0.02122267823,0.9853012562,-11.83471775
0.02122293744,0.9855781794,-11.83495426
0.02122345585,0.9861240983,-11.83516121
0.02122449268,0.9871847034,-11.83581352
0.02122656634,0.9891800284,-11.83687782
0.02123071366,0.9926667213,-11.83918953
0.02123900831,0.9976161122,-11.84343243
0.02124900831,0.9999805689,-11.84843731
0.02125900831,0.998398602,-11.8530159
0.02126900831,0.9928764105,-11.85747719
0.02127900831,0.98343575,-11.86154652
0.02128900831,0.9701139331,-11.8655262
0.02129900831,0.952963531,-11.86914349
0.02130900831,0.9320521951,-11.87269783
0.02131900831,0.9074624777,-11.87591457
0.02132900831,0.8792914748,-11.87909126
0.02133900831,0.8476502299,-11.88195324
0.02134900831,0.812663734,-11.88479328
0.02134916456,0.8120912313,-11.88480186
0.02134947706,0.8109439611,-11.88488197
0.02134959051,0.8105266094,8.321644783
0.02134965909,0.8102741838,13.78854465
0.02134971582,0.8100652099,10.90363884
0.0213497397,0.8099772334,11.93186569
0.0213497628,0.809892118,11.83652401
0.02134978715,0.8098023534,11.84410572
0.02134981469,0.8097008467,11.84329033
0.02134986978,0.8094976544,11.84348965
0.02134997994,0.8090910316,11.84344959
0.02135020028,0.8082767129,11.84362602
0.02135064095,0.8066433072,11.8437767
0.02135152229,0.8033580184,11.84425735
0.02135328498,0.7967135906,11.84504032
0.02135681035,0.7831323743,11.84674358
0.0213638611,0.7548241019,11.84987545
0.0213738611,0.7121486068,11.85420322
0.0213838611,0.6666626334,11.85815239
0.0213938611,0.6185455918,11.86195469
0.0214038611,0.567987442,11.86541271
0.0214138611,0.5151877403,11.86875534
0.0214238611,0.460354805,11.87178612
0.0214338611,0.4037050605,11.87472725
0.0214438611,0.345462054,11.87738323
0.0214538611,0.2858556807,11.87997627
0.0214638611,0.2251211852,11.88230705
0.0214738611,0.1634982228,11.88459587
0.0214838611,0.1012300029,11.88664532
0.0214851111,0.09341333061,11.88692284
0.0214876111,0.07776317,11.88742447
0.0214882361,0.07384748012,11.88754845
0.0214894861,0.06601274759,11.88779449
0.0214897986,0.0640534088,11.88785648
0.0214904236,0.06013399735,11.88797855
0.02149057985,0.05915399641,11.88800907
0.02149089235,0.05719382688,11.88807011
0.02149100581,0.05648211017,-8.318470955
0.02149107438,0.05605194345,-13.78536892
0.02149113111,0.05569607392,-10.90055561
0.02149115499,0.05554625764,-11.92861652
0.02149117808,0.05540139228,-11.83337402
0.02149120242,0.05524866283,-11.84093952
0.02149122996,0.05507589877,-11.84012985
0.02149128504,0.05473037064,-11.84033203
0.02149139519,0.05403929204,-11.84029961
0.02149161549,0.0526570566,-11.84049225
0.0214920561,0.04989228398,-11.84067631
0.02149293731,0.04436161742,-11.84122086
0.02149469974,0.03329636902,-11.84213161
0.02149822459,0.01115498412,-11.84408665
0.0215052743,-0.03313333914,-11.84771156
0.0215152743,-0.09582400322,-11.85270882
0.0215252743,-0.158136487,-11.85729504
0.0215352743,-0.2198248804,-11.86170101
0.0215452743,-0.2806457281,-11.86573029
0.0215552743,-0.3403590024,-11.86960888
0.0215652743,-0.3987290263,-11.87314129
0.0215752743,-0.4555254579,-11.87655163
0.0215852743,-0.5105241537,-11.87964249
0.0215952743,-0.5635079741,-11.88263416
0.0216052743,-0.6142679453,-11.88533115
0.0216152743,-0.6626036763,-11.8879509
0.0216252743,-0.7083244324,-11.89029789
0.0216352743,-0.7512497306,-11.89258671
0.0216365243,-0.7564102411,-11.89282894
0.02163653055,-0.7564359307,-2.702579498
0.02163654305,-0.7564873099,8.55890274
0.02163655012,-0.756516397,10.28561401
0.02163655514,-0.7565369606,10.91242313
0.0216365625,-0.7565672398,11.41317081
0.02163657425,-0.7566155195,11.72796822
0.02163658961,-0.7566785812,11.82186604
0.02163661097,-0.7567663193,11.8359108
0.02163664337,-0.7568994164,11.83527946
0.02163670818,-0.7571654916,11.83550835
0.02163683779,-0.757697165,11.83546066
0.02163709702,-0.758759141,11.83569241
0.02163761547,-0.7608769536,11.83588886
0.02163865237,-0.7650883794,11.83651924
0.02164072618,-0.7734135985,11.83754158
0.02164487379,-0.7896687388,11.83977032
0.02165316901,-0.8205595016,11.84385014
0.02166316901,-0.8548289537,11.8486681
0.02167316901,-0.8857247829,11.85307026
0.02168316901,-0.9131250381,11.85736465
0.02169316901,-0.9369215965,11.86127567
0.02170316901,-0.9570205808,11.86510944
0.02171316901,-0.9733425975,11.8685894
0.02172316901,-0.9858233333,11.87201691
0.02173316901,-0.9944134355,11.8751173
0.02174316901,-0.9990790486,11.87818718
0.02175316901,-0.999801755,11.88095188
0.02175441901,-0.9996145368,11.88132954
0.02175691901,-0.9990552068,11.88200951
0.02176191901,-0.9971970916,11.88334084
0.02176207526,-0.9971231818,11.8833828
0.02176238776,-0.9969724417,11.88346481
0.02176301276,-0.9966593981,11.88362789
0.02176301588,-0.9966577888,6.184904099
0.02176302213,-0.9966545701,-2.47525382
0.02176303463,-0.9966481328,-9.732975006
0.02176304005,-0.996645391,-10.64064312
0.02176304762,-0.9966414571,-11.30737782
0.02176305496,-0.996637702,-11.59843063
0.02176306966,-0.9966301322,-11.80829906
0.02176308616,-0.9966216087,-11.84130764
0.0217631158,-0.9966062903,-11.84524632
0.02176315644,-0.9965852499,-11.84438705
0.02176323773,-0.9965429306,-11.84479046
0.0217634003,-0.9964575768,-11.84462547
0.02176372545,-0.9962836504,-11.84498787
0.02176437574,-0.9959233999,-11.84512043
0.02176567633,-0.9951530695,-11.84592819
0.02176827751,-0.9934130311,-11.84700203
0.02177347986,-0.9891374111,-11.84960175
0.02178347986,-0.9779557586,-11.85387135
0.02179347986,-0.9629145861,-11.85819244
0.02180347986,-0.9440732002,-11.86190605
0.02181347986,-0.9215059876,-11.86570358
0.02182347986,-0.8953019977,-11.86892891
0.02183347986,-0.8655647039,-11.87226582
0.02184347986,-0.8324114084,-11.8750639
0.02185347986,-0.7959729433,-11.8779974
0.02186347986,-0.7563931346,-11.88042068
0.02187347986,-0.7138282061,-11.88300228
0.02188347986,-0.6684461236,-11.88509846
0.02189347986,-0.6204259992,-11.88737202
0.02190347986,-0.5699573159,-11.889184
0.02190472986,-0.5634863973,-11.88950062
0.02190722986,-0.5504406691,-11.88997078
0.02190785486,-0.5471578836,-11.89008617
0.02190910486,-0.5405670404,-11.89031696
0.02190941736,-0.538914144,-11.89037418
0.02191004236,-0.5356020331,-11.89048862
0.02191019861,-0.5347727537,-11.89051628
0.02191051111,-0.5331125259,-11.8905735
0.02191062457,-0.5325093269,8.315969467
0.02191069314,-0.5321445465,13.78286743
0.02191074986,-0.5318427682,10.89812279
0.02191077374,-0.5317157507,11.92605019
0.02191079683,-0.5315928459,11.83088589
0.02191082117,-0.531463325,11.83843803
0.0219108487,-0.5313167572,11.83763123
0.02191090377,-0.5310236216,11.8378334
0.02191101391,-0.5304371119,11.83780289
0.02191123419,-0.529263258,11.83799839
0.02191167475,-0.5269126296,11.83818722
0.02191255586,-0.5221992731,11.83874321
0.02191431808,-0.5127246976,11.83967686
0.02191784252,-0.4935881197,11.84167767
0.0219248914,-0.4545983672,11.84539413
0.0219348914,-0.3977740109,11.8505249
0.0219448914,-0.339379847,11.85524559
0.0219548914,-0.2796462774,11.85978699
0.0219648914,-0.218809098,11.86395264
0.0219748914,-0.1571083665,11.86796951
0.0219848914,-0.09478759766,11.87164211
0.0219948914,-0.03209275007,11.87519169
0.0220048914,0.03072875366,11.87842369
0.0220148914,0.09342898428,11.88155651
0.0220248914,0.1557604969,11.88439465
0.0220348914,0.2174772918,11.88715553
0.0220448914,0.2783358097,11.88964272
0.0220461414,0.2858707607,11.88997173
0.0220486414,0.3008873165,11.89057636
0.0220492664,0.3046300113,11.89072514
0.02204942265,0.30556494,11.89076233
0.0220495414,0.3062752485,-8.450180054
0.02204959393,0.3065894544,-13.37207127
0.02204963389,0.3068284094,-11.31888962
0.02204965383,0.3069476783,-11.83969784
0.02204967749,0.3070891201,-11.83729649
0.0220497005,0.3072267473,-11.83752155
0.02204973741,0.3074474335,-11.8375206
0.02204981123,0.3078887463,-11.83756638
0.02204995886,0.3087711632,-11.83763695
0.02205025414,0.3105352223,-11.8377924
0.02205084468,0.3140601516,-11.8380909
0.02205202577,0.3210969567,-11.83869553
0.02205438795,0.3351171315,-11.83988094
0.0220591123,0.3629329503,-11.84221268
0.02206856101,0.4175810516,-11.84667015
0.02207856101,0.4738110006,-11.85112667
0.02208856101,0.5281710625,-11.85531807
0.02209856101,0.5804466605,-11.85927296
0.02210856101,0.6304314733,-11.8629961
0.02211856101,0.6779282689,-11.8665123
0.02212856101,0.7227495909,-11.86982536
0.02213856101,0.7647185922,-11.87295818
0.02214856101,0.8036695719,-11.87591171
0.02215856101,0.8394488096,-11.87870884
0.02216856101,0.8719151616,-11.88134861
0.02216981101,0.8757339716,-11.88166809
0.02217231101,0.8832093477,-11.88230228
0.02217731101,0.8975045085,-11.88354301
0.02217746726,0.8979370594,-11.88358116
0.02217777976,0.898799479,-11.88365746
0.02217789321,0.8991117477,8.322877884
0.02217796179,0.8993002772,13.78977299
0.02217801852,0.8994561434,10.90483761
0.02217804241,0.8995217085,11.93313122
0.02217806551,0.8995850682,11.83775139
0.02217808986,0.899651885,11.84533978
0.0221781174,0.8997274637,11.84452534
0.02217817249,0.8998784423,11.84472466
0.02217828266,0.900180161,11.84468746
0.02217850301,0.9007822871,11.84486961
0.02217894371,0.9019812942,11.84503078
0.0221798251,0.9043586254,11.84553242
0.02218158789,0.9090299606,11.84635735
0.02218511347,0.9180375338,11.84814167
0.02219216463,0.9346970916,11.85142899
0.02220216463,0.9551712871,11.85595989
0.02221216463,0.9718758464,11.86009312
0.02222216463,0.9847448468,11.86405945
0.02223216463,0.9937275052,11.86766243
0.02224216463,0.9987884164,11.87112999
0.02225216463,0.9999074936,11.87426662
0.02226216463,0.9970804453,11.87729454
0.02227216463,0.9903183579,11.88001919
0.02228216463,0.9796479344,11.88266087
0.02229216463,0.9651113153,11.88502407
0.02230216463,0.9467658401,11.88732529
0.02231216463,0.9246838689,11.88937092
0.02232216463,0.8989526033,11.89137459
0.02232341463,0.8954845071,11.89158249
0.02232591463,0.8883828521,11.89204502
0.02232653963,0.8865731359,11.89215946
0.02232778963,0.8829126358,11.89238644
0.02232810213,0.8819890022,11.8924427
0.02232872713,0.8801315427,11.89255524
0.02232888338,0.8796650171,11.89258385
0.02232900212,0.8793099523,-8.448366165
0.02232905465,0.8791527152,-13.37025928
0.02232909461,0.8790330887,-11.31712627
0.02232911455,0.8789733052,-11.83786583
0.0223291382,0.8789024353,-11.83549213
0.02232916121,0.8788334727,-11.83571625
0.02232919812,0.8787227869,-11.83571815
0.02232927194,0.878501296,-11.83576775
0.02232941956,0.8780577779,-11.83584785
0.02232971482,0.8771684766,-11.83601952
0.02233030534,0.8753808141,-11.8363533
0.02233148636,0.8717693686,-11.83702564
0.02233384842,0.8644026518,-11.83834839
0.02233857254,0.8490997553,-11.8409462
0.02234802076,0.8162639141,-11.84591961
0.02235802076,0.778380394,-11.85089302
0.02236802076,0.7374250293,-11.85557175
0.02237802076,0.6935593486,-11.8599844
0.02238802076,0.6469565034,-11.86413574
0.02239802076,0.5978004336,-11.86805058
0.02240802076,0.5462850928,-11.87173176
0.02241802076,0.4926138222,-11.87520409
0.02242802076,0.4369984269,-11.87846661
0.02243802076,0.379658401,-11.88154316
0.02244802076,0.3208200634,-11.88443279
0.02245802076,0.260715574,-11.88715649
0.02245927076,0.2531252503,-11.88748169
0.02245958326,0.2512252033,-11.88756371
0.02246020826,0.2474222332,-11.88772678
0.02246145826,0.2398048937,-11.88805008
0.02246146451,0.2397667766,-2.69780612
0.02246147701,0.2396905273,8.563673019
0.02246148409,0.2396473587,10.29063702
0.0224614891,0.2396167815,10.91744232
0.02246149646,0.2395718694,11.41813183
0.02246150822,0.2395001501,11.73282814
0.02246152358,0.2394064516,11.82666683
0.02246154495,0.2392760813,11.8406868
0.02246157737,0.2390782982,11.84005165
0.0224616422,0.2386827171,11.84027863
0.02246177187,0.2378914505,11.84022522
0.02246203121,0.2363084406,11.84044552
0.02246254989,0.2331405282,11.84061909
0.02246358725,0.2267972976,11.84120464
0.02246566198,0.2140822262,11.84213638
0.02246981142,0.1885450929,11.84418488
0.0224781103,0.1371038258,11.84790897
0.0224881103,0.07463572174,11.85230541
0.0224981103,0.01187305432,11.85629368
0.0225081103,-0.05093646795,11.86018372
0.0225181103,-0.1135449708,11.86370087
0.0225281103,-0.1757053584,11.86714935
0.0225381103,-0.2371723205,11.87025452
0.0225481103,-0.2977032661,11.87331867
0.0225581103,-0.3570593297,11.87606525
0.0225681103,-0.4150062203,11.87879372
0.0225781103,-0.4713152945,11.8812294
0.0225881103,-0.5257642865,11.88366508
0.0225893603,-0.5324288011,11.8839159
0.0225918603,-0.5456590056,11.88448143
0.0225924853,-0.5489456058,11.88462162
0.0225937353,-0.5554934144,11.88490105
0.0225940478,-0.5571250319,11.88497066
0.0225946728,-0.5603818297,11.88510895
0.02259467593,-0.5603981018,6.186383724
0.02259468218,-0.5604306459,-2.473775864
0.02259469468,-0.5604956746,-9.731496811
0.02259470009,-0.560523808,-10.63911724
0.02259470766,-0.5605632067,-11.30585957
0.02259471501,-0.5606014729,-11.59692001
0.0225947297,-0.560677886,-11.80680752
0.0225947462,-0.5607637167,-11.83982658
0.02259477584,-0.5609179139,-11.84377003
0.02259481647,-0.561129272,-11.84291267
0.02259489775,-0.5615518689,-11.84331799
0.0225950603,-0.5623967052,-11.84315968
0.0225953854,-0.5640845299,-11.84353447
0.02259603561,-0.5674532056,-11.84369373
0.02259733602,-0.5741620064,-11.84455204
0.02259993684,-0.5874641538,-11.84572792
0.02260513847,-0.6135942936,-11.848526
0.02261513847,-0.6619642377,-11.85316467
0.02262513847,-0.7077217102,-11.85783482
0.02263513847,-0.7506861687,-11.8618803
0.02264513847,-0.7906879783,-11.86598873
0.02265513847,-0.8275693059,-11.86950779
0.02266513847,-0.861184597,-11.8731184
0.02267513847,-0.8914011717,-11.87617111
0.02268513847,-0.9180998206,-11.87934017
0.02269513847,-0.9411751032,-11.88197899
0.02270513847,-0.9605360627,-11.884758
0.02271513847,-0.9761061668,-11.88703156
0.02272513847,-0.9878240824,-11.88946342
0.02273513847,-0.9956434965,-11.8914156
0.02274513847,-0.999533534,-11.89354229
0.02274529472,-0.9995630383,-11.89349556
0.02274560722,-0.9996191263,-11.8935461
0.02274572068,-0.9996385574,8.312983513
0.02274578925,-0.9996500611,13.77989483
0.02274584597,-0.9996594191,10.89522457
0.02274586984,-0.9996632934,11.92299366
0.02274589292,-0.9996670485,11.82792187
0.02274591726,-0.9996709824,11.8354578
0.02274594479,-0.9996753931,11.83465195
0.02274599986,-0.999684155,11.83485317
0.02274610998,-0.9997013211,11.83482265
0.02274633023,-0.9997341633,11.83501625
0.02274677072,-0.9997941852,11.83520317
0.02274765171,-0.9998911619,11.83575249
0.02274941368,-0.9999932051,11.83667564
0.02275293763,-0.9998296499,11.83865452
0.02275998552,-0.9980324507,11.84233475
0.02276998552,-0.9921261072,11.84742737
0.02277998552,-0.982304275,11.85212612
0.02278998552,-0.9686057568,11.85666084
0.02279998552,-0.9510846138,11.86083603
0.02280998552,-0.9298099875,11.8648777
0.02281998552,-0.9048658013,11.8685894
0.02282998552,-0.876350522,11.87219238
0.02283998552,-0.8443766832,11.87549305
0.02284998552,-0.8090704679,11.87870789
0.02285998552,-0.7705712318,11.88164139
0.02286998552,-0.7290309072,11.88451004
0.02287123552,-0.7236325741,11.88482475
0.02287373552,-0.7127023339,11.88549805
0.02287374557,-0.7126580477,-0.07572905719
0.02287376567,-0.7125694156,-11.93902874
0.02287377273,-0.7125383019,-11.88833141
0.02287377886,-0.712511301,-11.86673641
0.0228737872,-0.712474525,-11.85247326
0.02287380389,-0.7124009728,-11.84353352
0.02287383725,-0.712253809,-11.84250927
0.02287390399,-0.7119594216,-11.8428688
0.02287403746,-0.7113702893,-11.84273338
0.02287430439,-0.7101905346,-11.84302139
0.02287483827,-0.7078250051,-11.84313679
0.02287590601,-0.7030700445,-11.84378433
0.0228780415,-0.6934654117,-11.84466839
0.02288231249,-0.6738834381,-11.84678555
0.02289085446,-0.6332781315,-11.85047245
0.02290085446,-0.5834333897,-11.85480595
0.02291085446,-0.5312861204,-11.85862064
0.02292085446,-0.4770421088,-11.86244106
0.02293085446,-0.420915395,-11.86577797
0.02294085446,-0.3631275594,-11.86915112
0.02295085446,-0.3039065897,-11.87207222
0.02296085446,-0.2434862703,-11.87505436
0.02297085446,-0.1821050048,-11.87761307
0.02298085446,-0.1200050563,-11.8802557
0.02299085446,-0.05743150041,-11.88249874
0.02300085446,0.005368707236,-11.88484573
0.02301085446,0.06814772636,-11.88681698
0.02301210446,0.0759812668,-11.88712883
0.02301241696,0.0779389441,-11.88719177
0.02301304196,0.08185337484,-11.88731766
0.02301319821,0.08283178508,-11.88734818
0.02301331695,0.08357528597,8.453598976
0.02301336949,0.0839041993,13.37549114
0.02301340945,0.0841544047,11.32222462
0.0230134294,0.08427929133,11.84316635
0.02301345306,0.08442743123,11.84071541
0.02301347608,0.08457154036,11.8409462
0.02301351299,0.08480263501,11.8409462
0.02301358681,0.08526480943,11.84099483
0.02301373446,0.08618910611,11.84107113
0.02301402976,0.08803748339,11.84123802
0.02301462037,0.09173332155,11.84155941
0.02301580157,0.0991211459,11.84220791
0.02301816397,0.1138800159,11.84348106
0.02302288878,0.1433192343,11.84597969
0.02303233841,0.2017929554,11.85074997
0.02304233841,0.2628935575,11.85549927
0.02305233841,0.3229566514,11.8599472
0.02306233841,0.3817451894,11.86412334
0.02307233841,0.4390271604,11.86802959
0.02308233841,0.4945764542,11.87169361
0.02309233841,0.5481739044,11.87511826
0.02310233841,0.5996079445,11.87832832
0.02311233841,0.6486756206,11.88132477
0.02312233841,0.6951832771,11.88412952
0.02313233841,0.7389473915,11.8867445
0.02314233841,0.7797951698,11.88919067
0.02315233841,0.8175655007,11.89146519
0.02315358841,0.8220627904,11.89173985
0.02315608841,0.8309050798,11.89227962
0.02315671341,0.8330836892,11.89241314
0.02315796341,0.8374024034,11.89267826
0.02315827591,0.8384739757,11.89274406
0.02315890091,0.8406075239,11.89287567
0.02316015091,0.8448355794,11.89313602
0.02316015715,0.8448566198,2.70288825
0.02316016965,0.8448986411,-8.55859375
0.02316017673,0.8449224234,-10.28528976
0.02316018174,0.8449392319,-10.91209984
0.0231601891,0.8449639678,-11.41285133
0.02316020086,0.8450034857,-11.72765541
0.02316021621,0.8450550437,-11.82155704
0.02316023758,0.8451268077,-11.83560371
0.02316026998,0.8452356458,-11.83497238
0.02316033478,0.8454531431,-11.83520126
0.02316046439,0.8458877802,-11.83515549
0.02316072361,0.8467553854,-11.83538818
0.02316124205,0.8484837413,-11.8355875
0.02316227892,0.8519135118,-11.83622456
0.02316435266,0.858664453,-11.83725929
0.02316850015,0.8717278838,-11.83951187
0.02317679514,0.8960703611,-11.84363937
0.02318679514,0.9221756458,-11.8485136
0.02319679514,0.9446415305,-11.85296822
0.02320679514,0.9633793235,-11.85731316
0.02321679514,0.978315115,-11.86127281
0.02322679514,0.989389956,-11.86515141
0.02323679514,0.9965600967,-11.86867428
0.02324679514,0.9997972846,-11.87214184
0.02325679514,0.9990887046,-11.87528038
0.02326679514,0.9944372177,-11.87838554
0.02327679514,0.9858611226,-11.88118362
0.02327804514,0.9845146537,-11.88156414
0.02328054514,0.9816396832,-11.88225269
0.02328554514,0.975163877,-11.88359928
0.02328570139,0.9749459624,-11.88364029
0.02328601389,0.9745073318,-11.88372326
0.02328612734,0.9743471146,8.322809219
0.02328619591,0.9742500782,13.78970337
0.02328625265,0.9741696119,10.90476894
0.02328627654,0.9741356969,11.93305779
0.02328629963,0.9741029143,11.83767986
0.02328632398,0.9740683436,11.8452673
0.02328635153,0.9740291238,11.8444519
0.02328640661,0.9739507437,11.84465122
0.02328651679,0.9737935066,11.84461117
0.02328673714,0.9734777212,11.84478855
0.02328717783,0.972840488,11.84494114
0.02328805922,0.9715436697,11.84542465
0.02328982201,0.9688606858,11.84621334
0.02329334757,0.9631385207,11.84792709
0.0233003987,0.9502794147,11.85107803
0.0233103987,0.928851366,11.85542774
0.0233203987,0.9037575722,11.85939121
0.0233303987,0.875097096,11.86320305
0.0233403987,0.8429829478,11.86666393
0.0233503987,0.8075419664,11.87000275
0.0233603987,0.7689139843,11.87302303
0.0233703987,0.7272514701,11.87594986
0.0233803987,0.6827188134,11.87858486
0.0233903987,0.6354917288,11.88114929
0.0234003987,0.5857567191,11.8834486
0.0234103987,0.5337099433,11.88569832
0.0234203987,0.4795568883,11.88770485
0.0234303987,0.4235112369,11.88968182
0.0234316487,0.4163834155,11.88988781
0.0234319612,0.4145974219,11.88994503
0.02343219869,0.4132390618,-10.01447296
0.02343229921,0.412663877,-13.06252193
0.0234323898,0.4121452868,-11.05282402
0.02343243165,0.4119057357,-12.11979389
0.02343246983,0.4116871059,-11.749053
0.02343251014,0.4114562869,-11.86899567
0.02343254774,0.4112409651,-11.82897854
0.02343261193,0.4108732939,-11.84352589
0.02343271067,0.4103075862,-11.83521652
0.02343290816,0.409175694,-11.84140968
0.02343330313,0.406910032,-11.83642101
0.02343409307,0.4023711681,-11.84169579
0.02343567295,0.3932638168,-11.83792877
0.02343883272,0.3749337792,-11.84423351
0.02344515226,0.3378376365,-11.84309483
0.02345515226,0.2780722976,-11.85268402
0.02346515226,0.2172095031,-11.85298824
0.02347515226,0.1554894894,-11.86194611
0.02348515226,0.09315583855,-11.86172485
0.02349515226,0.03045454063,-11.87011814
0.02350515226,-0.03236695006,-11.86943245
0.02351515226,-0.09506069869,-11.87731934
0.02352515226,-0.1573792845,-11.87622166
0.02353515226,-0.2190767825,-11.88365364
0.02354515226,-0.2799096704,-11.88219357
0.02355515226,-0.3396378756,-11.88921547
0.02356515226,-0.3980256915,-11.88743401
0.02356640226,-0.4052183926,-11.88986874
0.02356890226,-0.4195283353,-11.89050293
0.02356952726,-0.4230898023,-11.89063454
0.02357077726,-0.4301930666,-11.89092922
0.02357108976,-0.4319647551,-11.89100266
0.02357171476,-0.4355031252,-11.89114952
0.02357296476,-0.4425596893,-11.89144039
0.02357297101,-0.4425948858,-2.70119381
0.02357298351,-0.4426653385,8.560286522
0.02357299058,-0.4427051842,10.28707314
0.0235729956,-0.4427334368,10.9138813
0.02357300296,-0.4427748919,11.41461277
0.02357301471,-0.4428411126,11.72938061
0.02357303007,-0.4429276288,11.82326031
0.02357305144,-0.4430480003,11.83729839
0.02357308384,-0.4432305098,11.83666611
0.02357314866,-0.4435955286,11.83689404
0.02357327829,-0.4443253577,11.83684444
0.02357353755,-0.4457841218,11.83707142
0.02357405606,-0.4486980438,11.83725834
0.0235750931,-0.4545116127,11.8378706
0.02357716717,-0.4660806358,11.8388567
0.02358131531,-0.4889792204,11.84101391
0.02358961159,-0.5337646604,11.84495354
0.02359961159,-0.5858091712,11.84960651
0.02360961159,-0.6355416775,11.85384941
0.02361961159,-0.6827660799,11.85799026
0.02362961159,-0.7272958755,11.86175442
0.02363961159,-0.7689553499,11.86544514
0.02364961159,-0.8075801134,11.86878967
0.02365961159,-0.8430177569,11.87208748
0.02366961159,-0.8751283884,11.8750639
0.02367961159,-0.9037852883,11.87801552
0.02368961159,-0.9288753271,11.88066959
0.02369961159,-0.950299561,11.88331795
0.02369976784,-0.9506047368,11.88332462
0.02370008034,-0.9512124062,11.88339901
0.02370070534,-0.9524166584,11.88355827
0.02370070847,-0.9524226785,6.184834003
0.02370071472,-0.9524345994,-2.475325108
0.02370072722,-0.9524585605,-9.733046532
0.02370073263,-0.9524689317,-10.64071655
0.0237007402,-0.9524834156,-11.30745125
0.02370074755,-0.9524974823,-11.59850407
0.02370076224,-0.9525255561,-11.80837154
0.02370077874,-0.9525571465,-11.84138012
0.02370080838,-0.9526138306,-11.84531879
0.02370084903,-0.9526914358,-11.84446049
0.02370093031,-0.9528465867,-11.84486485
0.02370109289,-0.953156054,-11.84470177
0.02370141804,-0.9537720084,-11.84506702
0.02370206834,-0.9549919963,-11.84520817
0.02370336893,-0.9573841095,-11.84603119
0.02370597013,-0.961976409,-11.84713459
0.02371117252,-0.9703890085,-11.84979343
0.02372117252,-0.9836410284,-11.8541708
0.02373117252,-0.993011117,-11.85859108
0.02374117252,-0.9984622002,-11.86239719
0.02375117252,-0.9999728799,-11.86627865
0.02376117252,-0.9975370765,-11.86958027
0.02377117252,-0.9911644459,-11.87298679
0.02378117252,-0.9808801413,-11.87584591
0.02379117252,-0.9667247534,-11.87883377
0.02380117252,-0.9487541318,-11.88130379
0.02381117252,-0.9270392656,-11.88392353
0.02382117252,-0.9016657472,-11.88605213
0.02383117252,-0.8727337718,-11.88835049
0.02384117252,-0.840357542,-11.89017963
0.02385117252,-0.8046647906,-11.89219666
0.02385121314,-0.804513216,7.191696167
0.02385129439,-0.804209888,14.66239643
0.02385132181,-0.8041074872,11.37837982
0.0238513382,-0.8040462732,11.79332924
0.02385135329,-0.8039898872,11.83040714
0.02385136985,-0.8039280176,11.83565998
0.02385140299,-0.8038041592,11.8363142
0.02385146925,-0.8035564423,11.83615494
0.02385160177,-0.8030605316,11.83635139
0.02385186682,-0.8020670414,11.83640766
0.02385239691,-0.8000733852,11.83679581
0.02385345709,-0.7960595489,11.83731747
0.02385557746,-0.7879260182,11.83858871
0.02385981819,-0.77124089,11.84085274
0.02386829965,-0.7362403274,11.8454361
0.02387829965,-0.6922959089,11.85038757
0.02388829965,-0.6456193328,11.85519791
0.02389829965,-0.5963947773,11.85957909
0.02390829965,-0.544816494,11.86385059
0.02391829965,-0.4910881221,11.86772537
0.02392829965,-0.4354216158,11.87151718
0.02393829965,-0.3780367374,11.87494087
0.02394829965,-0.3191598952,11.87830544
0.02395829965,-0.2590234578,11.88132572
0.02396829965,-0.1978648007,11.88430882
0.02397829965,-0.1359252483,11.88696957
0.02397954965,-0.1281400472,11.88733387
0.02398204965,-0.1125464067,11.88798714
0.02398267465,-0.1086435094,11.88814735
0.02398392465,-0.1008327454,11.88846874
0.02398423715,-0.09887906909,11.8885479
0.02398486215,-0.09497056901,11.88870716
0.0239850184,-0.0939932093,11.88874722
0.0239853309,-0.09203822911,11.88882637
0.02398544436,-0.09132836014,-8.317708015
0.02398551293,-0.09089930356,-13.78460217
0.02398556965,-0.0905443579,-10.89980698
0.02398559353,-0.09039492905,-11.92782402
0.02398561662,-0.09025043994,-11.83260441
0.02398564097,-0.09009810537,-11.84016514
0.02398566851,-0.08992578834,-11.83935356
0.02398572358,-0.08958114684,-11.83955193
0.02398583373,-0.08889183402,-11.83951378
0.02398605402,-0.08751306683,-11.83969402
0.02398649461,-0.08475504816,-11.83985138
0.0239873758,-0.07923706621,-11.84034538
0.02398913816,-0.06819400191,-11.84115505
0.02399266288,-0.04608413205,-11.84291077
0.02399971234,-0.001807443798,-11.84615231
0.02400971234,0.06098654121,-11.85063934
0.02401971234,0.1235398352,-11.85475445
0.02402971234,0.1856055856,-11.85872841
0.02403971234,0.2469388247,-11.86236477
0.02404971234,0.307297498,-11.86588955
0.02405971234,0.3664434254,-11.86910725
0.02406971234,0.4241431653,-11.87224007
0.02407971234,0.4801689982,-11.87509346
0.02408971234,0.5342998505,-11.87788486
0.02409971234,0.5863220692,-11.88041973
0.02410971234,0.6360303164,-11.88291454
0.02411096234,0.6420712471,-11.88318348
0.02411346234,0.6540339589,-11.88376808
0.02411408734,0.6569995284,-11.88391304
0.02411533734,0.662900269,-11.884202
0.02411564984,0.6643691063,-11.88427353
0.02411627484,0.6672989726,-11.88441658
0.02411643109,0.6680298448,-11.88445282
0.02411674359,0.6694896817,-11.88452339
0.02411685704,0.6700190306,8.322012901
0.02411692561,0.6703388095,13.78890896
0.02411698235,0.6706033349,10.90399837
0.02411700623,0.6707146168,11.93224621
0.02411702933,0.6708222628,11.83689404
0.02411705368,0.6709356904,11.84447861
0.02411708122,0.6710640192,11.84366417
0.02411713631,0.6713206172,11.84386539
0.02411724648,0.6718334556,11.84382915
0.02411746682,0.6728582978,11.84401512
0.0241179075,0.6749040484,11.84418392
0.02411878886,0.6789799929,11.84469891
0.02412055157,0.6870693564,11.84555149
0.02412407701,0.7029941678,11.84739113
0.02413112788,0.7338014841,11.85078621
0.02414112788,0.7750110626,11.85546494
0.02415112788,0.8131620884,11.85973835
0.02416112788,0.8481039405,11.8638401
0.02417112788,0.8796986938,11.86757088
0.02418112788,0.9078216553,11.87116051
0.02419112788,0.9323619008,11.87441158
0.02420112788,0.9532225132,11.87754917
0.02421112788,0.970321238,11.88037491
0.02422112788,0.9835904837,11.88311195
0.02423112788,0.9929779768,11.8855629
0.02424112788,0.9984466434,11.88794613
0.02425112788,0.9999749064,11.89006519
0.02426112788,0.9975566864,11.89213657
0.02426237788,0.9969772696,11.8923521
0.02426487788,0.9956339002,11.8928299
0.02426550288,0.9952596426,11.89294815
0.02426675288,0.9944651127,11.89318275
0.02426706538,0.9942569137,11.89324093
0.02426769038,0.9938289523,11.89335728
0.02426784663,0.9937195778,11.89338684
0.02426815913,0.9934979677,11.89344406
0.02426827259,0.9934165478,-8.313097954
0.02426834116,0.9933671355,-13.77999687
0.02426839788,0.9933260679,-10.89532948
0.02426842175,0.9933087826,-11.92310333
0.02426844484,0.9932919741,-11.82802773
0.02426846917,0.9932743311,-11.83556461
0.0242684967,0.9932542443,-11.83475876
0.02426855177,0.9932140708,-11.83496094
0.02426866189,0.9931333661,-11.83493042
0.02426888214,0.9929705262,-11.83512497
0.02426932263,0.9926391244,-11.83531284
0.02427020363,0.9919535518,-11.83586597
0.02427196561,0.9904911518,-11.83679581
0.02427548958,0.9872024655,-11.83878708
0.02428253752,0.9791749716,-11.8424921
0.02429253752,0.964495182,-11.8476162
0.02430253752,0.9460089803,-11.85234451
0.02431253752,0.9237893224,-11.85690594
0.02432253752,0.8979238272,-11.86110497
0.02433253752,0.8685147166,-11.86516666
0.02434253752,0.8356779218,-11.86889648
0.02435253752,0.7995430827,-11.87251472
0.02436253752,0.7602528334,-11.87582779
0.02437253752,0.7179622054,-11.87905216
0.02438253752,0.6728381515,-11.88199329
0.02439253752,0.625058651,-11.88486671
0.02439378752,0.6189088225,-11.88518143
0.02439628752,0.6064949632,-11.88585567
0.02439691252,0.6033679843,-11.88602257
0.02439706877,0.6025847793,-11.88606453
0.02439738127,0.6010166407,-11.8861475
0.02439749472,0.6004467607,8.320384026
0.0243975633,0.6001021266,13.78727818
0.02439762003,0.599816978,10.90240955
0.02439764391,0.5996968746,11.93056965
0.024397667,0.5995807648,11.83526707
0.02439769135,0.5994583368,11.84284115
0.02439771889,0.5993198156,11.84202766
0.02439777397,0.5990427136,11.84222603
0.02439788414,0.5984883904,11.84218597
0.02439810446,0.5973787904,11.84236336
0.0243985451,0.5951561332,11.84251499
0.0243994264,0.5906971693,11.84299755
0.02440118898,0.5817250609,11.84378433
0.02440471415,0.563567996,11.84549618
0.02441176448,0.5264333487,11.84864521
0.02442176448,0.4720090628,11.85299969
0.02443176448,0.4157219231,11.85697937
0.02444176448,0.3577941358,11.860816
0.02445176448,0.2984542847,11.86431217
0.02446176448,0.2379365861,11.86769581
0.02447176448,0.1764798462,11.8707695
0.02448176448,0.1143266335,11.87375832
0.02449176448,0.05172221735,11.87646389
0.02450176448,-0.01108631957,11.87910938
0.02451176448,-0.0738511011,11.88149548
0.02452176448,-0.1363244355,11.88384151
0.02453176448,-0.198259756,11.88595104
0.02453301448,-0.2059516311,11.88623714
0.02453332698,-0.2078726292,11.88630199
0.02453395198,-0.2117122263,11.88643169
0.02453520198,-0.2193815708,11.88668919
0.02453520823,-0.2194198817,2.696440697
0.02453522073,-0.2194965035,-8.565040588
0.0245352278,-0.2195398808,-10.29207325
0.02453523282,-0.2195706218,-10.91887665
0.02453524018,-0.2196157575,-11.41954803
0.02453525194,-0.2196878195,-11.73421669
0.0245352673,-0.219781965,-11.82803822
0.02453528867,-0.219912976,-11.84205341
0.02453532109,-0.2201116979,-11.84141922
0.02453538594,-0.2205091119,-11.84165001
0.02453551562,-0.2213038206,-11.84160328
0.024535775,-0.2228928059,-11.84183693
0.02453629374,-0.2260690033,-11.8420372
0.02453733124,-0.2324141562,-11.84267807
0.02453940622,-0.2450745553,-11.84371567
0.02454355619,-0.2702682316,-11.84597397
0.02455185613,-0.3200873435,-11.85009766
0.02456185613,-0.378942728,-11.85493946
0.02457185613,-0.4363025725,-11.8593359
0.02458185613,-0.4919405282,-11.86359596
0.02459185613,-0.5456370115,-11.86744499
0.02460185613,-0.5971801877,-11.87118816
0.02461185613,-0.646366477,-11.87455082
0.02462185613,-0.6930019259,-11.87783432
0.02463185613,-0.7369023561,-11.88076496
0.02464185613,-0.7778945565,-11.88364029
0.02465185613,-0.8158168197,-11.8861866
0.02466185613,-0.8505194187,-11.88869953
0.02467185613,-0.8818653822,-11.89090538
0.02468185613,-0.9097310305,-11.89309502
0.02468310613,-0.9129638672,-11.89331341
0.02468341863,-0.9137633443,-11.89337635
0.02468365612,-0.9143685102,10.01103687
0.02468375663,-0.9146240354,13.05908489
0.02468384723,-0.9148539901,11.04938507
0.02468388907,-0.914960146,12.11631298
0.02468392725,-0.9150568843,11.74564838
0.02468396755,-0.915158987,11.86553574
0.02468400514,-0.9152541757,11.82554531
0.02468406932,-0.9154165387,11.8400774
0.02468416805,-0.9156661034,11.83177471
0.02468436553,-0.9161641002,11.83795834
0.02468476047,-0.9171558619,11.83296871
0.02468555036,-0.9191224575,11.83822441
0.02468713013,-0.9229876995,11.83443546
0.02469028969,-0.9304450154,11.84068298
0.02469660879,-0.9442567229,11.83945274
0.02470660879,-0.9630647302,11.84890366
0.02471660879,-0.978071928,11.84910393
0.02472660879,-0.9892191291,11.8579731
0.02473660879,-0.9964623451,11.85769558
0.02474660879,-0.9997730255,11.86604786
0.02475660879,-0.9991379976,11.86535358
0.02476660879,-0.9945598245,11.87324524
0.02477660879,-0.9860566258,11.87218571
0.02478660879,-0.9736618996,11.87966728
0.02479660879,-0.9574245214,11.87828827
0.02480660879,-0.9374086857,11.88540173
0.02480785879,-0.9346448183,11.88360119
0.02480817129,-0.9339448214,11.8836689
0.02480879629,-0.932534039,11.88383579
0.02481004629,-0.9296693802,11.88417053
0.02481005254,-0.9296548963,2.693927288
0.02481006504,-0.929625988,-8.567551613
0.02481007212,-0.9296095967,-10.29471779
0.02481007713,-0.9295979738,-10.92152023
0.0248100845,-0.9295809269,-11.4221611
0.02481009626,-0.9295536876,-11.73677635
0.02481011162,-0.9295181036,-11.83056641
0.024810133,-0.9294685721,-11.8445673
0.02481016542,-0.9293933511,-11.8439312
0.02481023028,-0.9292428493,-11.84415722
0.02481036,-0.9289414287,-11.84410286
0.02481061943,-0.9283366799,-11.84432125
0.0248111383,-0.9271198511,-11.84449005
0.02481217603,-0.92465657,-11.84506702
0.0248142515,-0.9196122289,-11.84598064
0.02481840243,-0.9090552926,-11.8479929
0.0248267043,-0.8860940337,-11.85163975
0.0248367043,-0.8552417755,-11.85593033
0.0248467043,-0.8210142255,-11.85980415
0.0248567043,-0.783546567,-11.86357021
0.0248667043,-0.7429865599,-11.8669529
0.0248767043,-0.6994943619,-11.87025928
0.0248867043,-0.6532415748,-11.87321281
0.0248967043,-0.6044107676,-11.8761158
0.0249067043,-0.5531945825,-11.87869453
0.0249167043,-0.4997951984,-11.88124752
0.0249267043,-0.4444233775,-11.8835001
0.0249367043,-0.3872976005,-11.88574791
0.0249467043,-0.3286433518,-11.88771629
0.0249479543,-0.3212155402,-11.88799667
0.0249504543,-0.3063009977,-11.88848209
0.0249510793,-0.3025604188,-11.88860226
0.0249523293,-0.2950652838,-11.88884068
0.0249526418,-0.2931886315,-11.88890076
0.0249532668,-0.2894319892,-11.88901901
0.0249545168,-0.2819052935,-11.88925457
0.02495452305,-0.2818676233,-2.699004412
0.02495453555,-0.2817922831,8.562478065
0.02495454262,-0.2817496061,10.28937626
0.02495454764,-0.2817193866,10.91618156
0.024954555,-0.2816750109,11.41688442
0.02495456676,-0.281604141,11.73160744
0.02495458211,-0.2815115452,11.82546043
0.02495460348,-0.2813827097,11.83948898
0.0249546359,-0.2811872661,11.8388567
0.02495470073,-0.280796349,11.83908749
0.02495483038,-0.2800143659,11.83904362
0.02495508969,-0.278449893,11.83928204
0.02495560832,-0.2753186822,11.83949184
0.02495664556,-0.2690475285,11.84014988
0.02495872005,-0.2564712465,11.84122467
0.02496286904,-0.2311900556,11.84355545
0.02497116701,-0.1801736802,11.84782314
0.02498116701,-0.1180552021,11.85283947
0.02499116701,-0.05547082052,11.85740948
0.02500116701,0.007332480513,11.8618412
0.02501116701,0.07010684162,11.86586094
0.02502116701,0.1326045245,11.86977386
0.02503116701,0.194578886,11.87330341
0.02504116701,0.2557853162,11.8767519
0.02505116701,0.3159822822,11.87984562
0.02506116701,0.3749322295,11.88288116
0.02507116701,0.4324024618,11.88558483
0.02508116701,0.488166213,11.8882513
0.02509116701,0.5420033932,11.89060783
0.02509241701,0.548586905,11.89093399
0.02509491701,0.5616520047,11.89151096
0.02509554201,0.5648967624,11.89165306
0.02509679201,0.5713601112,11.8919363
0.02509710451,0.5729704499,11.89200592
0.025097342,0.5741927624,-10.01240158
0.02509744251,0.5747097135,-13.06044769
0.02509753311,0.5751754642,-11.05074596
0.02509757495,0.5753905177,-12.11768818
0.02509761313,0.5755866766,-11.74699306
0.02509765344,0.5757937431,-11.8669014
0.02509769103,0.5759868622,-11.82689857
0.02509775521,0.5763164759,-11.84143543
0.02509785395,0.5768233538,-11.83312702
0.02509805143,0.5778364539,-11.83930779
0.02509844638,0.5798600316,-11.83430767
0.02509923629,0.5838963985,-11.83954716
0.02510081611,0.5919259787,-11.83572006
0.02510397575,0.6078093052,-11.84189892
0.02511029502,0.6388511658,-11.84052563
0.02512029502,0.6858972311,-11.84976387
0.02513029502,0.7302362919,-11.84975719
0.02514029502,0.7716935277,-11.85843182
0.02515029502,0.8101052046,-11.85796452
0.02516029502,0.8453197479,-11.86614132
0.02517029502,0.8771982193,-11.86527538
0.02518029502,0.9056147337,-11.87300968
0.02519029502,0.930457294,-11.87179756
0.02520029502,0.9516277313,-11.8791399
0.02521029502,0.96904248,-11.87762737
0.02522029502,0.982632935,-11.88462162
0.02522154502,0.9840599895,-11.88280487
0.02522404502,0.9867318869,-11.88341236
0.02522405507,0.9867421389,0.07780722529
0.02522407517,0.9867626429,11.94109917
0.02522408224,0.986769855,11.89039898
0.02522408837,0.9867761135,11.86880398
0.02522409671,0.9867845774,11.85454178
0.02522411339,0.9868015647,11.84560394
0.02522414676,0.9868354797,11.84458065
0.0252242135,0.9869032502,11.84494019
0.02522434698,0.9870381951,11.84480667
0.02522461394,0.9873059988,11.8450985
0.02522514785,0.9878332615,11.84522152
0.02522621568,0.9888544083,11.84588146
0.02522835133,0.9907631874,11.84679317
0.02523262265,0.994045198,11.84896088
0.02524116527,0.9984596968,11.85274315
0.02525116527,0.9999731779,11.85717106
0.02526116527,0.9975402355,11.86106491
0.02527116527,0.9911704659,11.86494923
0.02528116527,0.9808890224,11.86833477
0.02529116527,0.9667364359,11.87173939
0.02530116527,0.9487685561,11.87467766
0.02531116527,0.9270563126,11.87766171
0.02532116527,0.9016854167,11.88020802
0.02533116527,0.8727560043,11.88282299
0.02534116527,0.8403822184,11.88502502
0.02535116527,0.8046918511,11.8873167
0.02536116527,0.7658256888,11.88921928
0.02537116527,0.7239371538,11.89122868
0.02537241527,0.7184966803,11.89139462
0.02537272777,0.7171296477,11.89145088
0.02537335277,0.714387238,11.89156342
0.02537350902,0.7136999369,11.89159107
0.02537362776,0.7131771445,-8.44935894
0.02537368029,0.7129456997,-13.37125206
0.02537372025,0.7127696276,-11.3180933
0.02537374019,0.7126817703,-11.83887196
0.02537376385,0.7125774622,-11.836483
0.02537378686,0.7124760151,-11.83670902
0.02537382377,0.7123132944,-11.83670998
0.02537389759,0.7119876742,-11.83675957
0.02537404522,0.7113360167,-11.83683968
0.02537434048,0.7100308537,-11.83701229
0.02537493102,0.7074131966,-11.83734512
0.02537611208,0.7021487355,-11.83801842
0.0253784742,0.6915040612,-11.83934021
0.02538319845,0.6697602272,-11.84193802
0.02539264694,0.6245218515,-11.84690762
0.02540264694,0.5742496848,-11.85187244
0.02541264694,0.5217111707,-11.85653973
0.02542264694,0.4671137035,-11.86093616
0.02543264694,0.410672754,-11.86506748
0.02544264694,0.3526110649,-11.86895943
0.02545264694,0.2931577861,-11.87261391
0.02546264694,0.2325475365,-11.87605476
0.02547264694,0.1710195392,-11.87928391
0.02548264694,0.1088166013,-11.88232327
0.02549264694,0.04618421942,-11.88517284
0.02550264694,-0.0166304335,-11.88785267
0.02550389694,-0.02448273636,-11.8881731
0.02550639694,-0.04018232599,-11.88881016
0.02550702194,-0.04410582408,-11.88896847
0.02550827194,-0.05195072293,-11.88928223
0.02550858444,-0.05391146243,-11.88936043
0.02550920944,-0.05783231929,-11.88951588
0.02550936569,-0.05881239474,-11.88955402
0.02550948443,-0.0595571734,8.451386452
0.02550953696,-0.05988665298,13.37327671
0.02550957692,-0.06013727561,11.32006454
0.02550959687,-0.0602623634,11.84091949
0.02550962053,-0.06041074544,11.83850002
0.02550964354,-0.06055508927,11.838727
0.02550968045,-0.06078657508,11.83872509
0.02550975427,-0.06124953926,11.83876991
0.02550990191,-0.06217542663,11.83883953
0.0255101972,-0.0640270412,11.83899212
0.02551078776,-0.06772960722,11.8392849
0.02551196889,-0.07513187826,11.83987713
0.02551433115,-0.08992361277,11.84103966
0.02551905566,-0.1194443926,11.84332371
0.02552850469,-0.178144291,11.84768867
0.02553850469,-0.2395789027,11.85204792
0.02554850469,-0.3000680208,11.85614395
0.02555850469,-0.359372884,11.86000538
0.02556850469,-0.4172594845,11.86363602
0.02557850469,-0.4734993577,11.86706352
0.02558850469,-0.5278705359,11.8702879
0.02559850469,-0.5801584721,11.87333488
0.02560850469,-0.6301567554,11.87620449
0.02561850469,-0.6776680946,11.8789196
0.02562850469,-0.722505033,11.88147926
0.02563850469,-0.7644905448,11.88390636
0.02563975469,-0.7695298791,11.88419724
0.02563976094,-0.769554913,2.693950415
0.02563977344,-0.7696051002,-8.567529678
0.02563978052,-0.769633472,-10.29469299
0.02563978553,-0.7696535587,-10.92149448
0.0256397929,-0.7696831226,-11.42213535
0.02563980465,-0.7697302699,-11.73675156
0.02563982001,-0.7697919011,-11.83054161
0.02563984139,-0.7698776126,-11.84454346
0.02563987382,-0.7700076699,-11.84390831
0.02563993868,-0.7702676058,-11.84413719
0.0256400684,-0.7707871199,-11.84408665
0.02564032783,-0.7718245983,-11.84431362
0.02564084669,-0.7738933563,-11.84449863
0.02564188443,-0.7780062556,-11.84510994
0.02564395989,-0.7861326933,-11.84608936
0.02564811082,-0.8019831181,-11.84823132
0.02565641267,-0.8320370317,-11.85212708
0.02566641267,-0.8652263284,-11.8567009
0.02567641267,-0.8950009942,-11.86083603
0.02568641267,-0.9212435484,-11.86484432
0.02569641267,-0.9438503385,-11.86844921
0.02570641267,-0.9627321959,-11.87195683
0.02571641267,-0.9778145552,-11.87509346
0.02572641267,-0.989037931,-11.87815952
0.02573641267,-0.996358037,-11.88088036
0.02574641267,-0.999745965,-11.88355637
0.02575641267,-0.9991883636,-11.8859129
0.02576641267,-0.994687438,-11.88824463
0.02577641267,-0.9862609506,-11.89027977
0.02578641267,-0.973942101,-11.89230919
0.02578766267,-0.9721308351,-11.89250851
0.02579016267,-0.968328476,-11.89297199
0.02579078767,-0.967340529,-11.89308643
0.02579094392,-0.9670912027,-11.89311504
0.02579125642,-0.9665897489,-11.89317226
0.02579136988,-0.9664067626,8.313370705
0.02579143845,-0.9662959576,13.78026962
0.02579149516,-0.9662041664,10.8955946
0.02579151904,-0.966165483,11.92338371
0.02579154212,-0.9661280513,11.82829952
0.02579156646,-0.966088593,11.83583832
0.02579159399,-0.9660438895,11.83503246
0.02579164906,-0.9659544826,11.83523369
0.02579175918,-0.9657751918,11.83520412
0.02579197943,-0.9654153585,11.83539963
0.02579241993,-0.9646900296,11.83558846
0.02579330094,-0.9632172585,11.83614349
0.02579506294,-0.9601832628,11.83707809
0.02579858696,-0.9537625909,11.8390789
0.02580563499,-0.9395217896,11.84280014
0.02581563499,-0.9161627889,11.84794617
0.02582563499,-0.8891881108,11.8526926
0.02583563499,-0.8587042689,11.85727024
0.02584563499,-0.8248314261,11.86148357
0.02585563499,-0.7877033949,11.86555672
0.02586563499,-0.7474666238,11.86929512
0.02587563499,-0.7042800188,11.87292004
0.02588563499,-0.6583138704,11.87623596
0.02589563499,-0.6097496748,11.87946224
0.02590563499,-0.5587790608,11.88240242
0.02591563499,-0.5056032538,11.88527203
0.02591688499,-0.4988115728,11.88558674
0.02591938499,-0.4851363301,11.88625908
0.02592000999,-0.4816986918,11.88642597
0.02592125999,-0.4748011827,11.88675785
0.02592157249,-0.473072201,11.88684082
0.02592180997,-0.4717570245,-10.0175581
0.02592191049,-0.4712000787,-13.0656004
0.02592200109,-0.4706979096,-11.05589485
0.02592204294,-0.4704658985,-12.12289715
0.02592208112,-0.470254153,-11.75208569
0.02592212144,-0.470030576,-11.87207317
0.02592215904,-0.4698220193,-11.83202934
0.02592222324,-0.4694659114,-11.84658337
0.02592232199,-0.4689179957,-11.83825874
0.02592251949,-0.4678215981,-11.84444141
0.02592291448,-0.4656266868,-11.83941746
0.02592370447,-0.4612282217,-11.84463406
0.02592528445,-0.4523973167,-11.8407383
0.02592844441,-0.4346026182,-11.84680271
0.02593476433,-0.398506403,-11.84518051
0.02594476433,-0.3401307464,-11.85404587
0.02595476433,-0.2804127336,-11.85365486
0.02596476433,-0.2195880711,-11.86196423
0.02597476433,-0.1578967869,-11.86112213
0.02598476433,-0.09558236599,-11.86894226
0.02599476433,-0.03289072216,-11.86771107
0.02600476433,0.02993072756,-11.87510014
0.02601476433,0.09263405204,-11.87353516
0.02602476433,0.1549717933,-11.88054466
0.02603476433,0.2166979313,-11.87869263
0.02604476433,0.2775688767,-11.8853693
0.02605476433,0.3373443484,-11.88327217
0.02605601433,0.3447274864,-11.88567257
0.02605632683,0.3465699553,-11.88575554
0.02605695183,0.35025087,-11.88589001
0.02605710808,0.3511702716,-11.88592243
0.02605742058,0.3530080318,-11.88598824
0.02605753404,0.3536749184,8.320549965
0.02605760261,0.3540778756,13.78744793
0.02605765934,0.3544112146,10.9025774
0.02605768323,0.3545515537,11.93074799
0.02605770632,0.3546872139,11.83544064
0.02605773067,0.354830265,11.84301758
0.02605775821,0.3549920321,11.84220505
0.02605781329,0.3553155661,11.84240627
0.02605792345,0.3559624851,11.84237289
0.02605814378,0.3572557867,11.84256172
0.02605858443,0.3598403931,11.84273815
0.02605946573,0.365001291,11.84326744
0.02606122833,0.3752893507,11.84414959
0.02606475352,0.3957261145,11.84604645
0.02607180391,0.4360073209,11.84955502
0.02608180391,0.4916548431,11.85439014
0.02609180391,0.5453620553,11.85881615
0.02610180391,0.5969169736,11.86306477
0.02611180391,0.6461160779,11.86693859
0.02612180391,0.6927652955,11.87066555
0.02613180391,0.7366805077,11.87405014
0.02614180391,0.7776883841,11.87731457
0.02615180391,0.8156270385,11.88026237
0.02616180391,0.8503468037,11.88311672
0.02617180391,0.8817106485,11.88567829
0.02618180391,0.9095947742,11.88816738
0.02619180391,0.933889091,11.89038754
0.02620180391,0.9544978738,11.89255333
0.02620305391,0.9568105936,11.8927803
0.02620555391,0.9612588286,11.89328098
0.02620617891,0.9623339176,11.89340401
0.02620633516,0.9626003504,11.89343548
0.02620664766,0.9631304741,11.89349651
0.02620676112,0.9633219838,-8.313043594
0.02620682969,0.9634374976,-13.77994156
0.02620688641,0.9635329247,-10.89527512
0.02620691028,0.9635730386,-11.92304611
0.02620693336,0.9636118412,-11.82797241
0.0262069577,0.96365273,-11.83550835
0.02620698523,0.9636989236,-11.83470249
0.0262070403,0.9637912512,-11.83490372
0.02620715042,0.9639754891,-11.83487225
0.02620737067,0.9643426538,-11.83506393
0.02620781116,0.9650714397,-11.83524704
0.02620869215,0.9665068984,-11.83578968
0.02621045413,0.969288826,-11.83669853
0.02621397809,0.974496007,-11.8386507
0.02622102601,0.983474791,-11.84227753
0.02623102601,0.9929020405,-11.84729862
0.02624102601,0.9984107614,-11.85193157
0.02625102601,0.999979198,-11.8564043
0.02626102601,0.9976012111,-11.86052418
0.02627102601,0.991286099,-11.8645134
0.02628102601,0.9810588956,-11.86817837
0.02629102601,0.9669598341,-11.87174034
0.02630102601,0.9490446448,-11.87500381
0.02631102601,0.9273840189,-11.87818718
0.02632102601,0.9020634294,-11.88109398
0.02633102601,0.8731828332,-11.88393974
0.02633227601,0.8693279624,-11.88425159
0.02633258851,0.8683558702,-11.88433552
0.02633321351,0.8664016128,-11.88450336
0.02633336976,0.8659109473,-11.88454533
0.0263334885,0.8655375242,8.456393242
0.02633354104,0.8653721213,13.37828255
0.026333581,0.8652462959,11.32494259
0.02633360095,0.865183413,11.84599113
0.02633362462,0.8651088476,11.84349823
0.02633364764,0.8650363088,11.84373093
0.02633368455,0.8649199009,11.84372807
0.02633375839,0.8646869659,11.84377098
0.02633390605,0.8642205596,11.84383774
0.02633420137,0.8632855415,11.8439846
0.02633479202,0.8614065051,11.84426594
0.02633597331,0.8576129079,11.84483528
0.02633833591,0.8498841524,11.84595013
0.02634306109,0.8338666558,11.84813881
0.02635251145,0.7996414304,11.85230923
0.02636251145,0.7603592277,11.85645485
0.02637251145,0.7180762291,11.86032963
0.02638251145,0.6729593277,11.86396313
0.02639251145,0.6251865029,11.86735916
0.02640251145,0.5749464035,11.87054539
0.02641251145,0.5224372149,11.87352371
0.02642251145,0.4678662419,11.87631989
0.02643251145,0.4114487767,11.87893295
0.02644251145,0.353407532,11.88138866
0.02645251145,0.2939715683,11.88368511
0.02646251145,0.2333754003,11.88584518
0.02647251145,0.1718582213,11.88786697
0.02647376145,0.164115876,11.88811111
0.02647407395,0.1621786952,11.88817215
0.02647469895,0.1583024412,11.88829327
0.02647594895,0.1505426913,11.88853359
0.0264759552,0.1505038738,2.698284149
0.0264759677,0.1504262239,-8.56319809
0.02647597478,0.1503822803,-10.29013348
0.02647597979,0.1503511369,-10.91693878
0.02647598715,0.1503054053,-11.41763306
0.02647599891,0.1502323747,-11.73233986
0.02647601427,0.1501369774,-11.82618523
0.02647603564,0.1500042081,-11.84020901
0.02647606805,0.1498028338,-11.83957672
0.02647613288,0.1494000703,-11.83980751
0.02647626255,0.1485944539,-11.83976269
0.02647652188,0.1469829381,-11.84000015
0.02647704054,0.143758744,-11.84020805
0.02647807785,0.1373057812,-11.84086132
0.02648015248,0.1243826523,-11.84192753
0.02648430174,0.09847518802,-11.84424114
0.02649260027,0.04647713155,-11.84847546
0.02650260027,-0.01633724757,-11.85344982
0.02651260027,-0.07908714563,-11.85797787
0.02652260027,-0.1415249258,-11.86236763
0.02653260027,-0.2034041733,-11.86634541
0.02654260027,-0.2644806802,-11.87021637
0.02655260027,-0.3245134056,-11.87370396
0.02656260027,-0.3832654059,-11.87711143
0.02657260027,-0.440504849,-11.88016319
0.02658260027,-0.4960058033,-11.88315773
0.02659260027,-0.5495492816,-11.88582039
0.02660260027,-0.6009238958,-11.88844681
0.02661260027,-0.6499269605,-11.89076328
0.02661385027,-0.6558758616,-11.89108467
0.02661635027,-0.6676519513,-11.89165115
0.02661697527,-0.6705703139,-11.89179039
0.02661822527,-0.6763759851,-11.89206886
0.02661853777,-0.6778209209,-11.89213848
0.02661916277,-0.6807029247,-11.89227676
0.02661931902,-0.6814218163,-11.8923111
0.02661963152,-0.6828575134,-11.89237976
0.02662025652,-0.685721159,-11.89251614
0.02662027605,-0.6858104467,-11.8925209
0.02662031511,-0.6859890819,-11.89252949
0.02662039324,-0.6863461137,-11.89254665
0.0266204216,-0.6864757538,2.088799953
0.02662044449,-0.6865803003,12.54720688
0.02662045434,-0.6866253018,12.07406616
0.0266204625,-0.6866626143,11.93470001
0.02662047171,-0.6867046356,11.87179852
0.02662049011,-0.6867886782,11.83696461
0.02662052686,-0.6869565248,11.83529472
0.02662058531,-0.6872233748,11.83590889
0.02662070221,-0.6877567172,11.83564186
0.02662093601,-0.6888223886,11.83601952
0.02662140361,-0.6909492612,11.83604622
0.0266223388,-0.6951851249,11.83675003
0.02662420919,-0.7035846114,11.83753109
0.02662794997,-0.7200909853,11.83966351
0.02663543153,-0.7519013882,11.84320831
0.02664543153,-0.7918139696,11.84815502
0.02665543153,-0.8286015987,11.85243797
0.02666543153,-0.8621190786,11.8568573
0.02667543153,-0.8922342062,11.86064911
0.02668543153,-0.9188280702,11.864604
0.02669543153,-0.9417957664,11.86796474
0.02670543153,-0.9610466361,11.87151241
0.02671543153,-0.9765046239,11.8744936
0.02672543153,-0.9881088734,11.87768173
0.02673543153,-0.995813489,11.88032818
0.02674543153,-0.9995880723,11.88320065
0.02674668153,-0.9997826219,11.88343143
0.02674699403,-0.9998216629,11.88351154
0.02674723152,-0.9998487234,-10.02088737
0.02674733204,-0.9998595119,-13.06893158
0.02674742263,-0.9998688698,-11.05922604
0.02674746449,-0.9998731017,-12.12626934
0.02674750268,-0.9998769164,-11.75538349
0.026747543,-0.9998808503,-11.87542343
0.02674758062,-0.9998844862,-11.8353529
0.02674764482,-0.9998905063,-11.84992123
0.02674774358,-0.9998995066,-11.84158802
0.02674794109,-0.9999163151,-11.84777832
0.02674833611,-0.9999453425,-11.84275055
0.02674912615,-0.99998492,-11.84797668
0.02675070624,-0.9999901652,-11.84408379
0.02675386641,-0.999704957,-11.85016632
0.02676018675,-0.997952342,-11.84856319
0.02677018675,-0.9919669628,-11.85745525
0.02678018675,-0.9820666909,-11.85706615
0.02679018675,-0.9682906866,-11.86537075
0.02680018675,-0.9506932497,-11.86450005
0.02681018675,-0.9293438792,-11.87228394
0.02682018675,-0.9043268561,-11.87099266
0.02683018675,-0.8757407665,-11.87831688
0.02684018675,-0.8436986208,-11.87666225
0.02685018675,-0.8083267212,-11.88357735
0.02686018675,-0.769764781,-11.88160896
0.02687018675,-0.7281649113,-11.88816452
0.02688018675,-0.6836912632,-11.88592529
0.02689018675,-0.6365194321,-11.89216232
0.02689143675,-0.6304423809,-11.89026642
0.02689393675,-0.6181720495,-11.89069366
0.02689456175,-0.6150804758,-11.89082336
0.026894718,-0.6143061519,-11.89085293
0.0268950305,-0.6127555966,-11.89090919
0.02689514396,-0.6121920943,8.315633774
0.02689521253,-0.6118513942,13.78253269
0.02689526925,-0.6115694642,10.89779663
0.02689529313,-0.6114507318,11.92570591
0.02689531621,-0.6113359332,11.8305521
0.02689534056,-0.6112148762,11.83810329
0.02689536809,-0.6110779643,11.83729553
0.02689542316,-0.6108040214,11.83749771
0.0268955333,-0.6102559566,11.83746815
0.02689575357,-0.6091589332,11.8376627
0.02689619412,-0.6069614291,11.83785248
0.02689707521,-0.6025524735,11.83840847
0.02689883741,-0.5936791897,11.83934402
0.0269023618,-0.5757154822,11.84134769
0.02690941057,-0.5389500856,11.84506989
0.02691941057,-0.4849957824,11.85020924
0.02692941057,-0.4291273952,11.85494041
0.02693941057,-0.3715654612,11.85949421
0.02694941057,-0.3125371039,11.86367321
0.02695941057,-0.2522753179,11.86770344
0.02696941057,-0.1910179257,11.8713913
0.02697941057,-0.1290066689,11.87495708
0.02698941057,-0.06648627669,11.8782053
0.02699941057,-0.003703497117,11.88135529
0.02700941057,0.05909390002,11.88421249
0.02701941057,0.1216580793,11.88699245
0.02702941057,0.1837421358,11.88949966
0.02703066057,0.1914566457,11.88983154
0.02703097307,0.1933834553,11.88990879
0.02703159807,0.1972348094,11.89006138
0.02703175432,0.198197186,11.89009953
0.02703206682,0.2001213431,11.89017487
0.02703218028,0.2008197308,-8.31635952
0.02703224885,0.2012417912,-13.78325558
0.02703230557,0.2015908808,-10.89849663
0.02703232945,0.201737836,-11.92644215
0.02703235254,0.2018799186,-11.8312645
0.02703237688,0.2020297199,-11.8388176
0.02703240441,0.2021991611,-11.83800793
0.02703245948,0.2025380135,-11.83820724
0.02703256963,0.2032156587,-11.83817005
0.02703278991,0.2045706511,-11.8383522
0.02703323047,0.2072794586,-11.83851433
0.0270341116,0.2126922905,-11.83901691
0.02703587385,0.2234982401,-11.8398447
0.02703939835,0.2450266182,-11.84163666
0.02704644736,0.2877123952,-11.84494877
0.02705644736,0.3472802043,-11.8495369
0.02706644736,0.4054774642,-11.85375214
0.02707644736,0.4620744586,-11.85782433
0.02708644736,0.5168479085,-11.86155891
0.02709644736,0.5695815086,-11.86518097
0.02710644736,0.6200672984,-11.86849403
0.02711644736,0.6681059599,-11.87172222
0.02712644736,0.7135078907,-11.87466812
0.02713644736,0.7560939789,-11.87755108
0.02714644736,0.7956960797,-11.88017559
0.02715644736,0.8321579099,-11.88275719
0.02715769736,0.8364875317,-11.88303757
0.02716019736,0.8449917436,-11.88364315
0.02716082236,0.8470852971,-11.88379383
0.02716097861,0.8476066589,-11.88383102
0.02716129111,0.8486468792,-11.88390636
0.02716140457,0.8490237594,8.322628975
0.02716147314,0.8492513299,13.78952503
0.02716152988,0.8494394422,10.90459633
0.02716155376,0.8495186567,11.93287754
0.02716157686,0.8495951891,11.83750534
0.02716160121,0.8496758938,11.84509277
0.02716162875,0.8497671485,11.84427738
0.02716168384,0.8499495387,11.84447765
0.02716179401,0.8503140807,11.84444141
0.02716201436,0.8510418534,11.84462452
0.02716245505,0.8524925709,11.8447876
0.02716333644,0.8553743362,11.84529305
0.0271650992,0.8610591292,11.84612656
0.02716862474,0.8721112013,11.84792709
0.02717567582,0.8929262757,11.85124493
0.02718567582,0.9194327593,11.85581779
0.02719567582,0.9423106313,11.85999012
0.02720567582,0.9614697099,11.8639946
0.02721567582,0.9768342376,11.86763382
0.02722567582,0.9883437157,11.87113476
0.02723567582,0.9959526062,11.87430286
0.02724567582,0.999630928,11.87736034
0.02725567582,0.9993641973,11.88011265
0.02726567582,0.9951533675,11.88277912
0.02727567582,0.9870151877,11.88516521
0.02728567582,0.9749816656,11.88748741
0.02729567582,0.9591003656,11.88955212
0.02730567582,0.9394339323,11.89157295
0.02730692582,0.9367131591,11.89178276
0.02730942582,0.9310985208,11.89224911
0.02731005082,0.9296588898,11.89236355
0.02731130082,0.9267367125,11.89259338
0.02731161332,0.9259971976,11.89264965
0.02731223832,0.9245074987,11.89276314
0.02731239457,0.9241328239,11.89279175
0.02731270707,0.9233808517,11.89284801
0.02731282052,0.9231069684,-8.313694954
0.02731288909,0.9229412079,-13.78059387
0.02731294581,0.922803998,-10.89591026
0.02731296969,0.9227461815,-11.92371655
0.02731299277,0.9226902723,-11.82862282
0.02731301711,0.9226312637,-11.83616257
0.02731304464,0.9225645661,-11.83535671
0.0273130997,0.9224309921,-11.83555889
0.02731320983,0.9221636057,-11.83552933
0.02731343009,0.9216274023,-11.83572483
0.02731387059,0.9205497503,-11.83591461
0.02731475161,0.9183733463,-11.83647156
0.02731651364,0.9139360785,-11.83740807
0.02732003771,0.9047261477,-11.83941555
0.02732708585,0.8849802613,-11.84314728
0.02733708585,0.8539969325,-11.84830666
0.02734708585,0.8196431994,-11.85306549
0.02735708585,0.7820547819,-11.85765171
0.02736708585,0.7413799167,-11.86187077
0.02737708585,0.697779119,-11.86594868
0.02738708585,0.6514245868,-11.86968899
0.02739708585,0.6024991274,-11.8733139
0.02740708585,0.5511959195,-11.87662792
0.02741708585,0.4977173507,-11.87984943
0.02742708585,0.4422745109,-11.88278294
0.02743708585,0.3850862384,-11.88564396
0.02743833585,0.3778261542,-11.88595676
0.02744083585,0.3632365167,-11.8866272
0.02744146085,0.3595749438,-11.88679314
0.02744271085,0.3522352576,-11.88712406
0.02744302335,0.3503969312,-11.88720608
0.02744364835,0.3467162251,-11.88737011
0.0274438046,0.3457951844,-11.88741112
0.0274441171,0.3439521492,-11.88749218
0.02744423055,0.3432826996,8.319040298
0.02744429913,0.3428780138,13.78593445
0.02744435585,0.342543155,10.90110207
0.02744437974,0.3424021602,11.92919064
0.02744440283,0.3422658443,11.83393002
0.02744442717,0.3421221077,11.84149742
0.02744445471,0.3419595063,11.84068489
0.02744450979,0.3416343033,11.84088326
0.02744461994,0.3409837484,11.84084415
0.02744484025,0.339682132,11.84102249
0.02744528087,0.337076962,11.84117699
0.02744616211,0.3318588734,11.84166336
0.02744792458,0.3213923872,11.84245968
0.02745144953,0.3003424108,11.84418869
0.02745849942,0.2578109205,11.84737587
0.02746849942,0.1966342926,11.85178566
0.02747849942,0.1346816272,11.85582352
0.02748849942,0.07219742984,11.85972023
0.02749849942,0.00942830462,11.86327839
0.02750849942,-0.05337803066,11.86672497
0.02751849942,-0.1159737036,11.86986446
0.02752849942,-0.1781116873,11.87292004
0.02753849942,-0.2395467311,11.87569523
0.02754849942,-0.3000364006,11.87841034
0.02755849942,-0.359341979,11.88086796
0.02756849942,-0.4172293842,11.88328648
0.02757849942,-0.4734701812,11.88546848
0.02757865567,-0.474334687,11.88552666
0.02757896817,-0.4760623276,-10.43063259
0.02757905438,-0.4765385985,-12.72790241
0.02757914058,-0.4770147204,-11.28793526
0.02757918503,-0.4772601724,-12.05599785
0.02757922999,-0.4775083959,-11.75987816
0.0275792763,-0.4777640402,-11.87616634
0.02757932404,-0.4780274928,-11.82908535
0.02757940191,-0.4784572124,-11.85113335
0.02757951714,-0.4790928364,-11.83718109
0.0275797379,-0.4803098738,-11.8479538
0.02758017941,-0.4827412069,-11.83890438
0.02758106245,-0.4875927269,-11.84804726
0.02758282852,-0.4972505867,-11.84058952
0.02758636066,-0.5163814425,-11.85066128
0.02759342493,-0.5538708568,-11.84601212
0.02760342493,-0.6050574183,-11.85887432
0.02761342493,-0.6538561583,-11.85519218
0.02762342493,-0.7000744343,-11.86740685
0.02763342493,-0.7435297966,-11.86323929
0.02764342493,-0.7840508223,-11.87487316
0.02765342493,-0.8214775324,-11.87028122
0.02766342493,-0.8556622863,-11.88139248
0.02767342493,-0.8864700794,-11.87643147
0.02768342493,-0.9137793779,-11.88707352
0.02769342493,-0.9374824762,-11.88179111
0.02770342493,-0.9574856758,-11.89201069
0.02771342493,-0.9737101793,-11.88645077
0.02772342493,-0.9860918522,-11.89628983
0.02772467493,-0.9873667955,-11.89269543
0.02772717493,-0.9897338152,-11.89312649
0.02772779993,-0.9902874231,-11.89327717
0.02772904993,-0.9913488626,-11.8935194
0.02772936243,-0.9916046858,-11.89357948
0.02772959992,-0.9917964935,10.0108366
0.02772970043,-0.9918770194,13.05888557
0.02772979103,-0.9919492602,11.04918671
0.02772983287,-0.9919825196,12.11611271
0.02772987105,-0.9920127988,11.74545288
0.02772991135,-0.9920447469,11.86533833
0.02772994894,-0.99207443,11.82534981
0.02773001312,-0.9921250343,11.8398819
0.02773011185,-0.9922025204,11.83158016
0.02773030932,-0.9923564196,11.83776569
0.02773070427,-0.9926595688,11.83277988
0.02773149415,-0.9932475686,11.83804321
0.02773307392,-0.9943501949,11.83427048
0.02773623346,-0.9962614179,11.84055042
0.02774255254,-0.9989053607,11.83938122
0.02775255254,-0.9998713732,11.84892464
0.02776255254,-0.9968913794,11.84921169
0.02777255254,-0.9899770617,11.85816288
0.02778255254,-0.9791558385,11.8579607
0.02779255254,-0.9644702673,11.86638355
0.02780255254,-0.9459783435,11.86575317
0.02781255254,-0.9237531424,11.87370396
0.02782255254,-0.8978822827,11.87269783
0.02783255254,-0.868467927,11.88022709
0.02784255254,-0.8356260657,11.87888908
0.02785255254,-0.7994863987,11.88603973
0.02785380254,-0.7947440147,11.88424301
0.02785630254,-0.7851125002,11.88488674
0.02785692754,-0.782674253,11.8850708
0.02785708379,-0.7820628285,11.88511276
0.02785720254,-0.7815976143,-8.455825806
0.02785725507,-0.7813916802,-13.37771511
0.02785729504,-0.7812349796,-11.32438946
0.02785731498,-0.7811567187,-11.84541607
0.02785733865,-0.7810638547,-11.84293079
0.02785736167,-0.7809735537,-11.84316349
0.02785739858,-0.7808286548,-11.84316063
0.02785747241,-0.7805387974,-11.84320354
0.02785762007,-0.7799584866,-11.8432703
0.02785791539,-0.778795898,-11.84341717
0.02785850603,-0.7764626145,-11.8436985
0.02785968731,-0.7717640996,-11.84426785
0.02786204986,-0.7622397542,-11.84538364
0.02786677497,-0.7426893115,-11.84757328
0.02787622518,-0.7016425729,-11.85174656
0.02788622518,-0.6555179358,-11.85589695
0.02789622518,-0.6068063378,-11.8597784
0.02790622518,-0.5556998849,-11.86342144
0.02791622518,-0.5024003983,-11.86682892
0.02792622518,-0.4471181333,-11.8700285
0.02793622518,-0.3900713027,-11.87302113
0.02794622518,-0.331485033,-11.87583351
0.02795622518,-0.2715905607,-11.87846565
0.02796622518,-0.2106242329,-11.88094139
0.02797622518,-0.1488266587,-11.88325882
0.02798622518,-0.08644174784,-11.88544273
0.02799622518,-0.02371568605,-11.88748837
0.02799747518,-0.01586326212,-11.88773632
0.02799778768,-0.01389998384,-11.88779736
0.02799802516,-0.01240794454,10.01661682
0.02799812568,-0.01177643239,13.06466579
0.02799821628,-0.01120722573,11.05496597
0.02799825813,-0.01094429567,12.12196064
0.02799829631,-0.01070439164,11.75117207
0.02799833663,-0.0104510989,11.87114811
0.02799837423,-0.01021484844,11.83111286
0.02799843842,-0.009811527096,11.84566879
0.02799853717,-0.009191108868,11.8373518
0.02799873466,-0.007950264029,11.84354687
0.02799912965,-0.005468538031,11.83855057
0.02799991963,-0.0005050009349,11.84381866
0.02800149958,0.00942198839,11.84002876
0.02800465948,0.02927220426,11.84629822
0.02801097929,0.06893020123,11.84507847
0.02802097929,0.1314353496,11.85454559
0.02803097929,0.193421796,11.85472202
0.02804097929,0.2546448708,11.86355877
0.02805097929,0.3148629963,11.86320877
0.02806097929,0.3738385141,11.87148094
0.02807097929,0.4313386381,11.8706665
0.02808097929,0.4871364832,11.87843132
0.02809097929,0.5410118103,11.8772068
0.02810097929,0.5927520394,11.88451767
0.02811097929,0.6421529055,11.88293076
0.02812097929,0.6890195012,11.88983345
0.02813097929,0.7331668735,11.88792896
0.02814097929,0.7744207382,11.89446449
0.02814222929,0.779365778,11.89260769
0.02814254179,0.7805945277,11.89265823
0.02814316679,0.7830430269,11.89279079
0.02814332304,0.7836532593,11.89282417
0.02814363554,0.784871459,11.89289093
0.02814374899,0.7853130102,-8.313648224
0.02814381757,0.7855796814,-13.78054523
0.02814387428,0.785800159,-10.89586163
0.02814389816,0.7858929038,-11.92366409
0.02814392124,0.7859826088,-11.82857132
0.02814394558,0.7860771418,-11.83611012
0.02814397311,0.7861840725,-11.83530331
0.02814402818,0.7863978148,-11.83550358
0.0281441383,0.7868250608,-11.8354702
0.02814435856,0.7876784205,-11.83565903
0.02814479906,0.7893805504,-11.83583546
0.02814568008,0.7927668095,-11.83636379
0.02814744211,0.7994661927,-11.83724594
0.02815096617,0.8125702739,-11.83914471
0.02815801429,0.8375771046,-11.84266663
0.02816801429,0.8702279925,-11.84754562
0.02817801429,0.8994444609,-11.85204411
0.02818801429,0.9251112938,-11.85639
0.02819801429,0.9471271038,-11.86038971
0.02820801429,0.9654050469,-11.8642664
0.02821801429,0.9798730016,-11.86782646
0.02822801429,0.9904738069,-11.87129021
0.02823801429,0.9971656799,-11.87446308
0.02824801429,0.9999221563,-11.87756252
0.02825801429,0.9987324476,-11.88039398
0.02826801429,0.993601203,-11.88317204
0.02826926429,0.9926834702,-11.8834753
0.02826957679,0.9924444556,-11.88355732
0.02826981427,0.9922602773,10.02084064
0.02826991479,0.9921816587,13.0688839
0.02827000539,0.9921104312,11.05917835
0.02827004724,0.9920774698,12.12621975
0.02827008543,0.9920473099,11.75533581
0.02827012576,0.9920153618,11.87537479
0.02827016337,0.9919854999,11.83530426
0.02827022757,0.9919344783,11.84987164
0.02827032633,0.9918556213,11.84153843
0.02827052384,0.9916968346,11.84772873
0.02827091886,0.9913745522,11.84269905
0.0282717089,0.9907118082,11.84792137
0.02827328899,0.9893130064,11.84402275
0.02827644915,0.986223042,11.85009289
0.02828276949,0.9788780212,11.84846497
0.02829276949,0.964109242,11.85732174
0.02830276949,0.9455355406,11.85690022
0.02831276949,0.9232302308,11.86517525
0.02832276949,0.8972813487,11.86427689
0.02833276949,0.8677913547,11.87203789
0.02834276949,0.8348765373,11.87072659
0.02835276949,0.7986668348,11.87803268
0.02836276949,0.7593051791,11.8763628
0.02837276949,0.7169468999,11.88326645
0.02838276949,0.6717591882,11.88128853
0.02839276949,0.6239203215,11.88783741
0.02840276949,0.5736191273,11.88559437
0.02841276949,0.5210540891,11.89183044
0.02841401949,0.5143344998,11.88993454
0.02841651949,0.5008006692,11.89036179
0.02841652954,0.5007460117,-0.07085900009
0.02841654964,0.5006366372,-11.93415165
0.0284165567,0.5005982518,-11.88346291
0.02841656282,0.5005649328,-11.8618679
0.02841657117,0.5005195737,-11.84760284
0.02841658785,0.5004288554,-11.83866119
0.02841662121,0.5002473593,-11.8376379
0.02841668793,0.4998843074,-11.83800316
0.02841682137,0.4991579354,-11.83787918
0.02841708826,0.4977041781,-11.83819008
0.02841762204,0.4947924614,-11.8383503
0.0284186896,0.4889523387,-11.83908749
0.02842082471,0.477206409,-11.84015179
0.02842509493,0.4534589946,-11.8426218
0.02843363537,0.4050022364,-11.84699821
0.02844363537,0.3467926979,-11.85210705
0.02845363537,0.2872145176,-11.8566637
0.02846363537,0.2265028507,-11.8611927
0.02847363537,0.164897278,-11.86520481
0.02848363537,0.1026409194,-11.86921692
0.02849363537,0.03997949511,-11.8727417
0.02850363537,-0.02283971384,-11.87629318
0.02851363537,-0.08556878567,-11.87938595
0.02852363537,-0.1479601562,-11.8825264
0.02853363537,-0.2097675949,-11.88523197
0.02854363537,-0.2707471848,-11.8880043
0.02855363537,-0.330658257,-11.89036465
0.02855488537,-0.3380601704,-11.89072227
0.02855519787,-0.3399074078,-11.89079762
0.02855582287,-0.3435979486,-11.89094543
0.02855597912,-0.3445197642,-11.89098263
0.02855609786,-0.345220089,8.449960709
0.02855615039,-0.3455298245,13.37185097
0.02855619035,-0.3457654119,11.31867504
0.0285562103,-0.345882982,11.83947563
0.02855623395,-0.3460224569,11.83707714
0.02855625697,-0.3461581171,11.83730221
0.02855629387,-0.346375674,11.83730125
0.02855636769,-0.3468107283,11.83734703
0.02855651533,-0.3476806283,11.83741856
0.0285568106,-0.3494195342,11.83757401
0.02855740114,-0.3528937101,11.83787346
0.02855858222,-0.3598274291,11.83848
0.02856094438,-0.3736350834,11.83967113
0.02856566871,-0.4010004103,11.84201145
0.02857511736,-0.454647392,11.84648705
0.02858511736,-0.5096759796,11.85096169
0.02859511736,-0.562693119,11.8551712
0.02860511736,-0.6134895086,11.85914421
0.02861511736,-0.6618648171,11.86288357
0.02862511736,-0.7076280117,11.86641693
0.02863511736,-0.7505984902,11.86974525
0.02864511736,-0.7906067371,11.87289333
0.02865511736,-0.8274948001,11.87586212
0.02866511736,-0.8611171246,11.87867355
0.02867511736,-0.8913410306,11.88132668
0.02867636736,-0.8948739767,11.88164902
0.02867886736,-0.9017740488,11.88228607
0.02868386736,-0.9149050713,11.88353348
0.02868402361,-0.9153009057,11.88357162
0.02868433611,-0.9160900116,11.88364887
0.02868444956,-0.9163755774,-8.322886467
0.02868451814,-0.9165480137,-13.78978157
0.02868457487,-0.9166905284,-10.90484619
0.02868459876,-0.9167504907,-11.9331398
0.02868462186,-0.9168084264,-11.83775997
0.02868464621,-0.9168695211,-11.84534836
0.02868467375,-0.9169386029,-11.84453297
0.02868472884,-0.9170766473,-11.84473324
0.02868483901,-0.917352438,-11.84469604
0.02868505936,-0.9179027081,-11.84487724
0.02868550006,-0.9189979434,-11.84503841
0.02868638145,-0.9211671948,-11.84553909
0.02868814424,-0.9254209995,-11.84636116
0.02869166982,-0.9335875511,-11.84814167
0.02869872098,-0.9485424757,-11.85141945
0.02870872098,-0.9665533304,-11.85593891
0.02871872098,-0.9807496667,-11.86005974
0.02872872098,-0.9910754561,-11.86401558
0.02873872098,-0.9974899292,-11.86760902
0.02874872098,-0.9999676943,-11.871068
0.02875872098,-0.9984990954,-11.8741951
0.02876872098,-0.9930898547,-11.87721539
0.02877872098,-0.9837613702,-11.8799324
0.02878872098,-0.9705504179,-11.88256741
0.02879872098,-0.9535091519,-11.88492393
0.02880872098,-0.9327048063,-11.88722038
0.02881872098,-0.9082195163,-11.88926125
0.02882872098,-0.8801498413,-11.8912611
0.02882997098,-0.8763945103,-11.891469
0.02883247098,-0.8687218428,-11.89192963
0.02883309598,-0.8667700887,-11.89204407
0.02883434598,-0.8628265858,-11.89227104
0.02883465848,-0.8618323803,-11.89232731
0.02883528348,-0.8598339558,-11.89243984
0.02883543973,-0.8593323231,-11.8924675
0.02883555847,-0.8589504957,8.448482513
0.02883561101,-0.8587814569,13.37037563
0.02883565096,-0.8586527705,11.31723976
0.0288356709,-0.8585885763,11.83798409
0.02883569456,-0.858512342,11.83560848
0.02883571757,-0.8584381938,11.8358326
0.02883575448,-0.8583192229,11.8358345
0.02883582829,-0.858081162,11.83588314
0.02883597592,-0.8576045036,11.83596325
0.02883627118,-0.8566488624,11.83613586
0.02883686169,-0.8547288179,11.83646965
0.02883804273,-0.8508534431,11.83714294
0.02884040479,-0.8429623842,11.83846569
0.02884512892,-0.8266249895,11.84106541
0.02885457718,-0.7917805314,11.84604073
0.02886457718,-0.7518653274,11.85101509
0.02887457718,-0.7089828253,11.85569477
0.02888457718,-0.6633023024,11.86010742
0.02889457718,-0.6150040627,11.86425781
0.02890457718,-0.5642786622,11.86817169
0.02891457718,-0.511326313,11.87185192
0.02892457718,-0.456355989,11.87532139
0.02893457718,-0.399584651,11.87858105
0.02894457718,-0.3412363231,11.88165379
0.02895457718,-0.2815412879,11.88453865
0.02896457718,-0.2207351476,11.88725758
0.02896582718,-0.2130681574,11.88758278
0.02896832718,-0.1976952404,11.88823128
0.02896833723,-0.197633341,-0.07299675792
0.02896835733,-0.1975095421,-11.93629646
0.02896836439,-0.1974660605,-11.8856039
0.02896837052,-0.1974283159,-11.86400795
0.02896837886,-0.1973769367,-11.84974384
0.02896839554,-0.1972741783,-11.84080315
0.0289684289,-0.1970686615,-11.83977795
0.02896849563,-0.1966576129,-11.84013844
0.02896862909,-0.1958353966,-11.84000397
0.028968896,-0.1941905469,-11.84029484
0.02896942982,-0.1908992231,-11.84041595
0.02897049745,-0.184310168,-11.84107494
0.02897263273,-0.171107471,-11.84198189
0.02897690329,-0.1446120739,-11.84414482
0.0289854444,-0.09132807702,-11.84792614
0.0289954444,-0.02861975692,-11.85237408
0.0290054444,0.0342015177,-11.85630798
0.0290154444,0.09688781202,-11.86025143
0.0290254444,0.1591917425,-11.86371613
0.0290354444,0.2208673954,-11.86721992
0.0290454444,0.2816714048,-11.87027454
0.0290554444,0.3413637877,-11.87339401
0.0290654444,0.3997089565,-11.87609291
0.0290754444,0.4564766586,-11.87887764
0.0290854444,0.5114428401,-11.88126564
0.0290954444,0.5643905997,-11.88375854
0.0290966944,0.5708566308,-11.88398361
0.0290991944,0.5836827159,-11.88455009
0.0290998194,0.5868668556,-11.88469124
0.0291010694,0.5932079554,-11.88497162
0.02910107565,0.5932395458,-2.694724321
0.02910108815,0.5933027864,8.566756248
0.02910109523,0.5933385491,10.29387951
0.02910110024,0.5933639407,10.920681
0.02910110761,0.593401134,11.42133141
0.02910111936,0.5934606194,11.73596382
0.02910113472,0.5935382843,11.82976437
0.0291011561,0.5936464071,11.84377003
0.02910118853,0.5938103199,11.84313488
0.02910125338,0.5941381454,11.84336472
0.02910138309,0.5947934985,11.84331512
0.0291016425,0.596102953,11.84354496
0.02910216133,0.5987172127,11.84373665
0.02910319899,0.6039265394,11.84435844
0.0291052743,0.6142680049,11.8453598
0.02910942493,0.6346358061,11.84754562
0.02911772619,0.6740630269,11.85152721
0.02912772619,0.7191146016,11.85620117
0.02913772619,0.7613282204,11.86043262
0.02914772619,0.800537169,11.86453438
0.02915772619,0.8365867734,11.86822796
0.02916772619,0.8693347573,11.87182045
0.02917772619,0.8986518979,11.87503719
0.02918772619,0.9244224429,11.8781805
0.02919772619,0.9465447664,11.88097477
0.02920772619,0.964931488,11.88371944
0.02921772619,0.9795100093,11.88614082
0.02922772619,0.9902229309,11.88853359
0.02923772619,0.9970278144,11.89062405
0.02924772619,0.9998979568,11.89270592
0.02924897619,0.9999793172,11.89291191
0.02925147619,0.9999569654,11.89338684
0.02925210119,0.999912858,11.8935051
0.02925225744,0.9998993874,11.89353371
0.02925237619,0.9998885393,-8.447415352
0.02925242872,0.9998835921,-13.36930752
0.02925246867,0.9998797178,-11.31619835
0.02925248861,0.9998777509,-11.83690166
0.02925251227,0.9998754263,-11.83454132
0.02925253528,0.9998731017,-11.83476353
0.02925257218,0.9998694062,-11.83476543
0.02925264599,0.9998617768,-11.83481407
0.02925279362,0.9998459816,-11.83489227
0.02925308887,0.9998116493,-11.83506298
0.02925367937,0.9997327924,-11.83539104
0.02925486036,0.9995337129,-11.8360548
0.02925722236,0.9989705086,-11.83735847
0.02926194634,0.997184217,-11.83992195
0.02927139432,0.9909786582,-11.84483147
0.02928139432,0.9806079865,-11.8497448
0.02929139432,0.9663673043,-11.85437202
0.02930139432,0.948312819,-11.85874271
0.02931139432,0.9265158176,-11.86285973
0.02932139432,0.9010622501,-11.86674976
0.02933139432,0.8720525503,-11.87041378
0.02934139432,0.8396013379,-11.87387657
0.02935139432,0.8038365841,-11.87713909
0.02936139432,0.7648994327,-11.88022232
0.02937139432,0.722943604,-11.88312626
0.02937264432,0.7174949646,-11.88347816
0.02937514432,0.7064653039,-11.88417339
0.02938014432,0.6838858128,-11.88553429
0.02938030057,0.6831691861,-11.88557625
0.02938061307,0.6817340255,-11.88566017
0.02938072652,0.681212306,8.320872307
0.0293807951,0.6808968186,13.7877655
0.02938085183,0.6806357503,10.90288353
0.02938087571,0.6805257797,11.93106937
0.02938089881,0.680419445,11.83575153
0.02938092316,0.6803073287,11.84332848
0.0293809507,0.68018049,11.84251499
0.02938100578,0.679926753,11.84271336
0.02938111594,0.6794190407,11.8426733
0.02938133627,0.6784026027,11.84284973
0.02938177693,0.6763658524,11.84300137
0.02938265824,0.6722767949,11.84348297
0.02938442086,0.6640369892,11.84426785
0.02938794611,0.6473140717,11.84597397
0.0293949966,0.6129239202,11.84911346
0.0294049966,0.5621010661,11.85345364
0.0294149966,0.5090597868,11.85741806
0.0294249966,0.4540095329,11.86123753
0.0294349966,0.397167474,11.86471653
0.0294449966,0.3387580216,11.86808109
0.0294549966,0.2790116072,11.87113571
0.0294649966,0.2181640863,11.87410355
0.0294749966,0.1564555615,11.87678909
0.0294849966,0.09412956983,11.87941265
0.0294949966,0.03143210337,11.88177681
0.0295049966,-0.03138941526,11.88409901
0.0295149966,-0.09408705682,11.88618469
0.0295162466,-0.1019032151,11.88646793
0.0295187466,-0.1175161898,11.88697815
0.0295193716,-0.1214150563,11.88710403
0.02951952785,-0.1223894805,11.88713551
0.02951956691,-0.1226330698,11.88714409
0.02951964504,-0.123120226,11.88715935
0.02951980129,-0.1240944415,11.88719082
0.02951985802,-0.1244481131,-5.707936287
0.029519896,-0.1246849224,-13.77475452
0.02951991694,-0.1248154715,-11.78554058
0.02951992893,-0.1248902231,-11.82743645
0.02951994324,-0.1249793917,-11.83885384
0.02951996066,-0.1250879765,-11.84090805
0.02951999549,-0.1253051311,-11.84110355
0.02952006517,-0.1257394403,-11.84108257
0.02952020451,-0.1266079843,-11.84119606
0.0295204832,-0.1283447742,-11.84132004
0.02952104059,-0.1318171769,-11.84165192
0.02952215536,-0.1387570798,-11.84223557
0.0295243849,-0.1526161283,-11.8434639
0.02952884399,-0.1802416593,-11.84579659
0.02953776216,-0.2350467294,-11.85033798
0.02954776216,-0.2956143022,-11.85508251
0.02955776216,-0.3550152183,-11.85957813
0.02956776216,-0.4130150378,-11.86374474
0.02957776216,-0.4693849087,-11.8676939
0.02958776216,-0.523902297,-11.87134647
0.02959776216,-0.5763521194,-11.87481117
0.02960776216,-0.6265273094,-11.87800694
0.02961776216,-0.6742299199,-11.88104057
0.02962776216,-0.7192716002,-11.88382912
0.02963776216,-0.761474669,-11.88647938
0.02964776216,-0.8006725907,-11.88890648
0.02965776216,-0.8367105722,-11.89121532
0.02965901216,-0.8409858942,-11.89147663
0.02966151216,-0.8493807316,-11.89201832
0.02966651216,-0.8655396104,-11.89307308
0.02966666841,-0.8660308719,-11.89310551
0.02966698091,-0.867010951,-11.89317036
0.02966709436,-0.8673659563,8.313368797
0.02966716294,-0.8675802946,13.78026676
0.02966721965,-0.8677574396,10.89559078
0.02966724353,-0.8678319454,11.92337894
0.02966726661,-0.8679040074,11.82829475
0.02966729095,-0.8679800034,11.8358326
0.02966731848,-0.8680658937,11.83502579
0.02966737354,-0.868237555,11.83522606
0.02966748367,-0.868580699,11.83519363
0.02966770392,-0.8692656159,11.83538342
0.02966814442,-0.8706305027,11.83556271
0.02966902543,-0.8733403087,11.83609676
0.02967078743,-0.8786794543,11.83698845
0.02967431144,-0.8890340924,11.83890724
0.02968135947,-0.908430934,11.84246922
0.02969135947,-0.9328869581,11.84740353
0.02970135947,-0.9536613822,11.85195351
0.02971135947,-0.970672071,11.85634899
0.02972135947,-0.9838519692,11.86039543
0.02973135947,-0.9931490421,11.86431694
0.02974135947,-0.9985266328,11.86791897
0.02975135947,-0.999963522,11.87142181
0.02976135947,-0.9974539876,11.87463188
0.02977135947,-0.9910079241,11.87776566
0.02978135947,-0.9806508422,11.88062859
0.02979135947,-0.9664235711,11.88343525
0.02979260947,-0.9643756747,11.88374233
0.02979292197,-0.9638544321,11.8838253
0.02979315946,-0.9634557962,-10.02057266
0.02979325997,-0.9632863998,-13.06861496
0.02979335057,-0.9631334543,-11.05890942
0.02979339243,-0.963062644,-12.12594795
0.02979343062,-0.9629980326,-11.75506878
0.02979347094,-0.9629297256,-11.87510395
0.02979350855,-0.9628659487,-11.83503532
0.02979357276,-0.9627569318,-11.84960175
0.02979367151,-0.9625889659,-11.84126949
0.02979386902,-0.9622519612,-11.84745789
0.02979426404,-0.9615735412,-11.84242725
0.02979505408,-0.9601988196,-11.84764767
0.02979663415,-0.9573785067,-11.84374428
0.0297997943,-0.9514551163,-11.84980679
0.0298061146,-0.9384854436,-11.8481636
0.0298161146,-0.914950788,-11.85699749
0.0298261146,-0.8878052831,-11.85655594
0.0298361146,-0.8571559787,-11.8648138
0.0298461146,-0.8231239319,-11.86390209
0.0298561146,-0.7858433127,-11.8716507
0.0298661146,-0.7454613447,-11.87033081
0.0298761146,-0.7021374106,-11.87762928
0.0298861146,-0.6560424566,-11.87595558
0.0298961146,-0.6073583961,-11.88285732
0.0299061146,-0.5562773943,-11.88088036
0.0299161146,-0.5030009747,-11.8874321
0.0299261146,-0.4477394819,-11.88519573
0.0299361146,-0.3907109201,-11.89143944
0.0299373646,-0.3834692538,-11.88954449
0.0299376771,-0.3816551268,-11.88958645
0.0299383021,-0.3780224621,-11.88970184
0.02993845835,-0.3771133721,-11.88973141
0.0299385771,-0.376422286,8.451217651
0.02993862963,-0.3761164546,13.37311077
0.02993866959,-0.3758838177,11.31990528
0.02993868953,-0.375767678,11.84075546
0.02993871319,-0.3756299317,11.83833981
0.02993873621,-0.3754959106,11.83856678
0.02993877312,-0.3752809465,11.83856869
0.02993884694,-0.3748509884,11.83861732
0.02993899458,-0.373990804,11.83869648
0.02993928986,-0.3722694814,11.83886719
0.02993988042,-0.3688230217,11.83919716
0.02994106154,-0.3619149327,11.83986282
0.02994342379,-0.3480392694,11.84117031
0.02994814828,-0.3200610578,11.84373856
0.02995759727,-0.2632834911,11.84864712
0.02996759727,-0.2021887898,11.85354424
0.02997759727,-0.1402961314,11.85813904
0.02998759727,-0.0778497979,11.86246109
0.02999759727,-0.01509621926,11.86651421
0.03000759727,0.04771693423,11.87032413
0.03001759727,0.1103417724,11.87389469
0.03002759727,0.1725311428,11.87724876
0.03003759727,0.2340396047,11.88038826
0.03004759727,0.294624418,11.88333607
0.03005759727,0.3540464938,11.88609123
0.03006759727,0.4120713174,11.88867569
0.03007759727,0.4684698582,11.89108753
0.03007884727,0.4753941596,11.8913784
0.03007915977,0.4771206677,11.89145088
0.03007978477,0.4805681705,11.89159489
0.03007994102,0.4814288914,11.89163017
0.03008005976,0.4820826948,-8.449313164
0.0300801123,0.4823718667,-13.37120438
0.03008015225,0.4825917482,-11.31804466
0.0300801722,0.4827015102,-11.83882046
0.03008019585,0.4828316569,-11.8364315
0.03008021886,0.482958287,-11.83665562
0.03008025577,0.4831613302,-11.83665562
0.03008032959,0.4835673571,-11.83670139
0.03008047722,0.4843790829,-11.83677387
0.03008077249,0.4860012829,-11.83693123
0.03008136302,0.4892406762,-11.83723545
0.03008254408,0.4956991971,-11.83784962
0.03008490619,0.5085340142,-11.83905506
0.03008963043,0.5338647962,-11.8414259
0.03009907891,0.5830933452,-11.84596252
0.03010907891,0.6329541206,-11.85049915
0.03011907891,0.6803168654,-11.85476875
0.03012907891,0.724994719,-11.85880089
0.03013907891,0.7668113708,-11.86259747
0.03014907891,0.805601716,-11.86618614
0.03015907891,0.8412127495,-11.86956787
0.03016907891,0.8735039234,-11.8727684
0.03017907891,0.9023477435,-11.87578678
0.03018907891,0.9276304245,-11.8786459
0.03019907891,0.9492521882,-11.88134575
0.03020032891,0.9516931176,-11.88167286
0.03020282891,0.9563986659,-11.88232136
0.03020345391,0.9575381875,-11.88248158
0.03020470391,0.9597730041,-11.88280106
0.03020720391,0.9640648365,-11.88343334
0.03020721396,0.964081645,0.07779417932
0.03020723406,0.9641151428,11.9410944
0.03020724112,0.9641269445,11.89039421
0.03020724725,0.9641371369,11.86879921
0.03020725559,0.9641510844,11.85453701
0.03020727228,0.9641788602,11.84559917
0.03020730565,0.9642344713,11.84457588
0.03020737239,0.9643455148,11.84493637
0.03020750587,0.9645671248,11.84480286
0.03020777282,0.9650083184,11.84509563
0.03020830674,0.9658825397,11.84521961
0.03020937456,0.9675983787,11.84588432
0.03021151022,0.9708993435,11.84680271
0.03021578153,0.9769761562,11.84898472
0.03022432415,0.9870151281,11.85279274
0.03023432415,0.9951533675,11.85725021
0.03024432415,0.9993641376,11.86117172
0.03025432415,0.999630928,11.86508179
0.03026432415,0.9959526062,11.86849022
0.03027432415,0.9883437157,11.87191677
0.03028432415,0.9768342972,11.87487507
0.03029432415,0.9614697695,11.87787628
0.03030432415,0.9423107505,11.88043785
0.03031432415,0.9194328189,11.88306618
0.03032432415,0.8929263353,11.88528061
0.03033432415,0.862895906,11.88758183
0.03034432415,0.8294600248,11.88949203
0.03035432415,0.792750597,11.89150715
0.03035557415,0.7879388332,11.89167404
0.03035588665,0.7867282629,11.89173031
0.03035651165,0.7842981219,11.89184284
0.0303566679,0.7836886644,11.8918705
0.0303569804,0.7824674845,11.89192677
0.03035709385,0.7820234299,-8.314616203
0.03035716243,0.7817547917,-13.78151512
0.03035721914,0.781532526,-10.89680672
0.03035724302,0.7814389467,-11.92466164
0.03035726611,0.7813484073,-11.8295393
0.03035729045,0.7812529802,-11.83708477
0.03035731798,0.7811449766,-11.83627796
0.03035737305,0.7809289098,-11.83648014
0.03035748318,0.7804964781,-11.83645058
0.03035770344,0.7796305418,-11.83664608
0.03035814397,0.7778941989,-11.83683681
0.03035902502,0.7744035721,-11.83739471
0.03036078713,0.7673513293,-11.83833313
0.03036431135,0.7529654503,-11.84034348
0.03037135979,0.7230934501,-11.84408092
0.03038135979,0.678294003,-11.84924316
0.03039135979,0.6308176517,-11.85400105
0.03040135979,0.5808517933,-11.8585825
0.03041135979,0.5285935402,-11.86279297
0.03042135979,0.4742491841,-11.86685753
0.03043135979,0.4180331826,-11.87058163
0.03044135979,0.3601673841,-11.87418556
0.03045135979,0.3008801639,-11.87747478
0.03046135979,0.2404055148,-11.88066864
0.03047135979,0.1789820939,-11.88357067
0.03048135979,0.1168523133,-11.88639641
0.03049135979,0.05426137522,-11.88895226
0.03049151604,0.05328104645,-11.88901615
0.03049182854,0.0513202399,10.42713261
0.03049191475,0.05077926442,12.72439861
0.03049200094,0.0502384007,11.28446579
0.03049204538,0.04995951802,12.05243015
0.03049209034,0.04967742413,11.75641441
0.03049213663,0.04938689247,11.87262917
0.03049218436,0.04908738285,11.82558727
0.03049226222,0.04859873652,11.84760952
0.03049237744,0.04787562788,11.83366871
0.03049259822,0.04648996145,11.84442139
0.03049303979,0.04371836036,11.8353672
0.03049392292,0.038174171,11.84446907
0.03049568917,0.02708243765,11.83695984
0.03049922168,0.004890329204,11.84690571
0.03050628669,-0.03949018195,11.84204292
0.03051628669,-0.102153793,11.85461235
0.03052628669,-0.1644142568,11.85069084
0.03053628669,-0.2260258496,11.8626833
0.03054628669,-0.286745429,11.85834599
0.03055628669,-0.3463333547,11.86982727
0.03056628669,-0.4045544565,11.86513519
0.03057628669,-0.4611789584,11.87616348
0.03058628669,-0.5159834027,11.87116909
0.03059628669,-0.568751514,11.88179398
0.03060628669,-0.6192749739,11.87654305
0.03061628669,-0.6673544645,11.88680935
0.03061753669,-0.6731830239,11.88323593
0.03062003669,-0.6847151518,11.88376236
0.03062066169,-0.6875718832,11.88393784
0.03062191169,-0.6932535172,11.88422775
0.03062222419,-0.6946672797,11.88429928
0.03062284919,-0.6974866986,11.88444328
0.03062300544,-0.6981899142,11.88447952
0.03062312419,-0.6987238526,-8.456464767
0.03062317672,-0.6989599466,-13.37835503
0.03062321669,-0.6991394758,-11.32501507
0.03062323663,-0.6992291212,-11.84606743
0.0306232603,-0.6993353963,-11.84357357
0.03062328332,-0.6994388103,-11.84380722
0.03062332024,-0.6996045709,-11.84380627
0.03062339407,-0.6999359131,-11.843853
0.03062354173,-0.7005982399,-11.84392452
0.03062383705,-0.7019211054,-11.84408283
0.0306244277,-0.7045595646,-11.8443861
0.030625609,-0.7098073363,-11.84500027
0.0306279716,-0.7201852202,-11.84620476
0.03063269679,-0.7404626608,-11.84856796
0.03064214717,-0.7790424228,-11.85306931
0.03065214717,-0.816873014,-11.85754204
0.03066214717,-0.8514797688,-11.86172009
0.03067214717,-0.8827261329,-11.86563301
0.03068214717,-0.9104887843,-11.86928368
0.03069214717,-0.9346581101,-11.87270069
0.03070214717,-0.9551388025,-11.87588596
0.03071214717,-0.9718500376,-11.87886429
0.03072214717,-0.9847257733,-11.88163757
0.03073214717,-0.9937152267,-11.88422871
0.03074214717,-0.9987829924,-11.88663769
0.03075214717,-0.9999089837,-11.88888741
0.03076214717,-0.9970887899,-11.89097595
0.03077214717,-0.9903335571,-11.89292431
0.03077339717,-0.9892136455,-11.8931551
0.03077370967,-0.9889241457,-11.89321327
0.03077433467,-0.9883336425,-11.89332867
0.03077449092,-0.9881836772,-11.89335728
0.03077460967,-0.9880690575,8.447591782
0.0307746622,-0.9880181551,13.3694849
0.03077470215,-0.9879793525,11.31637096
0.03077472209,-0.987959981,11.83708096
0.03077474575,-0.9879369736,11.83471775
0.03077476876,-0.9879145622,11.83494091
0.03077480566,-0.9878786206,11.83494282
0.03077487948,-0.987806499,11.83499146
0.0307750271,-0.9876616597,11.83507061
0.03077532235,-0.9873694777,11.83524227
0.03077591285,-0.9867748618,11.83557224
0.03077709386,-0.9855448604,11.83623981
0.03077945586,-0.9829221368,11.83755112
0.03078417987,-0.9770278931,11.84012794
0.03079362789,-0.9626632333,11.84506416
0.03080362789,-0.9437661171,11.85000324
0.03081362789,-0.9211443663,11.85465431
0.03082362789,-0.8948873281,11.85904598
0.03083362789,-0.865098536,11.86318111
0.03084362789,-0.8318955898,11.86708641
0.03085362789,-0.7954095602,11.87076283
0.03086362789,-0.755784452,11.87423611
0.03087362789,-0.7131765485,11.87750626
0.03088362789,-0.6677540541,11.88059521
0.03089362789,-0.6196962595,11.88350201
0.03090362789,-0.5691928267,11.88624763
0.03090378414,-0.5683853626,11.88628769
0.03090409664,-0.5667687654,-10.42985821
0.03090418285,-0.5663223863,-12.72712135
0.03090426905,-0.5658759475,-11.28715992
0.0309043135,-0.5656456351,-12.05519867
0.03090435846,-0.5654127002,-11.75909996
0.03090440477,-0.5651726723,-11.87537003
0.0309044525,-0.5649251938,-11.82829571
0.03090453038,-0.5645214319,-11.85033512
0.0309046456,-0.5639237165,-11.83638096
0.03090486636,-0.5627776384,-11.84713936
0.03090530789,-0.5604823232,-11.83807087
0.03090619095,-0.5558786988,-11.84716892
0.03090795705,-0.5466203094,-11.83962822
0.03091148927,-0.527902782,-11.84953117
0.03091855371,-0.4896969497,-11.84456253
0.03092855371,-0.4339840412,-11.85699749
0.03093855371,-0.3765583932,-11.8529253
0.03094855371,-0.3176466525,-11.86477947
0.03095855371,-0.2574813068,-11.86028862
0.03096855371,-0.1962997913,-11.87162876
0.03097855371,-0.1343435794,-11.86677933
0.03098855371,-0.07185717672,-11.87766361
0.03099855371,-0.009087179787,-11.87251091
0.03100855371,0.05371867865,-11.88298988
0.03101855371,0.1163125336,-11.87758064
0.03102855371,0.1784473509,-11.88770103
0.03103855371,0.2398779243,-11.88207722
0.03103980371,0.2474951148,-11.88619423
0.03104011621,0.2493970543,-11.8862896
0.03104074121,0.2531980276,-11.8864212
0.03104089746,0.2541476488,-11.88645267
0.03104120996,0.2560462058,-11.88651752
0.03104132342,0.2567352355,8.320022583
0.03104139199,0.2571516037,13.78691959
0.03104144872,0.2574960589,10.90206432
0.0310414726,0.2576410472,11.9302063
0.0310414957,0.2577812672,11.83491611
0.03104152004,0.2579290569,11.8424902
0.03104154758,0.2580962479,11.84167862
0.03104160266,0.2584305704,11.84187984
0.03104171282,0.2590991557,11.84184647
0.03104193314,0.2604359388,11.84203625
0.03104237378,0.2631080151,11.84221458
0.03104325506,0.2684460878,11.84274864
0.03104501761,0.2790973783,11.84363842
0.03104854272,0.300295949,11.84555149
0.03105559294,0.3422408402,11.84909248
0.03106559294,0.4005642533,11.85397243
0.03107559294,0.4573068321,11.85844231
0.03108559294,0.5122445822,11.86273384
0.03109559294,0.5651608109,11.86664963
0.03110559294,0.6158465743,11.87041664
0.03111559294,0.6641018391,11.87384033
0.03112559294,0.709736228,11.87714291
0.03113559294,0.7525696158,11.88012791
0.03114559294,0.7924329042,11.88301754
0.03115559294,0.8291689157,11.88561344
0.03116559294,0.862632513,11.88813591
0.03117559294,0.8926916718,11.89038754
0.03118559294,0.9192278385,11.89258385
0.03118684294,0.9222917557,11.89281464
0.03118934294,0.9282487631,11.89332199
0.03118996794,0.929702282,11.89344788
0.03119012419,0.9300634265,11.89347935
0.03119024293,0.9303373098,-8.447468758
0.03119029546,0.9304583073,-13.36936092
0.03119033542,0.9305502176,-11.31624985
0.03119035536,0.9305961132,-11.83695412
0.03119037901,0.9306505322,-11.83459282
0.03119040202,0.9307034016,-11.83481503
0.03119043893,0.9307881594,-11.83481598
0.03119051274,0.9309576154,-11.83486366
0.03119066037,0.9312958717,-11.83494091
0.03119095562,0.9319700599,-11.8351078
0.03119154611,0.9333087206,-11.83542824
0.03119272711,0.9359474778,-11.83607769
0.03119508911,0.9410702586,-11.8373518
0.0311998131,0.9506929517,-11.83985806
0.03120926109,0.9674181342,-11.8446579
0.03121926109,0.9814066887,-11.84946346
0.03122926109,0.9915221334,-11.85399055
0.03123926109,0.9977244735,-11.85826778
0.03124926109,0.9999892116,-11.86229992
0.03125926109,0.9983074665,-11.86611176
0.03126926109,0.992685914,-11.8697052
0.03127926109,0.9831466079,-11.873106
0.03128926109,0.9697273374,-11.87631226
0.03129926109,0.9524809122,-11.87934875
0.03130926109,0.9314755797,-11.88221264
0.03131051109,0.9285895228,-11.88255978
0.03131301109,0.9226458669,-11.88324642
0.03131363609,0.9211243391,-11.88341618
0.03131488609,0.9180386066,-11.88375473
0.03131519859,0.9172583818,-11.88383865
0.03131582359,0.9156872034,-11.8840065
0.03131597984,0.9152922034,-11.88404846
0.03131629234,0.9144995809,-11.88413239
0.03131691734,0.9129037261,-11.88429928
0.03131692047,0.9128956795,-6.185575962
0.03131692672,0.9128796458,2.474581718
0.03131693922,0.9128475785,9.732302666
0.03131694463,0.9128336906,10.6399498
0.0313169522,0.9128142595,11.30668831
0.03131695955,0.9127954245,11.59774399
0.03131697424,0.9127576947,11.807621
0.03131699074,0.9127153754,11.84063435
0.03131702038,0.9126392603,11.84457397
0.03131706102,0.912534833,11.84371471
0.0313171423,0.9123258591,11.84411716
0.03131730487,0.9119071364,11.84395123
0.03131762999,0.9110668898,11.84431171
0.03131828025,0.9093748927,11.84444046
0.03131958075,0.9059454799,11.84524155
0.03132218176,0.8989054561,11.84630108
0.03132738379,0.8841070533,11.84887314
0.03133738379,0.8530214429,11.85309601
0.03134738379,0.8185693622,11.85737514
0.03135738379,0.7808867097,11.86105347
0.03136738379,0.7401223183,11.86482143
0.03137738379,0.6964369416,11.86802387
0.03138738379,0.6500030756,11.87134361
0.03139738379,0.6010039449,11.8741293
0.03140738379,0.5496329665,11.87705708
0.03141738379,0.4960927963,11.87948036
0.03142738379,0.4405947626,11.88206768
0.03143738379,0.3833579123,11.88417435
0.03144738379,0.3246081471,11.88646412
0.03145738379,0.2645772696,11.88829803
0.03145863379,0.2569950819,11.88861752
0.03145894629,0.2550970316,11.8886776
0.03145957129,0.2512980103,11.88879681
0.03146082129,0.2436884046,11.88903427
0.03146082754,0.2436503172,2.698784113
0.03146084004,0.2435741425,-8.562698364
0.03146084712,0.2435310185,-10.289608
0.03146085213,0.2435004711,-10.91641331
0.03146085949,0.2434556037,-11.4171133
0.03146087125,0.2433839738,-11.73183155
0.0314608866,0.2432903796,-11.82568264
0.03146090797,0.2431601286,-11.83970928
0.03146094039,0.242962569,-11.839077
0.03146100522,0.24256742,-11.83930779
0.03146113488,0.2417770028,-11.83926392
0.03146139419,0.2401956916,-11.83950138
0.03146191283,0.2370311469,-11.83971119
0.0314629501,0.2306945473,-11.84036732
0.03146502463,0.2179922163,-11.8414402
0.0314691737,0.1924785972,-11.84376526
0.03147747184,0.1410764009,-11.84802341
0.03148747184,0.07863548398,-11.8530283
0.03149747184,0.01588422619,-11.85758495
0.03150747184,-0.04692971334,-11.86200523
0.03151747184,-0.1095584482,-11.86601257
0.03152747184,-0.1717548072,-11.86991215
0.03153747184,-0.2332733124,-11.87343025
0.03154747184,-0.2938712239,-11.87686634
0.03155747184,-0.3533093333,-11.87994766
0.03156747184,-0.4113530815,-11.88297081
0.03157747184,-0.4677734375,-11.88566303
0.03158747184,-0.5223476887,-11.88831711
0.03159747184,-0.5748605132,-11.89066219
0.03159872184,-0.5812692046,-11.89098644
0.03160122184,-0.5939787626,-11.89156055
0.03160184684,-0.5971333385,-11.8917017
0.03160309684,-0.6034148335,-11.89198399
0.03160340934,-0.6049794555,-11.8920536
0.03160403434,-0.6081016064,-11.89219284
0.03160403747,-0.6081171632,-6.193468094
0.03160404372,-0.6081483364,2.466691256
0.03160405622,-0.6082106829,9.724411964
0.03160406163,-0.6082376838,10.63180923
0.0316040692,-0.6082754731,11.29858685
0.03160407654,-0.6083120704,11.58968258
0.03160409123,-0.6083853245,11.79966259
0.03160410772,-0.6084675789,11.83273029
0.03160413735,-0.6086152792,11.83668709
0.03160417796,-0.6088176966,11.83582687
0.03160425918,-0.6092224717,11.83623409
0.03160442162,-0.6100315452,11.83607483
0.03160474651,-0.6116477847,11.83644962
0.03160539628,-0.6148725748,11.83660603
0.03160669583,-0.621291399,11.83746338
0.03160929493,-0.6340042949,11.8386364
0.03161449312,-0.6589195132,11.84143639
0.03162449312,-0.7048511505,11.84610271
0.03163449312,-0.7480010986,11.85082912
0.03164449312,-0.7881990075,11.85495853
0.03165449312,-0.8252862096,11.8591795
0.03166449312,-0.8591164351,11.86283684
0.03167449312,-0.8895561099,11.86661339
0.03168449312,-0.9164851308,11.86985683
0.03169449312,-0.939797163,11.87324429
0.03170449312,-0.9594002962,11.87612438
0.03171449312,-0.9752170444,11.87916756
0.03172449312,-0.9871851206,11.88172817
0.03172574312,-0.9884079695,11.88213825
0.03172824312,-0.9906707406,11.88279247
0.03172886812,-0.9911982417,11.88295364
0.03173011812,-0.9922074676,11.88327599
0.03173043062,-0.9924501777,11.88335609
0.0317306681,-0.992632091,-10.02104473
0.03173076862,-0.992708385,-13.06908798
0.03173085922,-0.9927768707,-11.05938244
0.03173090107,-0.9928084016,-12.12642765
0.03173093926,-0.9928370714,-11.75553894
0.03173097959,-0.9928673506,-11.87558079
0.0317310172,-0.992895484,-11.8355093
0.03173108141,-0.9929434061,-11.85007858
0.03173118016,-0.9930167794,-11.84174538
0.03173137767,-0.9931624532,-11.84793663
0.0317317727,-0.9934490919,-11.84290886
0.03173256274,-0.9940041304,-11.8481369
0.03173414283,-0.9950406551,-11.84424782
0.03173730301,-0.9968194366,-11.85033798
0.03174362337,-0.9991974831,-11.84874725
0.03175362337,-0.999740839,-11.85766029
0.03176362337,-0.9963387251,-11.85728931
0.03177362337,-0.9890044928,-11.86561203
0.03178362337,-0.9777671099,-11.86475563
0.03179362337,-0.9626709223,-11.87255383
0.03180362337,-0.943775475,-11.87127399
0.03181362337,-0.9211554527,-11.8786087
0.03182362337,-0.8948999643,-11.87696171
0.03183362337,-0.8651127815,-11.88388443
0.03184362337,-0.8319113851,-11.88191986
0.03185362337,-0.7954267859,-11.88847923
0.03186362337,-0.7558030486,-11.88624096
0.03187362337,-0.7131964564,-11.89247894
0.03187487337,-0.7076691389,-11.89058304
0.03187737337,-0.6964839697,-11.89100933
0.03187799837,-0.6936606765,-11.89113903
0.03187924837,-0.6879820824,-11.891366
0.03187956087,-0.6865558028,-11.89142227
0.03187979836,-0.6854701042,10.01299763
0.03187989887,-0.6850101352,13.0610466
0.03187998947,-0.6845953465,11.05134964
0.03188003131,-0.6844036579,12.11830139
0.03188006949,-0.6842287779,11.74759388
0.0318801098,-0.6840440035,11.86751366
0.03188014739,-0.6838716865,11.82750797
0.03188021158,-0.6835774183,11.8420496
0.03188031032,-0.6831244826,11.833745
0.0318805078,-0.6822177768,11.83993626
0.03188090276,-0.6804012656,11.83495235
0.03188169268,-0.6767556667,11.84022808
0.03188327251,-0.6694145203,11.8364706
0.03188643219,-0.6545351148,11.8427887
0.03189275154,-0.6240084171,11.84168339
0.03190275154,-0.5737114549,11.85132217
0.03191275154,-0.521150291,11.85168266
0.03192275154,-0.466532439,11.86069679
0.03193275154,-0.4100733697,11.86053753
0.03194275154,-0.351995945,11.86899185
0.03195275154,-0.2925293446,11.86837292
0.03196275154,-0.2319082469,11.87632656
0.03197275154,-0.1703719199,11.87530136
0.03198275154,-0.1081632227,11.88280296
0.03199275154,-0.04552765191,11.88141918
0.03200275154,0.0172875952,11.88851452
0.03201275154,0.08003462106,11.88681221
0.03201400154,0.08786085993,11.88925552
0.03201431404,0.08981658518,11.88934994
0.03201493904,0.09372700751,11.88950634
0.03201618904,0.1015434414,11.88981438
0.03201619529,0.1015825048,2.699569702
0.03201620779,0.101660639,-8.561909676
0.03201621487,0.1017048657,-10.28878117
0.03201621988,0.1017362028,-10.91558838
0.03201622724,0.1017822176,-11.41629887
0.032016239,0.1018556878,-11.73103333
0.03201625436,0.1019516811,-11.824893
0.03201627573,0.1020852476,-11.8389225
0.03201630814,0.1022878364,-11.83828831
0.03201637296,0.1026929915,-11.83851624
0.03201650261,0.1035032645,-11.83846474
0.03201676191,0.105123587,-11.8386879
0.0320172805,0.1083634049,-11.83886719
0.0320183177,0.1148395464,-11.83946514
0.03202039208,0.1277769208,-11.84041977
0.03202454084,0.1535843611,-11.8425169
0.03203283837,0.2048687041,-11.84633827
0.03204283837,0.2659231424,-11.85085011
0.03205283837,0.325928092,-11.85495472
0.03206283837,0.3846467733,-11.85896015
0.03207283837,0.4418474138,-11.86259079
0.03208283837,0.4973042905,-11.86615276
0.03209283837,0.5507985353,-11.86937141
0.03210283837,0.6021190286,-11.8725462
0.03211283837,0.6510632038,-11.8754034
0.03212283837,0.6974380016,-11.87823963
0.03213283837,0.741060257,-11.88078213
0.03214283837,0.7817579508,-11.88332272
0.03214408837,0.7866313457,-11.88358593
0.03214440087,0.7878421545,-11.88366032
0.03214502587,0.7902546525,-11.88380814
0.03214627587,0.795042932,-11.88410378
0.03214628212,0.7950667739,-2.693858147
0.03214629462,0.795114398,8.567622185
0.0321463017,0.7951413989,10.29479027
0.03214630671,0.7951604724,10.92159176
0.03214631407,0.7951885462,11.42223072
0.03214632583,0.7952333093,11.73684502
0.03214634119,0.795291841,11.83063507
0.03214636257,0.795373261,11.84463596
0.032146395,0.7954967618,11.84400082
0.03214645986,0.7957436442,11.8442297
0.03214658958,0.7962369919,11.8441782
0.03214684901,0.7972220778,11.84440517
0.03214736788,0.7991859913,11.84458923
0.03214840562,0.8030881882,11.84519863
0.0321504811,0.8107901216,11.84617519
0.03215463207,0.8257789612,11.84831047
0.03216293399,0.8540617824,11.85219193
0.03217293399,0.8850383162,11.85675049
0.03218293399,0.912522018,11.86087036
0.03219293399,0.936404407,11.86486435
0.03220293399,0.9565912485,11.86845589
0.03221293399,0.973002851,11.8719511
0.03222293399,0.9855744839,11.87507534
0.03223293399,0.9942564964,11.87812996
0.03224293399,0.999014616,11.8808403
0.03225293399,0.9998300672,11.88350582
0.03226293399,0.9966996908,11.88585281
0.03227293399,0.9896357656,11.88817692
0.03228293399,0.9786661863,11.89020348
0.03229293399,0.9638342857,11.89222622
0.03229418399,0.9617114663,11.89242458
0.03229668399,0.9572880268,11.89288616
0.03229730899,0.956145227,11.89299965
0.03229746524,0.9558572173,11.89302826
0.03229777774,0.9552784562,11.89308548
0.0322978912,0.9550673962,-8.313457489
0.03229795977,0.9549396038,-13.78035641
0.03229801649,0.954833746,-10.89567947
0.03229804036,0.9547891617,-11.9234724
0.03229806344,0.9547460675,-11.82838631
0.03229808778,0.9547005892,-11.8359251
0.03229811531,0.9546490908,-11.83511925
0.03229817038,0.9545460343,-11.83532143
0.0322982805,0.9543395638,-11.83529186
0.03229850075,0.953925252,-11.83548641
0.03229894126,0.9530911446,-11.83567619
0.03229982227,0.9514009953,-11.83623219
0.03230158428,0.9479333758,-11.83716679
0.03230510831,0.9406500459,-11.8391695
0.03231215636,0.9247036576,-11.84289455
0.03232215636,0.8989753723,-11.8480463
0.03233215636,0.8696992397,-11.85279751
0.03234215636,0.8369908333,-11.85737896
0.03235215636,0.800979197,-11.8615942
0.03236215636,0.7618064284,-11.8656702
0.03237215636,0.7196272016,-11.86940956
0.03238215636,0.674607873,-11.87303543
0.03239215636,0.6269262433,-11.87635231
0.03240215636,0.5767704248,-11.87957764
0.03241215636,0.524338305,-11.88251591
0.03242215636,0.4698368907,-11.88538361
0.03242340636,0.4628893435,-11.88569736
0.03242590636,0.4489090145,-11.88637066
0.03242653136,0.4453964829,-11.8865366
0.03242778136,0.4383508861,-11.88686848
0.03242809386,0.4365852475,-11.88695049
0.03242833135,0.4352423251,10.01744747
0.03242843187,0.4346736372,13.06548977
0.03242852246,0.434160918,11.05578518
0.03242856431,0.4339240193,12.12278652
0.0324286025,0.4337078333,11.75197697
0.03242864282,0.4334795773,11.87196255
0.03242868042,0.4332666397,11.83191872
0.03242874462,0.4329030812,11.84647369
0.03242884337,0.4323436916,11.83814812
0.03242904086,0.4312244058,11.84433174
0.03242943586,0.4289838672,11.83930779
0.03243022585,0.4244948924,11.84452438
0.03243180582,0.4154856503,11.84062958
0.03243496578,0.3973452151,11.84669495
0.03244128568,0.3606016934,11.84507465
0.03245128568,0.3013241887,11.85394287
0.03246128568,0.2408574522,11.85355663
0.03247128568,0.1794401854,11.86187077
0.03248128568,0.1173147336,11.86103344
0.03249128568,0.05472630262,11.86885929
0.03250128568,-0.00807810761,11.86763477
0.03251128568,-0.07085064054,11.87503052
0.03252128568,-0.1333435476,11.87347221
0.03253128568,-0.1953102201,11.88048935
0.03254128568,-0.2565060854,11.87864494
0.03255128568,-0.3166896403,11.88532925
0.03256128568,-0.3756233752,11.8832407
0.03256253568,-0.3828905821,11.88564205
0.03256284818,-0.3847036958,11.88572502
0.03256347318,-0.3883254826,11.88585949
0.03256362943,-0.3892300129,11.88589287
0.03256374818,-0.3899171352,-8.455053329
0.03256380071,-0.3902210593,-13.37694454
0.03256384068,-0.3904522657,-11.32364082
0.03256386062,-0.3905676603,-11.84463882
0.03256388429,-0.3907045126,-11.8421669
0.03256390731,-0.3908376396,-11.84239864
0.03256394422,-0.3910511434,-11.84239864
0.03256401805,-0.3914780319,-11.84244537
0.03256416571,-0.3923315704,-11.84252071
0.03256446102,-0.3940376341,-11.84268379
0.03256505164,-0.3974456787,-11.8429966
0.03256623289,-0.4042452872,-11.84363079
0.0325685954,-0.4177773595,-11.84487343
0.0325733204,-0.4445624053,-11.84731293
0.03258277041,-0.4969337881,-11.85196495
0.03259277041,-0.5504420996,-11.85659218
0.03260277041,-0.6017780304,-11.86091995
0.03261277041,-0.6507390738,-11.86497688
0.03262277041,-0.6971319318,-11.86876774
0.03263277041,-0.740773499,-11.87231922
0.03264277041,-0.7814915776,-11.87563324
0.03265277041,-0.8191254735,-11.87873554
0.03266277041,-0.8535266519,-11.88162613
0.03267277041,-0.8845593929,-11.88433075
0.03268277041,-0.9121011496,-11.88684654
0.03269277041,-0.9360432625,-11.88919735
0.03270277041,-0.9562911987,-11.89138126
0.03271277041,-0.9727651477,-11.89341927
0.03271292666,-0.9729922414,-11.89344788
0.03271323916,-0.9734436274,-11.89350891
0.03271335262,-0.9736065865,8.31303215
0.03271342119,-0.9737048149,13.77993011
0.0327134779,-0.9737859368,10.89526367
0.03271350178,-0.9738200307,11.92303467
0.03271352486,-0.9738529921,11.82796001
0.0327135492,-0.9738877416,11.8354969
0.03271357673,-0.9739269614,11.83469105
0.03271363179,-0.9740054011,11.83489227
0.03271374192,-0.9741619229,11.8348608
0.03271396216,-0.974473536,11.83505249
0.03271440266,-0.9750911593,11.83523655
0.03271528365,-0.9763039947,11.83578014
0.03271704563,-0.9786399007,11.83669186
0.03272056958,-0.9829515815,11.83864784
0.0327276175,-0.9901273847,11.8422842
0.0327376175,-0.9969750047,11.8473177
0.0327476175,-0.9998879433,11.85196209
0.0327576175,-0.998854816,11.85644627
0.0327676175,-0.9938796759,11.86057568
0.0327776175,-0.9849821329,11.86457443
0.0327876175,-0.9721972942,11.86824799
0.0327976175,-0.955575645,11.87181759
0.0328076175,-0.9351828098,11.87508774
0.0328176175,-0.9110991955,11.87827682
0.0328276175,-0.8834199309,11.88118839
0.0328376175,-0.8522542119,11.88403988
0.0328388675,-0.8481193185,11.88435173
0.03283918,-0.8470774293,11.88443565
0.032839805,-0.8449838161,11.8846035
0.03283996125,-0.8444583416,11.88464546
0.03284027375,-0.8434050679,11.88472939
0.03284038721,-0.8430218101,-8.321802139
0.03284045578,-0.8427900076,-13.78869629
0.03284051251,-0.8425980806,-10.90378952
0.0328405364,-0.8425172567,-11.932024
0.03284055949,-0.8424390554,-11.83667755
0.03284058384,-0.8423566222,-11.84426022
0.03284061138,-0.842263341,-11.84344482
0.03284066647,-0.8420767188,-11.84364319
0.03284077664,-0.8417031765,-11.84360313
0.03284099698,-0.8409548402,-11.84378052
0.03284143765,-0.8394533992,-11.84393215
0.032842319,-0.8364312053,-11.84441185
0.0328440817,-0.8303099275,-11.84519672
0.0328476071,-0.8177626133,-11.84690094
0.0328546579,-0.7914705873,-11.85003471
0.0328646579,-0.7515308261,-11.8543644
0.0328746579,-0.7086250782,-11.85831451
0.0328846579,-0.6629226804,-11.86211681
0.0328946579,-0.6146040559,-11.86557388
0.0329046579,-0.56385988,-11.8689146
0.0329146579,-0.5108903646,-11.87194252
0.0329246579,-0.4559046328,-11.87488079
0.0329346579,-0.3991196752,-11.87753201
0.0329446579,-0.3407595456,-11.88011932
0.0329546579,-0.2810545862,-11.88244438
0.0329646579,-0.2202404439,-11.88472652
0.0329746579,-0.158557117,-11.88676834
0.0329759079,-0.15079768,-11.88704491
0.0329784079,-0.1352513731,-11.88754463
0.0329790329,-0.1313594282,-11.88766766
0.0329802829,-0.1235695332,-11.8879137
0.0329805954,-0.1216208488,-11.88797474
0.0329812204,-0.1177220866,-11.88809586
0.0329824704,-0.1099191606,-11.88833904
0.03298247665,-0.1098801345,-2.698089123
0.03298248915,-0.1098020673,8.563393593
0.03298249623,-0.1097578779,10.29033852
0.03298250124,-0.1097265705,10.91714382
0.0329825086,-0.1096805856,11.41783524
0.03298252036,-0.1096071675,11.73253918
0.03298253572,-0.1095112488,11.82638073
0.03298255709,-0.1093777791,11.84040451
0.0329825895,-0.109175317,11.83977127
0.03298265434,-0.1087703854,11.84000206
0.032982784,-0.1079604626,11.83995724
0.03298304334,-0.1063404009,11.8401947
0.03298356201,-0.1030994356,11.84040165
0.03298459934,-0.09661426395,11.84105396
0.03298667401,-0.08363187313,11.84211826
0.03299082335,-0.05762667954,11.84442616
0.03299912202,-0.00551648438,11.84864998
0.03300912202,0.05728396401,11.8536129
0.03301912202,0.1198583394,11.85812759
0.03302912202,0.1819596887,11.86250591
0.03303912202,0.243342936,11.86647129
0.03304912202,0.3037658036,11.8703289
0.03305912202,0.3629898429,11.87380505
0.03306912202,0.4207813442,11.87719917
0.03307912202,0.4769122005,11.88023949
0.03308912202,0.5311608911,11.88322163
0.03309912202,0.5833134055,11.88587189
0.03310912202,0.6331637502,11.88848686
0.03311912202,0.6805153489,11.89079189
0.03312037202,0.6862491965,11.89111042
0.03312287202,0.6975895166,11.891675
0.03312349702,0.7003977895,11.89181423
0.03312474702,0.7059819102,11.8920908
0.03312724702,0.7170192003,11.89263725
0.03312725707,0.7170632482,-0.06859086454
0.03312727717,0.7171512842,-11.93189144
0.03312728423,0.7171821594,-11.88120651
0.03312729036,0.7172089815,-11.8596096
0.0331272987,0.7172455192,-11.84534359
0.03312731537,0.7173185349,-11.83640003
0.03312734873,0.7174645662,-11.83537483
0.03312741545,0.7177565098,-11.83573818
0.03312754888,0.7183399796,-11.83560944
0.03312781575,0.7195054889,-11.83591175
0.03312834948,0.7218304276,-11.83605385
0.03312941695,0.7264559865,-11.83675575
0.03313155188,0.7356086969,-11.83774757
0.03313582175,0.7535155416,-11.84008121
0.03314436148,0.7876896858,-11.84419823
0.03315436148,0.8248188496,-11.84903336
0.03316436148,0.8586928248,-11.85334492
0.03317436148,0.889177978,-11.85765839
0.03318436148,0.9161539078,-11.86148357
0.03319436148,0.9395142198,-11.86533928
0.03320436148,0.959166646,-11.86873722
0.03321436148,0.9750337005,-11.87219048
0.03322436148,0.9870527983,-11.87521172
0.03323436148,0.9951763749,-11.87830925
0.03324436148,0.9993724823,-11.88099957
0.03324561148,0.9996198416,-11.88140011
0.03324811148,0.9999296069,-11.88207531
0.03325311148,0.9998089075,-11.88339615
0.03325326773,0.999789238,-11.88343716
0.03325358023,0.9997469783,-11.88351917
0.03325369368,0.9997307062,8.323014259
0.03325376225,0.999720633,13.78990841
0.03325381899,0.9997121096,10.90496922
0.03325384288,0.9997085333,11.9332695
0.03325386598,0.9997050166,11.8378849
0.03325389033,0.9997012615,11.84547424
0.03325391787,0.9996970296,11.84465885
0.03325397296,0.9996884465,11.84485722
0.03325408313,0.9996709228,11.84481812
0.03325430348,0.9996344447,11.84499741
0.03325474418,0.9995557666,11.8451519
0.03325562558,0.9993754029,11.84563923
0.03325738838,0.998922646,11.8464365
0.03326091398,0.9976496696,11.84816742
0.03326796518,0.9936359525,11.85135078
0.03327796518,0.9846025705,11.85574055
0.03328796518,0.9716834426,11.85974312
0.03329796518,0.9549295306,11.86358738
0.03330796518,0.9344068766,11.86707783
0.03331796518,0.9101966023,11.87044239
0.03332796518,0.8823941946,11.87348366
0.03333796518,0.8511093259,11.87642765
0.03334796518,0.8164655566,11.879076
0.03335796518,0.7785996199,11.88165092
0.03336796518,0.7376608253,11.88395596
0.03337796518,0.6938108802,11.88620853
0.03338796518,0.6472227573,11.88821316
0.03339796518,0.598080337,11.89018631
0.03339921518,0.5917674899,11.89039135
0.03340171518,0.5790326595,11.89084721
0.03340172523,0.5789811611,-0.07038161904
0.03340174533,0.5788782239,-11.93368244
0.03340175239,0.5788420439,-11.88299465
0.03340175852,0.5788106322,-11.8613987
0.03340176686,0.5787678957,-11.84713364
0.03340178354,0.5786824226,-11.83819199
0.0334018169,0.5785114765,-11.83716869
0.03340188362,0.5781694651,-11.8375349
0.03340201706,0.5774852037,-11.83740997
0.03340228395,0.5761153698,-11.83772182
0.03340281772,0.5733708739,-11.837883
0.03340388525,0.5678625703,-11.83862209
0.03340602033,0.5567695498,-11.83968925
0.03341029047,0.5342849493,-11.8421669
0.03341883076,0.488178432,-11.84655857
0.03342883076,0.4324150681,-11.85168648
0.03343883076,0.3749451935,-11.85626221
0.03344883076,0.3159955442,-11.86081028
0.03345883076,0.2557988465,-11.86484146
0.03346883076,0.1945925951,-11.86887455
0.03347883076,0.1326183826,-11.87242126
0.03348883076,0.07012078911,-11.87599468
0.03349883076,0.007346458267,-11.87910938
0.03350883076,-0.05545686185,-11.88227177
0.03351883076,-0.1180413216,-11.88500118
0.03352883076,-0.1801599264,-11.88779736
0.03353883076,-0.2415675223,-11.89018059
0.03354008076,-0.2491813749,-11.89054203
0.03354008701,-0.2492194027,-2.70029974
0.03354009951,-0.2492954582,8.561178207
0.03354010659,-0.2493385077,10.28801441
0.0335401116,-0.2493690103,10.91482258
0.03354011896,-0.2494138032,11.41554356
0.03354013072,-0.2494853288,11.73029327
0.03354014607,-0.2495787591,11.82416248
0.03354016744,-0.2497087717,11.8381958
0.03354019985,-0.2499059588,11.83756256
0.03354026467,-0.2503002882,11.83779049
0.03354039431,-0.2510888278,11.83773899
0.03354065359,-0.2526654005,11.83796406
0.03354117215,-0.2558165491,11.83814621
0.03354220927,-0.2621106803,11.83875084
0.03354428352,-0.2746652365,11.83971882
0.033548432,-0.2996322811,11.84183979
0.03355672896,-0.3489388824,11.8457098
0.03356672896,-0.4070941806,11.85027981
0.03357672896,-0.4636428654,11.85444164
0.03358672896,-0.5183617473,11.85850334
0.03359672896,-0.5710349083,11.86218929
0.03360672896,-0.6214544773,11.86580563
0.03361672896,-0.6694214344,11.86907673
0.03362672896,-0.7147464752,11.87230301
0.03363672896,-0.7572507262,11.87521076
0.03364672896,-0.7967665195,11.87809658
0.03365672896,-0.8331377506,11.88068676
0.03366672896,-0.8662210107,11.88327408
0.03366797896,-0.870118618,11.88354301
0.03366829146,-0.8710846305,11.88361835
0.03366891646,-0.8730065823,11.88376999
0.03366907271,-0.8734849691,11.88380718
0.03366919145,-0.8738479614,-8.457134247
0.03366924399,-0.8740083575,-13.37902546
0.03366928395,-0.8741303682,-11.32566738
0.0336693039,-0.8741912842,-11.84674549
0.03366932757,-0.8742634654,-11.8442421
0.03366935059,-0.8743336797,-11.84447575
0.03366938751,-0.8744462132,-11.84447479
0.03366946134,-0.8746711612,-11.84451962
0.03366960901,-0.8751205206,-11.84459019
0.03366990434,-0.8760169744,-11.84474468
0.033670495,-0.8778007627,-11.84504128
0.03367167632,-0.8813320994,-11.84564114
0.03367403896,-0.8882489204,-11.84681702
0.03367876424,-0.9014938474,-11.84912395
0.0336882148,-0.9255889058,-11.85351753
0.0336982148,-0.9475305676,-11.85787964
0.0337082148,-0.9657328129,-11.86195278
0.0337182148,-0.9801236987,-11.86576462
0.0337282148,-0.9906464815,-11.86932087
0.0337382148,-0.9972596765,-11.87264729
0.0337482148,-0.9999371171,-11.87574673
0.0337582148,-0.9986682534,-11.8786459
0.0337682148,-0.9934580922,-11.88134289
0.0337782148,-0.9843271971,-11.8838644
0.0337882148,-0.9713116884,-11.88620853
0.0337982148,-0.9544627666,-11.88839817
0.0338082148,-0.9338470697,-11.89043236
0.0338182148,-0.9095458984,-11.89233208
0.0338194648,-0.9062537551,-11.89255714
0.0338197773,-0.9054219723,-11.89261341
0.0338204023,-0.9037479162,-11.89272594
0.03382055855,-0.9033272266,-11.89275455
0.03382067729,-0.9030069113,8.448195457
0.03382072983,-0.9028650522,13.37008858
0.03382076978,-0.9027571082,11.31696033
0.03382078972,-0.9027032256,11.83769321
0.03382081338,-0.9026392698,11.83532238
0.03382083639,-0.9025770426,11.83554554
0.03382087329,-0.9024771452,11.83554745
0.03382094711,-0.9022772908,11.83559704
0.03382109474,-0.901876986,11.83567619
0.03382138999,-0.9010739923,11.83584881
0.0338219805,-0.899458766,11.83618164
0.03382316153,-0.8961912394,11.83685493
0.03382552357,-0.8895081878,11.83817577
0.03383024766,-0.8755559325,11.84077358
0.03383969585,-0.8453503847,11.84574509
0.03384969585,-0.8101388216,11.85071659
0.03385969585,-0.7717300057,11.85539532
0.03386969585,-0.7302755117,11.85980892
0.03387969585,-0.6859389544,11.86396122
0.03388969585,-0.6388953328,11.86787796
0.03389969585,-0.589330256,11.871562
0.03390969585,-0.5374394059,11.87503719
0.03391969585,-0.483427465,11.87830448
0.03392969585,-0.4275076985,11.88138676
0.03393969585,-0.3699007332,11.88428116
0.03394969585,-0.3108339608,11.88701057
0.03395094585,-0.3033595085,11.88733768
0.03395125835,-0.3014879525,11.88741875
0.03395188335,-0.2977413833,11.88758278
0.0339520396,-0.2968040109,11.88762283
0.0339523521,-0.2949284315,11.88770485
0.03395246555,-0.29424721,-8.318828583
0.03395253412,-0.2938354015,-13.78572273
0.03395259085,-0.2934946716,-10.90089607
0.03395261473,-0.293351233,-11.9289732
0.03395263782,-0.293212533,-11.83371925
0.03395266217,-0.2930662632,-11.84128475
0.03395268971,-0.2929008305,-11.84047318
0.03395274479,-0.2925699353,-11.84067154
0.03395285494,-0.2919080257,-11.84063244
0.03395307525,-0.2905838192,-11.84081078
0.03395351586,-0.2879337072,-11.84096622
0.03395439709,-0.2826268971,-11.84145355
0.03395615954,-0.2719874382,-11.84225178
0.03395968445,-0.2506097555,-11.8439846
0.03396673427,-0.2074961662,-11.84717846
0.03397673427,-0.1456627846,-11.85159969
0.03398673427,-0.08325453848,-11.85564899
0.03399673427,-0.02051772363,-11.8595562
0.03400673427,0.04230006412,-11.86312675
0.03401673427,0.1049509123,-11.86658573
0.03402673427,0.1671875715,-11.86973763
0.03403673427,0.2287644148,-11.8728056
0.03404673427,0.2894384265,-11.87559319
0.03405673427,0.3489701748,-11.87832069
0.03406673427,0.4071246684,-11.88079166
0.03407673427,0.4636724293,-11.88322353
0.03407798427,0.4706167579,-11.88348484
0.03408048427,0.4844178557,-11.88405418
0.03408548427,0.5116581321,-11.88516903
0.03408564052,0.512501359,-11.88520336
0.03408595302,0.5141863823,-11.88527203
0.03408606648,0.5147976875,8.321266174
0.03408613505,0.5151669979,13.78816319
0.03408619179,0.5154724717,10.90327263
0.03408621567,0.5156010985,11.93148136
0.03408623876,0.5157254338,11.83615208
0.03408626311,0.5158565044,11.84373188
0.03408629066,0.5160047412,11.84291935
0.03408634574,0.5163011551,11.84312057
0.0340864559,0.5168938041,11.84308529
0.03408667624,0.5180784464,11.84327316
0.0340871169,0.5204446912,11.84344578
0.03408799823,0.5251651406,11.84396839
0.03408976089,0.5345577002,11.84483719
0.0340932862,0.5531448722,11.84670734
0.03410033683,0.5894960761,11.85016346
0.03411033683,0.6390532255,11.85492611
0.03412033683,0.6860883236,11.85928154
0.03413033683,0.7304157019,11.86346054
0.03414033683,0.7718605399,11.86726761
0.03415033683,0.8102591038,11.87092972
0.03416033683,0.8454599977,11.87425041
0.03417033683,0.8773242831,11.8774538
0.03418033683,0.9057261348,11.88034439
0.03419033683,0.9305534959,11.88314152
0.03420033683,0.9517083764,11.88564873
0.03421033683,0.9691073298,11.88808632
0.03422033683,0.982681632,11.89025688
0.03423033683,0.9923776984,11.89237595
0.03423158683,0.9933149815,11.8925972
0.03423408683,0.9950056076,11.89308643
0.03423471183,0.9953899384,11.89320755
0.03423596183,0.9961125255,11.89344788
0.03423627433,0.9962835312,11.893507
0.03423651181,0.9964109659,-10.01090908
0.03423661233,0.9964642525,-13.05895805
0.03423670293,0.9965118766,-11.04925919
0.03423674477,0.9965338111,-12.11618614
0.03423678294,0.996553719,-11.74552441
0.03423682324,0.9965746999,-11.8654108
0.03423686083,0.9965941906,-11.82542229
0.03423692501,0.9966273904,-11.83995438
0.03423702375,0.9966781139,-11.83165359
0.03423722122,0.9967783689,-11.83783817
0.03423761616,0.996974349,-11.83285332
0.03423840605,0.9973478317,-11.8381176
0.03423998582,0.9980211258,-11.83434582
0.03424314536,0.9990726709,-11.84062862
0.03424946445,0.9999943376,-11.83946514
0.03425946445,0.9982323647,-11.84901619
0.03426946445,0.9925308228,-11.84931183
0.03427946445,0.9829122424,-11.85826874
0.03428946445,0.9694144726,-11.85807323
0.03429946445,0.9520909786,-11.86650181
0.03430946445,0.9310099483,-11.8658762
0.03431946445,0.9062546492,-11.87383175
0.03432946445,0.8779227734,-11.87282848
0.03433946445,0.8461261392,-11.88035965
0.03434946445,0.810990274,-11.87902451
0.03435946445,0.7726537585,-11.88617611
0.03436071445,0.7676440477,-11.88437939
0.03436321445,0.7574828863,-11.88502407
0.03436383945,0.7549133301,-11.88520813
0.0343639957,0.7542691231,-11.88525009
0.03436411445,0.7537790537,8.455688477
0.03436416698,0.7535620928,13.37757778
0.03436420695,0.7533969879,11.32425594
0.0343642269,0.7533145547,11.84527779
0.03436425056,0.7532168031,11.84279442
0.03436427358,0.7531216145,11.84302616
0.03436431049,0.7529690266,11.8430233
0.03436438432,0.752663672,11.84306717
0.03436453198,0.7520524859,11.84313393
0.0343648273,0.7508282065,11.84327984
0.03436541794,0.7483718991,11.84356117
0.03436659921,0.7434283495,11.84413052
0.03436896175,0.7334187031,11.84524536
0.03437368684,0.712916851,11.84743595
0.03438313702,0.6700467467,11.85160923
0.03439313702,0.6221140027,11.85576057
0.03440313702,0.5717260242,11.85964394
0.03441313702,0.5190817118,11.86328888
0.03442313702,0.4643888175,11.86669922
0.03443313702,0.4078631997,11.86990166
0.03444313702,0.3497279286,11.87289906
0.03445313702,0.2902124226,11.87571621
0.03446313702,0.2295516133,11.87835312
0.03447313702,0.1679848433,11.88083458
0.03448313702,0.105755128,11.88315868
0.03449313702,0.0431080386,11.88534832
0.03450313702,-0.01970917545,11.88740158
0.03450438702,-0.02756094187,11.88765049
0.03450439327,-0.02760019712,2.697401285
0.03450440577,-0.02767870575,-8.564080238
0.03450441284,-0.02772315033,-10.29106236
0.03450441786,-0.02775463834,-10.91786671
0.03450442522,-0.02780088037,-11.41855049
0.03450443697,-0.02787471563,-11.73323917
0.03450445233,-0.02797118202,-11.82707214
0.03450447371,-0.02810541727,-11.84109211
0.03450450612,-0.02830903046,-11.84045887
0.03450457096,-0.02871625125,-11.84068966
0.03450470064,-0.02953067794,-11.84064388
0.03450495999,-0.03115947172,-11.84088039
0.03450547869,-0.03441680595,-11.84108448
0.03450651609,-0.04093034565,-11.84173203
0.03450859089,-0.05395193398,-11.84278679
0.03451274049,-0.07996538281,-11.84507561
0.03452103969,-0.1318115741,-11.84926033
0.03453103969,-0.1937941313,-11.85417652
0.03454103969,-0.2550118864,-11.85864544
0.03455103969,-0.315223217,-11.86297703
0.03456103969,-0.3741904795,-11.86689663
0.03457103969,-0.4316810071,-11.87070847
0.03458103969,-0.487467885,-11.87413979
0.03459103969,-0.5413309336,-11.87749004
0.03460103969,-0.5930576324,-11.88048553
0.03461103969,-0.6424437761,-11.88342381
0.03462103969,-0.689294517,-11.88603306
0.03463103969,-0.733424902,-11.88860512
0.03464103969,-0.7746607661,-11.89086914
0.03464228969,-0.7796035409,-11.89118385
0.03464478969,-0.78934443,-11.89173794
0.03464978969,-0.8082395792,-11.89281559
0.03464994594,-0.808817327,-11.89284897
0.03465025844,-0.8099703789,-11.89291477
0.03465088344,-0.8122671843,-11.89304638
0.03465088657,-0.812278688,-6.194320679
0.03465089282,-0.8123015761,2.465839148
0.03465090532,-0.8123473525,9.723560333
0.03465091073,-0.8123672009,10.63092995
0.0346509183,-0.812394917,11.29771233
0.03465092564,-0.8124218583,11.58881092
0.03465094033,-0.8124756217,11.79880333
0.03465095682,-0.8125360608,11.83187675
0.03465098644,-0.8126445413,11.83583546
0.03465102705,-0.8127931952,11.8349762
0.03465110827,-0.813090384,11.83538342
0.0346512707,-0.8136840463,11.83522606
0.03465159556,-0.814868927,11.83560562
0.03465224528,-0.8172283769,11.83577061
0.03465354472,-0.821906507,11.83664417
0.03465614361,-0.8310980797,11.83785057
0.03466134139,-0.848813951,11.84071445
0.03467134139,-0.8803358078,11.8455019
0.03468134139,-0.9083834291,11.85034561
0.03469134139,-0.9328460693,11.8545866
0.03470134139,-0.9536271691,11.85891533
0.03471134139,-0.9706447721,11.86267471
0.03472134139,-0.9838316441,11.86654949
0.03473134139,-0.9931358099,11.8698864
0.03474134139,-0.9985204935,11.87336063
0.03475134139,-0.9999644756,11.87632465
0.03476134139,-0.9974620938,11.87944603
0.03477134139,-0.9910231233,11.88208008
0.03477259139,-0.9899426103,11.88249779
0.03477509139,-0.9875983596,11.88317013
0.03477571639,-0.9869741797,11.88333511
0.03477696639,-0.9856802225,11.88366604
0.03477727889,-0.9853472114,11.88374805
0.03477751638,-0.9850916266,-10.02065086
0.03477761689,-0.9849827886,-13.06869316
0.03477770749,-0.9848843217,-11.05898762
0.03477774934,-0.9848387837,-12.12602711
0.03477778754,-0.9847971201,-11.75514698
0.03477782786,-0.9847530723,-11.87518311
0.03477786547,-0.9847119451,-11.83511353
0.03477792968,-0.984641552,-11.8496809
0.03477802843,-0.9845330715,-11.84134865
0.03477822594,-0.9843148589,-11.84753799
0.03477862096,-0.9838739634,-11.84250832
0.034779411,-0.9829739928,-11.84773064
0.03478099108,-0.9811013937,-11.84383106
0.03478415123,-0.9770662189,-11.84990025
0.03479047154,-0.9678421021,-11.84827137
0.03480047154,-0.9501367807,-11.85712528
0.03481047154,-0.9286817312,-11.8567028
0.03482047154,-0.9035615921,-11.86497688
0.03483047154,-0.8748754859,-11.86407852
0.03484047154,-0.8427366614,-11.87183952
0.03485047154,-0.8072719574,-11.87052917
0.03486047154,-0.7686213255,-11.87783623
0.03487047154,-0.7269372344,-11.87616825
0.03488047154,-0.6823843122,-11.88307476
0.03489047154,-0.6351383328,-11.8810997
0.03490047154,-0.5853857398,-11.88765144
0.03491047154,-0.5333228707,-11.88541317
0.03492047154,-0.4791552424,-11.89165401
0.03492172154,-0.4722468555,-11.88975906
0.03492203404,-0.4705151916,-11.88980103
0.03492265904,-0.4670464396,-11.88991642
0.03492390904,-0.460087359,-11.89014721
0.03492391529,-0.4600524902,-2.699897051
0.03492392779,-0.4599827528,8.561585426
0.03492393487,-0.4599432945,10.28843689
0.03492393988,-0.4599153101,10.91524315
0.03492394724,-0.4598742425,11.4159584
0.034923959,-0.4598086476,11.73069859
0.03492397435,-0.459722966,11.82456398
0.03492399572,-0.4596037269,11.83859634
0.03492402813,-0.4594228566,11.83796501
0.03492409296,-0.4590610564,11.8381958
0.0349242226,-0.4583372176,11.83815193
0.03492448189,-0.4568886459,11.83839226
0.03492500047,-0.4539878666,11.83860397
0.03492603763,-0.448171854,11.83926582
0.03492811195,-0.4364829957,11.8403492
0.0349322606,-0.4128848314,11.84269714
0.03494055788,-0.3648631871,11.84700012
0.03495055788,-0.3056813776,11.85206032
0.03496055788,-0.2452932149,11.85667419
0.03497055788,-0.1839369833,11.8611517
0.03498055788,-0.1218548343,11.86521816
0.03499055788,-0.05929178372,11.86917782
0.03500055788,0.003505268367,11.87275505
0.03501055788,0.06628848612,11.87625313
0.03502055788,0.1288100928,11.87939548
0.03503055788,0.1908233464,11.88248158
0.03504055788,0.2520835102,11.88523579
0.03505055788,0.3123488128,11.8879528
0.03506055788,0.371381402,11.89035988
0.03506180788,0.3786621392,11.89069176
0.03506212038,0.3804787099,11.89076614
0.03506274538,0.3841074109,11.89091396
0.03506399538,0.3913469613,11.8912077
0.03506400163,0.3913831115,2.700961828
0.03506401413,0.3914553821,-8.560518265
0.03506402121,0.3914962709,-10.28731728
0.03506402622,0.3915252686,-10.91412449
0.03506403358,0.3915678263,-11.4148531
0.03506404534,0.3916357756,-11.72961617
0.03506406069,0.3917245567,-11.82349396
0.03506408206,0.3918480873,-11.83753109
0.03506411447,0.3920354247,-11.83689785
0.03506417928,0.3924100399,-11.83712578
0.03506430892,0.3931590617,-11.83707523
0.03506456818,0.3946563601,-11.83730221
0.03506508671,0.3976478279,-11.83748722
0.03506612377,0.4036180377,-11.83809757
0.03506819788,0.4155068099,-11.8390789
0.03507234611,0.439070642,-11.84122562
0.03508064257,0.4852877259,-11.84514618
0.03509064257,0.5392313004,-11.84977722
0.03510064257,0.5910467505,-11.85399723
0.03511064257,0.6405296326,-11.85811615
0.03512064257,0.687484622,-11.86185837
0.03513064257,0.7317264676,-11.86553001
0.03514064257,0.7730804682,-11.86885357
0.03515064257,0.8113834858,-11.8721323
0.03516064257,0.8464843631,-11.8750906
0.03517064257,0.8782445788,-11.8780241
0.03518064257,0.9065387249,-11.88066101
0.03519064257,0.9312551618,-11.88329411
0.03519189257,0.9340881705,-11.88356781
0.03519189882,0.9341021776,-2.693320751
0.03519191132,0.9341301918,8.568160057
0.0351919184,0.9341461062,10.29535484
0.03519192341,0.9341573119,10.92215633
0.03519193077,0.9341738224,11.42278767
0.03519194253,0.9342001677,11.73739052
0.0351919579,0.9342346191,11.83117294
0.03519197927,0.9342825413,11.84517193
0.0351920117,0.9343551397,11.84453583
0.03519207657,0.934500277,11.84476376
0.03519220629,0.9347901344,11.8447113
0.03519246574,0.9353679419,11.84493446
0.03519298463,0.9365160465,11.8451128
0.03519402243,0.9387823939,11.8457098
0.03519609801,0.943195343,11.84666252
0.03520024918,0.9515391588,11.84875011
0.03520855152,0.9662797451,11.85254002
0.03521855152,0.9805412292,11.85699177
0.03522855152,0.9909329414,11.86101055
0.03523855152,0.9974139333,11.86490917
0.03524855152,0.9999585748,11.86841011
0.03525855152,0.9985568523,11.87182045
0.03526855152,0.9932142496,11.87486362
0.03527855152,0.9839519262,11.87784481
0.03528855152,0.9708063602,11.88048649
0.03529855152,0.9538294673,11.88308907
0.03530855152,0.933088243,11.88537788
0.03531855152,0.9086645842,11.88764858
0.03532855152,0.8806548119,11.88962936
0.03533855152,0.8491694927,11.89161015
0.03533980152,0.8449954987,11.89180374
0.03534230152,0.836491406,11.89225578
0.03534231157,0.8364567757,-0.06897301227
0.03534233167,0.8363875747,-11.93227386
0.03534233873,0.836363256,-11.88158798
0.03534234485,0.8363421559,-11.85999298
0.03534235319,0.8363134265,-11.84572697
0.03534236987,0.8362559676,-11.83678436
0.03534240323,0.8361409903,-11.83576012
0.03534246995,0.8359110355,-11.83612633
0.03534260339,0.8354505301,-11.83600235
0.03534287026,0.8345278502,-11.8363142
0.035343404,0.832675457,-11.83647633
0.03534447148,0.8289425969,-11.83721733
0.03534660644,0.821365118,-11.83828735
0.03535087637,0.8057681918,-11.84077358
0.03535941622,0.7728461623,-11.84518242
0.03536941622,0.731474638,-11.85033607
0.03537941622,0.6872163415,-11.85494232
0.03538941622,0.6402459741,-11.85952568
0.03539941622,0.5907487869,-11.86359692
0.03540941622,0.5389202237,-11.86767387
0.03541941622,0.4849647284,-11.87126923
0.03542941622,0.4290953577,-11.8748951
0.03543941622,0.3715324998,-11.87806606
0.03544941622,0.3125033975,-11.88128948
0.03545941622,0.2522409856,-11.88408184
0.03546941622,0.1909831017,-11.88694572
0.03547066622,0.1832678765,-11.88721371
0.03547316622,0.167803973,-11.88786697
0.03547379122,0.1639313847,-11.8880291
0.03547504122,0.156178683,-11.88835049
0.03547535372,0.154238984,-11.8884306
0.0354755912,0.1527644992,10.01596928
0.03547569172,0.1521403193,13.06401253
0.03547578232,0.1515776813,11.05430794
0.03547582416,0.1513177752,12.12129211
0.03547586235,0.1510806233,11.75051594
0.03547590266,0.1508302242,11.87047863
0.03547594026,0.1505966634,11.8304472
0.03547600445,0.1501979232,11.8449955
0.0354761032,0.149584502,11.83667564
0.03547630069,0.1483574659,11.84285736
0.03547669567,0.1459027231,11.83783913
0.03547748564,0.1409905702,11.84305954
0.03547906557,0.1311559528,11.83917904
0.03548222543,0.1114488989,11.84526634
0.03548854515,0.071910806,11.84369755
0.03549854515,0.009140945971,11.85264301
0.03550854515,-0.05366498977,11.85233784
0.03551854515,-0.1162591279,11.86073017
0.03552854515,-0.1783944517,11.85997772
0.03553854515,-0.2398257256,11.86788273
0.03554854515,-0.3003105223,11.86674309
0.03555854515,-0.3596101403,11.87421989
0.03556854515,-0.4174905419,11.87274742
0.03557854515,-0.4737232625,11.87984562
0.03558854515,-0.5280864239,11.87808704
0.03559854515,-0.5803655386,11.88485241
0.03559979515,-0.586743474,11.88300514
0.03560229515,-0.5993904471,11.88355541
0.03560729515,-0.6242376566,11.8847332
0.0356074514,-0.6250043511,11.88475323
0.0356077639,-0.6265358925,11.88482094
0.03560787736,-0.6270912886,-8.321713448
0.03560794593,-0.6274268627,-13.78861237
0.03560800267,-0.6277043819,-10.90370846
0.03560802655,-0.627821207,-11.93194103
0.03560804965,-0.6279341578,-11.83659744
0.035608074,-0.6280532479,-11.84418011
0.03560810154,-0.6281878948,-11.84336662
0.03560815662,-0.628457129,-11.84356785
0.03560826679,-0.6289954185,-11.84353256
0.03560848713,-0.630071044,-11.84371853
0.0356089278,-0.6322187185,-11.84388924
0.03560980915,-0.6364995837,-11.84440708
0.03561157184,-0.6450024843,-11.84526539
0.03561509723,-0.6617699862,-11.84711552
0.035622148,-0.6943228245,-11.85053253
0.035632148,-0.7381408215,-11.85524082
0.035642148,-0.7790456414,-11.85954285
0.035652148,-0.8168759942,-11.8636713
0.035662148,-0.851482451,-11.86742878
0.035672148,-0.8827285767,-11.87104321
0.035682148,-0.9104909301,-11.87431812
0.035692148,-0.9346599579,-11.87747765
0.035702148,-0.9551403522,-11.88032532
0.035712148,-0.9718512297,-11.88308239
0.035722148,-0.9847266674,-11.88555241
0.035732148,-0.9937158227,-11.8879528
0.035742148,-0.9987832308,-11.89008904
0.035752148,-0.9999089241,-11.89217663
0.035753398,-0.9997720718,-11.89239407
0.035755898,-0.9993134141,-11.89287567
0.035756523,-0.9991602302,-11.89299488
0.035757773,-0.9988076091,-11.89323139
0.0357580855,-0.9987097979,-11.89329052
0.0357587105,-0.9985027313,-11.89340687
0.03575886675,-0.9984484911,-11.89343643
0.03575917925,-0.9983372688,-11.89349461
0.03575929271,-0.9982959032,8.313047409
0.03575936128,-0.9982706904,13.77994633
0.03575941799,-0.99824965,10.89527988
0.03575944187,-0.9982407689,11.92305183
0.03575946495,-0.9982321858,11.82797718
0.03575948929,-0.9982230663,11.83551407
0.03575951682,-0.9982127547,11.83470821
0.03575957188,-0.9981920123,11.83490944
0.03575968201,-0.9981501698,11.83487988
0.03575990225,-0.998065114,11.83507347
0.03576034275,-0.9978892207,11.83526134
0.03576122374,-0.9975144267,11.83581257
0.03576298572,-0.9966732264,11.83673954
0.03576650968,-0.9946244955,11.838727
0.0357735576,-0.9890655279,11.84242153
0.0357835576,-0.9778536558,11.84753418
0.0357935576,-0.962782681,11.85225201
0.0358035576,-0.9439120293,11.85680294
0.0358135576,-0.9213162065,11.86099339
0.0358235576,-0.8950843215,11.86504745
0.0358335576,-0.8653199673,11.8687706
0.0358435576,-0.8321406245,11.87238407
0.0358535576,-0.7956771851,11.87569237
0.0358635576,-0.7560735345,11.87891388
0.0358735576,-0.7134860754,11.8818531
0.0358835576,-0.6680827737,11.88472462
0.0358848076,-0.6622181535,11.88503933
0.0358873076,-0.6503668427,11.88571358
0.0358879326,-0.6473788023,11.88588047
0.03588793573,-0.6473638415,6.187157154
0.03588794198,-0.6473338604,-2.473000765
0.03588795448,-0.6472740173,-9.730721474
0.03588795989,-0.6472480893,-10.63831806
0.03588796746,-0.6472118497,-11.30506516
0.03588797481,-0.6471766233,-11.59612846
0.0358879895,-0.6471062899,-11.80602646
0.035888006,-0.6470271945,-11.83905029
0.03588803563,-0.6468852162,-11.84299374
0.03588807627,-0.6466905475,-11.84213352
0.03588815754,-0.6463009715,-11.84253597
0.03588832008,-0.6455212831,-11.84237003
0.03588864516,-0.6439599991,-11.84273052
0.03588929531,-0.6408293247,-11.84285927
0.03589059563,-0.6345359683,-11.84366035
0.03589319625,-0.621822536,-11.84471989
0.03589839751,-0.5959011316,-11.84729385
0.03590839751,-0.5443007946,-11.85152531
0.03591839751,-0.4905524254,-11.8558197
0.03592839751,-0.4348680377,-11.859519
0.03593839751,-0.3774674237,-11.86331367
0.03594839751,-0.3185771108,-11.86654949
0.03595839751,-0.2584295273,-11.86990833
0.03596839751,-0.1972620487,-11.87273884
0.03597839751,-0.135316059,-11.87571716
0.03598839751,-0.07283604145,-11.87819576
0.03599839751,-0.01006857213,-11.88084316
0.03600839751,0.05273863301,-11.88301563
0.03601839751,0.1153376997,-11.88537502
0.03601964751,0.1231356338,-11.88555908
0.03602214751,0.1387082189,-11.88608265
0.03602277251,0.1425961703,-11.8862133
0.03602402251,0.1503654122,-11.88647175
0.03602652251,0.1658755988,-11.88698292
0.03602653256,0.1659378707,0.07424524426
0.03602655266,0.1660624146,11.93754578
0.03602655972,0.1661061496,11.88685226
0.03602656585,0.1661441326,11.86525631
0.03602657419,0.1661958098,11.85099316
0.03602659087,0.1662991643,11.84205341
0.03602662424,0.1665058881,11.84103107
0.03602669097,0.1669193059,11.84139538
0.03602682443,0.1677460372,11.84126759
0.03602709135,0.1693991572,11.84157276
0.0360276252,0.1727039665,11.84172344
0.03602869288,0.1793076992,11.8424387
0.03603082826,0.192490682,11.84345913
0.03603509901,0.2187503278,11.84584236
0.03604364052,0.2707783282,11.8500452
0.03605364052,0.3306887746,11.854949
0.03606364052,0.3892941475,11.85930061
0.03607364052,0.4463631511,11.86362362
0.03608364052,0.501670599,11.86742973
0.03609364052,0.5549981594,11.87123585
0.03610364052,0.6061353683,11.87455559
0.03611364052,0.6548804641,11.87790203
0.03612364052,0.7010410428,11.88078976
0.03613364052,0.7444349527,11.88372707
0.03614364052,0.7848908901,11.88623238
0.03615364052,0.8222492337,11.88880634
0.03616364052,0.8563625216,11.89097023
0.03617364052,0.887096107,11.8932209
0.03617379677,0.8875488639,11.89319515
0.03617410927,0.888451755,11.89325333
0.03617422272,0.8887787461,-8.313277245
0.0361742913,0.8889760971,-13.78018475
0.03617434801,0.889139235,-10.89550686
0.03617437189,0.8892078996,-11.92329121
0.03617439497,0.8892742395,-11.82820988
0.03617441931,0.8893441558,-11.83574677
0.03617444684,0.8894232512,-11.83494091
0.0361745019,0.8895813227,-11.83514118
0.03617461203,0.8898971677,-11.83510876
0.03617483228,0.890527606,-11.83529949
0.03617527278,0.8917832971,-11.83547878
0.03617615378,0.8942742348,-11.83601475
0.03617791577,0.8991737962,-11.83691025
0.03618143977,0.908641696,-11.83883476
0.03618848776,0.9262367487,-11.84241009
0.03619848776,0.9480774403,-11.84736061
0.03620848776,0.9661765099,-11.8519268
0.03621848776,0.9804624915,-11.85633755
0.03622848776,0.9908790588,-11.86039829
0.03623848776,0.9973850846,-11.86433411
0.03624848776,0.9999548793,-11.86794853
0.03625848776,0.99857831,-11.87146378
0.03626848776,0.9932608008,-11.87468433
0.03627848776,0.9840233326,-11.8778286
0.03628848776,0.9709023833,-11.88070011
0.03629848776,0.9539496899,-11.88351536
0.03629973776,0.9515643716,-11.88382339
0.03630005026,0.9509589076,-11.88390732
0.03630028775,0.9504962564,10.02049065
0.03630038826,0.950299859,13.06853294
0.03630047886,0.9501224756,11.0588274
0.03630052072,0.9500404,12.12586498
0.03630055891,0.949965477,11.75498867
0.03630059923,0.949886322,11.87502098
0.03630063684,0.9498124123,11.83495331
0.03630070105,0.94968611,11.84951973
0.0363007998,0.9494916201,11.84118748
0.03630099731,0.9491014481,11.84737587
0.03630139233,0.9483168125,11.84234524
0.03630218236,0.9467299581,11.8475647
0.03630376244,0.9434862733,11.84366035
0.03630692258,0.9367203116,11.84972
0.03631324287,0.9220832586,11.84807205
0.03632324287,0.8959643245,11.85690022
0.03633324287,0.866309464,11.8564539
0.03634324287,0.8332356215,11.86470699
0.03635324287,0.7968734503,11.86379147
0.03636324287,0.7573662996,11.87153721
0.03637324287,0.7148702145,11.87021446
0.03638324287,0.6695528626,11.87751198
0.03639324287,0.6215931177,11.87583828
0.03640324287,0.5711802244,11.88274002
0.03641324287,0.5185130835,11.88076401
0.03642324287,0.4637996554,11.88731766
0.03643324287,0.4072558284,11.8850832
0.03644324287,0.3491047323,11.89132977
0.03644449287,0.3417342007,11.88943577
0.03644480537,0.3398882449,11.88947773
0.03644504286,0.3384845555,-10.01492596
0.03644514337,0.3378902078,-13.06299686
0.03644523397,0.3373543918,-11.05328846
0.03644527582,0.3371068537,-12.12026501
0.036445314,0.3368809819,-11.74951649
0.03644535431,0.3366425037,-11.86946392
0.03644539191,0.3364200592,-11.82944393
0.0364454561,0.3360402286,-11.84399319
0.03644555484,0.3354558051,-11.83568192
0.03644575233,0.3342866004,-11.84187603
0.0364461473,0.3319466412,-11.83688545
0.03644693726,0.3272605836,-11.84215927
0.03644851716,0.317864418,-11.83838749
0.03645167696,0.298979044,-11.84468651
0.03645799658,0.2608622611,-11.84353256
0.03646799658,0.1997310519,-11.85309887
0.03647799658,0.1378115863,-11.85337925
0.03648799658,0.07534825057,-11.86231422
0.03649799658,0.01258754451,-11.86206818
0.03650799658,-0.05022284016,-11.87043953
0.03651799658,-0.1128350198,-11.86972809
0.03652799658,-0.1750018895,-11.87759209
0.03653799658,-0.2364781052,-11.87647057
0.03654799658,-0.2970210612,-11.88387871
0.03655799658,-0.3563917875,-11.88239384
0.03656799658,-0.4143560231,-11.88939285
0.03657799658,-0.4706849456,-11.88758659
0.03657924658,-0.4775999486,-11.89001942
0.03658174658,-0.491341114,-11.89064693
0.03658674658,-0.5184563994,-11.89177322
0.0365867672,-0.5185672045,4.147720814
0.03658680845,-0.5187888145,14.54234028
0.03658682099,-0.5188561678,12.44229126
0.03658683001,-0.5189046264,12.06258965
0.03658684237,-0.5189710259,11.88864422
0.03658685565,-0.5190423131,11.8466959
0.03658688221,-0.519184947,11.83494949
0.03658692173,-0.5193971395,11.83697319
0.03658700077,-0.519821465,11.83621407
0.03658715886,-0.5206697583,11.83683014
0.03658747502,-0.5223647356,11.83655643
0.03658810736,-0.5257485509,11.837286
0.03658937202,-0.5324911475,11.83756161
0.03659190136,-0.5458751321,11.83923149
0.03659696003,-0.5722261667,11.8414011
0.03660696003,-0.6225912571,11.84656334
0.03661696003,-0.6704992652,11.8507185
0.03662696003,-0.7157611251,11.85534191
0.03663696003,-0.7581982017,11.85899734
0.03664696003,-0.7976430058,11.86314678
0.03665696003,-0.8339398503,11.86636543
0.03666696003,-0.8669455647,11.87009907
0.03667696003,-0.8965297937,11.87293434
0.03668696003,-0.922575891,11.87630272
0.03669696003,-0.9449809194,11.87880135
0.03670696003,-0.9636566043,11.88184929
0.03670821003,-0.9657250047,11.88200092
0.03671071003,-0.9696829915,11.88264465
0.03671133503,-0.9706351161,11.88280678
0.03671258503,-0.972494483,11.88312531
0.03671289753,-0.9729499817,11.88320446
0.03671352253,-0.9738496542,11.88336277
0.03671367878,-0.9740722179,11.88340282
0.03671399128,-0.9745146036,11.88348198
0.03671410473,-0.9746742249,-8.323052406
0.0367141733,-0.9747704864,-13.78994751
0.03671423004,-0.974849999,-10.90500736
0.03671425393,-0.9748834372,-11.93330956
0.03671427703,-0.9749157429,-11.837924
0.03671430138,-0.9749497771,-11.84551334
0.03671432892,-0.9749882817,-11.84469795
0.03671438401,-0.9750651717,-11.84489822
0.03671449418,-0.9752185345,-11.84485912
0.03671471453,-0.9755239487,-11.84503937
0.03671515524,-0.976129055,-11.84519768
0.03671603664,-0.977316916,-11.84569168
0.03671779944,-0.9796026349,-11.84650326
0.03672132505,-0.9838132262,-11.84825993
0.03672837626,-0.9907844067,-11.85149193
0.03673837626,-0.9973341823,-11.8559494
0.03674837626,-0.9999479651,-11.86001301
0.03675837626,-0.9986153841,-11.86391449
0.03676837626,-0.9933417439,-11.86745739
0.03677837626,-0.9841477871,-11.87086868
0.03678837626,-0.971069932,-11.87395287
0.03679837626,-0.9541596174,-11.8769331
0.03680837626,-0.9334837198,-11.87961388
0.03681837626,-0.9091237783,-11.88221741
0.03682837626,-0.8811759949,-11.88454437
0.03683837626,-0.8497505188,-11.88681602
0.03684837626,-0.8149715066,-11.88883495
0.03685837626,-0.7769761682,-11.89081669
0.03685962626,-0.7720079422,-11.89102173
0.03686212626,-0.7619289756,-11.89147949
0.03686275126,-0.7593797445,-11.89159298
0.03686400126,-0.7542461753,-11.89181805
0.03686400751,-0.7542204261,-2.701566935
0.03686402001,-0.7541688085,8.559915543
0.03686402708,-0.7541396618,10.28668022
0.0368640321,-0.754118979,10.91348743
0.03686403946,-0.7540885806,11.41422272
0.03686405121,-0.7540400624,11.72899914
0.03686406657,-0.7539767027,11.82288456
0.03686408793,-0.7538884878,11.83692551
0.03686412034,-0.753754735,11.83629417
0.03686418515,-0.7534870505,11.83652592
0.03686431478,-0.752951324,11.836483
0.03686457403,-0.7518783808,11.83672333
0.03686509253,-0.7497264743,11.8369379
0.03686612953,-0.7453988791,11.83760452
0.03686820353,-0.7366489172,11.83869743
0.03687235153,-0.7187751532,11.8410635
0.03688064753,-0.6815755963,11.84540749
0.03689064753,-0.6342838407,11.85051918
0.03690064753,-0.5844888687,11.85518932
0.03691064753,-0.532387197,11.85972691
0.03692064753,-0.478184402,11.86385632
0.03693064753,-0.4220944345,11.86788177
0.03694064753,-0.3643386662,11.87152958
0.03695064753,-0.3051450253,11.87509918
0.03696064753,-0.2447471023,11.87831688
0.03697064753,-0.183383286,11.88148022
0.03698064753,-0.1212957352,11.88431549
0.03699064753,-0.0587294884,11.88711452
0.03699189753,-0.05088733137,11.8874073
0.03699439753,-0.03519408777,11.88805771
0.03699502253,-0.0312692672,11.88821888
0.03699627253,-0.02341824397,11.88853836
0.03699877253,-0.007712344639,11.8891716
0.03699878258,-0.007649200503,-0.07205613703
0.03699880268,-0.00752291223,-11.93535614
0.03699880974,-0.007478555664,-11.88466549
0.03699881587,-0.007440054789,-11.86306953
0.03699882421,-0.007387650199,-11.84880447
0.03699884089,-0.007282841485,-11.83986282
0.03699887425,-0.007073223591,-11.83883762
0.03699894098,-0.006653987337,-11.83919907
0.03699907443,-0.005815510638,-11.8390646
0.03699934133,-0.004138546064,-11.83935738
0.03699987513,-0.0007845864748,-11.83948231
0.03700094273,0.005923321005,-11.84014702
0.03700307794,0.01933803596,-11.84106731
0.03700734834,0.04615460709,-11.843256
0.03701588916,0.09966879338,-11.84708977
0.03702588916,0.1619499773,-11.85159874
0.03703588916,0.223592028,-11.85559273
0.03704588916,0.2843516767,-11.85959721
0.03705588916,0.343989104,-11.86312199
0.03706588916,0.4022689462,-11.86668587
0.03707588916,0.4589612484,-11.86980057
0.03708588916,0.5138422251,-11.87297916
0.03709588916,0.5666952729,-11.87573624
0.03710588916,0.6173118949,-11.87858009
0.03711588916,0.6654922366,-11.88102531
0.03712588916,0.7110461593,-11.88357544
0.03712713916,0.7165466547,-11.88380718
0.03712963916,0.7274147272,-11.88438797
0.03712964921,0.7274580598,0.07683947682
0.03712966931,0.7275447249,11.94013977
0.03712967637,0.7275751829,11.88944149
0.0371296825,0.7276015878,11.86784649
0.03712969084,0.7276375294,11.85358334
0.03712970753,0.7277094126,11.8446455
0.0371297409,0.7278532386,11.84362316
0.03712980763,0.7281407118,11.8439846
0.03712994111,0.7287153006,11.84385395
0.03713020806,0.7298628688,11.8441515
0.03713074195,0.7321519256,11.84428692
0.03713180974,0.7367052436,11.84497261
0.03713394532,0.7457122803,11.84593391
0.03713821648,0.7633219361,11.84819984
0.0371467588,0.7968797684,11.85216999
0.0371567588,0.8332414627,11.85680962
0.0371667588,0.8663147092,11.86090469
0.0371767588,0.8959689736,11.86497784
0.0371867588,0.9220873117,11.86854076
0.0371967588,0.9445666075,11.87211323
0.0372067588,0.9633180499,11.87520695
0.0372167588,0.9782677889,11.87833595
0.0372267588,0.9893567562,11.88101482
0.0372367588,0.9965411425,11.88375092
0.0372467588,0.9997926354,11.88606453
0.0372567588,0.9990984201,11.88845539
0.0372667588,0.9944612384,11.89044571
0.0372767588,0.9858993292,11.89253235
0.0372780088,0.9845546484,11.89270782
0.0372805088,0.9816831946,11.89317131
0.0372811338,0.9809274673,11.89328671
0.03728129005,0.9807361364,11.89331532
0.03728140879,0.9805901647,-8.447633743
0.03728146132,0.9805253744,-13.36952686
0.03728150128,0.9804760218,-11.31641197
0.03728152122,0.980451405,-11.83712387
0.03728154487,0.9804221392,-11.83476067
0.03728156788,0.9803936481,-11.83498287
0.03728160479,0.9803479314,-11.83498478
0.0372816786,0.980256319,-11.83503437
0.03728182623,0.9800724983,-11.83511353
0.03728212148,0.9797023535,-11.83528519
0.03728271198,0.9789518714,-11.83561611
0.03728389299,0.9774104357,-11.83628464
0.03728625499,0.9741662741,-11.83759785
0.03729097901,0.9670350552,-11.84017944
0.03730042704,0.9502239227,-11.84512424
0.03731042704,0.9287853837,-11.85007191
0.03732042704,0.9036813378,-11.85473061
0.03733042704,0.8750109076,-11.859128
0.03734042704,0.8428871632,-11.8632679
0.03735042704,0.8074369431,-11.86717796
0.03736042704,0.7688001394,-11.87085915
0.03737042704,0.727129221,-11.87433529
0.03738042704,0.6825886965,-11.87760735
0.03739042704,0.6353542805,-11.88069725
0.03740042704,0.5856124163,-11.883605
0.03741042704,0.533559382,-11.88635063
0.03741058329,0.5327287912,-11.88639069
0.03741089579,0.5310661197,-11.88647366
0.03741100925,0.5304619074,8.320058823
0.03741107782,0.5300966501,13.78695297
0.03741113455,0.5297943354,10.90209293
0.03741115843,0.5296670794,11.93023491
0.03741118153,0.5295439959,11.83494282
0.03741120587,0.5294142365,11.84251499
0.03741123341,0.5292674303,11.84170246
0.03741128849,0.5289737582,11.84190083
0.03741139865,0.5283862352,11.84186077
0.03741161897,0.527210474,11.84203815
0.03741205961,0.5248558521,11.84219074
0.03741294089,0.5201345682,11.8426733
0.03741470345,0.5106443763,11.84346199
0.03741822856,0.4914771616,11.8451767
0.03742527879,0.4524290562,11.84833145
0.03743527879,0.3955396712,11.85269642
0.03744527879,0.3370893002,11.85668755
0.03745527879,0.2773085535,11.86053658
0.03746527879,0.2164334357,11.86404514
0.03747527879,0.1547041237,11.86744213
0.03748527879,0.09236428142,11.87053108
0.03749527879,0.02965991199,11.87353516
0.03750527879,-0.03316150978,11.87625694
0.03751527879,-0.09585205466,11.87891865
0.03752527879,-0.1581643224,11.88132286
0.03753527879,-0.2198523879,11.88368607
0.03754527879,-0.2806727886,11.88581371
0.03754652879,-0.2882023454,11.88610172
0.03754684129,-0.290081948,11.88616753
0.03754746629,-0.2938378453,11.88629818
0.03754762254,-0.2947761118,11.8863306
0.03754774128,-0.2954889834,-8.454615593
0.03754779381,-0.295804292,-13.37650681
0.03754783378,-0.2960441411,-11.32321453
0.03754785372,-0.296163857,-11.84419537
0.03754787739,-0.296305865,-11.84173012
0.03754790041,-0.2964439988,-11.84196186
0.03754793732,-0.2966654897,-11.84196186
0.03754801115,-0.2971084416,-11.84200859
0.0375481588,-0.2979941666,-11.84208393
0.03754845411,-0.2997648418,-11.84224796
0.03754904473,-0.3033030927,-11.84256458
0.03755022596,-0.3103669882,-11.84320259
0.03755258844,-0.3244430721,-11.84445572
0.03755731338,-0.3523777425,-11.84691525
0.03756676328,-0.4072911143,-11.85160637
0.03757676328,-0.4638338983,-11.85627365
0.03758676328,-0.5185461044,-11.86063957
0.03759676328,-0.5712119341,-11.8647356
0.03760676328,-0.6216233969,-11.86856365
0.03761676328,-0.6695815921,-11.87215137
0.03762676328,-0.714897275,-11.87550068
0.03763676328,-0.757391572,-11.87863731
0.03764676328,-0.7968967557,-11.88156223
0.03765676328,-0.8332570195,-11.88429832
0.03766676328,-0.8663287759,-11.88684464
0.03767676328,-0.8959814906,-11.88922501
0.03768676328,-0.9220982194,-11.89143658
0.03769676328,-0.9445758462,-11.89350224
0.03769691953,-0.9448976517,-11.8935318
0.03769723203,-0.94553864,10.42263603
0.03769731824,-0.9457148314,12.7199049
0.03769740441,-0.9458906651,11.28002548
0.03769744884,-0.9459812045,12.04786682
0.03769749378,-0.9460726976,11.75198936
0.03769754006,-0.946166873,11.86811352
0.03769758778,-0.9462638497,11.82112694
0.03769766563,-0.9464219213,11.84312344
0.03769778084,-0.9466554523,11.82920837
0.03769800165,-0.9471016526,11.83995819
0.03769844328,-0.9479885101,11.83094025
0.03769932652,-0.9497403502,11.8400774
0.03770109301,-0.9531562924,11.83267403
0.037704626,-0.9596354365,11.84279442
0.03771169197,-0.9711722136,11.8383112
0.03772169197,-0.9842237234,11.85137463
0.03773169197,-0.993391037,11.84795284
0.03774169197,-0.9986378551,11.86040783
0.03775169197,-0.9999434948,11.85653877
0.03776169197,-0.9973028302,11.86844921
0.03777169197,-0.9907262325,11.86419201
0.03778169197,-0.980239749,11.87561512
0.03779169197,-0.9658846855,11.87102032
0.03780169197,-0.9477176666,11.88200474
0.03781169197,-0.9258105159,11.87711906
0.03782169197,-0.9002496004,11.88770771
0.03782294197,-0.8968024254,11.88418007
0.03782325447,-0.8959319592,11.88423443
0.03782387947,-0.8941807151,11.88439941
0.03782388259,-0.8941719532,6.185676098
0.03782388884,-0.8941543698,-2.474481344
0.03782390134,-0.8941192031,-9.73220253
0.03782390675,-0.8941039443,-10.63984585
0.03782391433,-0.8940826654,-11.30658436
0.03782392167,-0.8940619826,-11.59764099
0.03782393637,-0.894020617,-11.80751896
0.03782395287,-0.893974185,-11.84053326
0.03782398251,-0.8938906789,-11.84447289
0.03782402315,-0.8937761784,-11.84361362
0.03782410443,-0.8935470581,-11.84401608
0.03782426699,-0.8930879831,-11.84385014
0.03782459211,-0.8921670914,-11.84421062
0.03782524236,-0.8903141618,-11.84433937
0.03782654285,-0.8865637183,-11.8451395
0.03782914384,-0.8788855076,-11.84619713
0.03783434582,-0.8628270626,-11.84876728
0.03784434582,-0.8293839097,-11.85298538
0.03785434582,-0.7926675677,-11.85726166
0.03786434582,-0.7528229356,-11.86093807
0.03787434582,-0.7100072503,-11.86470413
0.03788434582,-0.6643894911,-11.86790562
0.03789434582,-0.6161496639,-11.8712244
0.03790434582,-0.5654782057,-11.87401104
0.03791434582,-0.5125750303,-11.87694073
0.03792434582,-0.4576489925,-11.87936592
0.03793434582,-0.4009168148,-11.88195515
0.03794434582,-0.342602402,-11.88406563
0.03795434582,-0.2829358876,-11.88635921
0.03796434582,-0.2221527398,-11.88819695
0.03796559582,-0.2144882381,-11.88851738
0.03796590832,-0.2125700265,-11.88857746
0.03796653332,-0.2087311596,-11.88869762
0.03796668957,-0.2077709436,-11.88872719
0.03796700207,-0.2058498859,-11.88878632
0.03796711552,-0.2051522434,8.317754745
0.0379671841,-0.2047305405,13.78465366
0.03796724082,-0.2043816596,10.89985943
0.0379672647,-0.2042347789,11.92788219
0.03796728779,-0.2040927559,11.83266163
0.03796731214,-0.2039430141,11.84022427
0.03796733967,-0.2037736177,11.8394146
0.03796739475,-0.2034348249,11.83961678
0.0379675049,-0.2027571648,11.8395853
0.03796772519,-0.2014015615,11.8397789
0.03796816578,-0.1986892074,11.83996487
0.03796904697,-0.1932599247,11.84051323
0.03797080934,-0.1823837757,11.84143257
0.03797433407,-0.160565719,11.84340286
0.03798138354,-0.1167040914,11.84705925
0.03799138354,-0.05411234871,11.85210228
0.03800138354,0.008692951873,11.85673428
0.03801138354,0.07146394253,11.86118507
0.03802138354,0.1339529008,11.86526012
0.03803138354,0.1959132105,11.86918449
0.03804138354,0.2571003437,11.87276268
0.03805138354,0.3172728121,11.87621689
0.03806138354,0.376193136,11.87935352
0.03807138354,0.4336288273,11.88239002
0.03808138354,0.4893531501,11.88513184
0.03809138354,0.5431462526,11.88779545
0.03810138354,0.5947957635,11.89018536
0.03810263354,0.6010910273,11.89050293
0.03810513354,0.6135698557,11.89108276
0.03811013354,0.6380702853,11.89221191
0.03811028979,0.6388258934,11.8922472
0.03811060229,0.6403352618,11.89231586
0.03811071575,0.6408826709,-8.314221382
0.03811078432,0.6412133574,-13.78111839
0.03811084104,0.641486764,-10.89641857
0.03811086492,0.6416018605,-11.92425156
0.038110888,0.6417130828,-11.82914066
0.03811091234,0.6418303847,-11.83668232
0.03811093987,0.6419630647,-11.83587551
0.03811099494,0.6422283053,-11.83607483
0.03811110507,0.6427585483,-11.8360405
0.03811132533,0.6438180804,-11.83622742
0.03811176585,0.6459335089,-11.83639908
0.03811264688,0.6501495838,-11.83692074
0.03811440896,0.6585217118,-11.83778667
0.03811793311,0.6750227809,-11.83965492
0.03812498142,0.7070242167,-11.84311676
0.03813498142,0.7500338554,-11.84791374
0.03814498142,0.790083468,-11.85233212
0.03815498142,0.8270149231,-11.85660172
0.03816498142,0.8606826067,-11.86052704
0.03817498142,0.8909535408,-11.86433411
0.03818498142,0.9177082777,-11.86782742
0.03819498142,0.940841198,-11.87122822
0.03820498142,0.9602611065,-11.87434101
0.03821498142,0.9758912921,-11.87738514
0.03822498142,0.987670064,-11.88016319
0.03823498142,0.9955509901,-11.88289165
0.03823623142,0.9962602854,-11.8831892
0.03823654392,0.9964280128,-11.88327026
0.03823716892,0.9967519641,-11.88343143
0.03823732517,0.996830523,-11.88347149
0.03823744391,0.9968896508,8.457468987
0.03823749645,0.9969155788,13.37935829
0.03823753641,0.9969352484,11.32599163
0.03823755637,0.9969450831,11.84708214
0.03823758003,0.9969566464,11.84457397
0.03823760305,0.9969679117,11.84480762
0.03823763997,0.9969859719,11.84480572
0.0382377138,0.9970218539,11.84484959
0.03823786147,0.9970929623,11.84491825
0.0382381568,0.9972326159,11.84506798
0.03823874747,0.9975016713,11.84535503
0.0382399288,0.9979985356,11.84593773
0.03824229146,0.9988272786,11.84707737
0.03824701679,0.9998243451,11.84931469
0.03825646744,0.9991744757,11.85357285
0.03826646744,0.9946519732,11.85780144
0.03827646744,0.9862040281,11.86174774
0.03828646744,0.9738639593,11.86544323
0.03829646744,0.957680583,11.86888981
0.03830646744,0.9377176166,11.87211514
0.03831646744,0.9140539169,11.87512207
0.03832646744,0.886782825,11.87793636
0.03833646744,0.8560120463,11.88055897
0.03834646744,0.8218629956,11.88301277
0.03835646744,0.7844703794,11.88529682
0.03836646744,0.7439818382,11.88743591
0.03837646744,0.7005571723,11.88942719
0.03837771744,0.6949310303,11.88966656
0.03838021744,0.6835505366,11.89014053
0.03838521744,0.6602864265,11.89106274
0.03838537369,0.6595488191,11.89109135
0.03838568619,0.6580716372,11.89114761
0.03838631119,0.6551097631,11.89126015
0.03838631431,0.6550949216,6.192533493
0.03838632056,0.6550652385,-2.467627525
0.03838633306,0.6550058722,-9.725348473
0.03838633847,0.6549801826,-10.63277435
0.03838634605,0.654944241,-11.2995472
0.03838635339,0.6549093723,-11.59063816
0.03838636808,0.6548396349,-11.80060577
0.03838638457,0.6547613144,-11.83366776
0.0383864142,0.6546205878,-11.83762455
0.03838645481,0.6544276476,-11.83676624
0.03838653604,0.6540417075,-11.83717632
0.0383866985,0.6532691717,-11.83702469
0.03838702341,0.6517221332,-11.83741283
0.03838767325,0.6486199498,-11.83759785
0.03838897291,0.6423830986,-11.83851051
0.03839157223,0.6297813654,-11.83979225
0.03839677088,0.6040773988,-11.84280396
0.03840677088,0.5528460145,-11.84785461
0.03841677088,0.4994328022,-11.85293484
0.03842677088,0.4440485537,-11.85738754
0.03843677088,0.386911869,-11.86190224
0.03844677088,0.3282482028,-11.86582279
0.03845677088,0.2682890594,-11.86983299
0.03846677088,0.2072711438,-11.87328053
0.03847677088,0.145435214,-11.87684155
0.03848677088,0.08302531391,-11.8798666
0.03849677088,0.02028774843,-11.88302517
0.03850677088,-0.042529881,-11.88567352
0.03851677088,-0.1051796675,-11.88847351
0.03851802088,-0.1129867584,-11.88871002
0.03852052088,-0.1285795569,-11.88933659
0.03852114588,-0.1324729472,-11.88949203
0.03852239588,-0.1402535439,-11.88980103
0.03852270838,-0.1421973556,-11.88987827
0.03852333338,-0.14608334,-11.89003181
0.03852333651,-0.1461027563,-6.191307068
0.03852334276,-0.1461416036,2.468851805
0.03852335526,-0.1462193131,9.72657299
0.03852336067,-0.1462529451,10.63403797
0.03852336824,-0.1463000029,11.30080509
0.03852337559,-0.1463456601,11.59188938
0.03852339028,-0.1464369595,11.80184174
0.03852340677,-0.1465394944,11.83489418
0.0385234364,-0.146723628,11.83884621
0.03852347702,-0.1469760835,11.83798599
0.03852355826,-0.1474809498,11.8383913
0.03852372073,-0.1484905779,11.83822823
0.03852404568,-0.1505093724,11.83859539
0.03852469559,-0.1545450538,11.8387394
0.0385259954,-0.1626086384,11.83956814
0.03852859502,-0.178702727,11.84068584
0.03853379426,-0.2107435912,11.84337521
0.03854379426,-0.2717080712,11.84783268
0.03855379426,-0.3316002488,11.85235596
0.03856379426,-0.3901837468,11.85628605
0.03857379426,-0.4472273588,11.86031342
0.03858379426,-0.5025059581,11.86378193
0.03859379426,-0.5558014512,11.86737633
0.03860379426,-0.6069033742,11.87044334
0.03861379426,-0.6556101441,11.87365818
0.03862379426,-0.7017295957,11.87637424
0.03863379426,-0.745079577,11.87925816
0.03864379426,-0.7854890823,11.88166618
0.03864504426,-0.7903254032,11.88205719
0.03864754426,-0.7998515964,11.88267517
0.03865254426,-0.8183096051,11.88388157
0.03865270051,-0.8188734651,11.88391876
0.03865301301,-0.8199988604,11.88399315
0.03865312646,-0.8204066753,-8.322542191
0.03865319504,-0.8206529617,-13.78943825
0.03865325177,-0.8208566308,-10.90451241
0.03865327566,-0.8209423423,-11.9327879
0.03865329875,-0.8210251927,-11.83741951
0.0386533231,-0.8211125135,-11.84500599
0.03865335065,-0.8212112784,-11.84419155
0.03865340573,-0.8214087486,-11.84439182
0.03865351591,-0.8218033314,-11.84435463
0.03865373625,-0.822591424,-11.84453869
0.03865417694,-0.8241627812,-11.84470367
0.03865505832,-0.8272864819,-11.84521008
0.03865682108,-0.833457768,-11.84604645
0.03866034661,-0.8454928398,-11.84785461
0.03866739765,-0.8683127165,-11.8511858
0.03867739765,-0.8977444768,-11.85577774
0.03868739765,-0.9236332774,-11.85996819
0.03869739765,-0.9458768368,-11.86398983
0.03870739765,-0.964387536,-11.86764431
0.03871739765,-0.9790921807,-11.87116146
0.03872739765,-0.9899328351,-11.87434292
0.03873739765,-0.996866703,-11.8774147
0.03874739765,-0.9998663068,-11.88017941
0.03875739765,-0.9989199638,-11.88285732
0.03876739765,-0.9940313101,-11.88525391
0.03877739765,-0.9852196574,-11.88758659
0.03878739765,-0.972519815,-11.88965988
0.03879739765,-0.9559819102,-11.8916893
0.03879864765,-0.9536479115,-11.89190006
0.03880114765,-0.9488034844,-11.89236736
0.03880177265,-0.9475557804,-11.89248371
0.03880302265,-0.9450165629,-11.89271355
0.03880333515,-0.9443725944,-11.89277077
0.03880396015,-0.9430738091,-11.89288425
0.0388041164,-0.9427468777,-11.89291286
0.0388044289,-0.9420902133,-11.89296913
0.03880454236,-0.9418509007,8.313573837
0.03880461093,-0.9417060018,13.7804718
0.03880466765,-0.9415860772,10.89579201
0.03880469152,-0.9415355325,11.92359161
0.03880471461,-0.9414866567,11.8285017
0.03880473895,-0.9414350986,11.83604145
0.03880476648,-0.9413767457,11.8352356
0.03880482154,-0.9412599802,11.83543777
0.03880493167,-0.9410260916,11.83540726
0.03880515192,-0.940557003,11.83560276
0.03880559243,-0.9396133423,11.83579254
0.03880647344,-0.9377045035,11.83634853
0.03880823546,-0.9338006377,11.83728504
0.03881175951,-0.9256500006,11.83928967
0.03881880761,-0.9079915881,11.84301662
0.03882880761,-0.8798913956,11.84817123
0.03883880761,-0.8483186364,11.85292625
0.03884880761,-0.813397944,11.85750866
0.03885880761,-0.7752671838,11.86172581
0.03886880761,-0.734076798,11.86580181
0.03887880761,-0.6899893284,11.86954212
0.03888880761,-0.643178761,11.87316704
0.03889880761,-0.5938298702,11.87648201
0.03890880761,-0.542137444,11.87970543
0.03891880761,-0.4883054197,11.88264179
0.03892880761,-0.4325462878,11.88550663
0.03893005761,-0.4254517555,11.88582039
0.03893255761,-0.4111844599,11.88649178
0.03893318261,-0.4076016247,11.88665771
0.03893443261,-0.4004172087,11.88698959
0.03893474511,-0.398617208,11.88707161
0.03893537011,-0.3950126469,11.88723564
0.03893552636,-0.3941105306,11.88727665
0.0389356451,-0.3934247196,-8.453662872
0.03893569763,-0.3931212425,-13.37555218
0.03893573759,-0.3928903639,-11.32228184
0.03893575754,-0.3927751184,-11.84322453
0.0389357812,-0.3926383853,-11.84077168
0.03893580422,-0.3925053775,-11.84100056
0.03893584113,-0.3922920525,-11.84099865
0.03893591496,-0.3918653131,-11.84104252
0.03893606261,-0.3910116255,-11.84111023
0.03893635791,-0.3893032372,-11.84125805
0.03893694851,-0.385882467,-11.8415432
0.03893812972,-0.3790250123,-11.84211922
0.03894049213,-0.3652478158,-11.84324932
0.03894521694,-0.3374550939,-11.84546852
0.03895466658,-0.2810022533,-11.84970379
0.03896466658,-0.2201872617,-11.85392475
0.03897466658,-0.1585032791,-11.85788155
0.03898466658,-0.09619375318,-11.86160469
0.03899466658,-0.03350460157,-11.86509609
0.03900466658,0.02931677923,-11.86838341
0.03901466658,0.09202245623,-11.87146854
0.03902466658,0.1543649733,-11.87437725
0.03903466658,0.2160982639,-11.87710857
0.03904466658,0.2769787312,-11.87968731
0.03905466658,0.336766094,-11.8821125
0.03906466658,0.3952243626,-11.88440418
0.03906591658,0.4024266601,-11.88467884
0.03906841658,0.4167563021,-11.88522625
0.03906904158,0.4203228056,-11.88536167
0.03907029158,0.4274362624,-11.88563156
0.03907060408,0.4292105138,-11.88569832
0.03907084156,0.4305577874,10.01871204
0.03907094208,0.431127727,13.06675816
0.03907103268,0.4316412807,11.05705738
0.03907107453,0.4318784475,12.12407684
0.03907111272,0.432094872,11.75324059
0.03907115304,0.4323233068,11.8732481
0.03907119065,0.4325363636,11.83319664
0.03907125484,0.4329000115,11.84775925
0.0390713536,0.4334592521,11.83943558
0.0390715511,0.4345772266,11.84563065
0.0390719461,0.4368111491,11.84062386
0.03907273611,0.4412709475,11.84588051
0.03907431613,0.4501577616,11.84205914
0.03907747616,0.4677974582,11.84827518
0.03908379623,0.5025166869,11.84694004
0.03909379623,0.5558117628,11.85623455
0.03910379623,0.6069132686,11.8562355
0.03911379623,0.6556195617,11.86490536
0.03912379623,0.7017384171,11.86438656
0.03913379623,0.7450878024,11.87249756
0.03914379623,0.7854967117,11.871521
0.03915379623,0.8228056431,11.87913227
0.03916379623,0.8568673134,11.87775326
0.03917379623,0.8875473142,11.88491821
0.03918379623,0.9147245884,11.88318539
0.03919379623,0.9382918477,11.88995075
0.03920379623,0.9581561089,11.88790798
0.03921379623,0.9742389321,11.89431667
0.03921504623,0.975980103,11.8924427
0.03921754623,0.9792816639,11.89290905
0.03921817123,0.9800693393,11.89304924
0.03921942123,0.9815993309,11.89329529
0.03921973373,0.9819723964,11.89335632
0.03922035873,0.9827070832,11.89347744
0.03922051498,0.9828884006,11.89350796
0.03922082748,0.9832482338,11.89356899
0.03922094094,0.9833778739,-8.312973022
0.03922100951,0.9834560156,-13.77987099
0.03922106623,0.9835205078,-10.89520645
0.0392210901,0.9835476279,-11.92297363
0.03922111318,0.9835737944,-11.82790184
0.03922113752,0.9836013913,-11.83543777
0.03922116505,0.9836326241,-11.83463192
0.03922122011,0.9836948514,-11.83483315
0.03922133024,0.9838190675,-11.83480263
0.03922155048,0.9840660691,-11.83499432
0.03922199098,0.98455441,-11.83517933
0.03922287196,0.9855084419,-11.83572483
0.03922463394,0.9873259068,-11.8366394
0.03922815789,0.9905976057,-11.83860207
0.03923520578,0.9956828356,-11.84224987
0.03924520578,0.999546349,-11.84730053
0.03925520578,0.9994651079,-11.85196018
0.03926520578,0.9954394698,-11.85645962
0.03927520578,0.98748523,-11.86060143
0.03928520578,0.9756339192,-11.86461353
0.03929520578,0.9599321485,-11.86829853
0.03930520578,0.9404420257,-11.87187767
0.03931520578,0.9172403812,-11.87515736
0.03932520578,0.8904187679,-11.87835503
0.03933520578,0.8600831032,-11.88127422
0.03934520578,0.8263531327,-11.88413143
0.03934645578,0.8219047189,-11.88444424
0.03934676828,0.8207846284,-11.88452816
0.03934739328,0.8185350895,-11.88469696
0.03934754953,0.8179706931,-11.88473892
0.03934786203,0.8168396354,-11.88482285
0.03934797549,0.8164281845,8.321709633
0.03934804406,0.8161793351,13.78860283
0.0393481008,0.8159732819,10.90369892
0.03934812468,0.8158865571,11.93192863
0.03934814778,0.8158026338,11.83658504
0.03934817213,0.8157141209,11.84416676
0.03934819967,0.8156139851,11.84335136
0.03934825475,0.8154137135,11.84355068
0.03934836492,0.8150128126,11.84351063
0.03934858526,0.8142098188,11.84368706
0.03934902593,0.8125992417,11.84383774
0.03934990728,0.8093593121,11.84431839
0.03935166997,0.8028051257,11.84510136
0.03935519535,0.7894021273,11.84680367
0.03936224612,0.7614409924,11.84993458
0.03937224612,0.7192354798,11.85426044
0.03938224612,0.6741914749,11.8582077
0.03939224612,0.6264867783,11.86200809
0.03940224612,0.5763096213,11.86546516
0.03941224612,0.5238580108,11.86880589
0.03942224612,0.4693389535,11.8718338
0.03943224612,0.4129676521,11.87477398
0.03944224612,0.3549665809,11.87742805
0.03945224612,0.2955645919,11.88001823
0.03946224612,0.2349961549,11.88234711
0.03947224612,0.1735002846,11.88463402
0.03948224612,0.1113196984,11.8866806
0.03948349612,0.103511177,11.88695812
0.03948599612,0.08787546307,11.88745975
0.03948662112,0.08396299928,11.88758278
0.03948787112,0.07613424212,11.88782883
0.03948818362,0.07417629659,11.88789082
0.03948880862,0.07025956362,11.88801289
0.03948896487,0.06928020716,11.8880434
0.03948927737,0.06732130051,11.88810444
0.03948939083,0.06661003083,-8.318437576
0.0394894594,0.06618013233,-13.78533554
0.03948951613,0.06582447886,-10.90052319
0.03948954001,0.06567475945,-11.92858124
0.0394895631,0.06552998722,-11.83334064
0.03948958745,0.06537734717,-11.84090614
0.03948961498,0.06520468742,-11.84009552
0.03948967006,0.06485936791,-11.8402977
0.03948978021,0.06416871399,-11.84026623
0.03949000051,0.06278729439,-11.84045887
0.03949044112,0.06002411246,-11.84064293
0.03949132233,0.05449638516,-11.84118652
0.03949308476,0.04343609139,-11.84209824
0.0394966096,0.02130087465,-11.84405422
0.0395036593,-0.02299003676,-11.84768009
0.0395136593,-0.08571859449,-11.85268116
0.0395236593,-0.1481088549,-11.85726929
0.0395336593,-0.2099146098,-11.86167812
0.0395436593,-0.2708919048,-11.8657093
0.0395536593,-0.3308001459,-11.86959076
0.0395636593,-0.3894028366,-11.87312603
0.0395736593,-0.4464687705,-11.87653828
0.0395836593,-0.5017726421,-11.879632
0.0395936593,-0.5550963283,-11.88262653
0.0396036593,-0.6062292457,-11.88532639
0.0396136593,-0.6549696326,-11.88794899
0.0396236593,-0.7011252046,-11.89029884
0.0396336593,-0.7445136905,-11.89258957
0.03963381555,-0.7451688051,-11.89259911
0.03963412805,-0.7464767694,-11.89266396
0.03963475305,-0.7490840554,-11.89280033
0.03963475618,-0.7490970492,-6.194075108
0.03963476243,-0.7491230965,2.466084957
0.03963477493,-0.7491750717,9.723806381
0.03963478034,-0.7491976023,10.63118458
0.03963478791,-0.7492291331,11.29796505
0.03963479525,-0.7492597103,11.58906364
0.03963480994,-0.7493208051,11.79905128
0.03963482643,-0.74938941,11.83212376
0.03963485605,-0.7495126724,11.8360815
0.03963489666,-0.7496815324,11.83522224
0.03963497788,-0.7500191331,11.83562946
0.03963514031,-0.7506937981,11.83547115
0.03963546518,-0.7520407438,11.83584881
0.03963611492,-0.7547252774,11.83601189
0.03963741439,-0.7600565553,11.83687973
0.03964001334,-0.7705666423,11.83807468
0.03964521124,-0.7909677625,11.84091759
0.03965521124,-0.8278258443,11.84566498
0.03966521124,-0.8614168763,11.85046959
0.03967521124,-0.8916082978,11.85467339
0.03968521124,-0.9182808995,11.85896587
0.03969521124,-0.9413295388,11.86269188
0.03970521124,-0.9606631398,11.86653519
0.03971521124,-0.9762054086,11.86984158
0.03972521124,-0.9878950715,11.87328815
0.03973521124,-0.9956859946,11.87622452
0.03974521124,-0.9995473623,11.8793211
0.03975521124,-0.9994639754,11.88193226
0.03975646124,-0.9991760254,11.88234711
0.03975896124,-0.9984152913,11.88301373
0.03975958624,-0.9981865883,11.88317776
0.03976083624,-0.9976830482,11.88350582
0.03976114874,-0.9975475073,11.88358688
0.03976138622,-0.9974420071,-10.02081203
0.03976148674,-0.9973966479,-13.06885433
0.03976157734,-0.9973554015,-11.05914974
0.03976161919,-0.9973362684,-12.12619114
0.03976165738,-0.9973187447,-11.7553072
0.03976169771,-0.997300148,-11.87534523
0.03976173532,-0.9972828031,-11.83527565
0.03976179952,-0.9972530007,-11.84984398
0.03976189828,-0.9972068667,-11.84151077
0.03976209579,-0.9971134067,-11.84770012
0.03976249081,-0.9969218373,-11.84267139
0.03976328085,-0.9965204,-11.84789562
0.03976486093,-0.9956437945,-11.84399891
0.0397680211,-0.9935963154,-11.85007477
0.03977434143,-0.9883272052,-11.84845829
0.03978434143,-0.9768110514,-11.85733032
0.03979434143,-0.9614399076,-11.8569231
0.03980434143,-0.9422743917,-11.86521149
0.03981434143,-0.919390142,-11.86432552
0.03982434143,-0.8928774595,-11.87209702
0.03983434143,-0.8628410101,-11.8707943
0.03984434143,-0.8293993473,-11.87810802
0.03985434143,-0.7926843762,-11.87644577
0.03986434143,-0.752841115,-11.88335514
0.03987434143,-0.7100266814,-11.88138103
0.03988434143,-0.6644101143,-11.88793373
0.03989434143,-0.61617136,-11.8856926
0.03990434143,-0.5655009151,-11.89193058
0.03990559143,-0.5590060353,-11.89003468
0.03990809143,-0.5459131002,-11.89046192
0.03990871643,-0.5426186919,-11.89059258
0.03990887268,-0.5417938232,-11.89062119
0.03990899142,-0.541166544,8.450328827
0.03990904396,-0.5408889651,13.37222195
0.03990908391,-0.5406777859,11.31903839
0.03990910386,-0.5405723453,11.83985519
0.03990912752,-0.5404472947,11.83745193
0.03990915053,-0.5403256416,11.83767891
0.03990918744,-0.540130496,11.83767986
0.03990926126,-0.5397400856,11.83772945
0.03990940889,-0.5389589667,11.83780861
0.03990970417,-0.5373952985,11.83798027
0.03991029471,-0.5342624187,11.83831215
0.03991147581,-0.5279746056,11.83898258
0.039913838,-0.5153121352,11.84029865
0.03991856237,-0.4896495044,11.84288406
0.03992801112,-0.4370529056,11.84782791
0.03993801112,-0.3797144592,11.85276413
0.03994801112,-0.3208774328,11.85739899
0.03995801112,-0.2607740462,11.86176205
0.03996801112,-0.1996415108,11.86585712
0.03997801112,-0.1377210766,11.86971092
0.03998801112,-0.07525712997,11.87332535
0.03999801112,-0.01249617059,11.87672424
0.04000801112,0.05031410605,11.87990952
0.04001801112,0.1129258126,11.88290405
0.04002801112,0.1750918478,11.88570595
0.04003801112,0.2365668863,11.88833809
0.04003926112,0.2441905588,11.8886528
0.04004176112,0.2593922615,11.88927746
0.04004676112,0.2895998955,11.89049911
0.04004691737,0.2905394137,11.89053631
0.04004722987,0.2924176753,11.89061165
0.04004785487,0.2961707413,11.89076042
0.040047858,0.296189487,6.192036152
0.04004786425,0.2962270081,-2.468122959
0.04004787675,0.2963020205,-9.725844383
0.04004788216,0.2963345051,-10.63328648
0.04004788973,0.2963799238,-11.30005741
0.04004789707,0.2964240015,-11.59114552
0.04004791176,0.2965121567,-11.80110645
0.04004792826,0.2966111302,-11.83416367
0.04004795788,0.2967888713,-11.8381176
0.0400479985,0.2970325649,-11.83725739
0.04004807973,0.2975198925,-11.8376627
0.0400482422,0.2984943092,-11.83750153
0.04004856713,0.3004422188,-11.83787155
0.04004921699,0.3043342531,-11.83801842
0.04005051671,0.3121030331,-11.83885574
0.04005311615,0.3275776505,-11.83998966
0.04005831504,0.3582606316,-11.84271145
0.04006831504,0.4161762595,-11.84722996
0.04007831504,0.4724494517,-11.85181236
0.04008831504,0.5268580914,-11.85580158
0.04009831504,0.5791874528,-11.85988712
0.04010831504,0.6292310357,-11.86341286
0.04011831504,0.6767913699,-11.86706257
0.04012831504,0.7216806412,-11.87018299
0.04013831504,0.7637218237,-11.87345123
0.04014831504,0.8027489185,-11.87621784
0.04015831504,0.8386079669,-11.8791523
0.04016831504,0.8711573482,-11.88160896
0.04016956504,0.8749868274,-11.88200569
0.04017206504,0.8824834824,-11.88263512
0.04017269004,0.8843237162,-11.88278961
0.04017394004,0.8879632354,-11.88309956
0.04017644004,0.8950777054,-11.88371277
0.04017645009,0.8951058388,0.07751505077
0.04017647019,0.8951621652,11.94081497
0.04017647725,0.8951819539,11.89011574
0.04017648338,0.89519912,11.86852074
0.04017649172,0.8952224851,11.85425854
0.0401765084,0.8952691555,11.8453207
0.04017654177,0.895362556,11.84429741
0.04017660851,0.8955492377,11.84465885
0.04017674199,0.8959220648,11.84452629
0.04017700894,0.8966659307,11.84482098
0.04017754285,0.8981459737,11.84494972
0.04017861067,0.90107584,11.84562206
0.0401807463,0.9068136215,11.84655666
0.04018501757,0.9177984595,11.84877014
0.0401935601,0.937777698,11.85264015
0.0402035601,0.9577303529,11.85716629
0.0402135601,0.9739032984,11.8611517
0.0402235601,0.9862326384,11.86512184
0.0402335601,0.994669795,11.86858749
0.0402435601,0.999181509,11.8720665
0.0402535601,0.9997498393,11.87507343
0.0402635601,0.9963726401,11.87812042
0.0402735601,0.9890632033,11.880723
0.0402835601,0.9778503776,11.88338852
0.0402935601,0.9627784491,11.88563538
0.0403035601,0.9439068437,11.88796616
0.0403135601,0.9213100672,11.88990211
0.0403235601,0.8950773478,11.89193916
0.0403248101,0.8915475607,11.89210796
0.0403273101,0.8843233585,11.89256096
0.04032732015,0.8842938542,-0.06866730005
0.04032734025,0.8842348456,-11.93196869
0.04032734731,0.8842141628,-11.88128281
0.04032735343,0.8841961622,-11.85968685
0.04032736177,0.8841717243,-11.84542084
0.04032737845,0.8841227293,-11.83647823
0.04032741181,0.8840247989,-11.83545494
0.04032747853,0.8838287592,-11.8358202
0.04032761196,0.8834362626,-11.83569622
0.04032787883,0.8826493621,-11.83600807
0.04032841256,0.8810681105,-11.8361702
0.04032948003,0.8778759241,-11.83691025
0.04033161497,0.8713732362,-11.83798027
0.04033588485,0.8578986526,-11.84046459
0.0403444246,0.8291072845,-11.84487152
0.0403544246,0.7923657298,-11.85002327
0.0403644246,0.7524970174,-11.85463047
0.0403744246,0.7096585631,-11.85921574
0.0403844246,0.6640194654,-11.86328983
0.0403944246,0.6157597303,-11.86737156
0.0404044246,0.5650698543,-11.87097263
0.0404144246,0.51214993,-11.87460518
0.0404244246,0.4572088122,-11.87778473
0.0404344246,0.4004632831,-11.88101768
0.0404444246,0.3421373069,-11.88382053
0.0404544246,0.2824610472,-11.88669586
0.0404556746,0.2749182582,-11.88696671
0.0404581746,0.2597822845,-11.88762283
0.0404587996,0.255988121,-11.88778591
0.04045895585,0.2550389469,-11.88782597
0.04045926835,0.2531398833,-11.88790703
0.04045938181,0.2524501979,8.318626404
0.04045945038,0.2520332634,13.78552055
0.04045950711,0.2516883314,10.90069962
0.04045953099,0.2515431046,11.92876625
0.04045955408,0.2514026761,11.83351803
0.04045957843,0.2512546182,11.84108257
0.04045960596,0.2510871291,11.840271
0.04045966104,0.250752151,11.84046936
0.04045977119,0.2500821054,11.84043026
0.0404599915,0.2487416267,11.84060955
0.04046043211,0.2460592538,11.840765
0.04046131333,0.2406888902,11.84125328
0.04046307577,0.229926154,11.84205341
0.04046660064,0.2083174437,11.84379005
0.0404736504,0.1648041457,11.84699154
0.0404836504,0.1025470048,11.85142422
0.0404936504,0.03988515213,11.85548401
0.0405036504,-0.02293410711,11.85940361
0.0405136504,-0.0856628567,11.86298466
0.0405236504,-0.1480535269,11.86645603
0.0405336504,-0.2098599076,11.86961937
0.0405436504,-0.2708380818,11.87269974
0.0405536504,-0.3307473361,11.87549877
0.0405636504,-0.3893513083,11.87823868
0.0405736504,-0.4464187026,11.88072109
0.0405836504,-0.5017243028,11.88316441
0.0405849004,-0.5085026622,11.88342762
0.0405874004,-0.521964848,11.88399982
0.0405924004,-0.5484996438,11.88512135
0.04059255665,-0.5493202806,11.88515568
0.04059286915,-0.5509599447,-10.43100548
0.04059295469,-0.5514084101,-12.72493267
0.04059304121,-0.5518618226,-11.28943253
0.04059308567,-0.5520947576,-12.05601215
0.04059313078,-0.5523310304,-11.76009369
0.04059317721,-0.5525742173,-11.876688
0.04059322505,-0.5528247356,-11.82936287
0.04059330312,-0.5532334447,-11.85157013
0.0405934184,-0.5538366437,-11.83750248
0.0405936391,-0.5549907684,-11.84836197
0.04059408051,-0.5572957397,-11.83923435
0.04059496333,-0.5618928075,-11.84844494
0.04059672898,-0.5710350275,-11.84091091
0.04060026026,-0.5891073942,-11.85103607
0.04060732282,-0.624373436,-11.84629059
0.04061732282,-0.6721886992,-11.85918236
0.04062732282,-0.7173511386,-11.85539627
0.04063732282,-0.7596824765,-11.86764145
0.04064732282,-0.7990157604,-11.86337376
0.04065732282,-0.8351956606,-11.8750391
0.04066732282,-0.8680794239,-11.87034988
0.04067732282,-0.8975372314,-11.88149548
0.04068732282,-0.9234529138,-11.87643909
0.04069732282,-0.9457241893,-11.88711834
0.04070732282,-0.9642630816,-11.88174438
0.04071732282,-0.9789964557,-11.89200211
0.04072732282,-0.9898661971,-11.88635445
0.04073732282,-0.9968293905,-11.89623356
0.04073857282,-0.9974235296,-11.89260483
0.04074107282,-0.9984273314,-11.89303017
0.04074169782,-0.9986397624,-11.89317989
0.04074294782,-0.9990184903,-11.89342022
0.04074326032,-0.9991034865,-11.89347839
0.0407434978,-0.9991655946,10.01093769
0.04074359832,-0.999191165,13.05898666
0.04074368892,-0.9992138743,11.04928875
0.04074373076,-0.9992243052,12.11621571
0.04074376893,-0.9992337227,11.74555302
0.04074380924,-0.9992435575,11.86544037
0.04074384682,-0.9992527366,11.8254509
0.040743911,-0.9992682338,11.83998394
0.04074400974,-0.9992917776,11.83168221
0.04074420721,-0.9993376732,11.83786774
0.04074460215,-0.9994249344,11.83288383
0.04074539204,-0.9995809197,11.83814907
0.04074697181,-0.9998189807,11.8343792
0.04075013136,-0.9999996424,11.84066486
0.04075645046,-0.9991787672,11.83950901
0.04076645046,-0.9946630001,11.84907055
0.04077645046,-0.9862216711,11.84937572
0.04078645046,-0.9738882184,11.85834217
0.04079645046,-0.9577112794,11.85815525
0.04080645046,-0.937754631,11.8665905
0.04081645046,-0.9140971899,11.86597157
0.04082645046,-0.886832118,11.87393188
0.04083645046,-0.8560671806,11.87293339
0.04084645046,-0.8219237924,11.88046932
0.04085645046,-0.7845365405,11.87913704
0.04086645046,-0.7440531254,11.8862915
0.04086770046,-0.7387828231,11.88449478
0.04087020046,-0.7281058431,11.88513947
0.04087082546,-0.7254084349,11.88532352
0.04087098171,-0.7247323394,11.88536644
0.04087129421,-0.7233780622,11.88544941
0.04087140766,-0.7228856683,-8.321082115
0.04087147623,-0.7225878835,-13.78797626
0.04087153297,-0.7223414183,-10.90308857
0.04087155685,-0.7222376466,-11.93128586
0.04087157995,-0.7221372724,-11.83596134
0.04087160429,-0.7220314145,-11.84353924
0.04087163184,-0.7219116688,-11.8427248
0.04087168692,-0.7216721773,-11.84292316
0.04087179708,-0.7211928368,-11.84288311
0.04087201741,-0.7202331424,-11.84306049
0.04087245807,-0.7183095813,-11.84321213
0.04087333939,-0.7144460082,-11.84369278
0.04087510203,-0.7066532969,-11.84447765
0.04087862732,-0.690808773,-11.84618282
0.04088567788,-0.6581109762,-11.84932041
0.04089567788,-0.6095360518,-11.85365677
0.04090567788,-0.5585555434,-11.85761642
0.04091567788,-0.5053706765,-11.86143112
0.04092567788,-0.4501913786,-11.8649044
0.04093567788,-0.3932353556,-11.86826229
0.04094567788,-0.3347274363,-11.87130928
0.04095567788,-0.2748984694,-11.87426949
0.04096567788,-0.2139846087,-11.87694645
0.04097567788,-0.1522262543,-11.87956047
0.04098567788,-0.08986713737,-11.88191509
0.04099567788,-0.02715335041,-11.88422775
0.04100567788,0.03566759825,-11.88630199
0.04100692788,0.04351540282,-11.88658333
0.04100942788,0.05920247361,-11.88709164
0.04101005288,0.06312210858,-11.88721657
0.04101020913,0.06410186738,-11.88724804
0.04101052163,0.06606119871,-11.88731098
0.04101114663,0.06997909397,-11.88743496
0.04101114975,0.06999868155,-6.188709736
0.041011156,0.0700378567,2.471450806
0.0410111685,0.07011619955,9.729171753
0.04101117392,0.07015012205,10.63671875
0.04101118149,0.07019757479,11.30347252
0.04101118883,0.07024361938,11.59454441
0.04101120353,0.07033570111,11.80446243
0.04101122002,0.07043910772,11.83749771
0.04101124966,0.07062482089,11.84144592
0.04101129028,0.07087946683,11.84058857
0.04101137154,0.07138872892,11.84099674
0.04101153406,0.07240720093,11.84084129
0.04101185909,0.0744439289,11.84122372
0.04101250915,0.07851643115,11.84139633
0.04101380928,0.08665744215,11.8422842
0.04101640953,0.1029215679,11.8435154
0.04102161004,0.1353630722,11.84642601
0.04103161004,0.1973085701,11.85127735
0.04104161004,0.2584753633,11.85615635
0.04105161004,0.3186220825,11.86040497
0.04106161004,0.3775113523,11.86471272
0.04107161004,0.4349107444,11.86842537
0.04108161004,0.4905937612,11.87222481
0.04109161004,0.5443406105,11.87546062
0.04110161004,0.595939219,11.87880802
0.04111161004,0.6451858878,11.88161945
0.04112161004,0.6918863654,11.8845644
0.04113161004,0.735856235,11.88699818
0.04114161004,0.7769219875,11.88958454
0.04115161004,0.8149216175,11.89168262
0.04115286004,0.8194484115,11.89203358
0.04115536004,0.8283500075,11.8925705
0.04115598504,0.8305435777,11.8927021
0.04115723504,0.8348922133,11.89296532
0.04115754754,0.8359713554,11.89303017
0.04115817254,0.8381199241,11.89316082
0.04115817567,0.8381305933,6.19443512
0.04115818192,0.838152051,-2.465724707
0.04115819442,0.8381948471,-9.723445892
0.04115819983,0.8382133842,-10.63081169
0.0411582074,0.8382393718,-11.29759502
0.04115821474,0.8382645249,-11.58869457
0.04115822943,0.8383148313,-11.79868793
0.04115824592,0.8383713365,-11.83176136
0.04115827554,0.838472724,-11.83572102
0.04115831615,0.8386117816,-11.83486176
0.04115839737,0.8388895988,-11.83526993
0.04115855979,0.8394446969,-11.83511257
0.04115888465,0.8405522108,-11.83549213
0.04115953437,0.8427566886,-11.83565903
0.0411608338,0.8471234441,-11.83653545
0.04116343266,0.8556873798,-11.83774567
0.04116863038,0.8721284866,-11.84062099
0.04117863038,0.9011295438,-11.84542751
0.04118863038,0.9265741706,-11.85028839
0.04119863038,0.9483620524,-11.85454655
0.04120863038,0.9664071798,-11.85889149
0.04121863038,0.9806383848,-11.86266708
0.04122863038,0.9909994006,-11.86655617
0.04123863038,0.9974494576,-11.86990643
0.04124863038,0.9999629855,-11.87339401
0.04125863038,0.9985300899,-11.87636948
0.04126863038,0.9931564927,-11.87950134
0.04127863038,0.9838634133,-11.88214588
0.04127988038,0.9824278355,-11.8825655
0.04128238038,0.9793749452,-11.88323975
0.04128300538,0.9785739183,-11.88340569
0.04128425538,0.9769266844,-11.88373661
0.04128456788,0.9765054584,-11.88381958
0.04128480537,0.9761828184,10.02057838
0.04128490588,0.9760456085,13.06862068
0.04128499648,0.9759215713,11.05891609
0.04128503833,0.975864172,12.12595463
0.04128507653,0.9758117795,11.75507545
0.04128511685,0.9757563472,11.87511063
0.04128515446,0.9757046103,11.835042
0.04128521866,0.9756161571,11.84960842
0.04128531742,0.9754797816,11.84127617
0.04128551493,0.9752058983,11.84746552
0.04128590995,0.9746536016,11.84243584
0.04128669999,0.9735310674,11.8476572
0.04128828006,0.971214056,11.84375572
0.04129144021,0.9662930965,11.84982204
0.04129776051,0.9553104043,11.8481884
0.04130776051,0.9348641634,11.85703468
0.04131776051,0.9107284546,11.85660553
0.04132776051,0.8829985261,11.86487293
0.04133776051,0.8517837524,11.8639698
0.04134776051,0.817207396,11.87172699
0.04135776051,0.7794059515,11.87041283
0.04136776051,0.7385284901,11.87771702
0.04137776051,0.6947364211,11.87604809
0.04138776051,0.6482024789,11.88295269
0.04139776051,0.5991104841,11.88097763
0.04140776051,0.5476539731,11.88753128
0.04141776051,0.4940361977,11.88529396
0.04142776051,0.4384686351,11.89153671
0.04142901051,0.4313964546,11.88964272
0.04142932301,0.4296242297,11.88968372
0.04142994801,0.4260748327,11.88979912
0.04143010426,0.4251864552,11.88982868
0.04143041676,0.4234084487,11.88988686
0.04143053022,0.422762543,-8.316656113
0.04143059879,0.4223720431,-13.78355408
0.04143065552,0.4220489562,-10.89879131
0.04143067939,0.4219129384,-11.92675495
0.04143070248,0.4217813909,-11.83156872
0.04143072683,0.4216427207,-11.83912563
0.04143075436,0.4214858413,-11.83831692
0.04143080943,0.4211720228,-11.8385191
0.04143091957,0.4205442667,-11.83848858
0.04143113986,0.4192880988,-11.83868313
0.04143158043,0.4167734087,-11.838871
0.04143246157,0.411734432,-11.83942413
0.04143422384,0.4016187787,-11.84035301
0.0414377484,0.3812410235,-11.84234428
0.04144479751,0.3399347067,-11.84603977
0.04145479751,0.2802126408,-11.85114002
0.04146479751,0.2193847001,-11.85583019
0.04147479751,0.1576909572,-11.86034012
0.04148479751,0.09537487477,-11.86447525
0.04149479751,0.03268238902,-11.8684597
0.04150479751,-0.03013907932,-11.87209988
0.04151479751,-0.09284160286,-11.87561607
0.04152479751,-0.1551777273,-11.8788147
0.04153479751,-0.2169014215,-11.88191414
0.04154479751,-0.2777691185,-11.88471889
0.04155479751,-0.3375405669,-11.8874445
0.04156479751,-0.3959799409,-11.88989735
0.04156604751,-0.4031796157,-11.89022255
0.04156854751,-0.4175039828,-11.8908186
0.04156917251,-0.4210691154,-11.89096546
0.04157042251,-0.4281798303,-11.89125824
0.04157073501,-0.4299534261,-11.89133072
0.0415709725,-0.4313001335,10.01307583
0.04157107301,-0.4318698645,13.06112099
0.04157116361,-0.4323832095,11.0514183
0.04157120545,-0.4326202571,12.11836815
0.04157124363,-0.4328365028,11.74765778
0.04157128394,-0.4330647886,11.8675766
0.04157132153,-0.4332776964,11.82756805
0.04157138572,-0.4336411357,11.84210682
0.04157148446,-0.4342000782,11.8337965
0.04157168194,-0.4353174865,11.83997726
0.0415720769,-0.4375502765,11.83497238
0.04157286682,-0.4420077503,11.8402071
0.04157444666,-0.450889945,11.83636761
0.04157760634,-0.4685201943,11.84252357
0.0415839257,-0.5032198429,11.84110451
0.0415939257,-0.5564877987,11.85027313
0.0416039257,-0.6075595617,11.85019588
0.0416139257,-0.6562335491,11.8588047
0.0416239257,-0.7023177147,11.85827255
0.0416339257,-0.7456301451,11.86638737
0.0416439257,-0.7859998941,11.8654604
0.0416539257,-0.8232676983,11.87313843
0.0416639257,-0.8572863936,11.87186909
0.0416739257,-0.8879218102,11.87915993
0.0416839257,-0.9150529504,11.87759495
0.0416939257,-0.9385728836,11.88454151
0.0416951757,-0.9412541389,11.88271904
0.0416976757,-0.9464423656,11.88331509
0.0416983007,-0.9477030039,11.88348675
0.04169845695,-0.9480158687,11.88352585
0.04169857569,-0.9482530355,-8.457415581
0.04169862822,-0.9483577609,-13.37930489
0.04169866819,-0.9484373927,-11.32593918
0.04169868814,-0.948477149,-11.84702873
0.04169871181,-0.9485242367,-11.84452057
0.04169873483,-0.948570013,-11.84475517
0.04169877175,-0.948643446,-11.84475327
0.04169884558,-0.9487900734,-11.84479809
0.04169899325,-0.9490827918,-11.84486771
0.04169928858,-0.9496657252,-11.84501934
0.04169987924,-0.9508217573,-11.84531212
0.04170106057,-0.9530946016,-11.8459034
0.04170342323,-0.957482636,-11.84706211
0.04170814855,-0.9656246901,-11.84933567
0.04171759919,-0.9793490171,-11.85366344
0.04172759919,-0.9901112914,-11.85796165
0.04173759919,-0.996966064,-11.86197281
0.04174759919,-0.9998862147,-11.86572647
0.04175759919,-0.9988602996,-11.86922836
0.04176759919,-0.9938923717,-11.87250423
0.04177759919,-0.9850019813,-11.87555695
0.04178759919,-0.9722242355,-11.87841225
0.04179759919,-0.95560956,-11.88107014
0.04180759919,-0.9352235794,-11.88355446
0.04181759919,-0.9111466408,-11.88586617
0.04182759919,-0.8834738135,-11.88802719
0.04183759919,-0.852314353,-11.89003563
0.04184759919,-0.8177912235,-11.89191341
0.04184884919,-0.8132459521,-11.89213562
0.04184885544,-0.8132231236,-2.701884985
0.04184886794,-0.8131774068,8.559597969
0.04184887501,-0.8131515384,10.28634548
0.04184888002,-0.8131331801,10.91315365
0.04184888739,-0.8131062388,11.41389275
0.04184889914,-0.8130632639,11.72867489
0.04184891449,-0.8130071163,11.82256508
0.04184893586,-0.812928915,11.83660698
0.04184896827,-0.8128103018,11.8359766
0.04184903308,-0.8125730753,11.83620739
0.0418491627,-0.8120980859,11.83616447
0.04184942194,-0.8111464977,11.83640575
0.04184994043,-0.8092369437,11.83661938
0.0418509774,-0.8053920865,11.837286
0.04185305133,-0.7975999117,11.83837891
0.04185719921,-0.7816106677,11.84074497
0.04186549497,-0.7480507493,11.84508896
0.04187549497,-0.7049042583,11.85020351
0.04188549497,-0.6589758396,11.85487747
0.04189549497,-0.6104467511,11.85941887
0.04190549497,-0.5595084429,11.863554
0.04191549497,-0.5063620806,11.86758709
0.04192549497,-0.4512172937,11.87124348
0.04193549497,-0.3942917883,11.87482357
0.04194549497,-0.3358101547,11.87805271
0.04195549497,-0.2760032713,11.88122845
0.04196549497,-0.2151071131,11.88407707
0.04197549497,-0.1533620209,11.88689041
0.04197674497,-0.1455962956,11.88718605
0.04197924497,-0.1300383955,11.88783932
0.04197986997,-0.1261437535,11.88800144
0.04198111997,-0.1183487028,11.88832378
0.04198143247,-0.1163987815,11.88840294
0.04198205747,-0.1124975979,11.88856316
0.04198221372,-0.1115220264,11.88860321
0.04198252622,-0.1095705628,11.88868237
0.04198263968,-0.1088619605,-8.317851067
0.04198270825,-0.1084336638,-13.78474617
0.04198276497,-0.1080793366,-10.89994621
0.04198278885,-0.1079301685,-11.92797184
0.04198281194,-0.1077859327,-11.83274746
0.04198283629,-0.1076338664,-11.84030819
0.04198286383,-0.1074618474,-11.83949757
0.0419829189,-0.1071178019,-11.83969593
0.04198302905,-0.1064296812,-11.83965778
0.04198324934,-0.1050532758,-11.83983707
0.04198368994,-0.1022998616,-11.83999443
0.04198457113,-0.09679070115,-11.84048653
0.0419863335,-0.0857636556,-11.84129524
0.04198985825,-0.06367937475,-11.8430481
0.04199690775,-0.01942795701,-11.84628296
0.04200690775,0.04338904843,-11.85076141
0.04201690775,0.1060348153,-11.85486794
0.04202690775,0.1682621092,-11.85883331
0.04203690775,0.2298253626,-11.86246109
0.04204690775,0.2904815972,-11.86597824
0.04205690775,0.349991411,-11.86918831
0.04206690775,0.4081199765,-11.8723135
0.04207690775,0.4646379054,-11.87515926
0.04208690775,0.5193220973,-11.87794399
0.04209690775,0.5719567537,-11.88047123
0.04210690775,0.6223341823,-11.88295841
0.04210815775,0.6284626722,-11.88322735
0.04211065775,0.6406028867,-11.88381004
0.04211128275,0.6436133385,-11.883955
0.04211253275,0.6496044993,-11.88424206
0.04211284525,0.651096046,-11.88431358
0.04211347025,0.6540715694,-11.88445663
0.0421136265,0.6548138857,-11.88449192
0.042113939,0.6562966108,-11.88456345
0.04211405246,0.6568343043,8.321973801
0.04211412103,0.6571591496,13.78886986
0.04211417776,0.6574277878,10.90396023
0.04211420165,0.6575408578,11.93220615
0.04211422474,0.6576501727,11.83685493
0.04211424909,0.6577654481,11.84443855
0.04211427664,0.6578957438,11.84362507
0.04211433172,0.658156395,11.84382534
0.04211444189,0.6586773992,11.84379005
0.04211466223,0.6597184539,11.84397602
0.04211510291,0.6617967486,11.84414482
0.04211598427,0.665938139,11.84466076
0.04211774698,0.6741594672,11.8455143
0.04212127241,0.6903530955,11.8473568
0.04212832327,0.7217164636,11.85075569
0.04213832327,0.7637552023,11.85544014
0.04214832327,0.8027797937,11.85972118
0.04215832327,0.8386361003,11.86382771
0.04216832327,0.8711827993,11.86756516
0.04217832327,0.9002912641,11.87116051
0.04218832327,0.9258466959,11.87441635
0.04219832327,0.9477482438,11.87755871
0.04220832327,0.965909481,11.88038921
0.04221832327,0.9802587032,11.88313103
0.04222832327,0.9907392859,11.88558578
0.04223832327,0.9973098636,11.88797283
0.04224832327,0.9999445081,11.89009571
0.04225832327,0.9986328483,11.89217091
0.04225957327,0.9981914759,11.89238739
0.04226207327,0.9971241355,11.89286613
0.04226269827,0.9968188405,11.89298439
0.04226394827,0.9961621165,11.89321899
0.04226426077,0.9959883094,11.89327717
0.04226488577,0.995629251,11.89339447
0.04226504202,0.9955371022,11.89342308
0.04226516076,0.9954664111,-8.447525978
0.0422652133,0.9954349399,-13.3694191
0.04226525325,0.9954109788,-11.31630707
0.04226527319,0.9953989387,-11.8370142
0.04226529684,0.9953846931,-11.83465195
0.04226531985,0.9953708053,-11.83487511
0.04226535676,0.9953485131,-11.83487701
0.04226543057,0.99530375,-11.83492565
0.0422655782,0.9952135086,-11.83500481
0.04226587345,0.9950305223,-11.83517551
0.04226646395,0.9946542382,-11.83550453
0.04226764495,0.9938606024,-11.8361702
0.04227000695,0.9921092391,-11.83747864
0.04227473095,0.9879513979,-11.84004974
0.04228417896,0.9770291448,-11.84497356
0.04229417896,0.9617201686,-11.84990215
0.04230417896,0.9426156878,-11.85454273
0.04231417896,0.9197912216,-11.85892487
0.04232417896,0.8933367133,-11.86305237
0.04233417896,0.8633565903,-11.86695099
0.04234417896,0.8299692273,-11.87062263
0.04235417896,0.7933063507,-11.87409115
0.04236417896,0.7535126209,-11.87735748
0.04237417896,0.7107451558,-11.88044453
0.04238417896,0.6651726961,-11.88335037
0.04238542896,0.6592877507,-11.88370228
0.04238792896,0.6473962665,-11.88439751
0.04239292896,0.6231369972,-11.88575935
0.04239308521,0.6223688126,-11.88580132
0.04239339771,0.6208307743,-11.88588428
0.04239402271,0.617747426,-11.88605118
0.04239402583,0.6177319884,-6.187327862
0.04239403208,0.6177011132,2.472830057
0.04239404458,0.6176393628,9.730550766
0.04239404999,0.6176126003,10.63814259
0.04239405756,0.6175751686,11.30488968
0.04239406491,0.6175388694,11.5959549
0.0423940796,0.6174662709,11.8058548
0.0423940961,0.6173847318,11.83887959
0.04239412574,0.6172382236,11.84282303
0.04239416637,0.6170373559,11.84196281
0.04239424764,0.6166354418,11.84236622
0.04239441018,0.6158311367,11.84219933
0.04239473525,0.6142206192,11.84255981
0.0423953854,0.6109918952,11.84268951
0.04239668569,0.6045039296,11.8434906
0.04239928628,0.5914073586,11.84455204
0.04240448745,0.5647440553,11.84712791
0.04241448745,0.5118107796,11.85136414
0.04242448745,0.4568575919,11.8556633
0.04243448745,0.4001014233,11.85936928
0.04244448745,0.3417662382,11.86316967
0.04245448745,0.2820822299,11.86641216
0.04246448745,0.2212850004,11.86977768
0.04247448745,0.1596144587,11.87261486
0.04248448745,0.09731398523,11.87560081
0.04249448745,0.0346294567,11.87808704
0.04250448745,-0.02819173411,11.88074207
0.04251448745,-0.09090166539,11.88292313
0.04252448745,-0.1532528549,11.8852911
0.04252573745,-0.1610092521,11.88547611
0.04252823745,-0.1764917672,11.88600159
0.04252886245,-0.1803557426,11.88613319
0.04253011245,-0.1880752891,11.88639259
0.04253042495,-0.1900033802,11.88645744
0.04253104995,-0.1938573569,11.88658619
0.0425312062,-0.1948203892,11.88661766
0.0425315187,-0.1967458874,11.88668251
0.0425321437,-0.2005945891,11.8868103
0.04253214682,-0.2006138265,6.188084602
0.04253215307,-0.2006523013,-2.472075701
0.04253216557,-0.200729236,-9.72979641
0.04253217099,-0.200762555,-10.63736343
0.04253217856,-0.2008091658,-11.30411434
0.0425321859,-0.200854376,-11.59518242
0.0425322006,-0.2009448111,-11.80509281
0.04253221709,-0.2010463625,-11.83812332
0.04253224673,-0.2012287378,-11.84207058
0.04253228736,-0.2014788091,-11.84121323
0.04253236862,-0.201978907,-11.84162045
0.04253253115,-0.2029789239,-11.841465
0.0425328562,-0.2049783319,-11.84184551
0.0425335063,-0.2089745998,-11.84201527
0.0425348065,-0.2169565707,-11.84289551
0.04253740691,-0.232876569,-11.8441143
0.04254260772,-0.2645258307,-11.84699917
0.04255260772,-0.324557662,-11.85180092
0.04256260772,-0.3833086491,-11.85663128
0.04257260772,-0.4405468702,-11.86083221
0.04258260772,-0.4960464537,-11.86509228
0.04259260772,-0.5495883822,-11.8687582
0.04260260772,-0.6009613276,-11.87251186
0.04261260772,-0.6499625444,-11.87570286
0.04262260772,-0.6963986754,-11.87900543
0.04263260772,-0.7400864363,-11.88177395
0.04264260772,-0.7808533907,-11.88467693
0.04265260772,-0.8185387254,-11.8870697
0.04266260772,-0.8529936075,-11.88961601
0.04267260772,-0.8840821385,-11.89167595
0.04267385772,-0.887725234,-11.89202213
0.04267635772,-0.8948469758,-11.89254951
0.04267698272,-0.8965929747,-11.89267921
0.04267823272,-0.9000434279,-11.89293766
0.04267854522,-0.9008973837,-11.89300156
0.04267917022,-0.9025948644,-11.89312935
0.04268042022,-0.9059481025,-11.89338398
0.04268042647,-0.9059647322,-2.70313549
0.04268043897,-0.905997932,8.558345795
0.04268044604,-0.906016767,10.28503036
0.04268045106,-0.9060301185,10.91183949
0.04268045842,-0.9060496688,11.4125948
0.04268047017,-0.9060809016,11.72740364
0.04268048552,-0.9061217308,11.82130814
0.04268050689,-0.906178534,11.83535671
0.04268053929,-0.9062646031,11.83472538
0.04268060409,-0.9064366221,11.83495426
0.0426807337,-0.9067802429,11.83490944
0.04268099291,-0.9074656963,11.83514309
0.04268151134,-0.908829391,11.83534527
0.04268254818,-0.9115278125,11.83598804
0.04268462188,-0.916808486,11.83703327
0.04268876928,-0.9269020557,11.83930779
0.04269706407,-0.945194602,11.84347725
0.04270706407,-0.9638310671,11.84839821
0.04271706407,-0.9786636829,11.8528986
0.04272706407,-0.989634037,11.85728645
0.04273706407,-0.9966986775,11.86128712
0.04274706407,-0.9998298883,11.86520386
0.04275706407,-0.9990151525,11.86876297
0.04276706407,-0.9942578077,11.87226391
0.04277706407,-0.98557657,11.87543392
0.04278706407,-0.973005712,11.87856674
0.04279706407,-0.9565948248,11.88139057
0.04279831407,-0.9542765021,11.8817749
0.04280081407,-0.9494634867,11.88246918
0.04280581407,-0.9391358495,11.88382721
0.04280597032,-0.9387981296,11.88386917
0.04280628282,-0.9381199479,11.88395309
0.04280690782,-0.9367527366,11.88411903
0.04280691094,-0.936745882,6.185395718
0.04280691719,-0.9367321134,-2.474762201
0.04280692969,-0.9367046356,-9.73248291
0.04280693511,-0.9366927147,-10.64013577
0.04280694268,-0.936676085,-11.30687332
0.04280695003,-0.9366599321,-11.59792805
0.04280696472,-0.9366275668,-11.80780315
0.04280698122,-0.9365912676,-11.84081459
0.04280701086,-0.9365259409,-11.84475422
0.0428070515,-0.9364364147,-11.84389496
0.04280713278,-0.9362571239,-11.84429741
0.04280729535,-0.9358977675,-11.84413147
0.04280762048,-0.9351761937,-11.84449196
0.04280827075,-0.9337213039,-11.84462166
0.04280957128,-0.9307647347,-11.8454237
0.04281217233,-0.924665451,-11.84648418
0.04281737444,-0.9117276073,-11.8490591
0.04282737444,-0.8841344714,-11.85328579
0.04283737444,-0.8530520797,-11.85756874
0.04284737444,-0.8186030984,-11.86124992
0.04285737444,-0.7809234262,-11.86501884
0.04286737444,-0.7401617765,-11.86822224
0.04287737444,-0.6964790821,-11.87154102
0.04288737444,-0.6500477195,-11.87432575
0.04289737444,-0.6010509133,-11.87725067
0.04290737444,-0.5496820211,-11.8796711
0.04291737444,-0.4961437583,-11.88225269
0.04292737444,-0.4406474829,-11.88435555
0.04293737444,-0.3834121525,-11.88663864
0.04294737444,-0.3246636689,-11.88846493
0.04294862444,-0.3172252178,-11.88878441
0.04295112444,-0.3022900224,-11.88925838
0.04295113449,-0.3022298515,0.07197042555
0.04295115459,-0.3021094501,11.93527222
0.04295116165,-0.3020671606,11.88458157
0.04295116778,-0.3020304739,11.86298561
0.04295117612,-0.3019804955,11.8487215
0.0429511928,-0.3018805981,11.83978081
0.04295122617,-0.3016807437,11.83875751
0.04295129289,-0.3012810051,11.83912277
0.04295142634,-0.3004813492,11.83899784
0.04295169324,-0.2988814712,11.83930683
0.04295222704,-0.2956791222,11.83946514
0.04295329464,-0.2892645299,11.84019661
0.04295542984,-0.2763965726,11.84124947
0.04295970023,-0.2505137622,11.8436985
0.04296824102,-0.1982258558,11.84803009
0.04297824102,-0.1362901777,11.85308552
0.04298824102,-0.07381662726,11.85758877
0.04299824102,-0.01105174795,11.86206245
0.04300824102,0.05175674334,11.86601734
0.04301824102,0.1143609807,11.86997318
0.04302824102,0.1765138805,11.8734417
0.04303824102,0.2379701585,11.87693501
0.04304824102,0.2984872758,11.87996864
0.04305824102,0.3578264117,11.88304996
0.04306824102,0.4157533646,11.88569641
0.04307824102,0.4720395207,11.88840961
0.04308824102,0.5264627934,11.89070988
0.04308949102,0.5331239104,11.89106083
0.04309199102,0.5463470817,11.89163685
0.04309261602,0.5496319532,11.89177799
0.04309277227,0.5504518747,11.89181423
0.04309308477,0.5520900488,11.8918848
0.04309319823,0.5526843071,-8.314652443
0.0430932668,0.5530433059,-13.7815485
0.04309332352,0.5533401966,-10.89683723
0.0430933474,0.5534651279,-11.92469311
0.04309337048,0.5535859466,-11.82956791
0.04309339482,0.5537133217,-11.83711243
0.04309342236,0.5538573861,-11.83630466
0.04309347742,0.5541453958,-11.83650398
0.04309358755,0.5547212958,-11.83646965
0.04309380782,0.5558722615,-11.83665466
0.04309424835,0.5581710339,-11.83682537
0.0430951294,0.5627556443,-11.83734131
0.04309689151,0.5718730688,-11.83819866
0.04310041574,0.5898965001,-11.84004879
0.04310746419,0.6250669956,-11.8434763
0.04311746419,0.6728460789,-11.84822464
0.04312746419,0.717969656,-11.85259628
0.04313746419,0.7602598071,-11.85682106
0.04314746419,0.79954952,-11.86070347
0.04315746419,0.8356838226,-11.86446953
0.04316746419,0.8685200214,-11.86792278
0.04317746419,0.8979285359,-11.87128544
0.04318746419,0.9237933755,-11.87436199
0.04319746419,0.9460124373,-11.87737083
0.04320746419,0.9644980431,-11.88011551
0.04321746419,0.979177177,-11.88281345
0.04321871419,0.9807413816,-11.88310814
0.04321902669,0.9811229706,-11.88318729
0.04321965169,0.9818748236,-11.88334656
0.04321980794,0.9820604324,-11.88338661
0.04322012044,0.9824287891,-11.88346577
0.04322023389,0.9825615883,8.323068619
0.04322030246,0.9826415777,13.78996277
0.0432203592,0.9827076793,10.90502262
0.04322038309,0.982735455,11.93332577
0.04322040619,0.9827622771,11.83794022
0.04322043054,0.9827905297,11.84552956
0.04322045808,0.9828224778,11.84471416
0.04322051317,0.9828863144,11.84491348
0.04322062334,0.9830136299,11.84487438
0.04322084369,0.9832667708,11.84505463
0.0432212844,0.9837674499,11.84521198
0.0432221658,0.9847460985,11.84570503
0.0432239286,0.9866128564,11.84651375
0.04322745421,0.9899830818,11.84826565
0.04323450543,0.995264709,11.85149002
0.04324450543,0.9994041324,11.85593605
0.04325450543,0.9995993376,11.85998821
0.04326450543,0.9958496094,11.86388016
0.04327450543,0.9881696701,11.86741257
0.04328450543,0.9765899181,11.87081623
0.04329450543,0.9611560106,11.87389183
0.04330450543,0.9419288635,11.87686539
0.04331450543,0.9189842939,11.87954044
0.04332450543,0.8924129605,11.8821373
0.04333450543,0.8623197079,11.88446045
0.04334450543,0.8288232684,11.88672733
0.04335450543,0.7920557857,11.88874245
0.04336450543,0.7521624565,11.89072227
0.04336575543,0.7469637394,11.89092731
0.04336825543,0.7364283204,11.89138412
0.04336888043,0.7337659597,11.89149761
0.04336903668,0.7330986261,11.89152527
0.04336934918,0.7317618132,11.89158154
0.04336997418,0.7290796638,11.89169407
0.0433699773,0.7290662527,6.192967415
0.04336998355,0.729039371,-2.467193842
0.04336999605,0.7289856076,-9.724914551
0.04337000147,0.7289623022,-10.63232708
0.04337000904,0.7289297581,-11.29910183
0.04337001638,0.7288981676,-11.5901947
0.04337003107,0.7288349867,-11.80016899
0.04337004756,0.7287639976,-11.83323383
0.04337007719,0.7286365628,-11.83719063
0.0433701178,0.7284617424,-11.83633327
0.04337019903,0.728112042,-11.83674335
0.04337036148,0.7274119854,-11.83659077
0.04337068638,0.7260096669,-11.83697987
0.04337133618,0.7231959105,-11.83716583
0.04337263579,0.7175322771,-11.83807945
0.04337523501,0.7060618997,-11.8393631
0.04338043345,0.6825592518,-11.84237957
0.04339043345,0.6353231668,-11.84743881
0.04340043345,0.5855797529,-11.85253048
0.04341043345,0.5335253477,-11.85699558
0.04342043345,0.479365319,-11.86152267
0.04343043345,0.4233134687,-11.86545849
0.04344043345,0.3655909896,-11.86948395
0.04345043345,0.3064256907,-11.87294769
0.04346043345,0.2460510731,-11.87652493
0.04347043345,0.1847054064,-11.8795681
0.04348043345,0.1226307899,-11.8827467
0.04349043345,0.06007220596,-11.88541508
0.04350043345,-0.002723454032,-11.88823605
0.04350168345,-0.01057724189,-11.88847446
0.04350418345,-0.02628237568,-11.88910675
0.04350480845,-0.03020779788,-11.88926315
0.0435049647,-0.03118908219,-11.88930225
0.0435052772,-0.03315155953,-11.88938046
0.04350539066,-0.03386402875,8.317153931
0.04350545923,-0.03429462761,13.78404903
0.04350551595,-0.03465082496,10.89926815
0.04350553983,-0.03480077535,11.92725658
0.04350556292,-0.03494576365,11.83205414
0.04350558727,-0.03509862348,11.83961105
0.0435056148,-0.03527152911,11.83880043
0.04350566988,-0.03561734408,11.83899975
0.04350578002,-0.0363089554,11.8389616
0.04350600031,-0.03769212961,11.8391428
0.04350644089,-0.04045825452,11.83930206
0.04350732205,-0.0459895581,11.83979893
0.04350908437,-0.05704776198,11.84061527
0.043512609,-0.07914183289,11.84238529
0.04351965827,-0.1232027262,11.84565353
0.04352965827,-0.1852717698,11.85017967
0.04353965827,-0.2466096282,11.85433388
0.04354965827,-0.3069742322,11.85834694
0.04355965827,-0.366127342,11.86202145
0.04356965827,-0.423835516,11.86558533
0.04357965827,-0.4798710048,11.86884117
0.04358965827,-0.5340126753,11.87201214
0.04359965827,-0.5860468149,11.87490273
0.04360965827,-0.6357681155,11.87773228
0.04361965827,-0.682980299,11.88030434
0.04362965827,-0.7274971008,11.88283443
0.04363090827,-0.732863307,11.88310814
0.04363340827,-0.7434598207,11.88370132
0.04363403327,-0.746080339,11.88384914
0.04363528327,-0.7512869239,11.88414192
0.04363559577,-0.7525812984,11.8842144
0.04363583326,-0.7535630465,-10.02019119
0.04363593377,-0.7539780736,-13.06823635
0.04363602437,-0.7543519139,-11.05853367
0.04363606622,-0.754524529,-12.12556934
0.04363610442,-0.7546820045,-11.75469971
0.04363614474,-0.7548481822,-11.87473011
0.04363618235,-0.7550031543,-11.83466625
0.04363624655,-0.7552676201,-11.84923363
0.04363634531,-0.7556741238,-11.84090424
0.04363654281,-0.7564863563,-11.84709835
0.04363693783,-0.758107245,-11.84208202
0.04363772786,-0.7613350153,-11.84732723
0.04363930792,-0.76773417,-11.84347439
0.04364246805,-0.7803049088,-11.84963512
0.04364878831,-0.8045185804,-11.84818554
0.04365878831,-0.8402240872,-11.85730934
0.04366878831,-0.8726136088,-11.85714054
0.04367878831,-0.9015592933,-11.86565113
0.04368878831,-0.926946938,-11.86497402
0.04369878831,-0.9486763477,-11.87293816
0.04370878831,-0.9666617513,-11.87181568
0.04371878831,-0.9808322191,-11.87929249
0.04372878831,-0.9911317825,-11.87777901
0.04373878831,-0.9975197911,-11.88482189
0.04374878831,-0.9999710321,-11.8829689
0.04375878831,-0.9984758496,-11.8896246
0.04376878831,-0.9930401444,-11.88747501
0.04377878831,-0.9836853743,-11.89378738
0.04378003831,-0.9822421074,-11.89190102
0.04378253831,-0.9791739583,-11.89234447
0.04378316331,-0.9783691764,-11.89247799
0.04378441331,-0.9767142534,-11.89271259
0.04378691331,-0.973223865,-11.89317417
0.04378692336,-0.9732093215,0.06805407256
0.04378694346,-0.973180294,11.93135548
0.04378695051,-0.9731701016,11.88067055
0.04378695664,-0.9731612206,11.85907459
0.04378696498,-0.9731491804,11.84480858
0.04378698166,-0.9731250405,11.83586502
0.04378701502,-0.9730767608,11.83484077
0.04378708173,-0.972980082,11.83520699
0.04378721516,-0.9727861285,11.83508205
0.04378748202,-0.9723962545,11.83539295
0.04378801575,-0.9716083407,11.83555317
0.04378908319,-0.969999671,11.83629036
0.04379121808,-0.9666514993,11.83735371
0.04379548786,-0.9594339728,11.83982468
0.04380402743,-0.9429331422,11.84420872
0.04381402743,-0.9201644063,11.84933853
0.04382402743,-0.8937641382,11.85392761
0.04383402743,-0.8638366461,11.85849857
0.04384402743,-0.8304999471,11.86256409
0.04385402743,-0.7938856483,11.86664009
0.04386402743,-0.7541382313,11.87024021
0.04387402743,-0.7114145756,11.87387657
0.04388402743,-0.6658833027,11.8770628
0.04389402743,-0.6177241206,11.88030624
0.04390402743,-0.567127049,11.88312435
0.04391402743,-0.5142917633,11.88601875
0.04391527743,-0.5075402856,11.8862915
0.04391558993,-0.5058475137,11.88637447
0.04391621493,-0.502456069,11.88654041
0.04391637118,-0.5016070008,11.88658237
0.04391668368,-0.499907434,11.88666439
0.04391679713,-0.4992899299,-8.319868088
0.0439168657,-0.4989165664,-13.78676224
0.04391692243,-0.4986076355,-10.90190697
0.04391694632,-0.4984775484,-11.93003941
0.04391696941,-0.4983517528,-11.83475304
0.04391699376,-0.4982191026,-11.84232426
0.0439170213,-0.4980690777,-11.84151077
0.04391707638,-0.4977689385,-11.84170914
0.04391718654,-0.4971685112,-11.84167004
0.04391740685,-0.4959669709,-11.84184742
0.04391784749,-0.4935609698,-11.84200001
0.04391872876,-0.4887376726,-11.84248352
0.0439204913,-0.4790462852,-11.84327412
0.04392401638,-0.4594884515,-11.84499073
0.04393106654,-0.4197062552,-11.84815121
0.04394106654,-0.361885637,-11.85252476
0.04395106654,-0.3026368022,-11.85652351
0.04396106654,-0.2421935946,-11.86038017
0.04397106654,-0.1807945669,-11.86389732
0.04398106654,-0.1186820194,-11.86730289
0.04399106654,-0.05610109121,-11.87040043
0.04400106654,0.006701241247,-11.87341309
0.04401106654,0.069477126,-11.87614441
0.04402106654,0.1319788247,-11.87881565
0.04403106654,0.1939596534,-11.88122845
0.04404106654,0.2551750243,-11.88360214
0.04405106654,0.3153833151,-11.88573933
0.04405231654,0.3228266537,-11.88602829
0.04405262904,0.3246844113,-11.88609409
0.04405286653,0.3260953724,10.01831722
0.04405296705,0.3266923428,13.06636429
0.04405305764,0.3272303045,11.05666351
0.0440530995,0.3274787664,12.12367821
0.04405313768,0.3277054727,11.75285149
0.044053178,0.3279447854,11.87285328
0.04405321561,0.3281680048,11.83280468
0.04405327981,0.3285489976,11.84736538
0.04405337856,0.3291349709,11.83904362
0.04405357606,0.3303065002,11.84523869
0.04405397106,0.3326480687,11.8402338
0.04405476106,0.3373250067,11.84549427
0.04405634107,0.3466538191,11.84167957
0.04405950107,0.3652080595,11.84790802
0.04406582109,0.4018773735,11.84660053
0.04407582109,0.4585812092,11.85593605
0.04408582109,0.5134752393,11.85597801
0.04409582109,0.5663428307,11.86468697
0.04410582109,0.6169753671,11.86420727
0.04411582109,0.6651729345,11.87235546
0.04412582109,0.7107453942,11.87141609
0.04413582109,0.7535128593,11.87906361
0.04414582109,0.7933065295,11.87771893
0.04415582109,0.8299694061,11.88491726
0.04416582109,0.8633567691,11.88321686
0.04417582109,0.8933368325,11.89001369
0.04418582109,0.9197913408,11.88800144
0.04419582109,0.9426158071,11.89443779
0.04419707109,0.9452090263,11.89256763
0.04419957109,0.9502202868,11.89304161
0.04420019609,0.9514365196,11.89318275
0.04420144609,0.9538249969,11.89343262
0.04420175859,0.9544128776,11.89349365
0.04420199608,0.9548572302,-10.01092052
0.0442020966,0.9550446272,-13.05896854
0.04420218719,0.9552132487,-11.04926968
0.04420222903,0.9552910328,-12.11619568
0.04420226721,0.9553619027,-11.74553394
0.04420230751,0.9554367065,-11.86542034
0.0442023451,0.9555063844,-11.82543087
0.04420240928,0.955625236,-11.83996296
0.04420250802,0.9558078051,-11.83166122
0.04420270549,0.9561718702,-11.83784485
0.04420310043,0.9568955302,-11.83285713
0.04420389032,0.9583251476,-11.83811665
0.04420547009,0.9611135125,-11.83433437
0.04420862963,0.9664059877,-11.84059525
0.04421494873,0.9758464098,-11.8393898
0.04422494873,0.9876378775,-11.84887981
0.04423494873,0.9955316186,-11.84911728
0.04424494873,0.9994964004,-11.85802078
0.04425494873,0.9995166063,-11.85777569
0.04426494873,0.9955922365,-11.86615849
0.04427494873,0.9877386689,-11.86549187
0.04428494873,0.9759870172,-11.87340927
0.04429494873,0.9603835344,-11.87237358
0.04430494873,0.940989852,-11.87987614
0.04431494873,0.9178825021,-11.8785162
0.04432494873,0.8911527395,-11.88564682
0.04432619873,0.8875619173,-11.88384819
0.04432869873,0.8802162409,-11.88448811
0.04432870878,0.8801862597,0.07673129439
0.04432872888,0.8801262975,11.94002247
0.04432873594,0.880105257,11.88932419
0.04432874207,0.8800869584,11.86772919
0.04432875041,0.8800621033,11.85346603
0.04432876709,0.8800122738,11.84452724
0.04432880046,0.8799126744,11.84350395
0.0443288672,0.8797134161,11.84386253
0.04432900067,0.8793143034,11.84372711
0.04432926762,0.8785142899,11.84401512
0.04432980151,0.8769068122,11.84413147
0.0443308693,0.873662293,11.84477806
0.04433300487,0.8670554757,11.84566307
0.04433727601,0.85337466,11.84777927
0.04434581829,0.824179709,11.85146427
0.04435581829,0.7869933248,11.85579014
0.04436581829,0.7467010617,11.85959435
0.04437581829,0.7034618855,11.86339951
0.04438581829,0.657446444,11.86671829
0.04439581829,0.6088364124,11.87006855
0.04440581829,0.5578235388,11.87296391
0.04441581829,0.5046092272,11.87591553
0.04442581829,0.4494034052,11.87844181
0.04443581829,0.392424047,11.88104725
0.04444581829,0.3338959217,11.88325024
0.04445581829,0.2740500867,11.88555431
0.04446581829,0.2131227106,11.88747978
0.04446706829,0.2054426819,11.88778591
0.04446956829,0.1900450587,11.88827419
0.04447019329,0.1861881912,11.88839436
0.04447144329,0.178465873,11.88863468
0.04447175579,0.1765335649,11.88869381
0.04447199328,0.1750646234,-10.01572227
0.0444720938,0.174442783,-13.06377125
0.04447218439,0.173882246,-11.05407238
0.04447222624,0.1736233085,-12.12105656
0.04447226442,0.1733870357,-11.75028801
0.04447230474,0.1731375754,-11.87024975
0.04447234234,0.1729048938,-11.83022308
0.04447240653,0.1725076139,-11.8447752
0.04447250527,0.1718964577,-11.83646107
0.04447270276,0.1706739217,-11.84265614
0.04447309775,0.1682280749,-11.8376627
0.04447388771,0.1633332819,-11.84293461
0.04447546763,0.15353176,-11.8391552
0.04447862748,0.1338842809,-11.84544086
0.04448494717,0.09443876147,-11.84425926
0.04449494717,0.03174251691,-11.85378265
0.04450494717,-0.03107899614,-11.85401821
0.04451494717,-0.09377785772,-11.86290932
0.04452494717,-0.156106621,-11.86261749
0.04453494717,-0.2178193033,-11.87094402
0.04454494717,-0.2786723375,-11.87018585
0.04455494717,-0.3384256065,-11.87800407
0.04456494717,-0.3968432546,-11.87683487
0.04457494717,-0.453694731,-11.88419724
0.04458494717,-0.5087556839,-11.88266468
0.04459494717,-0.5618088245,-11.88961792
0.04460494717,-0.612644732,-11.88776493
0.04461494717,-0.6610628366,-11.8943491
0.04461510342,-0.6617991924,-11.89236927
0.04461541592,-0.6632698774,-11.89219856
0.04461604092,-0.666203618,-11.89255428
0.04461604405,-0.6662182808,-6.193813801
0.0446160503,-0.6662475467,2.466373205
0.0446160628,-0.666306138,9.724132538
0.04461606821,-0.66633147,10.6315279
0.04461607578,-0.6663669348,11.298316
0.04461608312,-0.6664013863,11.5894165
0.04461609781,-0.66647017,11.79940414
0.04461611431,-0.6665474176,11.83247471
0.04461614393,-0.6666861773,11.83643246
0.04461618454,-0.6668763161,11.83557224
0.04461626576,-0.6672564745,11.83597946
0.04461642819,-0.6680163741,11.8358202
0.04461675307,-0.669533968,11.83619595
0.04461740282,-0.6725607514,11.83635616
0.04461870232,-0.6785807014,11.83721733
0.04462130132,-0.6904845238,11.83839893
0.04462649933,-0.7137366533,11.84121609
0.04463649933,-0.7563076019,11.84591389
0.04464649933,-0.7958937883,11.85067177
0.04465649933,-0.8323389292,11.85482979
0.04466649933,-0.8654991984,11.85907936
0.04467649933,-0.8952437639,11.86276436
0.04468649933,-0.9214552045,11.86656761
0.04469649933,-0.9440300465,11.86983681
0.04470649933,-0.9628793001,11.87324715
0.04471649933,-0.9779284596,11.87615013
0.04472649933,-0.9891182184,11.87921524
0.04473649933,-0.9964043498,11.88179588
0.04473774933,-0.9970390201,11.88220787
0.04474024933,-0.9981238842,11.88286781
0.04474087433,-0.9983566403,11.88302994
0.04474212433,-0.9987758994,11.88335419
0.04474243683,-0.998871088,11.88343525
0.04474267432,-0.9989408851,-10.02096462
0.04474277483,-0.9989697337,-13.06900787
0.04474286543,-0.9989954233,-11.05930233
0.04474290728,-0.9990071654,-12.12634659
0.04474294548,-0.9990178347,-11.75545883
0.0447429858,-0.9990289807,-11.87549973
0.04474302341,-0.9990394115,-11.83542919
0.04474308762,-0.9990569949,-11.84999752
0.04474318637,-0.9990837574,-11.84166431
0.04474338389,-0.9991360903,-11.84785557
0.04474377891,-0.9992361665,-11.8428278
0.04474456895,-0.9994178414,-11.84805393
0.04474614904,-0.9997072816,-11.84416103
0.04474930921,-0.9999905825,-11.85024548
0.04475562956,-0.9993745089,-11.84864426
0.04476562956,-0.9951819181,-11.85754013
0.04477562956,-0.9870617986,-11.85715485
0.04478562956,-0.9750462174,-11.8654623
0.04479562956,-0.9591825604,-11.86459351
0.04480562956,-0.9395334721,-11.87238026
0.04481562956,-0.9161764383,-11.87109089
0.04482562956,-0.8892037272,-11.87841606
0.04483562956,-0.8587216735,-11.87676239
0.04484562956,-0.8248506784,-11.88367844
0.04485562956,-0.7877243757,-11.8817091
0.04486562956,-0.7474892735,-11.88826466
0.04487562956,-0.7043041587,-11.88602448
0.04488562956,-0.6583395004,-11.89226151
0.04488687956,-0.6524074078,-11.8903656
0.04488937956,-0.640422821,-11.89079189
0.04489000456,-0.6374018788,-11.89092159
0.04489016081,-0.6366451383,-11.8909502
0.04489047331,-0.6351297498,-11.89100742
0.04489109831,-0.6320915818,-11.89111996
0.04489110144,-0.6320763826,-6.19239378
0.04489110769,-0.6320459843,2.467767477
0.04489112019,-0.6319851279,9.725487709
0.0448911256,-0.6319587231,10.63291836
0.04489113317,-0.6319218874,11.2996912
0.04489114052,-0.6318861246,11.59078026
0.04489115521,-0.631814599,11.80074692
0.0448911717,-0.631734252,11.83380795
0.04489120132,-0.6315899491,11.83776379
0.04489124194,-0.6313920617,11.83690643
0.04489132317,-0.6309962273,11.83731651
0.04489148563,-0.6302039623,11.83716393
0.04489181055,-0.6286175847,11.83755302
0.04489246039,-0.625436902,11.83773708
0.04489376007,-0.6190442443,11.83864975
0.04489635943,-0.6061356664,11.83993053
0.04490155815,-0.5798368454,11.84294033
0.04491155815,-0.5275352001,11.84798622
0.04492155815,-0.4731515944,11.85306263
0.04493155815,-0.4169006646,11.85751057
0.04494155815,-0.3590044379,11.86202049
0.04495155815,-0.2996913791,11.86593533
0.04496155815,-0.2391955853,11.86994076
0.04497155815,-0.177755788,11.87338257
0.04498155815,-0.1156144664,11.87693691
0.04499155815,-0.05301687121,11.87995625
0.04500155815,0.009789958596,11.88310909
0.04501155815,0.0725581497,11.88575077
0.04502155815,0.1350399852,11.88854408
0.04502280815,0.1428177804,11.88877869
0.04502530815,0.1583464742,11.8894043
0.04502593315,0.1622226834,11.88955975
0.04502718315,0.1699675471,11.88986778
0.04502749565,0.1719021499,11.88994408
0.04502812065,0.175769344,11.89009666
0.0450282769,0.176735729,11.89013481
0.04502839564,0.1774700135,-8.450806618
0.04502844817,0.177794829,-13.37269688
0.04502848813,0.1780419052,-11.31949997
0.04502850807,0.1781652123,-11.84033298
0.04502853173,0.1783114821,-11.83792114
0.04502855475,0.1784537584,-11.83814716
0.04502859166,0.1786819398,-11.83814621
0.04502866547,0.179138273,-11.83819103
0.04502881311,0.180050835,-11.8382616
0.04502910839,0.1818754822,-11.83841515
0.04502969895,0.185522899,-11.83871078
0.04503088006,0.1928100288,-11.83930874
0.04503324227,0.2073520124,-11.84048176
0.04503796671,0.2362957746,-11.84278679
0.04504741559,0.293533355,-11.84719467
0.04505741559,0.3529786468,-11.85159874
0.04506741559,0.4110309184,-11.85573864
0.04507741559,0.4674610198,-11.85964298
0.04508741559,0.522046268,-11.86331654
0.04509741559,0.5745712519,-11.86678505
0.04510741559,0.6248286366,-11.87004948
0.04511741559,0.6726201177,-11.87313747
0.04512741559,0.7177571058,-11.87604618
0.04513741559,0.7600613832,-11.87880039
0.04514741559,0.7993661165,-11.88139725
0.04515741559,0.8355160356,-11.88385963
0.04515757184,0.8360551,-11.88389587
0.0451576109,0.8361897469,-11.88390541
0.04515768902,0.8364588022,-11.88392353
0.04515784527,0.8369964361,-11.88396168
0.045157902,0.8371914625,5.711163998
0.04515793999,0.8373219371,13.7779808
0.04515796093,0.8373938799,11.78865242
0.04515797292,0.8374350667,11.83063698
0.04515798723,0.8374841809,11.84207535
0.04515800465,0.837544024,11.84413147
0.04515803949,0.8376635909,11.84432602
0.04515810918,0.8379026651,11.84430218
0.04515824855,0.8383802772,11.8444109
0.04515852728,0.8393336535,11.84452438
0.04515908476,0.8412326574,11.84483624
0.04516019971,0.8449996114,11.84537792
0.04516242961,0.8524090052,11.84652424
0.04516688941,0.8667243123,11.84869385
0.04517580901,0.8933026791,11.85291672
0.04518580901,0.9197615385,11.8573122
0.04519580901,0.9425904751,11.86146927
0.04520580901,0.9616994262,11.86530876
0.04521580901,0.9770129919,11.86894226
0.04522580901,0.9884707332,11.87228966
0.04523580901,0.9960274696,11.87546158
0.04524580901,0.9996533394,11.87837505
0.04525580901,0.9993339777,11.88113785
0.04526580901,0.9950707555,11.88366985
0.04527580901,0.9868804216,11.88607407
0.04528580901,0.9747952819,11.88826847
0.04529580901,0.9588631392,11.89035797
0.04530580901,0.9391467571,11.89225769
0.04530705901,0.9364198446,11.89249897
0.04530737151,0.9357290864,11.89255619
0.04530799651,0.9343367815,11.89267063
0.04530924651,0.9315088987,11.89289761
0.04530925276,0.9314945936,2.702646971
0.04530926526,0.931466043,-8.558835983
0.04530927233,0.9314498305,-10.28554344
0.04530927735,0.9314383864,-10.91235256
0.04530928471,0.9314215779,-11.4131012
0.04530929646,0.9313946962,-11.72790051
0.04530931181,0.9313595295,-11.82179928
0.04530933318,0.9313106537,-11.83584499
0.04530936558,0.9312365055,-11.83521461
0.04530943039,0.9310880303,-11.8354454
0.04530956,0.9307906628,-11.83540249
0.04530981922,0.9301940203,-11.83564281
0.04531033767,0.9289933443,-11.83585644
0.04531137457,0.9265624881,-11.83652115
0.04531344836,0.921582818,-11.83761024
0.04531759595,0.911155045,-11.83997154
0.04532589112,0.8884506822,-11.84430599
0.04533589112,0.857878387,-11.84941292
0.04534589112,0.8239204884,-11.85408306
0.04535589112,0.7867109179,-11.85862541
0.04536589112,0.7463966012,-11.86276436
0.04537589112,0.7031365633,-11.86680603
0.04538589112,0.6571016312,-11.87047386
0.04539589112,0.6084733605,-11.87406921
0.04540589112,0.557443738,-11.87731743
0.04541589112,0.504214108,-11.88051414
0.04542589112,0.4489946067,-11.88338852
0.04543589112,0.3920031488,-11.88623047
0.04543714112,0.3847657442,-11.88652992
0.04543964112,0.3702201843,-11.88719082
0.04544026612,0.3665693998,-11.88735485
0.04544042237,0.3656558096,-11.88739586
0.04544054111,0.3649612963,8.453543663
0.04544059364,0.3646539748,13.37543297
0.04544063361,0.3644201458,11.32216549
0.04544065355,0.3643034399,11.84310436
0.04544067721,0.3641649783,11.84065247
0.04544070023,0.3640302718,11.8408823
0.04544073714,0.3638142645,11.84088039
0.04544081097,0.3633821607,11.84092331
0.04544095862,0.3625176847,11.84099102
0.04544125392,0.3607878685,11.84113979
0.04544184452,0.357324481,11.84142494
0.04544302572,0.3503829539,11.84200191
0.04544538812,0.3364424407,11.84313297
0.04545011292,0.308342129,11.84535408
0.04545956253,0.2513513267,11.84959507
0.04546956253,0.1900806427,11.8538208
0.04547956253,0.1280598044,11.85778427
0.04548956253,0.0655335784,11.86151314
0.04549956253,0.002748723142,11.86501026
0.04550956253,-0.06004698202,11.86830521
0.04551956253,-0.1226057112,11.87139702
0.04552956253,-0.1846805662,11.8743124
0.04553956253,-0.2460265756,11.87705135
0.04554956253,-0.3064016402,11.87963772
0.04555956253,-0.3655674756,11.88206863
0.04556956253,-0.4232905507,11.8843689
0.04557081253,-0.4303930998,11.88464355
0.04557331253,-0.4445180893,11.88519287
0.04557393753,-0.4480323195,11.88532925
0.04557518753,-0.4550400376,11.88560009
0.04557519378,-0.4550749958,2.695352316
0.04557520628,-0.4551449418,-8.566128731
0.04557521335,-0.4551845193,-10.29321861
0.04557521837,-0.4552125633,-10.92002106
0.04557522573,-0.4552537501,-11.42067909
0.04557523749,-0.4553195238,-11.73532391
0.04557525285,-0.4554054737,-11.82913208
0.04557527422,-0.4555250406,-11.84314156
0.04557530665,-0.4557063878,-11.84250736
0.0455753715,-0.4560690522,-11.8427372
0.0455755012,-0.4567941427,-11.84268856
0.0455757606,-0.4582433999,-11.8429203
0.0455762794,-0.4611382782,-11.84311581
0.04557731699,-0.4669132829,-11.84374428
0.04557939219,-0.4784035385,-11.84476185
0.04558354258,-0.5011381507,-11.84697628
0.04559184335,-0.5455697179,-11.85101509
0.04560184335,-0.5971157551,-11.85575676
0.04561184335,-0.6463052034,-11.86005497
0.04562184335,-0.6929439902,-11.86421967
0.04563184335,-0.7368480563,-11.86797428
0.04564184335,-0.777844131,-11.87162685
0.04565184335,-0.8157703876,-11.87490082
0.04566184335,-0.850477159,-11.87809944
0.04567184335,-0.8818275332,-11.88094616
0.04568184335,-0.9096976519,-11.88374138
0.04569184335,-0.9339776635,-11.88621044
0.04570184335,-0.9545717239,-11.88864803
0.04571184335,-0.9713984728,-11.89078236
0.04572184335,-0.9843915701,-11.89290428
0.04572309335,-0.985743463,-11.89311409
0.04572559335,-0.9882646799,-11.89359951
0.0457256034,-0.9882743359,0.06762896478
0.0457256235,-0.9882935882,11.93093014
0.04572563056,-0.9883003831,11.88024616
0.04572563669,-0.9883062243,11.85865021
0.04572564503,-0.9883142114,11.84438324
0.0457256617,-0.9883301854,11.83543968
0.04572569506,-0.9883620739,11.83441544
0.04572576178,-0.9884257913,11.83478069
0.0457258952,-0.9885526299,11.83465385
0.04572616206,-0.9888042212,11.83496284
0.04572669578,-0.9892990589,11.83511829
0.0457277632,-0.9902552962,11.83584499
0.04572989806,-0.9920341969,11.83688927
0.04573416778,-0.9950562716,11.83932304
0.0457427072,-0.9989503622,11.84363556
0.0457527072,-0.9998553395,11.84868813
0.0457627072,-0.9968143702,11.85320568
0.0457727072,-0.989839375,11.85771465
0.0457827072,-0.9789579511,11.8617239
0.0457927072,-0.9642130733,11.86575222
0.0458027072,-0.9456628561,11.86931038
0.0458127072,-0.9233805537,11.87291241
0.0458227072,-0.897454083,11.87607098
0.0458327072,-0.8679857254,11.8792944
0.0458427072,-0.8350918889,11.88209915
0.0458527072,-0.7989022732,11.88498592
0.04585286345,-0.7983114123,11.88497066
0.04585317595,-0.7971273661,-10.43118191
0.04585326217,-0.7968001962,-12.72844028
0.04585334837,-0.7964727879,-11.28846741
0.04585339282,-0.7963038683,-12.05654049
0.04585343779,-0.7961329222,-11.76040268
0.0458534841,-0.7959568501,-11.87669945
0.04585353184,-0.7957752347,-11.82960987
0.04585360971,-0.7954788208,-11.85165787
0.04585372494,-0.7950398922,-11.83769703
0.04585394569,-0.7941977978,-11.8484602
0.0458543872,-0.7925090194,-11.83938694
0.04585527022,-0.7891132236,-11.84848595
0.04585703626,-0.7822489142,-11.84093761
0.04586056834,-0.7682321072,-11.85083485
0.04586763249,-0.7390705943,-11.84584427
0.04587763249,-0.6953147054,-11.85825157
0.04588763249,-0.6488147974,-11.85414124
0.04589763249,-0.5997542739,-11.86596203
0.04590763249,-0.5483268499,-11.86142635
0.04591763249,-0.4947353899,-11.87272453
0.04592763249,-0.4391914308,-11.86782455
0.04593763249,-0.3819141984,-11.8786602
0.04594763249,-0.3231297135,-11.87345028
0.04595763249,-0.2630699873,-11.88387585
0.04596763249,-0.2019720525,-11.87840366
0.04597763249,-0.1400770098,-11.88846493
0.04598763249,-0.07762915641,-11.8827734
0.04598888249,-0.06979656219,-11.88688469
0.04599138249,-0.05411894247,-11.8874464
0.04599200749,-0.05019729957,-11.88754082
0.04599325749,-0.04235175252,-11.88778687
0.04599356999,-0.04038993642,-11.8878479
0.04599419499,-0.03646584973,-11.88797092
0.04599419812,-0.03644622862,-6.189244747
0.04599420437,-0.03640698269,2.470915794
0.04599421687,-0.03632849827,9.728636742
0.04599422228,-0.03629451245,10.63616657
0.04599422985,-0.03624697402,11.3029232
0.0459942372,-0.03620084748,11.593997
0.04599425189,-0.03610860184,11.80392265
0.04599426839,-0.03600500897,11.83696175
0.04599429802,-0.03581895307,11.84091091
0.04599433864,-0.03556384891,11.84005356
0.0459944199,-0.03505363688,11.84046268
0.04599458241,-0.03403317928,11.84030819
0.04599490742,-0.03199215978,11.84069157
0.04599555745,-0.02790972963,11.84086609
0.04599685751,-0.01974354126,11.84175873
0.04599945764,-0.003407756332,11.84300041
0.04600465789,0.02926218137,11.8459301
0.04601465789,0.09196806699,11.85082054
0.04602465789,0.1543110013,11.85573769
0.04603465789,0.2160449475,11.8600235
0.04604465789,0.2769262493,11.86436844
0.04605465789,0.3367146552,11.86811733
0.04606465789,0.3951742053,11.87195301
0.04607465789,0.4520741701,11.87522411
0.04608465789,0.5071899891,11.8786068
0.04609465789,0.5603042245,11.88145256
0.04610465789,0.6112071276,11.88443089
0.04611465789,0.6596979499,11.88689899
0.04612465789,0.7055851817,11.88951778
0.04613465789,0.7486878037,11.89164734
0.04613590789,0.7538712621,11.89200211
0.04613840789,0.7640982866,11.89254665
0.04613903289,0.7666257024,11.89268017
0.04613918914,0.7672557235,11.89271355
0.04613950164,0.7685135007,11.8927803
0.04613961509,0.7689694166,-8.313757896
0.04613968366,0.7692447901,-13.78065491
0.04613974038,0.7694724202,-10.89596844
0.04613976426,0.7695682049,-11.92377663
0.04613978734,0.7696608305,-11.82868004
0.04613981168,0.7697584629,-11.83621979
0.04613983921,0.7698689103,-11.83541298
0.04613989428,0.7700896263,-11.83561325
0.0461400044,0.7705308795,-11.83557987
0.04614022466,0.7714122534,-11.83576775
0.04614066517,0.7731705308,-11.83594322
0.04614154619,0.7766693234,-11.83647156
0.04614330823,0.7835954428,-11.83735085
0.0461468323,0.7971587181,-11.83924389
0.04615388046,0.8231062889,-11.84275723
0.04616388046,0.8571400046,-11.84762383
0.04617388046,0.887790978,-11.85210991
0.04618388046,0.914938271,-11.85644436
0.04619388046,0.9384747148,-11.86043262
0.04620388046,0.958307445,-11.86429882
0.04621388046,0.9743581414,-11.8678484
0.04622388046,0.9865635037,-11.87130356
0.04623388046,0.9948753715,-11.8744669
0.04624388046,0.9992609024,-11.87755871
0.04625388046,0.9997028112,-11.88038254
0.04626388046,0.9961993098,-11.88315296
0.04626513046,0.9954844713,-11.88345623
0.04626544296,0.9952961802,-11.88353825
0.04626568044,0.9951505065,10.02086067
0.04626578096,0.9950882196,13.06890392
0.04626587156,0.9950317144,11.05919838
0.04626591341,0.9950054884,12.12624073
0.0462659516,0.9949814677,11.75535583
0.04626599193,0.9949561357,11.87539482
0.04626602954,0.9949323535,11.83532429
0.04626609374,0.9948917031,11.84989262
0.0462661925,0.9948288798,11.84155846
0.04626639001,0.9947021008,11.84774876
0.04626678503,0.9944438934,11.84271908
0.04626757507,0.993909061,11.84794235
0.04626915516,0.9927660227,11.84404469
0.04627231533,0.9901865125,11.85011673
0.04627863566,0.9838574529,11.84849262
0.04628863566,0.9706794024,11.85735512
0.04629863566,0.9536705613,11.85693836
0.04630863566,0.932897985,11.86521912
0.04631863566,0.9084436893,11.86432552
0.04632863566,0.8804042339,11.87208939
0.04633863566,0.8488901854,11.87078094
0.04634863566,0.8140259385,11.87808895
0.04635863566,0.7759491205,11.87642193
0.04636863566,0.7348099947,11.88332748
0.04637863566,0.6907708645,11.88134956
0.04638863566,0.6440055966,11.8878994
0.04639863566,0.5946987867,11.88565636
0.04640863566,0.5430449247,11.89189243
0.04640988566,0.5364332199,11.88999653
0.04641238566,0.5231109858,11.89042377
0.04641239571,0.5230571628,-0.07079681009
0.04641241581,0.5229495168,-11.93408966
0.04641242287,0.5229116678,-11.88340092
0.046412429,0.5228788853,-11.86180592
0.04641243734,0.5228341818,-11.84754086
0.04641245402,0.522744894,-11.83859921
0.04641248738,0.5225661397,-11.83757591
0.0464125541,0.5222086906,-11.83794117
0.04641268755,0.5214934349,-11.83781719
0.04641295444,0.5200619102,-11.83812809
0.04641348821,0.5171943903,-11.83828831
0.04641455577,0.511441946,-11.8390255
0.04641669087,0.4998682737,-11.8400898
0.04642096108,0.4764532149,-11.84256077
0.04642950151,0.4286112487,-11.84693718
0.04643950151,0.3710349202,-11.85204887
0.04644950151,0.3119943142,-11.85660744
0.04645950151,0.2517223954,-11.86113834
0.04646950151,0.190457046,-11.86515236
0.04647950151,0.1284400523,-11.86916828
0.04648950151,0.06591615826,-11.87269688
0.04649950151,0.003132125828,-11.87625217
0.04650950151,-0.05966426432,-11.8793478
0.04651950151,-0.1222251877,-11.88249302
0.04652950151,-0.1843037456,-11.88520241
0.04653950151,-0.2456549406,-11.88798046
0.04654950151,-0.3060366511,-11.89034462
0.04655075151,-0.3135042787,-11.8907032
0.04655106401,-0.3153681755,-11.89077854
0.04655130149,-0.3167838454,10.01362705
0.04655140201,-0.3173828125,13.0616703
0.04655149261,-0.3179225922,11.05196762
0.04655153445,-0.3181718588,12.11892509
0.04655157263,-0.3183992505,11.74820137
0.04655161294,-0.318639338,11.86812878
0.04655165053,-0.3188632429,11.82811642
0.04655171472,-0.3192454576,11.84265614
0.04655181346,-0.3198333383,11.83434391
0.04655201094,-0.3210087121,11.84052467
0.04655240591,-0.3233580291,11.83551693
0.04655319584,-0.3280506432,11.84074879
0.04655477569,-0.3374115527,11.83689976
0.04655793541,-0.3560326397,11.84303951
0.04656425484,-0.3928466141,11.84158611
0.04657425484,-0.4498138428,11.85070419
0.04658425484,-0.5050058365,11.85057545
0.04659425484,-0.5582048297,11.85913563
0.04660425484,-0.6092008352,11.85855484
0.04661425484,-0.6577926278,11.86662388
0.04662425484,-0.7037883401,11.86565113
0.04663425484,-0.7470065951,11.87328529
0.04664425484,-0.7872767448,11.87197399
0.04665425484,-0.8244398236,11.87922382
0.04666425484,-0.8583492637,11.87761974
0.04667425484,-0.8888711929,11.88452911
0.04667550484,-0.8924421072,11.88270187
0.04667800484,-0.8994185328,11.88328838
0.04667862984,-0.9011280537,11.88345814
0.04667878609,-0.9015532136,11.88349628
0.04667909859,-0.9024010301,11.88357353
0.04667917671,-0.9026124477,11.88359261
0.04667933296,-0.9030346274,11.88363075
0.04667964546,-0.9038763046,11.88370705
0.04667975892,-0.9041810632,-8.322828293
0.04667982749,-0.9043650031,-13.7897234
0.04667988422,-0.9045171142,-10.90478992
0.04667990811,-0.9045810699,-11.93308067
0.04667993121,-0.9046429396,-11.8377018
0.04667995556,-0.904708147,-11.84529018
0.0466799831,-0.9047818184,-11.84447575
0.04668003819,-0.9049292207,-11.84467506
0.04668014836,-0.9052235484,-11.84463787
0.04668036871,-0.9058110118,-11.84482002
0.04668080941,-0.9069806933,-11.84498119
0.0466816908,-0.9092991948,-11.84548283
0.04668345359,-0.9138525128,-11.84630775
0.04668697916,-0.9226222038,-11.84809208
0.0466940303,-0.9387994409,-11.85137939
0.0467040303,-0.9585760236,-11.85590935
0.0467140303,-0.9745695591,-11.86004162
0.0467240303,-0.9867168665,-11.864007
0.0467340303,-0.9949700832,-11.86760998
0.0467440303,-0.9992966056,-11.87107754
0.0467540303,-0.9996793866,-11.87421322
0.0467640303,-0.9961168766,-11.87724113
0.0467740303,-0.9886231422,-11.87996578
0.0467840303,-0.9772277474,-11.88260746
0.0467940303,-0.9619756937,-11.88496971
0.0468040303,-0.9429271817,-11.88727188
0.0468140303,-0.9201573133,-11.88931656
0.0468240303,-0.893756032,-11.89132118
0.0468252803,-0.8902056217,-11.89152908
0.0468277803,-0.8829401731,-11.89199162
0.0468284053,-0.8810896873,-11.89210606
0.0468296553,-0.8773480058,-11.89233303
0.0468299678,-0.8764041662,-11.8923893
0.0468305928,-0.8745062351,-11.89250183
0.04683074905,-0.8740296364,-11.89253044
0.04683086779,-0.8736669421,8.448419571
0.04683092032,-0.8735063076,13.37031269
0.04683096028,-0.8733840585,11.31717873
0.04683098022,-0.8733230233,11.83792019
0.04683100387,-0.8732506037,11.83554554
0.04683102688,-0.873180151,11.83576965
0.04683106379,-0.873067081,11.83577156
0.04683113761,-0.8728408217,11.83582115
0.04683128523,-0.8723878264,11.83590031
0.04683158049,-0.8714795113,11.83607292
0.04683217101,-0.869653821,11.83640671
0.04683335204,-0.8659666181,11.83707905
0.0468357141,-0.8584493995,11.83840084
0.04684043822,-0.8428493738,11.8409996
0.04684988646,-0.8094360828,11.84597206
0.04685988646,-0.7709677815,11.85094452
0.04686988646,-0.7294567823,11.85562229
0.04687988646,-0.685066998,11.86003494
0.04688988646,-0.6379734874,11.86418438
0.04689988646,-0.5883622169,11.86809826
0.04690988646,-0.536428988,11.87177849
0.04691988646,-0.4823786914,11.87524891
0.04692988646,-0.4264246821,11.87851048
0.04693988646,-0.3687877655,11.88158512
0.04694988646,-0.3096953928,11.88447285
0.04695988646,-0.2493807971,11.88719463
0.04696113646,-0.2417673469,11.88751984
0.04696363646,-0.2264961749,11.88816833
0.04696364651,-0.2264346629,-0.07305882871
0.04696366661,-0.2263116539,-11.93635845
0.04696367367,-0.2262684405,-11.88566589
0.0469636798,-0.2262309343,-11.86406994
0.04696368814,-0.2261798978,-11.84980583
0.04696370482,-0.226077795,-11.84086514
0.04696373819,-0.2258735895,-11.83983994
0.04696380491,-0.2254651338,-11.84020042
0.04696393837,-0.224648118,-11.84006596
0.04696420528,-0.2230136245,-11.84035683
0.0469647391,-0.2197427601,-11.84047794
0.04696580674,-0.2131936401,-11.84113598
0.04696794202,-0.2000669092,-11.84204197
0.04697221259,-0.1737077832,-11.84420395
0.04698075372,-0.1206334084,-11.84798241
0.04699075372,-0.05806339905,-11.85242653
0.04700075372,0.004735759925,-11.85635567
0.04701075372,0.06751623005,-11.8602953
0.04702075372,0.1300302446,-11.86375427
0.04703075372,0.1920310855,-11.8672533
0.04704075372,0.2532740831,-11.87030315
0.04705075372,0.3135175109,-11.8734169
0.04706075372,0.3725236356,-11.87610912
0.04707075372,0.4300595522,-11.87888813
0.04708075372,0.4858982563,-11.88127041
0.04709075372,0.5398193002,-11.88375759
0.04709200372,0.5464139581,-11.8839817
0.04709450372,0.5595016479,-11.88454723
0.04709512872,0.5627521276,-11.88468742
0.04709637872,0.5692269802,-11.88496685
0.04709669122,0.5708402395,-11.88503647
0.04709692871,0.5720647573,10.01937294
0.04709702922,0.5725826621,13.06741905
0.04709711982,0.5730492473,11.05771732
0.04709716168,0.5732647777,12.12474346
0.04709719986,0.5734613538,11.7538929
0.04709724019,0.5736688972,11.8739109
0.04709727779,0.5738624334,11.83385277
0.047097342,0.5741927028,11.84841824
0.04709744075,0.5747005939,11.84009266
0.04709763825,0.5757157207,11.84628677
0.04709803326,0.5777432919,11.84127617
0.04709882328,0.581787765,11.84652805
0.04710040332,0.589833498,11.84269428
0.04710356339,0.6057499051,11.8488884
0.04710988355,0.636860013,11.84750748
0.04711988355,0.6840135455,11.85673332
0.04712988355,0.7284675241,11.85666561
0.04713988355,0.7700466514,11.86527061
0.04714988355,0.8085867167,11.86468697
0.04715988355,0.8439356089,11.87273788
0.04716988355,0.8759539723,11.87170029
0.04717988355,0.9045152664,11.87925625
0.04718988355,0.9295068979,11.87782097
0.04719988355,0.9508301616,11.88493538
0.04720988355,0.9684009552,11.88315105
0.04721988355,0.982149899,11.88986969
0.04722988355,0.9920227528,11.88778114
0.04723988355,0.997980535,11.89414787
0.04724113355,0.9984486103,11.89226818
0.04724363355,0.9992000461,11.89272499
0.04724425855,0.9993493557,11.89286232
0.04724550855,0.999601841,11.8931036
0.04724582105,0.9996553063,11.89316273
0.04724644605,0.9997506738,11.89328194
0.04724769605,0.999895215,11.89351845
0.04724773511,0.9998987317,11.89352608
0.04724781323,0.9999055862,11.89354038
0.04724796948,0.9999186397,11.89356995
0.04724802621,0.99992311,-5.701558113
0.0472480642,0.9999260306,-13.76837635
0.04724808513,0.99992764,-11.77938652
0.04724809712,0.999928534,-11.82110596
0.04724811142,0.9999296069,-11.83248234
0.04724812883,0.9999309182,-11.83453083
0.04724816366,0.9999334216,-11.83472633
0.04724823331,0.9999383688,-11.83470631
0.04724837261,0.9999477267,-11.83482265
0.04724865122,0.999964118,-11.83494949
0.04724920843,0.9999876022,-11.835289
0.04725032284,0.9999979138,-11.83588696
0.04725255168,0.9998714924,-11.83714581
0.04725700935,0.9990303516,-11.83954144
0.04726592469,0.9949983954,-11.84421921
0.04727592469,0.9867628217,-11.84913349
0.04728592469,0.9746329188,-11.85381413
0.04729592469,0.9586565495,-11.85818291
0.04730592469,0.9388968349,-11.86235046
0.04731592469,0.9154317379,-11.86623669
0.04732592469,0.8883538246,-11.86994839
0.04733592469,0.8577700257,-11.87340546
0.04734592469,0.8238009214,-11.87671375
0.04735592469,0.7865807414,-11.87979031
0.04736592469,0.7462562323,-11.88273907
0.04737592469,0.702986598,-11.88547707
0.04737608094,0.7022880316,-11.88552952
0.04737639344,0.7008888721,10.43061543
0.04737647965,0.7005023956,12.72787952
0.04737656585,0.7001157999,11.28790855
0.0473766103,0.6999163628,12.05596828
0.04737665526,0.6997145414,11.75984764
0.04737670157,0.6995066404,11.87613297
0.04737674931,0.6992922425,11.82905006
0.04737682718,0.6989424229,11.85109425
0.04737694241,0.6984244585,11.83713627
0.04737716317,0.6974310875,11.84789658
0.04737760468,0.6954402924,11.83882523
0.04737848772,0.691442728,11.84792328
0.04738025379,0.6833838224,11.84037781
0.04738378593,0.6670145988,11.85027504
0.0473908502,0.6332988143,11.84529114
0.0474008502,0.5834551454,11.85770512
0.0474108502,0.5313087702,11.85360813
0.0474208502,0.477065593,11.86543846
0.0474308502,0.4209396541,11.86091805
0.0474408502,0.3631524742,11.87223148
0.0474508502,0.3039320707,11.86735058
0.0474608502,0.2435121983,11.87820435
0.0474708502,0.1821313053,11.87301636
0.0474808502,0.1200316027,11.88346291
0.0474908502,0.05745820329,11.87801647
0.0475008502,-0.005341963377,11.88810158
0.0475108502,-0.06812104583,11.88243771
0.0475121002,-0.07595460117,11.8865509
0.0475146002,-0.09160717577,11.88712025
0.0475152252,-0.09551693499,11.88721561
0.04751538145,-0.09649415314,11.88724709
0.04751569395,-0.09844829142,11.88731003
0.04751580741,-0.0991576761,-8.319231033
0.04751587598,-0.09958638996,-13.786129
0.04751593271,-0.0999410525,-10.90129471
0.04751595659,-0.1000903547,-11.92939472
0.04751597969,-0.1002347171,-11.83412933
0.04751600403,-0.1003869176,-11.84169865
0.04751603157,-0.1005590782,-11.84088802
0.04751608665,-0.1009033769,-11.8410902
0.0475161968,-0.1015919521,-11.84105778
0.04751641712,-0.1029689461,-11.84124851
0.04751685774,-0.1057223454,-11.84142971
0.04751773898,-0.1112266853,-11.84196949
0.04751950147,-0.1222249791,-11.84287071
0.04752302645,-0.1441752315,-11.84480667
0.04753007641,-0.1878528744,-11.84839249
0.04754007641,-0.2491548508,-11.85333538
0.04755007641,-0.3094735444,-11.85786819
0.04756007641,-0.3685708642,-11.86222076
0.04757007641,-0.4262136221,-11.86619568
0.04758007641,-0.4821743071,-11.87002277
0.04759007641,-0.5362320542,-11.87350368
0.04760007641,-0.5881735682,-11.87686157
0.04761007641,-0.637793839,-11.87990189
0.04762007641,-0.6848970056,-11.88284492
0.04763007641,-0.7292971611,-11.88549328
0.04764007641,-0.7708191872,-11.88806629
0.04765007641,-0.8092991114,-11.89036655
0.04766007641,-0.8445850611,-11.8926096
0.04766132641,-0.8487641811,-11.89284611
0.04766163891,-0.8498007655,-11.89291191
0.04766226391,-0.8518641591,-11.89304161
0.04766242016,-0.8523779511,-11.89307404
0.04766273266,-0.8534030318,-11.89313889
0.04766284611,-0.8537744284,8.313400269
0.04766291469,-0.853998661,13.78029728
0.0476629714,-0.8541840315,10.8956213
0.04766299528,-0.8542619944,11.92341042
0.04766301836,-0.8543373942,11.82832527
0.0476630427,-0.8544168472,11.83586311
0.04766307023,-0.854506731,11.83505726
0.04766312529,-0.8546863794,11.83525753
0.04766323542,-0.8550453782,11.83522415
0.04766345567,-0.8557621837,11.83541393
0.04766389617,-0.8571908474,11.83559227
0.04766477718,-0.8600285053,11.83612537
0.04766653919,-0.8656246066,11.83701611
0.0476700632,-0.8764979243,11.83893108
0.04767711124,-0.8969503045,11.84248734
0.04768711124,-0.9229420424,11.84741211
0.04769711124,-0.9452913404,11.85195351
0.04770711124,-0.9639099836,11.85634136
0.04771711124,-0.9787245393,11.86037922
0.04772711124,-0.9896765351,11.86429405
0.04773711124,-0.9967226982,11.86788845
0.04774711124,-0.9998352528,11.87138557
0.04775711124,-0.9990019798,11.87458992
0.04776711124,-0.9942260385,11.87771797
0.04777711124,-0.9855263233,11.88057613
0.04778711124,-0.9729372263,11.88337898
0.04778836124,-0.9710924625,11.88368511
0.04778867374,-0.9706218839,11.88376808
0.04778891123,-0.9702617526,-10.02062988
0.04778901174,-0.9701086879,-13.06867218
0.04778910234,-0.9699704051,-11.05896664
0.0477891442,-0.9699063897,-12.12600613
0.04778918239,-0.9698479772,-11.75512695
0.04778922271,-0.9697861671,-11.87516212
0.04778926032,-0.9697284698,-11.83509254
0.04778932453,-0.9696298838,-11.84965992
0.04778942328,-0.9694779515,-11.84132671
0.04778962079,-0.9691729546,-11.84751606
0.04779001581,-0.9685584307,-11.84248543
0.04779080585,-0.9673115611,-11.84770679
0.04779238593,-0.9647462964,-11.84380341
0.04779554608,-0.9593307972,-11.84986687
0.04780186639,-0.9473674297,-11.84822655
0.04781186639,-0.9253957272,-11.85706329
0.04782186639,-0.8997718692,-11.85662556
0.04783186639,-0.8705971241,-11.86488533
0.04784186639,-0.8379864693,-11.86397552
0.04785186639,-0.8020686507,-11.87172604
0.04786186639,-0.7629854679,-11.87040615
0.04787186639,-0.720891118,-11.87770557
0.04788186639,-0.6759517193,-11.87603283
0.04789186639,-0.628344655,-11.88293457
0.04790186639,-0.5782577991,-11.88095665
0.04791186639,-0.5258888602,-11.88750744
0.04792186639,-0.4714444578,-11.88526821
0.04793186639,-0.4151394665,-11.89151001
0.04793311639,-0.4079815149,-11.88961601
0.04793342889,-0.4061881006,-11.88965702
0.04793405389,-0.4025965333,-11.88977242
0.04793421014,-0.4016976655,-11.88980198
0.04793452264,-0.3998987675,-11.88986015
0.04793463609,-0.3992452919,8.316682816
0.04793470467,-0.3988502324,13.78358078
0.04793476139,-0.3985233605,10.89881706
0.04793478527,-0.3983857632,11.92678261
0.04793480836,-0.3982526958,11.83159542
0.0479348327,-0.3981123865,11.83915234
0.04793486024,-0.3979536891,11.83834362
0.04793491531,-0.397636205,11.8385458
0.04793502545,-0.3970011175,11.83851528
0.04793524573,-0.395730406,11.83870983
0.0479356863,-0.3931866884,11.83889771
0.04793656744,-0.3880902231,11.83945084
0.04793832972,-0.377861768,11.84038067
0.04794185428,-0.3572671711,11.84237099
0.0479489034,-0.3155625165,11.84606647
0.0479589034,-0.2553575933,11.85116673
0.0479689034,-0.1941448897,11.85585594
0.0479789034,-0.1321659982,11.86036491
0.0479889034,-0.06966549903,11.86449814
0.0479989034,-0.006890069228,11.86848068
0.0480089034,0.05591255426,11.872118
0.0480189034,0.1184945181,11.87563229
0.0480289034,0.1806088388,11.8788271
0.0480389034,0.2420103848,11.88192368
0.0480489034,0.302456826,11.88472366
0.0480589034,0.3617095947,11.8874464
0.0480689034,0.419534862,11.88989544
0.0480701534,0.4266512096,11.89021969
0.0480726534,0.4408045411,11.89081478
0.0480732784,0.4443260133,11.89096069
0.0480745284,0.4513483346,11.89125347
0.0480748409,0.4530995786,11.89132595
0.0480754659,0.4565968513,11.89147091
0.04807562215,0.4574700594,11.89150715
0.0480757409,0.4581333697,-8.449437141
0.04807579343,0.4584267437,-13.3713274
0.04807583339,0.4586498439,-11.31816578
0.04807585333,0.4587611854,-11.83894539
0.04807587698,0.4588932693,-11.83655453
0.0480759,0.4590217173,-11.83677864
0.0480759369,0.4592277408,-11.83677864
0.04807601072,0.4596396983,-11.83682442
0.04807615835,0.4604633152,-11.8368969
0.04807645362,0.4621093273,-11.83705425
0.04807704415,0.4653966427,-11.83735657
0.04807822522,0.4719519615,-11.83796978
0.04808058734,0.4849843085,-11.83917236
0.0480853116,0.5107256174,-11.84153748
0.04809476011,0.5608360767,-11.84606266
0.04810476011,0.6117153764,-11.85058689
0.04811476011,0.6601805091,-11.85484505
0.04812476011,0.706040144,-11.85886574
0.04813476011,0.7491134405,-11.86265182
0.04814476011,0.7892302871,-11.86623001
0.04815476011,0.8262324333,-11.8696022
0.04816476011,0.8599737883,-11.87279224
0.04817476011,0.8903211951,-11.87580204
0.04818476011,0.9171549678,-11.87865257
0.04819476011,0.9403691292,-11.88134289
0.04819601011,0.9430117011,-11.88167
0.04819851011,0.9481220841,-11.88231564
0.04819913511,0.9493631721,-11.88247585
0.04820038511,0.9518014789,-11.88279438
0.04820288511,0.9565017223,-11.88342476
0.04820289516,0.9565201402,0.07780317217
0.04820291526,0.9565569758,11.94110298
0.04820292232,0.95656991,11.89040279
0.04820292845,0.9565811157,11.86880779
0.04820293679,0.9565963745,11.85454559
0.04820295348,0.9566269517,11.84560871
0.04820298685,0.9566879869,11.84458542
0.04820305359,0.9568099976,11.84494591
0.04820318706,0.9570534825,11.84481239
0.04820345402,0.9575384259,11.84510517
0.04820398794,0.9585002065,11.8452301
0.04820505576,0.9603914022,11.84589481
0.04820719142,0.9640439749,11.84681511
0.04821146273,0.9708278179,11.84899998
0.04822000535,0.9822935462,11.85281467
0.04823000535,0.9921188951,11.85727978
0.04824000535,0.9980288148,11.86120796
0.04825000535,1,11.8651228
0.04826000535,0.9980246425,11.8685379
0.04827000535,0.9921104908,11.87197018
0.04828000535,0.9822809696,11.87493229
0.04829000535,0.9685748219,11.87793827
0.04830000535,0.9510461092,11.88050365
0.04831000535,0.929764092,11.8831358
0.04832000535,0.9048127532,11.88535213
0.04833000535,0.8762905002,11.88765621
0.04834000535,0.844309926,11.88956833
0.04835000535,0.8089972138,11.89158535
0.04835125535,0.8043556809,11.89175224
0.04835156785,0.8031874895,11.89180851
0.04835219285,0.8008419275,11.89192104
0.0483523491,0.8002535701,11.8919487
0.0483526616,0.7990745902,11.89200497
0.04835277506,0.7986457944,-8.314538002
0.04835284363,0.7983864546,-13.78143692
0.04835290035,0.7981718183,-10.89673042
0.04835292422,0.798081398,-11.92458153
0.04835294731,0.7979940176,-11.82946205
0.04835297165,0.7979018092,-11.83700657
0.04835299918,0.7977975607,-11.83619976
0.04835305425,0.7975888848,-11.83640194
0.04835316438,0.7971712947,-11.83637238
0.04835338464,0.7963349819,-11.83656788
0.04835382517,0.7946577072,-11.83675861
0.04835470622,0.791285038,-11.83731651
0.04835646832,0.7844669223,-11.83825493
0.04835999253,0.7705431581,-11.84026527
0.04836704094,0.741569221,-11.84400177
0.04837704094,0.6979812384,-11.84916401
0.04838704094,0.6516386271,-11.85392189
0.04839704094,0.6027243137,-11.8585043
0.04840704094,0.5514312983,-11.86271572
0.04841704094,0.4979620278,-11.86678123
0.04842704094,0.4425275624,-11.87050724
0.04843704094,0.3853466213,-11.87411308
0.04844704094,0.3266448975,-11.87740517
0.04845704094,0.2666540742,-11.88060188
0.04846704094,0.2056108564,-11.88350677
0.04847704094,0.1437562108,-11.88633728
0.04847829094,0.1359794587,-11.88664532
0.04848079094,0.1204012558,-11.88730812
0.04848579094,0.08915958554,-11.88860321
0.04848594719,0.08818170428,-11.88864231
0.04848625969,0.08622568846,-11.88872242
0.04848688469,0.08231267333,-11.88888073
0.04848688782,0.08229310066,-6.19015646
0.04848689407,0.08225397021,2.470001936
0.04848690657,0.08217569441,9.727723122
0.04848691198,0.08214180171,10.63522434
0.04848691955,0.08209439367,11.30198669
0.0484869269,0.08204839379,11.59306526
0.04848694159,0.08195640147,11.8030014
0.04848695808,0.08185309917,11.83604622
0.04848698771,0.08166755736,11.83999538
0.04848702834,0.08141316473,11.83913612
0.04848710958,0.08090435714,11.83953953
0.04848727208,0.07988668233,11.8393755
0.04848759706,0.07785108685,11.83974075
0.04848824704,0.07377893478,11.83987808
0.04848954699,0.06563100219,11.84069729
0.04849214689,0.04932254553,11.84179306
0.04849734668,0.016670499,11.84443951
0.04850734668,-0.04614419118,11.84881401
0.04851734668,-0.1087767705,11.85325432
0.04852734668,-0.1709800512,11.85710335
0.04853734668,-0.23250857,11.86104965
0.04854734668,-0.2931194603,11.86443996
0.04855734668,-0.3525735736,11.86795521
0.04856734668,-0.4106362164,11.87094498
0.04857734668,-0.4670782685,11.87408447
0.04858734668,-0.5216769576,11.8767252
0.04859734668,-0.5742168427,11.87953568
0.04860734668,-0.6244905591,11.88187313
0.04861734668,-0.6722996831,11.88439751
0.04861859668,-0.6780930758,11.88460159
0.04861860293,-0.6781219244,2.694350243
0.04861861543,-0.6781796217,-8.56713295
0.04861862251,-0.678212285,-10.29427147
0.04861862753,-0.6782354712,-10.92107201
0.04861863489,-0.6782694459,-11.42171574
0.04861864665,-0.6783237457,-11.73634052
0.04861866201,-0.6783946753,-11.83013535
0.04861868339,-0.6784933209,-11.8441391
0.04861871581,-0.6786429882,-11.84350395
0.04861878067,-0.6789422631,-11.84373379
0.04861891038,-0.6795403957,-11.8436842
0.0486191698,-0.6807352901,-11.84391212
0.04861968865,-0.6831197739,-11.84410095
0.04862072635,-0.687866807,-11.84471798
0.04862280173,-0.697273016,-11.8457098
0.04862695251,-0.7157281041,-11.8478756
0.04863525406,-0.7511657476,-11.85181808
0.04864525406,-0.7911323905,-11.85644627
0.04865525406,-0.8279767632,-11.8606348
0.04866525406,-0.8615535498,-11.86469364
0.04867525406,-0.8917301297,-11.86834621
0.04868525406,-0.918387413,-11.87190056
0.04869525406,-0.9414203167,-11.87508011
0.04870525406,-0.9607378244,-11.87818813
0.04871525406,-0.9762637615,-11.88094807
0.04872525406,-0.9879367948,-11.88366127
0.04873525406,-0.9957109094,-11.88605213
0.04874525406,-0.999555409,-11.88841629
0.04875525406,-0.9994551539,-11.89048004
0.04876525406,-0.9954104424,-11.89253712
0.04876650406,-0.994628191,-11.8927393
0.04876900406,-0.9928795695,-11.89320946
0.04876962906,-0.9924041033,-11.89332581
0.04876978531,-0.9922828674,-11.89335442
0.04877009781,-0.9920374751,-11.89341259
0.04877021127,-0.9919474721,8.313130379
0.04877027984,-0.9918928146,13.78002834
0.04877033656,-0.9918474555,10.89536095
0.04877036043,-0.9918283224,11.92313671
0.04877038351,-0.9918097854,11.82806015
0.04877040785,-0.991790235,11.83559704
0.04877043538,-0.9917681217,11.83479118
0.04877049045,-0.9917237759,11.83499336
0.04877060057,-0.9916346669,11.83496284
0.04877082082,-0.9914551377,11.83515739
0.04877126131,-0.9910902977,11.83534527
0.04877214231,-0.9903378487,11.8358984
0.0487739043,-0.9887418747,11.83682823
0.04877742827,-0.9851866961,11.83882046
0.04878447622,-0.9766293764,11.84252644
0.04879447622,-0.9612066746,11.84765244
0.04880447622,-0.9419904351,11.85238171
0.04881447622,-0.919056654,11.85694408
0.04882447622,-0.892495811,11.86114311
0.04883447622,-0.8624126315,11.86520576
0.04884447622,-0.8289259076,11.86893654
0.04885447622,-0.7921678424,11.87255573
0.04886447622,-0.7522833943,11.87586784
0.04887447622,-0.7094300389,11.87909317
0.04888447622,-0.6637769341,11.8820343
0.04889447622,-0.6155041456,11.88490677
0.04889572622,-0.609295249,11.88522148
0.04889822622,-0.5967650414,11.88589573
0.04889885122,-0.5936093926,11.88606262
0.04889900747,-0.5928190351,11.88610458
0.04889931997,-0.5912365913,11.88618755
0.04889943342,-0.5906615257,-8.320344925
0.048899502,-0.5903138518,-13.78723907
0.04889955873,-0.5900260806,-10.90237141
0.04889958261,-0.5899049044,-11.93052864
0.04889960571,-0.5897877216,-11.83522701
0.04889963005,-0.5896641612,-11.84280109
0.04889965759,-0.5895243883,-11.84198761
0.04889971267,-0.5892448425,-11.84218597
0.04889982284,-0.5886854529,-11.84214687
0.04890004316,-0.5875658393,-11.8423233
0.0489004838,-0.5853232741,-11.84247589
0.04890136509,-0.5808246732,-11.8429575
0.04890312767,-0.5717741847,-11.84374523
0.04890665283,-0.5534639359,-11.84545708
0.04891370315,-0.5160380602,-11.84860611
0.04892370315,-0.461235553,-11.85296154
0.04893370315,-0.4046127796,-11.85694313
0.04894370315,-0.3463931978,-11.86078072
0.04895370315,-0.2868065536,-11.86427784
0.04896370315,-0.2260880023,-11.86766338
0.04897370315,-0.1644771993,-11.87073898
0.04898370315,-0.1022172719,-11.87372875
0.04899370315,-0.03955393657,-11.87643719
0.04900370315,0.0232654959,-11.87908459
0.04901370315,0.08599311113,-11.88147259
0.04902370315,0.1483813524,-11.88382149
0.04903370315,0.210183993,-11.88593292
0.04903495315,0.217855975,-11.88621902
0.04903526565,0.2197718769,-11.88628387
0.04903589065,0.2236011624,-11.88641357
0.04903714065,0.2312493026,-11.88667202
0.0490371469,0.2312875092,-2.696423531
0.0490371594,0.2313639224,8.565057755
0.04903716648,0.2314071804,10.29209137
0.04903717149,0.2314378321,10.91889477
0.04903717886,0.2314828336,11.41956615
0.04903719061,0.231554687,11.73423386
0.04903720597,0.2316485792,11.82805538
0.04903722735,0.2317792177,11.84207058
0.04903725977,0.2319773734,11.84143639
0.04903732461,0.2323736697,11.84166718
0.0490374543,0.2331661284,11.84162045
0.04903771367,0.2347505987,11.8418541
0.04903823242,0.2379176468,11.84205437
0.04903926991,0.2442441285,11.84269428
0.0490413449,0.2568656802,11.84373188
0.04904549488,0.2819756866,11.84598923
0.04905379483,0.3316036463,11.85011101
0.04906379483,0.3901870549,11.85494995
0.04907379483,0.4472305775,11.85934353
0.04908379483,0.5025091171,11.86360073
0.04909379483,0.5558044314,11.8674469
0.04910379483,0.6069062352,11.87118816
0.04911379483,0.655612886,11.87454796
0.04912379483,0.7017321587,11.8778286
0.04913379483,0.7450819612,11.88075638
0.04914379483,0.7854912877,11.8836298
0.04915379483,0.8228006363,11.88617325
0.04916379483,0.8568627834,11.88868332
0.04917379483,0.8875432611,11.89088631
0.04918379483,0.9147210121,11.89307404
0.04918504483,0.9178664684,11.89329243
0.04918535733,0.918644011,11.89335537
0.04918559482,0.9192324877,-10.01105785
0.04918569533,0.9194809794,-13.05910587
0.04918578593,0.9197046161,-11.04940701
0.04918582777,0.9198077917,-12.11633492
0.04918586595,0.9199018478,-11.74566936
0.04918590625,0.9200011492,-11.86555767
0.04918594384,0.9200937152,-11.82556725
0.04918600802,0.9202515483,-11.84009933
0.04918610675,0.9204941392,-11.83179665
0.04918630423,0.9209783077,-11.83798027
0.04918669917,0.9219422936,-11.83299065
0.04918748906,0.9238532186,-11.83824635
0.04918906884,0.9276068211,-11.8344574
0.04919222839,0.9348394275,-11.84070683
0.0491985475,0.9481967688,-11.83947754
0.0492085475,0.9662732482,-11.84893036
0.0492185475,0.9805362821,-11.84913254
0.0492285475,0.990929544,-11.85800362
0.0492385475,0.9974121451,-11.857728
0.0492485475,0.9999583364,-11.86608219
0.0492585475,0.9985582232,-11.86538887
0.0492685475,0.9932172298,-11.87328339
0.0492785475,0.9839563966,-11.87222481
0.0492885475,0.9708124399,-11.87970734
0.0492985475,0.9538370371,-11.87832928
0.0493085475,0.9330973625,-11.88544369
0.0493097975,0.9302440882,-11.88364315
0.04931011,0.9295218587,-11.88371086
0.049310735,0.9280665517,-11.88387775
0.049311985,0.9251130223,-11.88421249
0.04931199125,0.9250980616,-2.69396925
0.04931200375,0.9250682592,8.567509651
0.04931201083,0.9250513911,10.29467392
0.04931201584,0.9250394106,10.92147636
0.0493120232,0.9250218272,11.42211723
0.04931203496,0.9249937534,11.73673344
0.04931205032,0.9249570966,11.83052444
0.0493120717,0.9249060154,11.84452534
0.04931210413,0.9248285294,11.84388828
0.04931216899,0.9246734381,11.84411526
0.0493122987,0.9243627787,11.8440609
0.04931255814,0.9237396717,11.84427929
0.049313077,0.9224860668,11.84444809
0.04931411473,0.919949472,11.84502506
0.04931619019,0.9147590399,11.84593868
0.04932034111,0.903912425,11.84795094
0.04932864294,0.8803825378,11.85159588
0.04933864294,0.8488659859,11.85588741
0.04934864294,0.8139993548,11.85976028
0.04935864294,0.7759202719,11.86352634
0.04936864294,0.7347789407,11.86690998
0.04937864294,0.6907377839,11.87021542
0.04938864294,0.6439706683,11.8731699
0.04939864294,0.5946620107,11.87607384
0.04940864294,0.5430065393,11.87865353
0.04941864294,0.4892080426,11.88120747
0.04942864294,0.433478862,11.883461
0.04943864294,0.3760389686,11.88570976
0.04944864294,0.3171150088,11.88768005
0.04944989294,0.3096566796,11.88796043
0.04945239294,0.2946831882,11.88844681
0.04945301794,0.290928334,11.88856697
0.04945426794,0.2834051549,11.88880539
0.04945458044,0.2815216184,11.88886547
0.04945520544,0.2777512968,11.88898373
0.04945536169,0.2768080533,11.88901329
0.04945567419,0.2749207616,11.88907242
0.04945629919,0.2711429596,11.88918972
0.04945630232,0.2711240649,6.19046402
0.04945630857,0.2710862756,-2.469696999
0.04945632107,0.2710106671,-9.727417946
0.04945632648,0.2709779441,-10.63490963
0.04945633405,0.270932138,-11.30167198
0.04945634139,0.2708877325,-11.59275246
0.04945635608,0.270798862,-11.80269337
0.04945637258,0.2706990838,-11.83574104
0.04945640221,0.2705198824,-11.83969307
0.04945644283,0.2702741325,-11.83883572
0.04945652408,0.2697826326,-11.83924484
0.04945668657,0.2687993944,-11.8390913
0.04945701154,0.2668320835,-11.83947754
0.0494576615,0.2628941536,-11.83965683
0.04945896141,0.255005151,-11.84055901
0.04946156124,0.2391766906,-11.84181976
0.0494667609,0.2073325217,-11.84478855
0.0494767609,0.1454972774,-11.84975338
0.0494867609,0.08308783174,-11.85474586
0.0494967609,0.02035047114,-11.85910606
0.0495067609,-0.04246720299,-11.86352634
0.0495167609,-0.1051172763,-11.86734962
0.0495267609,-0.1673524976,-11.87126064
0.0495367609,-0.2289272547,-11.87460518
0.0495467609,-0.2895985544,-11.87806225
0.0495567609,-0.349126935,-11.88098049
0.0495667609,-0.4072774649,-11.88403225
0.0495767609,-0.4638206661,-11.88657093
0.0495867609,-0.518533349,-11.88926029
0.0495967609,-0.5711996555,-11.89146042
0.0495980109,-0.5776286125,-11.89182377
0.0495983234,-0.5792303085,-11.89189434
0.0495989484,-0.5824269652,-11.89203548
0.04959910465,-0.5832247138,-11.89207077
0.04959922339,-0.583830595,8.44887352
0.04959927592,-0.5840985775,13.37076473
0.04959931588,-0.5843023062,11.31761742
0.04959933582,-0.5844039917,11.83837605
0.04959935948,-0.5845245719,11.83599377
0.04959938249,-0.5846419334,11.83621693
0.0495994194,-0.5848300457,11.83621693
0.04959949321,-0.585206151,11.8362627
0.04959964084,-0.5859580636,11.83633614
0.0495999361,-0.5874603987,11.8364954
0.04960052663,-0.5904589891,11.83680248
0.04960170767,-0.5964316726,11.83742332
0.04960406976,-0.6082782745,11.83864117
0.04960879394,-0.6315668821,11.84103584
0.0496182423,-0.6764548421,11.8456192
0.0496282423,-0.7213642597,11.85020447
0.0496382423,-0.7634267211,11.85452175
0.0496482423,-0.8024763465,11.85859871
0.0496582423,-0.8383589387,11.86244011
0.0496682423,-0.8709328771,11.86607075
0.0496782423,-0.9000697136,11.86949444
0.0496882423,-0.9256543517,11.87273407
0.0496982423,-0.9475858212,11.87578964
0.0497082423,-0.9657776356,11.87868595
0.0497182423,-0.9801579714,11.88141918
0.0497194923,-0.9816845059,11.88175106
0.0497219923,-0.9845558405,11.88240719
0.0497226173,-0.9852357507,11.88256931
0.0497238673,-0.9865499735,11.88289261
0.0497241798,-0.9868690372,11.88297272
0.0497248048,-0.9874957204,11.88313389
0.0497260548,-0.9887034297,11.88345337
0.04972606105,-0.988709271,2.693209171
0.04972607355,-0.9887210727,-8.56826973
0.04972608063,-0.9887277484,-10.2954731
0.04972608564,-0.9887324572,-10.92227459
0.04972609301,-0.9887393713,-11.42290592
0.04972610477,-0.9887503982,-11.73750591
0.04972612013,-0.9887648821,-11.83128738
0.04972614151,-0.9887849092,-11.84528542
0.04972617394,-0.9888153076,-11.84464931
0.0497262388,-0.9888760448,-11.84487629
0.04972636853,-0.988996923,-11.84482288
0.04972662798,-0.9892367721,-11.84504509
0.04972714688,-0.9897086024,-11.84521961
0.04972818468,-0.9906206727,-11.84580898
0.04973026029,-0.9923183322,-11.84674549
0.0497344115,-0.9952071905,-11.84880352
0.04974271392,-0.9989522696,-11.85253525
0.04975271392,-0.9998546243,-11.8569212
0.04976271392,-0.9968109727,-11.86087894
0.04977271392,-0.9898333549,-11.86472034
0.04978271392,-0.978949368,-11.86816788
0.04979271392,-0.9642018676,-11.87152958
0.04980271392,-0.945649147,-11.87452793
0.04981271392,-0.9233643413,-11.87746811
0.04982271392,-0.8974354267,-11.88007355
0.04983271392,-0.8679648042,-11.8826437
0.04984271392,-0.8350687027,-11.88490486
0.04985271392,-0.7988769412,-11.88715172
0.04986271392,-0.759532392,-11.88911152
0.04987271392,-0.7171902657,-11.89107704
0.04987396392,-0.7116949558,-11.89126873
0.04987427642,-0.7103142738,-11.891325
0.04987490142,-0.7075446248,-11.89143753
0.04987505767,-0.7068505287,-11.89146614
0.04987537017,-0.7054602504,-11.89152241
0.04987548362,-0.7049548626,8.315020561
0.0498755522,-0.70464921,13.78191948
0.04987560892,-0.7043962479,10.89720058
0.04987563279,-0.704289794,11.92507744
0.04987565588,-0.7041867971,11.8299427
0.04987568022,-0.7040781975,11.83749008
0.04987570775,-0.7039553523,11.83668327
0.04987576282,-0.7037095428,11.83688545
0.04987587295,-0.7032177448,11.83685589
0.04987609322,-0.7022330761,11.83705139
0.04987653376,-0.7002597451,11.83724213
0.04987741483,-0.6962969899,11.83779907
0.04987917697,-0.6883075833,11.83873749
0.04988270126,-0.6720767021,11.84074688
0.04988974983,-0.6386343241,11.84448147
0.04989974983,-0.5890561938,11.84963989
0.04990974983,-0.5371533036,11.8543911
0.04991974983,-0.4831305146,11.85896492
0.04992974983,-0.4272010326,11.86316586
0.04993974983,-0.3695855737,11.86721897
0.04994974983,-0.3105115592,11.87092972
0.04995974983,-0.2502120733,11.8745203
0.04996974983,-0.1889251024,11.87779427
0.04997974983,-0.1268925518,11.88097191
0.04998974983,-0.06435920298,11.88385582
0.04999974983,-0.001571865869,11.88666344
0.05,1.964386719e-15,11.88668251
