time_s,input_v,output_v
0,0,0
9.99999944e-11,6.28318503e-07,1.847926109e-12
1.999999888e-10,1.256637006e-06,5.712322542e-12
3.999999776e-10,2.513274012e-06,1.753435244e-11
7.999999552e-10,5.026548024e-06,6.580946205e-11
1.59999991e-09,1.005309605e-05,2.609201744e-10
3.199999821e-09,2.01061921e-05,1.045346254e-09
6.399999641e-09,4.021238419e-05,4.190970238e-09
1.279999928e-08,8.042476838e-05,1.678870731e-08
2.559999857e-08,0.0001608495368,6.720556911e-08
5.119999713e-08,0.0003216990735,2.688881011e-07
1.023999943e-07,0.0006433980889,1.075354817e-06
2.047999885e-07,0.001286795945,4.298348813e-06
4.09599977e-07,0.002573589794,1.716585211e-05
8.191999541e-07,0.005147162359,6.843780284e-05
1.638399908e-06,0.01029418875,0.0002719475306
3.276799816e-06,0.02058728598,0.001073547523
6.553599633e-06,0.04116584361,0.004183467943
1.284035961e-05,0.08059086651,0.0152919665
2.186603067e-05,0.1369565129,0.04150333256
3.186603067e-05,0.198885113,0.08216945082
4.186603067e-05,0.2600288093,0.1324186474
5.186603067e-05,0.3201462626,0.189931348
6.186603067e-05,0.3790002763,0.252777487
7.186603067e-05,0.4363585413,0.3193420172
8.186603067e-05,0.491994679,0.3882652521
9.186603067e-05,0.5456891656,0.4583952427
0.0001018660307,0.5972300768,0.5287496448
0.0001028660307,0.6022577882,0.5357702374
0.0001128660307,0.6511951685,0.6054011583
0.0001138660307,0.6559506059,0.6123028398
0.0001238660307,0.7020508051,0.6803420186
0.0001248660307,0.7065113187,0.6870447993
0.0001348660307,0.7495541573,0.7527481318
0.0001358660307,0.7536984086,0.7591831684
0.0001458660307,0.7934783697,0.8219094276
0.0001468660307,0.7972866297,0.8280171752
0.0001568660307,0.8336138129,0.8872113824
0.0001578660307,0.8370678425,0.8929403424
0.0001678660307,0.8697686791,0.9481209517
0.0001688660307,0.8728520274,0.9534263015
0.0001788660307,0.9017704725,1.004175544
0.0001798660307,0.9044683576,1.009018421
0.0001898660307,0.9294663072,1.054974675
0.0001908660307,0.9317658544,1.059321642
0.0002008660307,0.9527239203,1.100173473
0.0002018660307,0.9546141624,1.103995681
0.0002118660307,0.9714323282,1.139477849
0.0002128660307,0.9729042053,1.142750978
0.0002228660307,0.9855021238,1.172640681
0.0002328660307,0.9942107201,1.197287083
0.0002428660307,0.9989955425,1.216567636
0.0002528660307,0.9998378754,1.230387568
0.0002628660307,0.9967342615,1.238678575
0.0002728660307,0.9896969795,1.241398454
0.0002828660307,0.9787538648,1.238529921
0.0002928660307,0.9639480114,1.230080843
0.0003028660307,0.9453378916,1.216082811
0.0003128660307,0.9229969978,1.196591139
0.0003228660307,0.8970134258,1.171684265
0.0003328660307,0.8674897552,1.141462684
0.0003428660307,0.8345425129,1.10604918
0.0003528660307,0.7983016968,1.065587401
0.0003628660307,0.758910358,1.02024138
0.0003728660307,0.7165238857,0.970195055
0.0003828660307,0.6713097095,0.9156509638
0.0003928660307,0.6234461665,0.8568298817
0.0003938660307,0.6185212731,0.8507195115
0.0004038660307,0.5679619312,0.7874692082
0.0004048660307,0.562779367,0.7809309363
0.0004148660307,0.5097657442,0.7135603428
0.0004158660307,0.504350245,0.706625998
0.0004258660307,0.4491354525,0.6354638338
0.0004268660307,0.4435128272,0.6281672716
0.0004368660307,0.3863605261,0.5535603762
0.0004378660307,0.3805576563,0.5459371805
0.0004478660307,0.3217407167,0.4682489038
0.0004488660307,0.3157853186,0.4603361785
0.0004588660307,0.2555846274,0.3799447119
0.0004598660307,0.2495051026,0.3717809319
0.0004698660307,0.1882080883,0.2890772521
0.0004708660307,0.1820335239,0.2807021141
0.0004808660307,0.1199328825,0.1960882843
0.0004818660307,0.1136927232,0.187542513
0.0004918660307,0.05108499154,0.1014296561
0.0004928660307,0.04480904341,0.09275475889
0.0005028660307,-0.01800682768,0.005561140832
0.0005038660307,-0.02428859845,-0.003200758481
0.0005138660307,-0.08701266348,-0.09105177224
0.0005148660307,-0.09327026457,-0.09985813498
0.0005248660307,-0.1556030214,-0.1879400909
0.0005258660307,-0.1618065536,-0.1967481822
0.0005358660307,-0.2234503627,-0.2846335769
0.0005368660307,-0.2295702398,-0.2934006453
0.0005468660307,-0.290230751,-0.3806629777
0.0005478660307,-0.2962377071,-0.3893464506
0.0005578660307,-0.3556252718,-0.4755622745
0.0005588660307,-0.3614906669,-0.4841200411
0.0005688660307,-0.419321686,-0.5688709617
0.0005698660307,-0.4250175059,-0.5772615075
0.0005798660307,-0.481015861,-0.6601361036
0.0005808660307,-0.4865148664,-0.6683186889
0.0005908660307,-0.5404132009,-0.7489147186
0.0005918660307,-0.5456891656,-0.756849587
0.0006018660307,-0.5972300768,-0.8347756863
0.0006028660307,-0.6022577882,-0.8424243331
0.0006128660307,-0.6511951685,-0.9173019528
0.0006138660307,-0.6559506059,-0.9246271849
0.0006238660307,-0.7020508051,-0.9960923791
0.0006248660307,-0.7065113187,-1.003058553
0.0006348660307,-0.7495541573,-1.070763707
0.0006358660307,-0.7536984086,-1.077337027
0.0006458660307,-0.7934783697,-1.140952706
0.0006468660307,-0.7972866297,-1.147101164
0.0006568660307,-0.8336138129,-1.206317306
0.0006578660307,-0.8370678425,-1.21201086
0.0006678660307,-0.8697686791,-1.26653862
0.0006688660307,-0.8728520274,-1.271749377
0.0006788660307,-0.9017704725,-1.321322441
0.0006798660307,-0.9044683576,-1.326025128
0.0006898660307,-0.9294663072,-1.370400548
0.0006908660307,-0.9317658544,-1.374572039
0.0007008660307,-0.9527239203,-1.413532138
0.0007018660307,-0.9546141624,-1.417151928
0.0007118660307,-0.9714323282,-1.45050478
0.0007128660307,-0.9729042053,-1.453554988
0.0007228660307,-0.9855021238,-1.481135607
0.0007328660307,-0.9942107201,-1.503349066
0.0007428660307,-0.9989955425,-1.52010262
0.0007528660307,-0.9998378754,-1.531325698
0.0007628660307,-0.9967342615,-1.536969304
0.0007728660307,-0.9896969795,-1.537006497
0.0007828660307,-0.9787538648,-1.531432629
0.0007928660307,-0.9639480114,-1.520265102
0.0008028660307,-0.9453378916,-1.503543615
0.0008128660307,-0.9229969978,-1.481329918
0.0008228660307,-0.8970134258,-1.45370698
0.0008328660307,-0.8674897552,-1.420779824
0.0008428660307,-0.8345425129,-1.382673979
0.0008528660307,-0.7983016968,-1.339535713
0.0008628660307,-0.758910358,-1.291530967
0.0008728660307,-0.7165238857,-1.23884511
0.0008828660307,-0.6713097095,-1.181681991
0.0008928660307,-0.6234461665,-1.1202631
0.0008938660307,-0.6185212731,-1.113894105
0.0009038660307,-0.5679619312,-1.048070312
0.0009048660307,-0.562779367,-1.041275859
0.0009148660307,-0.5097657442,-0.9713565111
0.0009158660307,-0.504350245,-0.9641685486
0.0009258660307,-0.4491354525,-0.8904827237
0.0009268660307,-0.4435128272,-0.8829351068
0.0009368660307,-0.3863605261,-0.8058299422
0.0009378660307,-0.3805576563,-0.7979581952
0.0009478660307,-0.3217407167,-0.7177972198
0.0009488660307,-0.3157853186,-0.7096384764
0.0009588660307,-0.2555846274,-0.6267998815
0.0009598660307,-0.2495051026,-0.6183926463
0.0009698660307,-0.1882080883,-0.5332673788
0.0009708660307,-0.1820335239,-0.5246513486
0.0009808660307,-0.1199328825,-0.4376413524
0.0009818660307,-0.1136927232,-0.4288572371
0.0009918660307,-0.05108499154,-0.3403735757
0.0009928660307,-0.04480904341,-0.3314628601
0.001002866031,0.01800682768,-0.2419236004
0.001003866031,0.02428859845,-0.2329283953
0.001013866031,0.08701266348,-0.1427567601
0.001014866031,0.09327026457,-0.1337195784
0.001024866031,0.1556030214,-0.04334181175
0.001025866031,0.1618065536,-0.03430538252
0.001035866031,0.2234503627,0.05585122481
0.001036866031,0.2295702398,0.06484417617
0.001046866031,0.290230751,0.1543533355
0.001047866031,0.2962377071,0.163260296
0.001057866031,0.3556252718,0.251698792
0.001058866031,0.3614906669,0.2604776323
0.001068866031,0.419321686,0.347427249
0.001069866031,0.4250175059,0.3560364842
0.001079866031,0.481015861,0.4410861731
0.001080866031,0.4865148664,0.4494850636
0.001090866031,0.5404132009,0.5322327018
0.001091866031,0.5456891656,0.5403815508
0.001101866031,0.5972300768,0.6204360723
0.001102866031,0.6022577882,0.6282963753
0.001112866031,0.6511951685,0.7052794099
0.001113866031,0.6559506059,0.712814033
0.001123866031,0.7020508051,0.7863619328
0.001124866031,0.7065113187,0.7935352921
0.001134866031,0.7495541573,0.8633006811
0.001135866031,0.7536984086,0.8700789213
0.001145866031,0.7934783697,0.9357324839
0.001146866031,0.7972866297,0.9420835972
0.001156866031,0.8336138129,1.003315687
0.001157866031,0.8370678425,1.009209752
0.001167866031,0.8697686791,1.065731645
0.001168866031,0.8728520274,1.071140766
0.001178866031,0.9017704725,1.122686386
0.001179866031,0.9044683576,1.127585292
0.001189866031,0.9294663072,1.173912048
0.001190866031,0.9317658544,1.178277493
0.001200866031,0.9527239203,1.219167829
0.001201866031,0.9546141624,1.222979546
0.001211866031,0.9714323282,1.258241892
0.001212866031,0.9729042053,1.261481881
0.001222866031,0.9855021238,1.290951252
0.001232866031,0.9942107201,1.315034747
0.001242866031,0.9989955425,1.333640099
0.001252866031,0.9998378754,1.346696734
0.001262866031,0.9967342615,1.354155779
0.001272866031,0.9896969795,1.355990529
0.001282866031,0.9787538648,1.352196693
0.001292866031,0.9639480114,1.342791677
0.001302866031,0.9453378916,1.327815294
0.001312866031,0.9229969978,1.307329535
0.001322866031,0.8970134258,1.281417727
0.001332866031,0.8674897552,1.250184655
0.001342866031,0.8345425129,1.213756323
0.001352866031,0.7983016968,1.172279
0.001362866031,0.758910358,1.125918984
0.001372866031,0.7165238857,1.074861526
0.001382866031,0.6713097095,1.019310951
0.001392866031,0.6234461665,0.9594887495
0.001393866031,0.6185212731,0.9532786012
0.001403866031,0.5679619312,0.8890340924
0.001404866031,0.562779367,0.8823967576
0.001414866031,0.5097657442,0.8140397072
0.001415866031,0.504350245,0.807007134
0.001425866031,0.4491354525,0.7348666787
0.001426866031,0.4435128272,0.7274727821
0.001436866031,0.3863605261,0.6518962979
0.001437866031,0.3805576563,0.6441766024
0.001447866031,0.3217407167,0.5655277967
0.001448866031,0.3157853186,0.5575194955
0.001458866031,0.2555846274,0.4761766791
0.001459866031,0.2495051026,0.4679182172
0.001469866031,0.1882080883,0.3842725754
0.001470866031,0.1820335239,0.3758037388
0.001480866031,0.1199328825,0.2902573943
0.001481866031,0.1136927232,0.2816188633
0.001491866031,0.05108499154,0.1945830286
0.001492866031,0.04480904341,0.1858163029
0.001502866031,-0.01800682768,0.09770923108
0.001503866031,-0.02428859845,0.08885646611
0.001513866031,-0.08701266348,0.0001015206508
0.001514866031,-0.09327026457,-0.0087947594
0.001524866031,-0.1556030214,-0.0977711454
0.001525866031,-0.1618065536,-0.1066682041
0.001535866031,-0.2234503627,-0.1954385787
0.001536866031,-0.2295702398,-0.2042936683
0.001546866031,-0.290230751,-0.2924315929
0.001547866031,-0.2962377071,-0.3012021482
0.001557866031,-0.3556252718,-0.3882842362
0.001558866031,-0.3614906669,-0.3969281614
0.001568866031,-0.419321686,-0.4825360477
0.001569866031,-0.4250175059,-0.4910118282
0.001579866031,-0.481015861,-0.5747342706
0.001580866031,-0.4865148664,-0.5830011368
0.001590866031,-0.5404132009,-0.6644359231
0.001591866031,-0.5456891656,-0.6724541783
0.001601866031,-0.5972300768,-0.7512099743
0.001602866031,-0.6022577882,-0.7589411139
0.001612866031,-0.6511951685,-0.8346394897
0.001613866031,-0.6559506059,-0.84204638
0.001623866031,-0.7020508051,-0.9143235087
0.001624866031,-0.7065113187,-0.9213704467
0.001634866031,-0.7495541573,-0.9898788333
0.001635866031,-0.7536984086,-0.996532023
0.001645866031,-0.7934783697,-1.060942173
0.001646866031,-0.7972866297,-1.067169547
0.001656866031,-0.8336138129,-1.127171636
0.001657866031,-0.8370678425,-1.132943392
0.001667866031,-0.8697686791,-1.188248634
0.001668866031,-0.8728520274,-1.193536758
0.001678866031,-0.9017704725,-1.243878722
0.001679866031,-0.9044683576,-1.248657942
0.001689866031,-0.9294663072,-1.293794155
0.001690866031,-0.9317658544,-1.298041224
0.001700866031,-0.9527239203,-1.337754011
0.001701866031,-0.9546141624,-1.341448545
0.001711866031,-0.9714323282,-1.375545859
0.001712866031,-0.9729042053,-1.378669977
0.001722866031,-0.9855021238,-1.406987071
0.001732866031,-0.9942107201,-1.429929495
0.001742866031,-0.9989955425,-1.4474051
0.001752866031,-0.9998378754,-1.459343076
0.001762866031,-0.9967342615,-1.465694427
0.001772866031,-0.9896969795,-1.466432452
0.001782866031,-0.9787538648,-1.461552501
0.001792866031,-0.9639480114,-1.451072216
0.001802866031,-0.9453378916,-1.435031176
0.001812866031,-0.9229969978,-1.413491011
0.001822866031,-0.8970134258,-1.386535287
0.001832866031,-0.8674897552,-1.35426867
0.001842866031,-0.8345425129,-1.316816807
0.001852866031,-0.7983016968,-1.274326086
0.001862866031,-0.758910358,-1.226962566
0.001872866031,-0.7165238857,-1.174911618
0.001882866031,-0.6713097095,-1.11837709
0.001892866031,-0.6234461665,-1.057580829
0.001893866031,-0.6185212731,-1.051273704
0.001903866031,-0.5679619312,-0.9860656857
0.001904866031,-0.562779367,-0.9793325067
0.001914866031,-0.5097657442,-0.9100221992
0.001915866031,-0.504350245,-0.9028948545
0.001925866031,-0.4491354525,-0.8298115134
0.001926866031,-0.4435128272,-0.8223237991
0.001936866031,-0.3863605261,-0.7458146811
0.001937866031,-0.3805576563,-0.7380021811
0.001947866031,-0.3217407167,-0.6584308147
0.001948866031,-0.3157853186,-0.6503307223
0.001958866031,-0.2555846274,-0.5680752397
0.001959866031,-0.2495051026,-0.5597260594
0.001969866031,-0.1882080883,-0.4751776457
0.001970866031,-0.1820335239,-0.4666190147
0.001980866031,-0.1199328825,-0.3801796734
0.001981866031,-0.1136927232,-0.3714523017
0.001991866031,-0.05108499154,-0.2835330963
0.001992866031,-0.04480904341,-0.2746785283
0.002002866031,0.01800682768,-0.1856976599
0.002003866031,0.02428859845,-0.1767579913
0.002013866031,0.08701266348,-0.0871386826
0.002014866031,0.09327026457,-0.07815644145
0.002024866031,0.1556030214,0.01167496294
0.002025866031,0.1618065536,0.02065705322
0.002035866031,0.2234503627,0.1102731973
0.002036866031,0.2295702398,0.1192124039
0.002046866031,0.290230751,0.2081869543
0.002047866031,0.2962377071,0.2170407325
0.002057866031,0.3556252718,0.3049503863
0.002058866031,0.3614906669,0.3136766255
0.002068866031,0.419321686,0.4001031518
0.002069866031,0.4250175059,0.4086603224
0.002079866031,0.481015861,0.4931925535
0.002080866031,0.4865148664,0.5015400052
0.002090866031,0.5404132009,0.5837757587
0.002091866031,0.5456891656,0.5918737054
0.002101866031,0.5972300768,0.6714218855
0.002102866031,0.6022577882,0.6792318225
0.002112866031,0.6511951685,0.7557139993
0.002113866031,0.6559506059,0.7631988525
0.002123866031,0.7020508051,0.8362512589
0.002124866031,0.7065113187,0.8433753252
0.002134866031,0.7495541573,0.9126506448
0.002135866031,0.7536984086,0.9193801284
0.002145866031,0.7934783697,0.9845489264
0.002146866031,0.7972866297,0.9908518195
0.002156866031,0.8336138129,1.05160439
0.002157866031,0.8370678425,1.057450652
0.002167866031,0.8697686791,1.113498211
0.002168866031,0.8728520274,1.118860245
0.002178866031,0.9017704725,1.169936538
0.002179866031,0.9044683576,1.174788713
0.002189866031,0.9294663072,1.220651388
0.002190866031,0.9317658544,1.224970698
0.002200866031,0.9527239203,1.265401959
0.002201866031,0.9546141624,1.2691679
0.002211866031,0.9714323282,1.303976059
0.002212866031,0.9729042053,1.307170868
0.002222866031,0.9855021238,1.336190939
0.002232866031,0.9942107201,1.359829664
0.002242866031,0.9989955425,1.377994537
0.002252866031,0.9998378754,1.390614986
0.002262866031,0.9967342615,1.397642136
0.002272866031,0.9896969795,1.399049401
0.002282866031,0.9787538648,1.394832015
0.002292866031,0.9639480114,1.385007739
0.002302866031,0.9453378916,1.369616389
0.002312866031,0.9229969978,1.348719478
0.002322866031,0.8970134258,1.322400689
0.002332866031,0.8674897552,1.290764689
0.002342866031,0.8345425129,1.253937244
0.002352866031,0.7983016968,1.212064862
0.002362866031,0.758910358,1.165313601
0.002372866031,0.7165238857,1.113868833
0.002382866031,0.6713097095,1.057934642
0.002392866031,0.6234461665,0.9977326393
0.002393866031,0.6185212731,0.9914847016
0.002403866031,0.5679619312,0.9268645644
0.002404866031,0.562779367,0.9201897979
0.002414866031,0.5097657442,0.8514611125
0.002415866031,0.504350245,0.8443915844
0.002425866031,0.4491354525,0.7718835473
0.002426866031,0.4435128272,0.7644530535
0.002436866031,0.3863605261,0.6885129809
0.002437866031,0.3805576563,0.6807571054
0.002447866031,0.3217407167,0.6017485857
0.002448866031,0.3157853186,0.5937044621
0.002458866031,0.2555846274,0.5120058656
0.002459866031,0.2495051026,0.5037120581
0.002469866031,0.1882080883,0.419714421
0.002470866031,0.1820335239,0.4112105668
0.002480866031,0.1199328825,0.3253160715
0.002481866031,0.1136927232,0.3166429102
0.002491866031,0.05108499154,0.2292626649
0.002492866031,0.04480904341,0.2204616964
0.002502866031,-0.01800682768,0.1320139468
0.002503866031,-0.02428859845,0.1231272891
0.002513866031,-0.08701266348,0.03403535485
0.002514866031,-0.09327026457,0.0251055602
0.002524866031,-0.1556030214,-0.06420417875
0.002525866031,-0.1618065536,-0.07313438505
0.002535866031,-0.2234503627,-0.162234515
0.002536866031,-0.2295702398,-0.1711223871
0.002546866031,-0.290230751,-0.2595864832
0.002547866031,-0.2962377071,-0.268389523
0.002557866031,-0.3556252718,-0.3557942212
0.002558866031,-0.3614906669,-0.3644702435
0.002568866031,-0.419321686,-0.4503973126
0.002569866031,-0.4250175059,-0.4589048326
0.002579866031,-0.481015861,-0.5429430008
0.002580866031,-0.4865148664,-0.5512412786
0.002590866031,-0.5404132009,-0.6329883337
0.002591866031,-0.5456891656,-0.6410377026
0.002601866031,-0.5972300768,-0.7201024294
0.002602866031,-0.6022577882,-0.7278642654
0.002612866031,-0.6511951685,-0.8038682342
0.002613866031,-0.6559506059,-0.8113055229
0.002623866031,-0.7020508051,-0.8838849068
0.002624866031,-0.7065113187,-0.8909619451
0.002634866031,-0.7495541573,-0.9597693086
0.002635866031,-0.7536984086,-0.9664522409
0.002645866031,-0.7934783697,-1.031158209
0.002646866031,-0.7972866297,-1.037415028
0.002656866031,-0.8336138129,-1.097709656
0.002657866031,-0.8370678425,-1.103510499
0.002667866031,-0.8697686791,-1.159105062
0.002668866031,-0.8728520274,-1.164422035
0.002678866031,-0.9017704725,-1.21505034
0.002679866031,-0.9044683576,-1.21985805
0.002689866031,-0.9294663072,-1.265277386
0.002690866031,-0.9317658544,-1.269552708
0.002700866031,-0.9527239203,-1.309545517
0.002701866031,-0.9546141624,-1.313267946
0.002711866031,-0.9714323282,-1.347642422
0.002712866031,-0.9729042053,-1.350794077
0.002722866031,-0.9855021238,-1.379385233
0.002732866031,-0.9942107201,-1.402599096
0.002742866031,-0.9989955425,-1.420343518
0.002752866031,-0.9998378754,-1.43254745
0.002762866031,-0.9967342615,-1.439162374
0.002772866031,-0.9896969795,-1.440161347
0.002782866031,-0.9787538648,-1.435539722
0.002792866031,-0.9639480114,-1.425315142
0.002802866031,-0.9453378916,-1.409527421
0.002812866031,-0.9229969978,-1.388238072
0.002822866031,-0.8970134258,-1.361530662
0.002832866031,-0.8674897552,-1.329509854
0.002842866031,-0.8345425129,-1.292301536
0.002852866031,-0.7983016968,-1.250051856
0.002862866031,-0.758910358,-1.202926993
0.002872866031,-0.7165238857,-1.151112437
0.002882866031,-0.6713097095,-1.094811916
0.002892866031,-0.6234461665,-1.034247279
0.002893866031,-0.6185212731,-1.0279634
0.002903866031,-0.5679619312,-0.9629845023
0.002904866031,-0.562779367,-0.9562740922
0.002914866031,-0.5097657442,-0.8871905804
0.002915866031,-0.504350245,-0.8800857067
0.002925866031,-0.4491354525,-0.8072267175
0.002926866031,-0.4435128272,-0.7997612953
0.002936866031,-0.3863605261,-0.7234740257
0.002937866031,-0.3805576563,-0.715683639
0.002947866031,-0.3217407167,-0.6363316774
0.002948866031,-0.3157853186,-0.6282534003
0.002958866031,-0.2555846274,-0.5462150574
0.002959866031,-0.2495051026,-0.537887454
0.002969866031,-0.1882080883,-0.453553766
0.002970866031,-0.1820335239,-0.4450165033
0.002980866031,-0.1199328825,-0.358789593
0.002981866031,-0.1136927232,-0.3500833511
0.002991866031,-0.05108499154,-0.2623742819
0.002992866031,-0.04480904341,-0.2535406053
0.003002866031,0.01800682768,-0.1647675782
0.003003866031,0.02428859845,-0.1558485776
0.003013866031,0.08701266348,-0.06643489003
0.003014866031,0.09327026457,-0.05747309327
0.003024866031,0.1556030214,0.03215492517
0.003025866031,0.1618065536,0.04111678526
0.003035866031,0.2234503627,0.1305317432
0.003036866031,0.2295702398,0.1394509375
0.003046866031,0.290230751,0.2282264829
0.003047866031,0.2962377071,0.2370604724
0.003057866031,0.3556252718,0.324773252
0.003058866031,0.3614906669,0.3334799111
0.003068866031,0.419321686,0.419711709
0.003069866031,0.4250175059,0.4282495379
0.003079866031,0.481015861,0.5125891566
0.003080866031,0.4865148664,0.5209174156
0.003090866031,0.5404132009,0.6029626131
0.003091866031,0.5456891656,0.6110416651
0.003101866031,0.5972300768,0.6904013157
0.003102866031,0.6022577882,0.6981925368
0.003112866031,0.6511951685,0.7744882703
0.003113866031,0.6559506059,0.7819545269
0.003123866031,0.7020508051,0.8548225164
0.003124866031,0.7065113187,0.8619282842
0.003134866031,0.7495541573,0.9310211539
0.003135866031,0.7536984086,0.9377324581
0.003145866031,0.7934783697,1.002720833
0.003146866031,0.7972866297,1.009005785
0.003156866031,0.8336138129,1.06957972
0.003157866031,0.8370678425,1.07540834
0.003167866031,0.8697686791,1.131279349
0.003168866031,0.8728520274,1.13662374
0.003178866031,0.9017704725,1.187525392
0.003179866031,0.9044683576,1.192360282
0.003189866031,0.9294663072,1.238050103
0.003190866031,0.9317658544,1.242352247
0.003200866031,0.9527239203,1.282612562
0.003201866031,0.9546141624,1.286361575
0.003211866031,0.9714323282,1.321000576
0.003212866031,0.9729042053,1.324178576
0.003222866031,0.9855021238,1.353031397
0.003232866031,0.9942107201,1.37650454
0.003242866031,0.9989955425,1.394505382
0.003252866031,0.9998378754,1.406963587
0.003262866031,0.9967342615,1.413829923
0.003272866031,0.9896969795,1.415078044
0.003282866031,0.9787538648,1.410703063
0.003292866031,0.9639480114,1.400722742
0.003302866031,0.9453378916,1.385176778
0.003312866031,0.9229969978,1.364126921
0.003322866031,0.8970134258,1.337656617
0.003332866031,0.8674897552,1.305870533
0.003342866031,0.8345425129,1.268894672
0.003352866031,0.7983016968,1.226875067
0.003362866031,0.758910358,1.179978132
0.003372866031,0.7165238857,1.128389239
0.003382866031,0.6713097095,1.072312236
0.003392866031,0.6234461665,1.011968851
0.003393866031,0.6185212731,1.005706906
0.003403866031,0.5679619312,0.940946877
0.003404866031,0.562779367,0.9342582822
0.003414866031,0.5097657442,0.8653911948
0.003415866031,0.504350245,0.858307898
0.003425866031,0.4491354525,0.7856630683
0.003426866031,0.4435128272,0.778218925
0.003436866031,0.3863605261,0.7021434903
0.003437866031,0.3805576563,0.6943741441
0.003447866031,0.3217407167,0.6152317524
0.003448866031,0.3157853186,0.6071743369
0.003458866031,0.2555846274,0.5253432393
0.003459866031,0.2495051026,0.5170362592
0.003469866031,0.1882080883,0.4329076409
0.003470866031,0.1820335239,0.4243907332
0.003480866031,0.1199328825,0.3383666277
0.003481866031,0.1136927232,0.3296805918
0.003491866031,0.05108499154,0.2421721369
0.003492866031,0.04480904341,0.233358413
0.003502866031,-0.01800682768,0.1447838545
0.003503866031,-0.02428859845,0.135884583
0.003513866031,-0.08701266348,0.04666720703
0.003514866031,-0.09327026457,0.03772493452
0.003524866031,-0.1556030214,-0.05170889571
0.003525866031,-0.1618065536,-0.0606514439
0.003535866031,-0.2234503627,-0.1498743147
0.003536866031,-0.2295702398,-0.1587744057
0.003546866031,-0.290230751,-0.2473599315
0.003547866031,-0.2962377071,-0.2561750114
0.003557866031,-0.3556252718,-0.3436998427
0.003558866031,-0.3614906669,-0.3523878157
0.003568866031,-0.419321686,-0.438433677
0.003569866031,-0.4250175059,-0.4469530284
0.003579866031,-0.481015861,-0.5311086774
0.003580866031,-0.4865148664,-0.5394186974
0.003590866031,-0.5404132009,-0.6212819815
0.003591866031,-0.5456891656,-0.6293429136
0.003601866031,-0.5972300768,-0.7085226178
0.003602866031,-0.6022577882,-0.7162959576
0.003612866031,-0.6511951685,-0.7924136519
0.003613866031,-0.6559506059,-0.799862206
0.003623866031,-0.7020508051,-0.8725541234
0.003624866031,-0.7065113187,-0.8796423674
0.003634866031,-0.7495541573,-0.9485610127
0.003635866031,-0.7536984086,-0.9552550316
0.003645866031,-0.7934783697,-1.02007103
0.003646866031,-0.7972866297,-1.026338816
0.003656866031,-0.8336138129,-1.086742401
0.003657866031,-0.8370678425,-1.092554092
0.003667866031,-0.8697686791,-1.148256421
0.003668866031,-0.8728520274,-1.153584123
0.003678866031,-0.9017704725,-1.204319
0.003679866031,-0.9044683576,-1.209137201
0.003689866031,-0.9294663072,-1.254662037
0.003690866031,-0.9317658544,-1.258947849
0.003700866031,-0.9527239203,-1.299044967
0.003701866031,-0.9546141624,-1.302777767
0.003711866031,-0.9714323282,-1.337255359
0.003712866031,-0.9729042053,-1.340417385
0.003722866031,-0.9855021238,-1.369110465
0.003732866031,-0.9942107201,-1.392425418
0.003742866031,-0.9989955425,-1.410269856
0.003752866031,-0.9998378754,-1.422572851
0.003762866031,-0.9967342615,-1.429285884
0.003772866031,-0.9896969795,-1.430381894
0.003782866031,-0.9787538648,-1.425856471
0.003792866031,-0.9639480114,-1.415727139
0.003802866031,-0.9453378916,-1.400033593
0.003812866031,-0.9229969978,-1.378837705
0.003822866031,-0.8970134258,-1.352222681
0.003832866031,-0.8674897552,-1.320293427
0.003842866031,-0.8345425129,-1.283175707
0.003852866031,-0.7983016968,-1.241015792
0.003862866031,-0.758910358,-1.19397974
0.003872866031,-0.7165238857,-1.14225316
0.003882866031,-0.6713097095,-1.086039782
0.003892866031,-0.6234461665,-1.025561452
0.003893866031,-0.6185212731,-1.019286036
0.003903866031,-0.5679619312,-0.9543924928
0.003904866031,-0.562779367,-0.9476906061
0.003914866031,-0.5097657442,-0.8786914945
0.003915866031,-0.504350245,-0.8715950251
0.003925866031,-0.4491354525,-0.7988195419
0.003926866031,-0.4435128272,-0.7913624048
0.003936866031,-0.3863605261,-0.7151577473
0.003937866031,-0.3805576563,-0.7073755264
0.003947866031,-0.3217407167,-0.6281052828
0.003948866031,-0.3157853186,-0.6200351715
0.003958866031,-0.2555846274,-0.5380775928
0.003959866031,-0.2495051026,-0.5297580361
0.003969866031,-0.1882080883,-0.4455043077
0.003970866031,-0.1820335239,-0.4369749725
0.003980866031,-0.1199328825,-0.3508271277
0.003981866031,-0.1136927232,-0.3421287537
0.003991866031,-0.05108499154,-0.2544979155
0.003992866031,-0.04480904341,-0.2456720173
0.004002866031,0.01800682768,-0.156976372
0.004003866031,0.02428859845,-0.1480650753
0.004013866031,0.08701266348,-0.0587279126
0.004014866031,0.09327026457,-0.04977372661
0.004024866031,0.1556030214,0.03977857903
0.004025866031,0.1618065536,0.04873291031
0.004035866031,0.2234503627,0.1380729824
0.004036866031,0.2295702398,0.1469847262
0.004046866031,0.290230751,0.235686183
0.004047866031,0.2962377071,0.2445127964
0.004057866031,0.3556252718,0.332152307
0.004058866031,0.3614906669,0.3408516943
0.004068866031,0.419321686,0.4270109832
0.004069866031,0.4250175059,0.4355416
0.004079866031,0.481015861,0.5198094845
0.004080866031,0.4865148664,0.5281306505
0.004090866031,0.5404132009,0.6101049185
0.004091866031,0.5456891656,0.6181768775
0.004101866031,0.5972300768,0.697466433
0.004102866031,0.6022577882,0.7052506208
0.004112866031,0.6511951685,0.7814769745
0.004113866031,0.6559506059,0.788936317
0.004123866031,0.7020508051,0.8617357016
0.004124866031,0.7065113187,0.8688346148
0.004134866031,0.7495541573,0.9378595352
0.004135866031,0.7536984086,0.9445641637
0.004145866031,0.7934783697,1.009485245
0.004146866031,0.7972866297,1.015763521
0.004156866031,0.8336138129,1.076271176
0.004157866031,0.8370678425,1.08209312
0.004167866031,0.8697686791,1.137898326
0.004168866031,0.8728520274,1.14323616
0.004178866031,0.9017704725,1.194072843
0.004179866031,0.9044683576,1.198901176
0.004189866031,0.9294663072,1.244526744
0.004190866031,0.9317658544,1.248822451
0.004200866031,0.9527239203,1.289019108
0.004201866031,0.9546141624,1.292761803
0.004211866031,0.9714323282,1.32733798
0.004212866031,0.9729042053,1.330509663
0.004222866031,0.9855021238,1.359300256
0.004232866031,0.9942107201,1.382711768
0.004242866031,0.9989955425,1.400651574
0.004252866031,0.9998378754,1.413049221
0.004262866031,0.9967342615,1.419855833
0.004272866031,0.9896969795,1.421044707
0.004282866031,0.9787538648,1.416611075
0.004292866031,0.9639480114,1.40657258
0.004302866031,0.9453378916,1.390969157
0.004312866031,0.9229969978,1.369862318
0.004322866031,0.8970134258,1.343335509
0.004332866031,0.8674897552,1.311493635
0.004342866031,0.8345425129,1.274462461
0.004352866031,0.7983016968,1.232388258
0.004362866031,0.758910358,1.185437083
0.004372866031,0.7165238857,1.133794427
0.004382866031,0.6713097095,1.077664375
0.004392866031,0.6234461665,1.0172683
0.004393866031,0.6185212731,1.01100111
0.004403866031,0.5679619312,0.9461890459
0.004404866031,0.562779367,0.9394952655
0.004414866031,0.5097657442,0.8705766797
0.004415866031,0.504350245,0.8634882569
0.004425866031,0.4491354525,0.7907924652
0.004426866031,0.4435128272,0.7833433151
0.004436866031,0.3863605261,0.7072174549
0.004437866031,0.3805576563,0.6994431019
0.004447866031,0.3217407167,0.6202508807
0.004448866031,0.3157853186,0.6121884584
0.004458866031,0.2555846274,0.5303081274
0.004459866031,0.2495051026,0.5219962001
0.004469866031,0.1882080883,0.4378187954
0.004470866031,0.1820335239,0.4292970598
0.004480866031,0.1199328825,0.3432247043
0.004481866031,0.1136927232,0.3345338404
0.004491866031,0.05108499154,0.2469776869
0.004492866031,0.04480904341,0.2381592095
0.004502866031,-0.01800682768,0.1495374441
0.004503866031,-0.02428859845,0.1406334788
0.004513866031,-0.08701266348,0.05136940628
0.004514866031,-0.09327026457,0.04242248833
0.004524866031,-0.1556030214,-0.04705753177
0.004525866031,-0.1618065536,-0.05600467324
0.004535866031,-0.2234503627,-0.1452732384
0.004536866031,-0.2295702398,-0.1541778743
0.004546866031,-0.290230751,-0.2428085953
0.004547866031,-0.2962377071,-0.2516281903
0.004557866031,-0.3556252718,-0.3391977251
0.004558866031,-0.3614906669,-0.3478901386
0.004568866031,-0.419321686,-0.4339802265
0.004569866031,-0.4250175059,-0.4425039589
0.004579866031,-0.481015861,-0.5267034173
0.004580866031,-0.4865148664,-0.5350177288
0.004590866031,-0.5404132009,-0.6169242859
0.004591866031,-0.5456891656,-0.6249895096
0.004601866031,-0.5972300768,-0.7042120695
0.004602866031,-0.6022577882,-0.7119896412
0.004612866031,-0.6511951685,-0.7881496549
0.004613866031,-0.6559506059,-0.7956024408
0.004623866031,-0.7020508051,-0.8683362603
0.004624866031,-0.7065113187,-0.8754286766
0.004634866031,-0.7495541573,-0.9443887472
0.004635866031,-0.7536984086,-0.9510868788
0.004645866031,-0.7934783697,-1.015943885
0.004646866031,-0.7972866297,-1.022215843
0.004656866031,-0.8336138129,-1.08265996
0.004657866031,-0.8370678425,-1.088475585
0.004667866031,-0.8697686791,-1.144218087
0.004668866031,-0.8728520274,-1.149549723
0.004678866031,-0.9017704725,-1.200324297
0.004679866031,-0.9044683576,-1.205146432
0.004689866031,-0.9294663072,-1.250710487
0.004690866031,-0.9317658544,-1.255000234
0.004700866031,-0.9527239203,-1.295136094
0.004701866031,-0.9546141624,-1.298872828
0.004711866031,-0.9714323282,-1.333388805
0.004712866031,-0.9729042053,-1.336554527
0.004722866031,-0.9855021238,-1.365285754
0.004732866031,-0.9942107201,-1.388638258
0.004742866031,-0.9989955425,-1.40651989
0.004752866031,-0.9998378754,-1.418859839
0.004762866031,-0.9967342615,-1.42560935
0.004772866031,-0.9896969795,-1.426741481
0.004782866031,-0.9787538648,-1.422251821
0.004792866031,-0.9639480114,-1.412158012
0.004802866031,-0.9453378916,-1.396499634
0.004812866031,-0.9229969978,-1.375338435
0.004822866031,-0.8970134258,-1.348757744
0.004832866031,-0.8674897552,-1.316862583
0.004842866031,-0.8345425129,-1.2797786
0.004852866031,-0.7983016968,-1.237652063
0.004862866031,-0.758910358,-1.190649152
0.004872866031,-0.7165238857,-1.138955355
0.004882866031,-0.6713097095,-1.082774401
0.004892866031,-0.6234461665,-1.022328138
0.004893866031,-0.6185212731,-1.016055942
0.004903866031,-0.5679619312,-0.9511941671
0.004904866031,-0.562779367,-0.9444954395
0.004914866031,-0.5097657442,-0.8755276799
0.004915866031,-0.504350245,-0.8684344292
0.004925866031,-0.4491354525,-0.7956899405
0.004926866031,-0.4435128272,-0.7882359624
0.004936866031,-0.3863605261,-0.7120620012
0.004937866031,-0.3805576563,-0.7042828798
0.004947866031,-0.3217407167,-0.6250430346
0.004948866031,-0.3157853186,-0.6169759035
0.004958866031,-0.2555846274,-0.5350484848
0.004959866031,-0.2495051026,-0.5267318487
0.004969866031,-0.1882080883,-0.4425078928
0.004970866031,-0.1820335239,-0.4339815378
0.004980866031,-0.1199328825,-0.3478631079
0.004981866031,-0.1136927232,-0.3391676843
0.004991866031,-0.05108499154,-0.251565963
0.004992866031,-0.04480904341,-0.2427429408
0.005002866031,0.01800682768,-0.1540760994
0.005003866031,0.02428859845,-0.1451676637
0.005013866031,0.08701266348,-0.05585899577
0.005014866031,0.09327026457,-0.04690764472
0.005024866031,0.1556030214,0.0426164791
0.005025866031,0.1618065536,0.05156800896
0.005035866031,0.2234503627,0.1408801973
0.005036866031,0.2295702398,0.1497891694
0.005046866031,0.290230751,0.2384630442
0.005047866031,0.2962377071,0.2472869307
0.005057866031,0.3556252718,0.3348991573
0.005058866031,0.3614906669,0.3435958326
0.005068866031,0.419321686,0.4297281504
0.005069866031,0.4250175059,0.4382560551
0.005079866031,0.481015861,0.5224972963
0.005080866031,0.4865148664,0.5308157206
0.005090866031,0.5404132009,0.6127636433
0.005091866031,0.5456891656,0.6208329797
0.005101866031,0.5972300768,0.7000963688
0.005102866031,0.6022577882,0.7078779936
0.005112866031,0.6511951685,0.7840785384
0.005113866031,0.6559506059,0.7915353179
0.005123866031,0.7020508051,0.8643091321
0.005124866031,0.7065113187,0.8714054823
0.005134866031,0.7495541573,0.9404051304
0.005135866031,0.7536984086,0.9471071959
0.005145866031,0.7934783697,1.012003422
0.005146866031,0.7972866297,1.018279076
0.005156866031,0.8336138129,1.078761935
0.005157866031,0.8370678425,1.084581494
0.005167866031,0.8697686791,1.140362263
0.005168866031,0.8728520274,1.145697713
0.005178866031,0.9017704725,1.196510196
0.005179866031,0.9044683576,1.201336145
0.005189866031,0.9294663072,1.246937633
0.005190866031,0.9317658544,1.251231074
0.005200866031,0.9527239203,1.291404009
0.005201866031,0.9546141624,1.29514432
0.005211866031,0.9714323282,1.329697013
0.005212866031,0.9729042053,1.33286643
0.005222866031,0.9855021238,1.361633897
0.005232866031,0.9942107201,1.385022402
0.005242866031,0.9989955425,1.402939558
0.005252866031,0.9998378754,1.415314674
0.005262866031,0.9967342615,1.422098994
0.005272866031,0.9896969795,1.423265696
0.005282866031,0.9787538648,1.418810248
0.005292866031,0.9639480114,1.408750176
0.005302866031,0.9453378916,1.393125296
0.005312866031,0.9229969978,1.371997356
0.005322866031,0.8970134258,1.345449567
0.005332866031,0.8674897552,1.31358695
0.005342866031,0.8345425129,1.276535153
0.005352866031,0.7983016968,1.234440446
0.005362866031,0.758910358,1.187469125
0.005372866031,0.7165238857,1.135806561
0.005382866031,0.6713097095,1.079656601
0.005392866031,0.6234461665,1.019240975
0.005393866031,0.6185212731,1.012971878
0.005403866031,0.5679619312,0.9481404424
0.005404866031,0.562779367,0.941444695
0.005414866031,0.5097657442,0.8725069761
0.005415866031,0.504350245,0.865416646
0.005425866031,0.4491354525,0.7927019
0.005426866031,0.4435128272,0.7852508426
0.005436866031,0.3863605261,0.7091062069
0.005437866031,0.3805576563,0.7013300061
0.005447866031,0.3217407167,0.6221191883
0.005448866031,0.3157853186,0.6140549779
0.005458866031,0.2555846274,0.5321562886
0.005459866031,0.2495051026,0.5238425136
0.005469866031,0.1882080883,0.4396469593
0.005470866031,0.1820335239,0.4311234355
0.005480866031,0.1199328825,0.3450331092
0.005481866031,0.1136927232,0.336340487
0.005491866031,0.05108499154,0.2487665415
0.005492866031,0.04480904341,0.2399463058
0.005502866031,-0.01800682768,0.1513069719
0.005503866031,-0.02428859845,0.1424012631
0.005513866031,-0.08701266348,0.05311979726
0.005514866031,-0.09327026457,0.04417115077
0.005524866031,-0.1556030214,-0.04532606527
0.005525866031,-0.1618065536,-0.05427491665
0.005535866031,-0.2234503627,-0.143560499
0.005536866031,-0.2295702398,-0.1524668187
0.005546866031,-0.290230751,-0.2411143631
0.005547866031,-0.2962377071,-0.249935627
0.005557866031,-0.3556252718,-0.3375218213
0.005558866031,-0.3614906669,-0.346215874
0.005568866031,-0.419321686,-0.4323224425
0.005569866031,-0.4250175059,-0.4408478141
0.005579866031,-0.481015861,-0.5250635147
0.005580866031,-0.4865148664,-0.5333794355
0.005590866031,-0.5404132009,-0.6153021455
0.005591866031,-0.5456891656,-0.6233689785
0.005601866031,-0.5972300768,-0.7026074529
0.005602866031,-0.6022577882,-0.7103865743
0.005612866031,-0.6511951685,-0.7865624428
0.005613866031,-0.6559506059,-0.7940167785
0.005623866031,-0.7020508051,-0.8667661548
0.005624866031,-0.7065113187,-0.8738601208
0.005634866031,-0.7495541573,-0.942835629
0.005635866031,-0.7536984086,-0.9495353103
0.005645866031,-0.7934783697,-1.014407635
0.005646866031,-0.7972866297,-1.020681024
0.005656866031,-0.8336138129,-1.081140161
0.005657866031,-0.8370678425,-1.086957335
0.005667866031,-0.8697686791,-1.142714739
0.005668866031,-0.8728520274,-1.148047924
0.005678866031,-0.9017704725,-1.19883728
0.005679866031,-0.9044683576,-1.203660846
0.005689866031,-0.9294663072,-1.249239564
0.005690866031,-0.9317658544,-1.253530741
0.005700866031,-0.9527239203,-1.293681026
0.005701866031,-0.9546141624,-1.29741919
0.005711866031,-0.9714323282,-1.331949472
0.005712866031,-0.9729042053,-1.335116625
0.005722866031,-0.9855021238,-1.363861918
0.005732866031,-0.9942107201,-1.387228489
0.005742866031,-0.9989955425,-1.405123949
0.005752866031,-0.9998378754,-1.417477608
0.005762866031,-0.9967342615,-1.424240708
0.005772866031,-0.9896969795,-1.425386429
0.005782866031,-0.9787538648,-1.42091012
0.005792866031,-0.9639480114,-1.410829425
0.005802866031,-0.9453378916,-1.39518404
0.005812866031,-0.9229969978,-1.374035835
0.005822866031,-0.8970134258,-1.347468019
0.005832866031,-0.8674897552,-1.315585494
0.005842866031,-0.8345425129,-1.278514028
0.005852866031,-0.7983016968,-1.236399889
0.005862866031,-0.758910358,-1.189409375
0.005872866031,-0.7165238857,-1.137727737
0.005882866031,-0.6713097095,-1.081558824
0.005892866031,-0.6234461665,-1.021124601
0.005893866031,-0.6185212731,-1.014853477
0.005903866031,-0.5679619312,-0.9500035644
0.005904866031,-0.562779367,-0.9433060288
0.005914866031,-0.5097657442,-0.8743500113
0.005915866031,-0.504350245,-0.8672578335
0.005925866031,-0.4491354525,-0.7945249677
0.005926866031,-0.4435128272,-0.7870721221
0.005936866031,-0.3863605261,-0.710909605
0.005937866031,-0.3805576563,-0.7031316161
0.005947866031,-0.3217407167,-0.6239030957
0.005948866031,-0.3157853186,-0.6158370972
0.005958866031,-0.2555846274,-0.5339208245
0.005959866031,-0.2495051026,-0.5256053805
0.005969866031,-0.1882080883,-0.4413924813
0.005970866031,-0.1820335239,-0.432867229
0.005980866031,-0.1199328825,-0.3467597663
0.005981866031,-0.1136927232,-0.3380654156
0.005991866031,-0.05108499154,-0.2504745126
0.005992866031,-0.04480904341,-0.2416526079
0.006002866031,0.01800682768,-0.1529964805
0.006003866031,0.02428859845,-0.1440891027
0.006013866031,0.08701266348,-0.05479104444
0.006014866031,0.09327026457,-0.04584074765
0.006024866031,0.1556030214,0.04367288575
0.006025866031,0.1618065536,0.05262337252
0.006035866031,0.2234503627,0.1419251859
0.006036866031,0.2295702398,0.1508331299
0.006046866031,0.290230751,0.2394967377
0.006047866031,0.2962377071,0.2483195961
0.006057866031,0.3556252718,0.335921675
0.006058866031,0.3614906669,0.344617337
0.006068866031,0.419321686,0.4307395816
0.006069866031,0.4250175059,0.4392665327
0.006079866031,0.481015861,0.5234978199
0.006080866031,0.4865148664,0.5318152905
0.006090866031,0.5404132009,0.6137533784
0.006091866031,0.5456891656,0.6218217015
0.006101866031,0.5972300768,0.7010753751
0.006102866031,0.6022577882,0.7088560462
0.006112866031,0.6511951685,0.7850469351
0.006113866031,0.6559506059,0.7925027609
0.006123866031,0.7020508051,0.8652670383
0.006124866031,0.7065113187,0.8723624945
0.006134866031,0.7495541573,0.941352725
0.006135866031,0.7536984086,0.9480538964
0.006145866031,0.7934783697,1.012940764
0.006146866031,0.7972866297,1.019215584
0.006156866031,0.8336138129,1.079689145
0.006157866031,0.8370678425,1.085507751
0.006167866031,0.8697686791,1.141279459
0.006168866031,0.8728520274,1.146613955
0.006178866031,0.9017704725,1.197417378
0.006179866031,0.9044683576,1.202242494
0.006189866031,0.9294663072,1.247835159
0.006190866031,0.9317658544,1.252127647
0.006200866031,0.9527239203,1.29229176
0.006201866031,0.9546141624,1.296031237
0.006211866031,0.9714323282,1.330575228
0.006212866031,0.9729042053,1.333743811
0.006222866031,0.9855021238,1.362502575
0.006232866031,0.9942107201,1.385882497
0.006242866031,0.9989955425,1.403791189
0.006252866031,0.9998378754,1.416157961
0.006262866031,0.9967342615,1.422934055
0.006272866031,0.9896969795,1.424092531
0.006282866031,0.9787538648,1.419628978
0.006292866031,0.9639480114,1.4095608
0.006302866031,0.9453378916,1.393927932
0.006312866031,0.9229969978,1.372792125
0.006322866031,0.8970134258,1.346236467
0.006332866031,0.8674897552,1.314366102
0.006342866031,0.8345425129,1.277306676
0.006352866031,0.7983016968,1.235204458
0.006362866031,0.758910358,1.188225627
0.006372866031,0.7165238857,1.136555552
0.006382866031,0.6713097095,1.080398321
0.006392866031,0.6234461665,1.019975424
0.006393866031,0.6185212731,1.013705492
0.006403866031,0.5679619312,0.9488668442
0.006404866031,0.562779367,0.9421703815
0.006414866031,0.5097657442,0.8732255101
0.006415866031,0.504350245,0.8661345243
0.006425866031,0.4491354525,0.7934126854
0.006426866031,0.4435128272,0.7859609127
0.006436866031,0.3863605261,0.7098093033
0.006437866031,0.3805576563,0.7020324469
0.006447866031,0.3217407167,0.6228147149
0.006448866031,0.3157853186,0.6147497892
0.006458866031,0.2555846274,0.5328442454
0.006459866031,0.2495051026,0.5245298147
0.006469866031,0.1882080883,0.4403274953
0.006470866031,0.1820335239,0.4318032861
0.006480866031,0.1199328825,0.3457063138
0.006481866031,0.1136927232,0.3370129764
0.006491866031,0.05108499154,0.2494324446
0.006492866031,0.04480904341,0.2406115532
0.006502866031,-0.01800682768,0.1519656628
0.006503866031,-0.02428859845,0.1430593133
0.006513866031,-0.08701266348,0.05377137661
0.006514866031,-0.09327026457,0.04482208937
0.006524866031,-0.1556030214,-0.04468152672
0.006525866031,-0.1618065536,-0.05363101512
0.006535866031,-0.2234503627,-0.142922923
0.006536866031,-0.2295702398,-0.1518298686
0.006546866031,-0.290230751,-0.2404836863
0.006547866031,-0.2962377071,-0.2493055761
0.006557866031,-0.3556252718,-0.3368979394
0.006558866031,-0.3614906669,-0.3455926478
0.006568866031,-0.419321686,-0.4317053258
0.006569866031,-0.4250175059,-0.4402312934
0.006579866031,-0.481015861,-0.5244531035
0.006580866031,-0.4865148664,-0.5327696204
0.006590866031,-0.5404132009,-0.6146983504
0.006591866031,-0.5456891656,-0.6227657199
0.006601866031,-0.5972300768,-0.7020101547
0.006602866031,-0.6022577882,-0.7097898722
0.006612866031,-0.6511951685,-0.7859715819
0.006613866031,-0.6559506059,-0.7934265137
0.006623866031,-0.7020508051,-0.8661816716
0.006624866031,-0.7065113187,-0.8732762337
0.006634866031,-0.7495541573,-0.9422575235
0.006635866031,-0.7536984086,-0.9489577413
0.006645866031,-0.7934783697,-1.013835669
0.006646866031,-0.7972866297,-1.020109653
0.006656866031,-0.8336138129,-1.080574512
0.006657866031,-0.8370678425,-1.086392164
0.006667866031,-0.8697686791,-1.14215517
0.006668866031,-0.8728520274,-1.147488832
0.006678866031,-0.9017704725,-1.198283672
0.006679866031,-0.9044683576,-1.203107834
0.006689866031,-0.9294663072,-1.248692036
0.006690866031,-0.9317658544,-1.252983689
0.006700866031,-0.9527239203,-1.293139458
0.006701866031,-0.9546141624,-1.296878099
0.006711866031,-0.9714323282,-1.331413627
0.006712866031,-0.9729042053,-1.334581375
0.006722866031,-0.9855021238,-1.363331914
0.006732866031,-0.9942107201,-1.38670373
0.006742866031,-0.9989955425,-1.404604316
0.006752866031,-0.9998378754,-1.4169631
0.006762866031,-0.9967342615,-1.423731208
0.006772866031,-0.9896969795,-1.424881935
0.006782866031,-0.9787538648,-1.420410633
0.006792866031,-0.9639480114,-1.410334826
0.006802866031,-0.9453378916,-1.394694328
0.006812866031,-0.9229969978,-1.373550892
0.006822866031,-0.8970134258,-1.346987844
0.006832866031,-0.8674897552,-1.315110087
0.006842866031,-0.8345425129,-1.27804327
0.006852866031,-0.7983016968,-1.235933781
0.006862866031,-0.758910358,-1.188947797
0.006872866031,-0.7165238857,-1.137270689
0.006882866031,-0.6713097095,-1.081106424
0.006892866031,-0.6234461665,-1.020676494
0.006893866031,-0.6185212731,-1.014405966
0.006903866031,-0.5679619312,-0.9495604038
0.006904866031,-0.562779367,-0.9428632855
0.006914866031,-0.5097657442,-0.8739116192
0.006915866031,-0.504350245,-0.8668198586
0.006925866031,-0.4491354525,-0.7940912843
0.006926866031,-0.4435128272,-0.7866388559
0.006936866031,-0.3863605261,-0.7104806304
0.006937866031,-0.3805576563,-0.7027030587
0.006947866031,-0.3217407167,-0.6234787703
0.006948866031,-0.3157853186,-0.6154131889
0.006958866031,-0.2555846274,-0.5335010886
0.006959866031,-0.2495051026,-0.5251860619
0.006969866031,-0.1882080883,-0.4409772754
0.006970866031,-0.1820335239,-0.4324524105
0.006980866031,-0.1199328825,-0.3463490307
0.006981866031,-0.1136927232,-0.3376550972
0.006991866031,-0.05108499154,-0.2500682473
0.006992866031,-0.04480904341,-0.2412467152
0.007002866031,0.01800682768,-0.1525945812
0.007003866031,0.02428859845,-0.1436876059
0.007013866031,0.08701266348,-0.05439350009
0.007014866031,0.09327026457,-0.04544359446
0.007024866031,0.1556030214,0.04406613111
0.007025866031,0.1618065536,0.05301623046
0.007035866031,0.2234503627,0.1423141807
0.007036866031,0.2295702398,0.1512217373
0.007046866031,0.290230751,0.2398815304
0.007047866031,0.2962377071,0.2487040013
0.007057866031,0.3556252718,0.3363023102
0.007058866031,0.3614906669,0.3449975848
0.007068866031,0.419321686,0.4311161041
0.007069866031,0.4250175059,0.4396426678
0.007079866031,0.481015861,0.5238702297
0.007080866031,0.4865148664,0.5321873426
0.007090866031,0.5404132009,0.6141217947
0.007091866031,0.5456891656,0.6221897602
0.007101866031,0.5972300768,0.7014397979
0.007102866031,0.6022577882,0.7092201114
0.007112866031,0.6511951685,0.785407424
0.007113866031,0.6559506059,0.7928628922
0.007123866031,0.7020508051,0.8656236529
0.007124866031,0.7065113187,0.8727187514
0.007134866031,0.7495541573,0.9417054653
0.007135866031,0.7536984086,0.9484062791
0.007145866031,0.7934783697,1.01328969
0.007146866031,0.7972866297,1.019564152
0.007156866031,0.8336138129,1.080034375
0.007157866031,0.8370678425,1.085852623
0.007167866031,0.8697686791,1.141620874
0.007168866031,0.8728520274,1.146955132
0.007178866031,0.9017704725,1.197755218
0.007179866031,0.9044683576,1.202579856
0.007189866031,0.9294663072,1.248169184
0.007190866031,0.9317658544,1.252461314
0.007200866031,0.9527239203,1.292622209
0.007201866031,0.9546141624,1.296361446
0.007211866031,0.9714323282,1.3309021
0.007212866031,0.9729042053,1.334070325
0.007222866031,0.9855021238,1.362825871
0.007232866031,0.9942107201,1.386202693
0.007242866031,0.9989955425,1.404108167
0.007252866031,0.9998378754,1.416471839
0.007262866031,0.9967342615,1.423244834
0.007272866031,0.9896969795,1.42440033
0.007282866031,0.9787538648,1.419933677
0.007292866031,0.9639480114,1.409862638
0.007302866031,0.9453378916,1.394226789
0.007312866031,0.9229969978,1.373087883
0.007322866031,0.8970134258,1.346529484
0.007332866031,0.8674897552,1.314656138
0.007342866031,0.8345425129,1.277593851
0.007352866031,0.7983016968,1.235488772
0.007362866031,0.758910358,1.188507199
0.007372866031,0.7165238857,1.136834383
0.007382866031,0.6713097095,1.08067441
0.007392866031,0.6234461665,1.020248771
0.007393866031,0.6185212731,1.013978601
0.007403866031,0.5679619312,0.9491372108
0.007404866031,0.562779367,0.9424405098
0.007414866031,0.5097657442,0.8734930158
0.007415866031,0.504350245,0.866401732
0.007425866031,0.4491354525,0.7936772704
0.007426866031,0.4435128272,0.7862252593
0.007436866031,0.3863605261,0.7100710273
0.007437866031,0.3805576563,0.7022938728
0.007447866031,0.3217407167,0.6230736375
0.007448866031,0.3157853186,0.6150084138
0.007458866031,0.2555846274,0.533100307
0.007459866031,0.2495051026,0.5247856379
0.007469866031,0.1882080883,0.4405808449
0.007470866031,0.1820335239,0.4320563674
0.007480866031,0.1199328825,0.3459568918
0.007481866031,0.1136927232,0.3372633457
0.007491866031,0.05108499154,0.2496803254
0.007492866031,0.04480904341,0.2408591956
0.007502866031,-0.01800682768,0.1522108763
0.007503866031,-0.02428859845,0.1433042735
0.007513866031,-0.08701266348,0.05401393026
0.007514866031,-0.09327026457,0.04506440088
0.007524866031,-0.1556030214,-0.0444415994
0.007525866031,-0.1618065536,-0.05339132622
0.007535866031,-0.2234503627,-0.1426855922
0.007536866031,-0.2295702398,-0.1515927762
0.007546866031,-0.290230751,-0.2402489185
0.007547866031,-0.2962377071,-0.2490710318
0.007557866031,-0.3556252718,-0.3366657197
0.007558866031,-0.3614906669,-0.3453606367
0.007568866031,-0.419321686,-0.4314756095
0.007569866031,-0.4250175059,-0.4400018156
0.007579866031,-0.481015861,-0.524225831
0.007580866031,-0.4865148664,-0.5325425863
0.007590866031,-0.5404132009,-0.6144735217
0.007591866031,-0.5456891656,-0.6225411892
0.007601866031,-0.5972300768,-0.7017877698
0.007602866031,-0.6022577882,-0.7095677257
0.007612866031,-0.6511951685,-0.7857516408
0.007613866031,-0.6559506059,-0.7932067513
0.007623866031,-0.7020508051,-0.8659641147
0.007624866031,-0.7065113187,-0.8730588555
0.007634866031,-0.7495541573,-0.9420422912
0.007635866031,-0.7536984086,-0.9487427473
0.007645866031,-0.7934783697,-1.013622761
0.007646866031,-0.7972866297,-1.019896984
0.007656866031,-0.8336138129,-1.08036387
0.007657866031,-0.8370678425,-1.08618176
0.007667866031,-0.8697686791,-1.141946912
0.007668866031,-0.8728520274,-1.147280693
0.007678866031,-0.9017704725,-1.198077679
0.007679866031,-0.9044683576,-1.202901959
0.007689866031,-0.9294663072,-1.248488188
0.007690866031,-0.9317658544,-1.25278008
0.007700866031,-0.9527239203,-1.292937756
0.007701866031,-0.9546141624,-1.296676636
0.007711866031,-0.9714323282,-1.33121419
0.007712866031,-0.9729042053,-1.334382176
0.007722866031,-0.9855021238,-1.363134623
0.007732866031,-0.9942107201,-1.386508346
0.007742866031,-0.9989955425,-1.404410958
0.007752866031,-0.9998378754,-1.41677165
0.007762866031,-0.9967342615,-1.423541665
0.007772866031,-0.9896969795,-1.42469418
0.007782866031,-0.9787538648,-1.420224667
0.007792866031,-0.9639480114,-1.410150647
0.007802866031,-0.9453378916,-1.394512057
0.007812866031,-0.9229969978,-1.373370409
0.007822866031,-0.8970134258,-1.346809149
0.007832866031,-0.8674897552,-1.314933062
0.007842866031,-0.8345425129,-1.277868032
0.007852866031,-0.7983016968,-1.235760331
0.007862866031,-0.758910358,-1.188776016
0.007872866031,-0.7165238857,-1.137100577
0.007882866031,-0.6713097095,-1.080937982
0.007892866031,-0.6234461665,-1.02050972
0.007893866031,-0.6185212731,-1.014239311
0.007903866031,-0.5679619312,-0.9493954182
0.007904866031,-0.562779367,-0.9426984191
0.007914866031,-0.5097657442,-0.8737484217
0.007915866031,-0.504350245,-0.8666568398
0.007925866031,-0.4491354525,-0.7939298749
0.007926866031,-0.4435128272,-0.7864776254
0.007936866031,-0.3863605261,-0.7103209496
0.007937866031,-0.3805576563,-0.7025435567
0.007947866031,-0.3217407167,-0.6233208179
0.007948866031,-0.3157853186,-0.6152554154
0.007958866031,-0.2555846274,-0.5333448648
0.007959866031,-0.2495051026,-0.5250299573
0.007969866031,-0.1882080883,-0.4408227205
0.007970866031,-0.1820335239,-0.4322980046
0.007980866031,-0.1199328825,-0.3461961448
0.007981866031,-0.1136927232,-0.3375023603
0.007991866031,-0.05108499154,-0.2499170005
0.007992866031,-0.04480904341,-0.2410956323
0.008002866031,0.01800682768,-0.1524449885
0.008003866031,0.02428859845,-0.1435381621
0.008013866031,0.08701266348,-0.05424551293
0.008014866031,0.09327026457,-0.04529575631
0.008024866031,0.1556030214,0.04421252012
0.008025866031,0.1618065536,0.05316247046
0.008035866031,0.2234503627,0.1424589902
0.008036866031,0.2295702398,0.1513663977
0.008046866031,0.290230751,0.2400247604
0.008047866031,0.2962377071,0.2488470972
0.008057866031,0.3556252718,0.3364439905
0.008058866031,0.3614906669,0.345139116
0.008068866031,0.419321686,0.4312562644
0.008069866031,0.4250175059,0.4397826791
0.008079866031,0.481015861,0.5240088701
0.008080866031,0.4865148664,0.5323258638
0.008090866031,0.5404132009,0.614258945
0.008091866031,0.5456891656,0.6223267913
0.008101866031,0.5972300768,0.701575458
0.008102866031,0.6022577882,0.7093556523
0.008112866031,0.6511951685,0.785541594
0.008113866031,0.6559506059,0.7929970026
0.008123866031,0.7020508051,0.8657563925
0.008124866031,0.7065113187,0.8728513122
0.008134866031,0.7495541573,0.9418367743
0.008135866031,0.7536984086,0.9485374689
0.008145866031,0.7934783697,1.013419509
0.008146866031,0.7972866297,1.019693851
0.008156866031,0.8336138129,1.080162883
0.008157866031,0.8370678425,1.085980892
0.008167866031,0.8697686791,1.141747952
0.008168866031,0.8728520274,1.14708209
0.008178866031,0.9017704725,1.197880864
0.008179866031,0.9044683576,1.202705503
0.008189866031,0.9294663072,1.248293519
0.008190866031,0.9317658544,1.252585649
0.008200866031,0.9527239203,1.292745233
0.008201866031,0.9546141624,1.296484351
0.008211866031,0.9714323282,1.331023812
0.008212866031,0.9729042053,1.334191918
0.008222866031,0.9855021238,1.362946272
0.008232866031,0.9942107201,1.386321902
0.008242866031,0.9989955425,1.404226184
0.008252866031,0.9998378754,1.416588783
0.008262866031,0.9967342615,1.423360586
0.008272866031,0.9896969795,1.42451489
0.008282866031,0.9787538648,1.420047164
0.008292866031,0.9639480114,1.409974933
0.008302866031,0.9453378916,1.394338012
0.008312866031,0.9229969978,1.373198032
0.008322866031,0.8970134258,1.346638441
0.008332866031,0.8674897552,1.314764142
0.008342866031,0.8345425129,1.277700782
0.008352866031,0.7983016968,1.23559463
0.008362866031,0.758910358,1.188611984
0.008372866031,0.7165238857,1.136938214
0.008382866031,0.6713097095,1.080777168
0.008392866031,0.6234461665,1.020350456
0.008393866031,0.6185212731,1.014080286
0.008403866031,0.5679619312,0.9492378831
0.008404866031,0.562779367,0.9425410628
0.008414866031,0.5097657442,0.8735925555
0.008415866031,0.504350245,0.8665012121
0.008425866031,0.4491354525,0.7937757373
0.008426866031,0.4435128272,0.786323607
0.008436866031,0.3863605261,0.7101684809
0.008437866031,0.3805576563,0.7023912072
0.008447866031,0.3217407167,0.6231699586
0.008448866031,0.3157853186,0.6151047349
0.008458866031,0.2555846274,0.5331956744
0.008459866031,0.2495051026,0.5248808861
0.008469866031,0.1882080883,0.4406751394
0.008470866031,0.1820335239,0.4321505725
0.008480866031,0.1199328825,0.346050173
0.008481866031,0.1136927232,0.3373565376
0.008491866031,0.05108499154,0.2497726083
0.008492866031,0.04480904341,0.2409513742
0.008502866031,-0.01800682768,0.152302146
0.008503866031,-0.02428859845,0.1433954537
0.008513866031,-0.08701266348,0.05410422012
0.008514866031,-0.09327026457,0.04515460134
0.008524866031,-0.1556030214,-0.04435228556
0.008525866031,-0.1618065536,-0.05330210179
0.008535866031,-0.2234503627,-0.1425972432
0.008536866031,-0.2295702398,-0.1515045166
0.008546866031,-0.290230751,-0.2401615232
0.008547866031,-0.2962377071,-0.2489837259
0.008557866031,-0.3556252718,-0.3365792632
0.008558866031,-0.3614906669,-0.3452742696
0.008568866031,-0.419321686,-0.4313900769
0.008569866031,-0.4250175059,-0.4399163723
0.008579866031,-0.481015861,-0.524141252
0.008580866031,-0.4865148664,-0.5324581265
0.008590866031,-0.5404132009,-0.6143898964
0.008591866031,-0.5456891656,-0.6224575639
0.008601866031,-0.5972300768,-0.7017050385
0.008602866031,-0.6022577882,-0.709485054
0.008612866031,-0.6511951685,-0.785669744
0.008613866031,-0.6559506059,-0.7931249738
0.008623866031,-0.7020508051,-0.865883112
0.008624866031,-0.7065113187,-0.872977972
0.008634866031,-0.7495541573,-0.9419621825
0.008635866031,-0.7536984086,-0.9486626983
0.008645866031,-0.7934783697,-1.013543606
0.008646866031,-0.7972866297,-1.019817829
0.008656866031,-0.8336138129,-1.080285549
0.008657866031,-0.8370678425,-1.086103439
0.008667866031,-0.8697686791,-1.141869307
0.008668866031,-0.8728520274,-1.147203326
0.008678866031,-0.9017704725,-1.198000908
0.008679866031,-0.9044683576,-1.202825427
0.008689866031,-0.9294663072,-1.248412251
0.008690866031,-0.9317658544,-1.252704263
0.008700866031,-0.9527239203,-1.292862773
0.008701866031,-0.9546141624,-1.296601653
0.008711866031,-0.9714323282,-1.331139922
0.008712866031,-0.9729042053,-1.334308028
0.008722866031,-0.9855021238,-1.36306119
0.008732866031,-0.9942107201,-1.386435628
0.008742866031,-0.9989955425,-1.404338956
0.008752866031,-0.9998378754,-1.416700363
0.008762866031,-0.9967342615,-1.423470974
0.008772866031,-0.9896969795,-1.424624205
0.008782866031,-0.9787538648,-1.420155406
0.008792866031,-0.9639480114,-1.410082221
0.008802866031,-0.9453378916,-1.394444227
0.008812866031,-0.9229969978,-1.373303175
0.008822866031,-0.8970134258,-1.34674263
0.008832866031,-0.8674897552,-1.314867258
0.008842866031,-0.8345425129,-1.277802825
0.008852866031,-0.7983016968,-1.23569572
0.008862866031,-0.758910358,-1.18871212
0.008872866031,-0.7165238857,-1.137037277
0.008882866031,-0.6713097095,-1.080875278
0.008892866031,-0.6234461665,-1.020447612
0.008893866031,-0.6185212731,-1.014177322
0.008903866031,-0.5679619312,-0.9493339658
0.008904866031,-0.562779367,-0.9426370859
0.008914866031,-0.5097657442,-0.8736876249
0.008915866031,-0.504350245,-0.8665961623
0.008925866031,-0.4491354525,-0.7938697934
0.008926866031,-0.4435128272,-0.7864176035
0.008936866031,-0.3863605261,-0.7102615237
0.008937866031,-0.3805576563,-0.7024841309
0.008947866031,-0.3217407167,-0.6232619882
0.008948866031,-0.3157853186,-0.6151966453
0.008958866031,-0.2555846274,-0.5332866907
0.008959866031,-0.2495051026,-0.5249718428
0.008969866031,-0.1882080883,-0.4407651722
0.008970866031,-0.1820335239,-0.4322405159
0.008980866031,-0.1199328825,-0.3461392522
0.008981866031,-0.1136927232,-0.3374454975
0.008991866031,-0.05108499154,-0.2498607039
0.008992866031,-0.04480904341,-0.2410393953
0.009002866031,0.01800682768,-0.1523893028
0.009003866031,0.02428859845,-0.1434825212
0.009013866031,0.08701266348,-0.05419042706
0.009014866031,0.09327026457,-0.0452407226
0.009024866031,0.1556030214,0.04426700994
0.009025866031,0.1618065536,0.05321690813
0.009035866031,0.2234503627,0.1425128877
0.009036866031,0.2295702398,0.1514202505
0.009046866031,0.290230751,0.2400780916
0.009047866031,0.2962377071,0.2489003688
0.009057866031,0.3556252718,0.3364967406
0.009058866031,0.3614906669,0.3451918066
0.009068866031,0.419321686,0.4313084483
0.009069866031,0.4250175059,0.4398348033
0.009079866031,0.481015861,0.5240604877
0.009080866031,0.4865148664,0.5323774219
0.009090866031,0.5404132009,0.6143099666
0.009091866031,0.5456891656,0.6223777533
0.009101866031,0.5972300768,0.7016260028
0.009102866031,0.6022577882,0.7094061375
0.009112866031,0.6511951685,0.7855916023
0.009113866031,0.6559506059,0.7930468917
0.009123866031,0.7020508051,0.8658058047
0.009124866031,0.7065113187,0.8729007244
0.009134866031,0.7495541573,0.9418856502
0.009135866031,0.7536984086,0.9485862851
0.009145866031,0.7934783697,1.013467908
0.009146866031,0.7972866297,1.01974225
0.009156866031,0.8336138129,1.080210686
0.009157866031,0.8370678425,1.086028695
0.009167866031,0.8697686791,1.141795278
0.009168866031,0.8728520274,1.147129297
0.009178866031,0.9017704725,1.197927713
0.009179866031,0.9044683576,1.202752233
0.009189866031,0.9294663072,1.248339891
0.009190866031,0.9317658544,1.252631903
0.009200866031,0.9527239203,1.292791128
0.009201866031,0.9546141624,1.296530008
0.009211866031,0.9714323282,1.331069112
0.009212866031,0.9729042053,1.334237218
0.009222866031,0.9855021238,1.362991095
0.009232866031,0.9942107201,1.386366248
0.009242866031,0.9989955425,1.404270172
0.009252866031,0.9998378754,1.416632295
0.009262866031,0.9967342615,1.423403621
0.009272866031,0.9896969795,1.424557567
0.009282866031,0.9787538648,1.420089364
0.009292866031,0.9639480114,1.410016775
0.009302866031,0.9453378916,1.394379377
0.009312866031,0.9229969978,1.37323904
0.009322866031,0.8970134258,1.346679091
0.009332866031,0.8674897552,1.314804316
0.009342866031,0.8345425129,1.277740598
0.009352866031,0.7983016968,1.235634089
0.009362866031,0.758910358,1.188650966
0.009372866031,0.7165238857,1.136976838
0.009382866031,0.6713097095,1.080815434
0.009392866031,0.6234461665,1.020388365
0.009393866031,0.6185212731,1.014118075
0.009403866031,0.5679619312,0.9492753744
0.009404866031,0.562779367,0.9425784945
0.009414866031,0.5097657442,0.8736296296
0.009415866031,0.504350245,0.8665382266
0.009425866031,0.4491354525,0.7938123941
0.009426866031,0.4435128272,0.7863602638
0.009436866031,0.3863605261,0.7102047205
0.009437866031,0.3805576563,0.7024274468
0.009447866031,0.3217407167,0.6232058406
0.009448866031,0.3157853186,0.6151405573
0.009458866031,0.2555846274,0.5332311392
0.009459866031,0.2495051026,0.5249163508
0.009469866031,0.1882080883,0.4407102466
0.009470866031,0.1820335239,0.4321856499
0.009480866031,0.1199328825,0.3460848927
0.009481866031,0.1136927232,0.3373912275
0.009491866031,0.05108499154,0.2498069555
0.009492866031,0.04480904341,0.2409856915
0.009502866031,-0.01800682768,0.1523361206
0.009503866031,-0.02428859845,0.1434293985
0.009513866031,-0.08701266348,0.05413782969
0.009514866031,-0.09327026457,0.04518817738
0.009524866031,-0.1556030214,-0.04431903735
0.009525866031,-0.1618065536,-0.0532688871
0.009535866031,-0.2234503627,-0.1425643563
0.009536866031,-0.2295702398,-0.1514716595
0.009546866031,-0.290230751,-0.240128994
0.009547866031,-0.2962377071,-0.2489512265
0.009557866031,-0.3556252718,-0.3365471065
0.009558866031,-0.3614906669,-0.3452421427
0.009568866031,-0.419321686,-0.431358248
0.009569866031,-0.4250175059,-0.4398845732
0.009579866031,-0.481015861,-0.5241097808
0.009580866031,-0.4865148664,-0.5324266553
0.009590866031,-0.5404132009,-0.6143587232
0.009591866031,-0.5456891656,-0.6224264503
0.009601866031,-0.5972300768,-0.7016742229
0.009602866031,-0.6022577882,-0.709454298
0.009612866031,-0.6511951685,-0.785639286
0.009613866031,-0.6559506059,-0.7930945158
0.009623866031,-0.7020508051,-0.8658530116
0.009624866031,-0.7065113187,-0.8729478121
0.009634866031,-0.7495541573,-0.9419323206
0.009635866031,-0.7536984086,-0.9486328959
0.009645866031,-0.7934783697,-1.013514042
0.009646866031,-0.7972866297,-1.019788265
0.009656866031,-0.8336138129,-1.080256343
0.009657866031,-0.8370678425,-1.086074352
0.009667866031,-0.8697686791,-1.141840458
0.009668866031,-0.8728520274,-1.147174478
0.009678866031,-0.9017704725,-1.197972417
0.009679866031,-0.9044683576,-1.202796817
0.009689866031,-0.9294663072,-1.248383999
0.009690866031,-0.9317658544,-1.25267601
0.009700866031,-0.9527239203,-1.292834759
0.009701866031,-0.9546141624,-1.296573758
0.009711866031,-0.9714323282,-1.331112385
0.009712866031,-0.9729042053,-1.334280372
0.009722866031,-0.9855021238,-1.363033891
0.009732866031,-0.9942107201,-1.386408567
0.009742866031,-0.9989955425,-1.404312134
0.009752866031,-0.9998378754,-1.416673779
0.009762866031,-0.9967342615,-1.423444748
0.009772866031,-0.9896969795,-1.424598217
0.009782866031,-0.9787538648,-1.420129657
0.009792866031,-0.9639480114,-1.41005671
0.009802866031,-0.9453378916,-1.394418955
0.009812866031,-0.9229969978,-1.373278141
0.009822866031,-0.8970134258,-1.346717834
0.009832866031,-0.8674897552,-1.314842701
0.009842866031,-0.8345425129,-1.277778625
0.009852866031,-0.7983016968,-1.235671759
0.009862866031,-0.758910358,-1.188688278
0.009872866031,-0.7165238857,-1.137013674
0.009882866031,-0.6713097095,-1.080851912
0.009892866031,-0.6234461665,-1.020424485
0.009893866031,-0.6185212731,-1.014154196
0.009903866031,-0.5679619312,-0.9493111372
0.009904866031,-0.562779367,-0.9426142573
0.009914866031,-0.5097657442,-0.8736650348
0.009915866031,-0.504350245,-0.8665735722
0.009925866031,-0.4491354525,-0.7938474417
0.009926866031,-0.4435128272,-0.7863952518
0.009936866031,-0.3863605261,-0.7102393508
0.009937866031,-0.3805576563,-0.7024620175
0.009947866031,-0.3217407167,-0.6232401133
0.009948866031,-0.3157853186,-0.6151747704
0.009958866031,-0.2555846274,-0.5332650542
0.009959866031,-0.2495051026,-0.5249502063
0.009969866031,-0.1882080883,-0.4407437444
0.009970866031,-0.1820335239,-0.4322191179
0.009980866031,-0.1199328825,-0.3461180627
0.009981866031,-0.1136927232,-0.3374243379
0.009991866031,-0.05108499154,-0.2498397529
0.009992866031,-0.04480904341,-0.2410184592
0.01000286603,0.01800682768,-0.1523685604
0.01000386603,0.02428859845,-0.1434618086
0.01001386603,0.08701266348,-0.05416991934
0.01001486603,0.09327026457,-0.04522023723
0.01002486603,0.1556030214,0.04428729415
0.01002586603,0.1618065536,0.05323717371
0.01003586603,0.2234503627,0.1425329596
0.01003686603,0.2295702398,0.1514402926
0.01004686603,0.290230751,0.24009794
0.01004786603,0.2962377071,0.2489202023
0.01005786603,0.3556252718,0.3365163803
0.01005886603,0.3614906669,0.3452114463
0.01006886603,0.419321686,0.4313278496
0.01006986603,0.4250175059,0.4398542047
0.01007986603,0.481015861,0.5240796804
0.01008086603,0.4865148664,0.5323966146
0.01009086603,0.5404132009,0.6143289804
0.01009186603,0.5456891656,0.6223967671
0.01010186603,0.5972300768,0.7016447783
0.01010286603,0.6022577882,0.7094249129
0.01011286603,0.6511951685,0.7856101394
0.01011386603,0.6559506059,0.7930654883
0.01012386603,0.7020508051,0.8658242226
0.01012486603,0.7065113187,0.8729190826
0.01013486603,0.7495541573,0.9419038892
0.01013586603,0.7536984086,0.9486044645
0.01014586603,0.7934783697,1.013485909
0.01014686603,0.7972866297,1.019760132
0.01015686603,0.8336138129,1.080228448
0.01015786603,0.8370678425,1.086046457
0.01016786603,0.8697686791,1.141812921
0.01016886603,0.8728520274,1.14714694
0.01017886603,0.9017704725,1.197945118
0.01017986603,0.9044683576,1.202769637
0.01018986603,0.9294663072,1.248357058
0.01019086603,0.9317658544,1.252649069
0.01020086603,0.9527239203,1.292808175
0.01020186603,0.9546141624,1.296547055
0.01021186603,0.9714323282,1.33108592
0.01021286603,0.9729042053,1.334254026
0.01022286603,0.9855021238,1.363007784
0.01023286603,0.9942107201,1.386382699
0.01024286603,0.9989955425,1.404286504
0.01025286603,0.9998378754,1.416648388
0.01026286603,0.9967342615,1.423419595
0.01027286603,0.9896969795,1.424573421
0.01028286603,0.9787538648,1.4201051
0.01029286603,0.9639480114,1.410032272
0.01030286603,0.9453378916,1.394394755
0.01031286603,0.9229969978,1.373254299
0.01032286603,0.8970134258,1.346694231
0.01033286603,0.8674897552,1.314819336
0.01034286603,0.8345425129,1.27775538
0.01035286603,0.7983016968,1.235648751
0.01036286603,0.758910358,1.188665509
0.01037286603,0.7165238857,1.136991143
0.01038286603,0.6713097095,1.08082962
0.01039286603,0.6234461665,1.020402431
0.01039386603,0.6185212731,1.014132142
0.01040386603,0.5679619312,0.9492893219
0.01040486603,0.562779367,0.942592442
0.01041486603,0.5097657442,0.8736434579
0.01041586603,0.504350245,0.8665519953
0.01042586603,0.4491354525,0.7938260436
0.01042686603,0.4435128272,0.7863739133
0.01043686603,0.3863605261,0.7102182508
0.01043786603,0.3805576563,0.7024409175
0.01044786603,0.3217407167,0.623219192
0.01044886603,0.3157853186,0.6151539087
0.01045886603,0.2555846274,0.5332443714
0.01045986603,0.2495051026,0.5249295235
0.01046986603,0.1882080883,0.4407233
0.01047086603,0.1820335239,0.4321987033
0.01048086603,0.1199328825,0.346097827
0.01048186603,0.1136927232,0.3374041319
0.01049186603,0.05108499154,0.2498197407
0.01049286603,0.04480904341,0.2409984618
0.01050286603,-0.01800682768,0.1523487717
0.01050386603,-0.02428859845,0.1434420347
0.01051386603,-0.08701266348,0.05415033922
0.01051486603,-0.09327026457,0.04520067573
0.01052486603,-0.1556030214,-0.04430666193
0.01052586603,-0.1618065536,-0.05325652286
0.01053586603,-0.2234503627,-0.1425521076
0.01053686603,-0.2295702398,-0.1514594257
0.01054686603,-0.290230751,-0.2401168793
0.01054786603,-0.2962377071,-0.2489391267
0.01055786603,-0.3556252718,-0.336535126
0.01055886603,-0.3614906669,-0.3452301621
0.01056886603,-0.419321686,-0.4313464165
0.01056986603,-0.4250175059,-0.4398727417
0.01057986603,-0.481015861,-0.5240980387
0.01058086603,-0.4865148664,-0.5324149132
0.01059086603,-0.5404132009,-0.6143471003
0.01059186603,-0.5456891656,-0.622414887
0.01060186603,-0.5972300768,-0.7016627192
0.01060286603,-0.6022577882,-0.7094427943
0.01061286603,-0.6511951685,-0.7856279016
0.01061386603,-0.6559506059,-0.7930831909
0.01062386603,-0.7020508051,-0.8658417463
0.01062486603,-0.7065113187,-0.8729366064
0.01063486603,-0.7495541573,-0.9419212341
0.01063586603,-0.7536984086,-0.9486218095
0.01064586603,-0.7934783697,-1.013503075
0.01064686603,-0.7972866297,-1.019777298
0.01065686603,-0.8336138129,-1.080245495
0.01065786603,-0.8370678425,-1.086063504
0.01066786603,-0.8697686791,-1.141829729
0.01066886603,-0.8728520274,-1.147163749
0.01067886603,-0.9017704725,-1.197961688
0.01067986603,-0.9044683576,-1.202786207
0.01068986603,-0.9294663072,-1.248373508
0.01069086603,-0.9317658544,-1.25266552
0.01070086603,-0.9527239203,-1.292824388
0.01070186603,-0.9546141624,-1.296563387
0.01071186603,-0.9714323282,-1.331102014
0.01071286603,-0.9729042053,-1.33427012
0.01072286603,-0.9855021238,-1.363023758
0.01073286603,-0.9942107201,-1.386398554
0.01074286603,-0.9989955425,-1.40430212
0.01075286603,-0.9998378754,-1.416663885
0.01076286603,-0.9967342615,-1.423434973
0.01077286603,-0.9896969795,-1.424588561
0.01078286603,-0.9787538648,-1.42012012
0.01079286603,-0.9639480114,-1.410047174
0.01080286603,-0.9453378916,-1.394409537
0.01081286603,-0.9229969978,-1.373268843
0.01082286603,-0.8970134258,-1.346708655
0.01083286603,-0.8674897552,-1.314833522
0.01084286603,-0.8345425129,-1.277769566
0.01085286603,-0.7983016968,-1.235662699
0.01086286603,-0.758910358,-1.188679457
0.01087286603,-0.7165238857,-1.137004972
0.01088286603,-0.6713097095,-1.08084321
0.01089286603,-0.6234461665,-1.020415902
0.01089386603,-0.6185212731,-1.014145613
0.01090386603,-0.5679619312,-0.9493026137
0.01090486603,-0.562779367,-0.9426057339
0.01091486603,-0.5097657442,-0.8736566305
0.01091586603,-0.504350245,-0.8665651679
0.01092586603,-0.4491354525,-0.793839097
0.01092686603,-0.4435128272,-0.7863869071
0.01093686603,-0.3863605261,-0.7102311254
0.01093786603,-0.3805576563,-0.7024537921
0.01094786603,-0.3217407167,-0.6232319474
0.01094886603,-0.3157853186,-0.6151666641
0.01095886603,-0.2555846274,-0.533256948
0.01095986603,-0.2495051026,-0.5249421597
0.01096986603,-0.1882080883,-0.4407357872
0.01097086603,-0.1820335239,-0.4322111607
0.01098086603,-0.1199328825,-0.3461101651
0.01098186603,-0.1136927232,-0.3374164701
0.01099186603,-0.05108499154,-0.2498319447
0.01099286603,-0.04480904341,-0.241010651
0.01100286603,0.01800682768,-0.1523608416
0.01100386603,0.02428859845,-0.1434541047
0.01101386603,0.08701266348,-0.05416228622
0.01101486603,0.09327026457,-0.04521261156
0.01102486603,0.1556030214,0.04429484531
0.01102586603,0.1618065536,0.05324471742
0.01103586603,0.2234503627,0.1425404251
0.01103686603,0.2295702398,0.1514477581
0.01104686603,0.290230751,0.240105316
0.01104786603,0.2962377071,0.2489275783
0.01105786603,0.3556252718,0.3365236819
0.01105886603,0.3614906669,0.3452187479
0.01106886603,0.419321686,0.4313350916
0.01106986603,0.4250175059,0.4398614466
0.01107986603,0.481015861,0.524086833
0.01108086603,0.4865148664,0.5324037671
0.01109086603,0.5404132009,0.6143360734
0.01109186603,0.5456891656,0.6224038005
0.01110186603,0.5972300768,0.701651752
0.01110286603,0.6022577882,0.7094318867
0.01111286603,0.6511951685,0.7856171131
0.01111386603,0.6559506059,0.7930724025
0.01112386603,0.7020508051,0.8658310771
0.01112486603,0.7065113187,0.8729259372
0.01113486603,0.7495541573,0.9419106245
0.01113586603,0.7536984086,0.9486111999
0.01114586603,0.7934783697,1.013492584
0.01114686603,0.7972866297,1.019766927
0.01115686603,0.8336138129,1.080235124
0.01115786603,0.8370678425,1.086053133
0.01116786603,0.8697686791,1.141819477
0.01116886603,0.8728520274,1.147153497
0.01117886603,0.9017704725,1.197951555
0.01117986603,0.9044683576,1.202776074
0.01118986603,0.9294663072,1.248363495
0.01119086603,0.9317658544,1.252655506
0.01120086603,0.9527239203,1.292814493
0.01120186603,0.9546141624,1.296553373
0.01121186603,0.9714323282,1.331092238
0.01121286603,0.9729042053,1.334260225
0.01122286603,0.9855021238,1.363013983
0.01123286603,0.9942107201,1.386388898
0.01124286603,0.9989955425,1.404292583
0.01125286603,0.9998378754,1.416654468
0.01126286603,0.9967342615,1.423425674
0.01127286603,0.9896969795,1.424579263
0.01128286603,0.9787538648,1.420110941
0.01129286603,0.9639480114,1.410038114
0.01130286603,0.9453378916,1.394400597
0.01131286603,0.9229969978,1.373260021
0.01132286603,0.8970134258,1.346699834
0.01133286603,0.8674897552,1.31482482
0.01134286603,0.8345425129,1.277760863
0.01135286603,0.7983016968,1.235654235
0.01136286603,0.758910358,1.188670993
0.01137286603,0.7165238857,1.136996508
0.01138286603,0.6713097095,1.080834866
0.01139286603,0.6234461665,1.020407677
0.01139386603,0.6185212731,1.014137387
0.01140386603,0.5679619312,0.9492945075
0.01140486603,0.562779367,0.9425976276
0.01141486603,0.5097657442,0.8736485839
0.01141586603,0.504350245,0.8665571213
0.01142586603,0.4491354525,0.79383111
0.01142686603,0.4435128272,0.7863789797
0.01143686603,0.3863605261,0.7102232575
0.01143786603,0.3805576563,0.7024459839
0.01144786603,0.3217407167,0.6232241988
0.01144886603,0.3157853186,0.6151588559
0.01145886603,0.2555846274,0.533249259
0.01145986603,0.2495051026,0.5249344707
0.01146986603,0.1882080883,0.4407281876
0.01147086603,0.1820335239,0.4322035611
0.01148086603,0.1199328825,0.3461026251
0.01148186603,0.1136927232,0.3374089301
0.01149186603,0.05108499154,0.2498244941
0.01149286603,0.04480904341,0.2410032153
0.01150286603,-0.01800682768,0.1523534805
0.01150386603,-0.02428859845,0.1434467435
0.01151386603,-0.08701266348,0.05415499955
0.01151486603,-0.09327026457,0.04520532861
0.01152486603,-0.1556030214,-0.04430205747
0.01152586603,-0.1618065536,-0.05325191841
0.01153586603,-0.2234503627,-0.1425475478
0.01153686603,-0.2295702398,-0.1514548808
0.01154686603,-0.290230751,-0.2401123792
0.01154786603,-0.2962377071,-0.2489346266
0.01155786603,-0.3556252718,-0.3365306556
0.01155886603,-0.3614906669,-0.3452257216
0.01156886603,-0.419321686,-0.4313420057
0.01156986603,-0.4250175059,-0.439868331
0.01157986603,-0.481015861,-0.5240936875
0.01158086603,-0.4865148664,-0.532410562
0.01159086603,-0.5404132009,-0.6143428087
0.01159186603,-0.5456891656,-0.6224105954
0.01160186603,-0.5972300768,-0.7016584873
0.01160286603,-0.6022577882,-0.7094385624
0.01161286603,-0.6511951685,-0.7856236696
0.01161386603,-0.6559506059,-0.793078959
0.01162386603,-0.7020508051,-0.865837574
0.01162486603,-0.7065113187,-0.8729324341
0.01163486603,-0.7495541573,-0.9419171214
0.01163586603,-0.7536984086,-0.9486176968
0.01164586603,-0.7934783697,-1.013499022
0.01164686603,-0.7972866297,-1.019773245
0.01165686603,-0.8336138129,-1.080241442
0.01165786603,-0.8370678425,-1.086059451
0.01166786603,-0.8697686791,-1.141825676
0.01166886603,-0.8728520274,-1.147159696
0.01167886603,-0.9017704725,-1.197957754
0.01167986603,-0.9044683576,-1.202782273
0.01168986603,-0.9294663072,-1.248369575
0.01169086603,-0.9317658544,-1.252661586
0.01170086603,-0.9527239203,-1.292820573
0.01170186603,-0.9546141624,-1.296559453
0.01171186603,-0.9714323282,-1.331098199
0.01171286603,-0.9729042053,-1.334266305
0.01172286603,-0.9855021238,-1.363019943
0.01173286603,-0.9942107201,-1.386394739
0.01174286603,-0.9989955425,-1.404298425
0.01175286603,-0.9998378754,-1.41666019
0.01176286603,-0.9967342615,-1.423431277
0.01177286603,-0.9896969795,-1.424584985
0.01178286603,-0.9787538648,-1.420116544
0.01179286603,-0.9639480114,-1.410043597
0.01180286603,-0.9453378916,-1.39440608
0.01181286603,-0.9229969978,-1.373265386
0.01182286603,-0.8970134258,-1.346705198
0.01183286603,-0.8674897552,-1.314830184
0.01184286603,-0.8345425129,-1.277766109
0.01185286603,-0.7983016968,-1.235659361
0.01186286603,-0.758910358,-1.188676119
0.01187286603,-0.7165238857,-1.137001634
0.01188286603,-0.6713097095,-1.080839992
0.01189286603,-0.6234461665,-1.020412683
0.01189386603,-0.6185212731,-1.014142394
0.01190386603,-0.5679619312,-0.9492994547
0.01190486603,-0.562779367,-0.9426025748
0.01191486603,-0.5097657442,-0.8736534715
0.01191586603,-0.504350245,-0.8665620089
0.01192586603,-0.4491354525,-0.7938359976
0.01192686603,-0.4435128272,-0.7863838077
0.01193686603,-0.3863605261,-0.7102280855
0.01193786603,-0.3805576563,-0.7024507523
0.01194786603,-0.3217407167,-0.6232289076
0.01194886603,-0.3157853186,-0.6151636243
0.01195886603,-0.2555846274,-0.5332539678
0.01195986603,-0.2495051026,-0.5249391794
0.01196986603,-0.1882080883,-0.4407328069
0.01197086603,-0.1820335239,-0.4322082102
0.01198086603,-0.1199328825,-0.3461072445
0.01198186603,-0.1136927232,-0.3374135196
0.01199186603,-0.05108499154,-0.249829039
0.01199286603,-0.04480904341,-0.2410077602
0.01200286603,0.01800682768,-0.1523579806
0.01200386603,0.02428859845,-0.1434512287
0.01201386603,0.08701266348,-0.05415944383
0.01201486603,0.09327026457,-0.04520977288
0.01202486603,0.1556030214,0.04429765791
0.01202586603,0.1618065536,0.05324752629
0.01203586603,0.2234503627,0.1425431967
0.01203686603,0.2295702398,0.1514505297
0.01204686603,0.290230751,0.2401080728
0.01204786603,0.2962377071,0.2489303201
0.01205786603,0.3556252718,0.3365263939
0.01205886603,0.3614906669,0.3452214599
0.01206886603,0.419321686,0.4313377738
0.01206986603,0.4250175059,0.4398641288
0.01207986603,0.481015861,0.5240895152
0.01208086603,0.4865148664,0.5324064493
0.01209086603,0.5404132009,0.614338696
0.01209186603,0.5456891656,0.6224064827
0.01210186603,0.5972300768,0.7016543746
0.01210286603,0.6022577882,0.7094345093
0.01211286603,0.6511951685,0.7856196761
0.01211386603,0.6559506059,0.7930749655
0.01212386603,0.7020508051,0.8658335805
0.01212486603,0.7065113187,0.8729284406
0.01213486603,0.7495541573,0.9419131875
0.01213586603,0.7536984086,0.9486137629
0.01214586603,0.7934783697,1.013495088
0.01214686603,0.7972866297,1.019769311
0.01215686603,0.8336138129,1.080237508
0.01215786603,0.8370678425,1.086055636
0.01216786603,0.8697686791,1.141821861
0.01216886603,0.8728520274,1.147155881
0.01217886603,0.9017704725,1.197954059
0.01217986603,0.9044683576,1.202778459
0.01218986603,0.9294663072,1.248365879
0.01219086603,0.9317658544,1.25265789
0.01220086603,0.9527239203,1.292816877
0.01220186603,0.9546141624,1.296555758
0.01221186603,0.9714323282,1.331094503
0.01221286603,0.9729042053,1.334262609
0.01222286603,0.9855021238,1.363016248
0.01223286603,0.9942107201,1.386391163
0.01224286603,0.9989955425,1.404294848
0.01225286603,0.9998378754,1.416656733
0.01226286603,0.9967342615,1.42342782
0.01227286603,0.9896969795,1.424581528
0.01228286603,0.9787538648,1.420113087
0.01229286603,0.9639480114,1.410040259
0.01230286603,0.9453378916,1.394402623
0.01231286603,0.9229969978,1.373262048
0.01232286603,0.8970134258,1.34670186
0.01233286603,0.8674897552,1.314826965
0.01234286603,0.8345425129,1.277763009
0.01235286603,0.7983016968,1.235656261
0.01236286603,0.758910358,1.1886729
0.01237286603,0.7165238857,1.136998534
0.01238286603,0.6713097095,1.080836892
0.01239286603,0.6234461665,1.020409703
0.01239386603,0.6185212731,1.014139414
0.01240386603,0.5679619312,0.9492964149
0.01240486603,0.562779367,0.942599535
0.01241486603,0.5097657442,0.8736504912
0.01241586603,0.504350245,0.8665590286
0.01242586603,0.4491354525,0.7938330173
0.01242686603,0.4435128272,0.7863808274
0.01243686603,0.3863605261,0.7102251649
0.01243786603,0.3805576563,0.7024478316
0.01244786603,0.3217407167,0.6232260466
0.01244886603,0.3157853186,0.6151607037
0.01245886603,0.2555846274,0.5332511067
0.01245986603,0.2495051026,0.5249363184
0.01246986603,0.1882080883,0.4407299757
0.01247086603,0.1820335239,0.432205379
0.01248086603,0.1199328825,0.3461044133
0.01248186603,0.1136927232,0.3374107182
0.01249186603,0.05108499154,0.2498262674
0.01249286603,0.04480904341,0.2410049886
0.01250286603,-0.01800682768,0.1523552388
0.01250386603,-0.02428859845,0.1434484869
0.01251386603,-0.08701266348,0.05415673181
0.01251486603,-0.09327026457,0.04520706087
0.01252486603,-0.1556030214,-0.04430034012
0.01252586603,-0.1618065536,-0.05325020477
0.01253586603,-0.2234503627,-0.142545864
0.01253686603,-0.2295702398,-0.1514531821
0.01254686603,-0.290230751,-0.2401106954
0.01254786603,-0.2962377071,-0.2489329427
0.01255786603,-0.3556252718,-0.3365289867
0.01255886603,-0.3614906669,-0.3452240527
0.01256886603,-0.419321686,-0.4313403666
0.01256986603,-0.4250175059,-0.4398666918
0.01257986603,-0.481015861,-0.5240920782
0.01258086603,-0.4865148664,-0.5324089527
0.01259086603,-0.5404132009,-0.6143411994
0.01259186603,-0.5456891656,-0.6224089861
0.01260186603,-0.5972300768,-0.701656878
0.01260286603,-0.6022577882,-0.7094369531
0.01261286603,-0.6511951685,-0.7856221199
0.01261386603,-0.6559506059,-0.7930774093
0.01262386603,-0.7020508051,-0.8658360243
0.01262486603,-0.7065113187,-0.8729308844
0.01263486603,-0.7495541573,-0.9419155717
0.01263586603,-0.7536984086,-0.948616147
0.01264586603,-0.7934783697,-1.013497472
0.01264686603,-0.7972866297,-1.019771695
0.01265686603,-0.8336138129,-1.080239892
0.01265786603,-0.8370678425,-1.086057901
0.01266786603,-0.8697686791,-1.141824245
0.01266886603,-0.8728520274,-1.147158265
0.01267886603,-0.9017704725,-1.197956324
0.01267986603,-0.9044683576,-1.202780843
0.01268986603,-0.9294663072,-1.248368144
0.01269086603,-0.9317658544,-1.252660155
0.01270086603,-0.9527239203,-1.292819023
0.01270186603,-0.9546141624,-1.296558022
0.01271186603,-0.9714323282,-1.331096768
0.01271286603,-0.9729042053,-1.334264874
0.01272286603,-0.9855021238,-1.363018513
0.01273286603,-0.9942107201,-1.386393309
0.01274286603,-0.9989955425,-1.404296994
0.01275286603,-0.9998378754,-1.416658878
0.01276286603,-0.9967342615,-1.423429966
0.01277286603,-0.9896969795,-1.424583554
0.01278286603,-0.9787538648,-1.420115232
0.01279286603,-0.9639480114,-1.410042286
0.01280286603,-0.9453378916,-1.394404769
0.01281286603,-0.9229969978,-1.373264074
0.01282286603,-0.8970134258,-1.346703887
0.01283286603,-0.8674897552,-1.314828873
0.01284286603,-0.8345425129,-1.277764916
0.01285286603,-0.7983016968,-1.235658169
0.01286286603,-0.758910358,-1.188674927
0.01287286603,-0.7165238857,-1.137000442
0.01288286603,-0.6713097095,-1.080838799
0.01289286603,-0.6234461665,-1.020411491
0.01289386603,-0.6185212731,-1.014141202
0.01290386603,-0.5679619312,-0.9492982626
0.01290486603,-0.562779367,-0.9426013827
0.01291486603,-0.5097657442,-0.873652339
0.01291586603,-0.504350245,-0.8665608764
0.01292586603,-0.4491354525,-0.7938348055
0.01292686603,-0.4435128272,-0.7863826752
0.01293686603,-0.3863605261,-0.710226953
0.01293786603,-0.3805576563,-0.7024496198
0.01294786603,-0.3217407167,-0.6232277751
0.01294886603,-0.3157853186,-0.6151624918
0.01295886603,-0.2555846274,-0.5332528353
0.01295986603,-0.2495051026,-0.5249380469
0.01296986603,-0.1882080883,-0.4407317042
0.01297086603,-0.1820335239,-0.4322071075
0.01298086603,-0.1199328825,-0.3461061418
0.01298186603,-0.1136927232,-0.3374124169
0.01299186603,-0.05108499154,-0.2498279661
0.01299286603,-0.04480904341,-0.2410066724
0.01300286603,0.01800682768,-0.1523569077
0.01300386603,0.02428859845,-0.1434501559
0.01301386603,0.08701266348,-0.05415838584
0.01301486603,0.09327026457,-0.0452087149
0.01302486603,0.1556030214,0.04429870471
0.01302586603,0.1618065536,0.05324856937
0.01303586603,0.2234503627,0.1425442398
0.01303686603,0.2295702398,0.1514515579
0.01304686603,0.290230751,0.2401091009
0.01304786603,0.2962377071,0.2489313483
0.01305786603,0.3556252718,0.3365274072
0.01305886603,0.3614906669,0.3452224731
0.01306886603,0.419321686,0.4313387871
0.01306986603,0.4250175059,0.4398651123
0.01307986603,0.481015861,0.5240905285
0.01308086603,0.4865148664,0.532407403
0.01309086603,0.5404132009,0.6143396497
0.01309186603,0.5456891656,0.6224074364
0.01310186603,0.5972300768,0.7016553283
0.01310286603,0.6022577882,0.709435463
0.01311286603,0.6511951685,0.7856206298
0.01311386603,0.6559506059,0.7930759192
0.01312386603,0.7020508051,0.8658345342
0.01312486603,0.7065113187,0.8729293942
0.01313486603,0.7495541573,0.9419140816
0.01313586603,0.7536984086,0.9486146569
0.01314586603,0.7934783697,1.013496041
0.01314686603,0.7972866297,1.019770265
0.01315686603,0.8336138129,1.080238461
0.01315786603,0.8370678425,1.086056471
0.01316786603,0.8697686791,1.141822815
0.01316886603,0.8728520274,1.147156835
0.01317886603,0.9017704725,1.197954893
0.01317986603,0.9044683576,1.202779412
0.01318986603,0.9294663072,1.248366833
0.01319086603,0.9317658544,1.252658725
0.01320086603,0.9527239203,1.292817712
0.01320186603,0.9546141624,1.296556592
0.01321186603,0.9714323282,1.331095457
0.01321286603,0.9729042053,1.334263444
0.01322286603,0.9855021238,1.363017201
0.01323286603,0.9942107201,1.386391997
0.01324286603,0.9989955425,1.404295683
0.01325286603,0.9998378754,1.416657567
0.01326286603,0.9967342615,1.423428655
0.01327286603,0.9896969795,1.424582362
0.01328286603,0.9787538648,1.420113921
0.01329286603,0.9639480114,1.410041094
0.01330286603,0.9453378916,1.394403458
0.01331286603,0.9229969978,1.373262882
0.01332286603,0.8970134258,1.346702695
0.01333286603,0.8674897552,1.314827681
0.01334286603,0.8345425129,1.277763724
0.01335286603,0.7983016968,1.235656977
0.01336286603,0.758910358,1.188673735
0.01337286603,0.7165238857,1.136999249
0.01338286603,0.6713097095,1.080837607
0.01339286603,0.6234461665,1.020410419
0.01339386603,0.6185212731,1.014140129
0.01340386603,0.5679619312,0.9492971301
0.01340486603,0.562779367,0.9426003098
0.01341486603,0.5097657442,0.8736512065
0.01341586603,0.504350245,0.8665597439
0.01342586603,0.4491354525,0.7938337326
0.01342686603,0.4435128272,0.7863815427
0.01343686603,0.3863605261,0.7102258205
0.01343786603,0.3805576563,0.7024485469
0.01344786603,0.3217407167,0.6232267022
0.01344886603,0.3157853186,0.6151614189
0.01345886603,0.2555846274,0.533251822
0.01345986603,0.2495051026,0.524936974
0.01346986603,0.1882080883,0.4407306612
0.01347086603,0.1820335239,0.4322060347
0.01348086603,0.1199328825,0.3461050987
0.01348186603,0.1136927232,0.3374114037
0.01349186603,0.05108499154,0.249826923
0.01349286603,0.04480904341,0.2410056442
0.01350286603,-0.01800682768,0.1523558795
0.01350386603,-0.02428859845,0.1434491426
0.01351386603,-0.08701266348,0.05415737629
0.01351486603,-0.09327026457,0.04520770535
0.01352486603,-0.1556030214,-0.04429970309
0.01352586603,-0.1618065536,-0.05324956775
0.01353586603,-0.2234503627,-0.1425452232
0.01353686603,-0.2295702398,-0.1514525563
0.01354686603,-0.290230751,-0.2401100695
0.01354786603,-0.2962377071,-0.2489323318
0.01355786603,-0.3556252718,-0.3365283906
0.01355886603,-0.3614906669,-0.3452234268
0.01356886603,-0.419321686,-0.4313397408
0.01356986603,-0.4250175059,-0.439866066
0.01357986603,-0.481015861,-0.5240914226
0.01358086603,-0.4865148664,-0.5324083567
0.01359086603,-0.5404132009,-0.6143406034
0.01359186603,-0.5456891656,-0.62240839
0.01360186603,-0.5972300768,-0.7016562819
0.01360286603,-0.6022577882,-0.709436357
0.01361286603,-0.6511951685,-0.7856215239
0.01361386603,-0.6559506059,-0.7930768132
0.01362386603,-0.7020508051,-0.8658354282
0.01362486603,-0.7065113187,-0.8729303479
0.01363486603,-0.7495541573,-0.9419149756
0.01363586603,-0.7536984086,-0.948615551
0.01364586603,-0.7934783697,-1.013496876
0.01364686603,-0.7972866297,-1.019771218
0.01365686603,-0.8336138129,-1.080239296
0.01365786603,-0.8370678425,-1.086057425
0.01366786603,-0.8697686791,-1.141823649
0.01366886603,-0.8728520274,-1.147157669
0.01367886603,-0.9017704725,-1.197955728
0.01367986603,-0.9044683576,-1.202780247
0.01368986603,-0.9294663072,-1.248367667
0.01369086603,-0.9317658544,-1.252659559
0.01370086603,-0.9527239203,-1.292818546
0.01370186603,-0.9546141624,-1.296557546
0.01371186603,-0.9714323282,-1.331096292
0.01371286603,-0.9729042053,-1.334264278
0.01372286603,-0.9855021238,-1.363018036
0.01373286603,-0.9942107201,-1.386392832
0.01374286603,-0.9989955425,-1.404296517
0.01375286603,-0.9998378754,-1.416658401
0.01376286603,-0.9967342615,-1.423429489
0.01377286603,-0.9896969795,-1.424583077
0.01378286603,-0.9787538648,-1.420114636
0.01379286603,-0.9639480114,-1.410041809
0.01380286603,-0.9453378916,-1.394404292
0.01381286603,-0.9229969978,-1.373263597
0.01382286603,-0.8970134258,-1.34670341
0.01383286603,-0.8674897552,-1.314828396
0.01384286603,-0.8345425129,-1.27776444
0.01385286603,-0.7983016968,-1.235657692
0.01386286603,-0.758910358,-1.18867445
0.01387286603,-0.7165238857,-1.136999965
0.01388286603,-0.6713097095,-1.080838323
0.01389286603,-0.6234461665,-1.020411134
0.01389386603,-0.6185212731,-1.014140725
0.01390386603,-0.5679619312,-0.9492978454
0.01390486603,-0.562779367,-0.9426009655
0.01391486603,-0.5097657442,-0.8736518621
0.01391586603,-0.504350245,-0.8665604591
0.01392586603,-0.4491354525,-0.7938343883
0.01392686603,-0.4435128272,-0.7863822579
0.01393686603,-0.3863605261,-0.7102264762
0.01393786603,-0.3805576563,-0.7024492025
0.01394786603,-0.3217407167,-0.6232273579
0.01394886603,-0.3157853186,-0.6151620746
0.01395886603,-0.2555846274,-0.533252418
0.01395986603,-0.2495051026,-0.5249376297
0.01396986603,-0.1882080883,-0.440731287
0.01397086603,-0.1820335239,-0.4322066903
0.01398086603,-0.1199328825,-0.3461057246
0.01398186603,-0.1136927232,-0.3374120295
0.01399186603,-0.05108499154,-0.2498275638
0.01399286603,-0.04480904341,-0.2410062701
0.01400286603,0.01800682768,-0.1523565054
0.01400386603,0.02428859845,-0.1434497684
0.01401386603,0.08701266348,-0.05415799469
0.01401486603,0.09327026457,-0.04520832002
0.01402486603,0.1556030214,0.04429909214
0.01402586603,0.1618065536,0.05324896052
0.01403586603,0.2234503627,0.1425446272
0.01403686603,0.2295702398,0.1514519453
0.01404686603,0.290230751,0.2401094735
0.01404786603,0.2962377071,0.2489317358
0.01405786603,0.3556252718,0.3365277946
0.01405886603,0.3614906669,0.3452228308
0.01406886603,0.419321686,0.4313391447
0.01406986603,0.4250175059,0.4398654997
0.01407986603,0.481015861,0.5240908861
0.01408086603,0.4865148664,0.5324077606
0.01409086603,0.5404132009,0.6143400073
0.01409186603,0.5456891656,0.622407794
0.01410186603,0.5972300768,0.7016557455
0.01410286603,0.6022577882,0.7094358206
0.01411286603,0.6511951685,0.7856209874
0.01411386603,0.6559506059,0.7930762768
0.01412386603,0.7020508051,0.8658348918
0.01412486603,0.7065113187,0.8729297519
0.01413486603,0.7495541573,0.9419144392
0.01413586603,0.7536984086,0.9486150146
0.01414586603,0.7934783697,1.013496399
0.01414686603,0.7972866297,1.019770622
0.01415686603,0.8336138129,1.080238819
0.01415786603,0.8370678425,1.086056828
0.01416786603,0.8697686791,1.141823173
0.01416886603,0.8728520274,1.147157192
0.01417886603,0.9017704725,1.197955251
0.01417986603,0.9044683576,1.20277977
0.01418986603,0.9294663072,1.248367071
0.01419086603,0.9317658544,1.252659082
0.01420086603,0.9527239203,1.292818069
0.01420186603,0.9546141624,1.29655695
0.01421186603,0.9714323282,1.331095695
0.01421286603,0.9729042053,1.334263802
0.01422286603,0.9855021238,1.36301744
0.01423286603,0.9942107201,1.386392355
0.01424286603,0.9989955425,1.404296041
0.01425286603,0.9998378754,1.416657805
0.01426286603,0.9967342615,1.423429012
0.01427286603,0.9896969795,1.424582601
0.01428286603,0.9787538648,1.42011416
0.01429286603,0.9639480114,1.410041332
0.01430286603,0.9453378916,1.394403815
0.01431286603,0.9229969978,1.373263121
0.01432286603,0.8970134258,1.346702933
0.01433286603,0.8674897552,1.314828038
0.01434286603,0.8345425129,1.277763963
0.01435286603,0.7983016968,1.235657334
0.01436286603,0.758910358,1.188673973
0.01437286603,0.7165238857,1.136999607
0.01438286603,0.6713097095,1.080837846
0.01439286603,0.6234461665,1.020410657
0.01439386603,0.6185212731,1.014140368
0.01440386603,0.5679619312,0.9492974281
0.01440486603,0.562779367,0.9426005483
0.01441486603,0.5097657442,0.8736514449
0.01441586603,0.504350245,0.8665600419
0.01442586603,0.4491354525,0.793833971
0.01442686603,0.4435128272,0.7863818407
0.01443686603,0.3863605261,0.7102261186
0.01443786603,0.3805576563,0.7024487853
0.01444786603,0.3217407167,0.6232270002
0.01444886603,0.3157853186,0.6151616573
0.01445886603,0.2555846274,0.5332520604
0.01445986603,0.2495051026,0.5249372125
0.01446986603,0.1882080883,0.4407308996
0.01447086603,0.1820335239,0.4322063029
0.01448086603,0.1199328825,0.3461053371
0.01448186603,0.1136927232,0.3374116421
0.01449186603,0.05108499154,0.2498271763
0.01449286603,0.04480904341,0.2410058975
0.01450286603,-0.01800682768,0.1523561329
0.01450386603,-0.02428859845,0.143449381
0.01451386603,-0.08701266348,0.05415761843
0.01451486603,-0.09327026457,0.04520794377
0.01452486603,-0.1556030214,-0.04429946467
0.01452586603,-0.1618065536,-0.05324933305
0.01453586603,-0.2234503627,-0.1425449848
0.01453686603,-0.2295702398,-0.1514523178
0.01454686603,-0.290230751,-0.240109846
0.01454786603,-0.2962377071,-0.2489320934
0.01455786603,-0.3556252718,-0.3365281522
0.01455886603,-0.3614906669,-0.3452231884
0.01456886603,-0.419321686,-0.4313395023
0.01456986603,-0.4250175059,-0.4398658574
0.01457986603,-0.481015861,-0.5240912437
0.01458086603,-0.4865148664,-0.5324081182
0.01459086603,-0.5404132009,-0.6143403649
0.01459186603,-0.5456891656,-0.6224081516
0.01460186603,-0.5972300768,-0.7016560435
0.01460286603,-0.6022577882,-0.7094361782
0.01461286603,-0.6511951685,-0.785621345
0.01461386603,-0.6559506059,-0.7930766344
0.01462386603,-0.7020508051,-0.8658352494
0.01462486603,-0.7065113187,-0.8729301095
0.01463486603,-0.7495541573,-0.9419147968
0.01463586603,-0.7536984086,-0.9486153722
0.01464586603,-0.7934783697,-1.013496637
0.01464686603,-0.7972866297,-1.01977098
0.01465686603,-0.8336138129,-1.080239177
0.01465786603,-0.8370678425,-1.086057186
0.01466786603,-0.8697686791,-1.141823411
0.01466886603,-0.8728520274,-1.147157431
0.01467886603,-0.9017704725,-1.197955608
0.01467986603,-0.9044683576,-1.202780008
0.01468986603,-0.9294663072,-1.248367429
0.01469086603,-0.9317658544,-1.25265944
0.01470086603,-0.9527239203,-1.292818308
0.01470186603,-0.9546141624,-1.296557307
0.01471186603,-0.9714323282,-1.331096053
0.01471286603,-0.9729042053,-1.334264159
0.01472286603,-0.9855021238,-1.363017797
0.01473286603,-0.9942107201,-1.386392593
0.01474286603,-0.9989955425,-1.404296279
0.01475286603,-0.9998378754,-1.416658163
0.01476286603,-0.9967342615,-1.423429251
0.01477286603,-0.9896969795,-1.424582958
0.01478286603,-0.9787538648,-1.420114517
0.01479286603,-0.9639480114,-1.41004169
0.01480286603,-0.9453378916,-1.394404054
0.01481286603,-0.9229969978,-1.373263478
0.01482286603,-0.8970134258,-1.346703291
0.01483286603,-0.8674897552,-1.314828277
0.01484286603,-0.8345425129,-1.27776432
0.01485286603,-0.7983016968,-1.235657573
0.01486286603,-0.758910358,-1.188674212
0.01487286603,-0.7165238857,-1.136999846
0.01488286603,-0.6713097095,-1.080838203
0.01489286603,-0.6234461665,-1.020410895
0.01489386603,-0.6185212731,-1.014140606
0.01490386603,-0.5679619312,-0.9492976665
0.01490486603,-0.562779367,-0.9426007867
0.01491486603,-0.5097657442,-0.8736517429
0.01491586603,-0.504350245,-0.8665602803
0.01492586603,-0.4491354525,-0.793834269
0.01492686603,-0.4435128272,-0.7863820791
0.01493686603,-0.3863605261,-0.710226357
0.01493786603,-0.3805576563,-0.7024490237
0.01494786603,-0.3217407167,-0.6232272387
0.01494886603,-0.3157853186,-0.6151618958
0.01495886603,-0.2555846274,-0.5332522988
0.01495986603,-0.2495051026,-0.5249374509
0.01496986603,-0.1882080883,-0.440731138
0.01497086603,-0.1820335239,-0.4322065413
0.01498086603,-0.1199328825,-0.3461055756
0.01498186603,-0.1136927232,-0.3374118805
0.01499186603,-0.05108499154,-0.2498274148
0.01499286603,-0.04480904341,-0.241006121
0.01500286603,0.01800682768,-0.1523563564
0.01500386603,0.02428859845,-0.1434496194
0.01501386603,0.08701266348,-0.05415784568
0.01501486603,0.09327026457,-0.04520817474
0.01502486603,0.1556030214,0.04429923743
0.01502586603,0.1618065536,0.05324910581
0.01503586603,0.2234503627,0.1425447613
0.01503686603,0.2295702398,0.1514520943
0.01504686603,0.290230751,0.2401096225
0.01504786603,0.2962377071,0.2489318699
0.01505786603,0.3556252718,0.3365279138
0.01505886603,0.3614906669,0.3452229798
0.01506886603,0.419321686,0.4313392937
0.01506986603,0.4250175059,0.4398656487
0.01507986603,0.481015861,0.5240910053
0.01508086603,0.4865148664,0.5324079394
0.01509086603,0.5404132009,0.6143401861
0.01509186603,0.5456891656,0.6224079132
0.01510186603,0.5972300768,0.7016558647
0.01510286603,0.6022577882,0.7094359398
0.01511286603,0.6511951685,0.7856211066
0.01511386603,0.6559506059,0.793076396
0.01512386603,0.7020508051,0.865835011
0.01512486603,0.7065113187,0.8729298711
0.01513486603,0.7495541573,0.9419145584
0.01513586603,0.7536984086,0.9486151338
0.01514586603,0.7934783697,1.013496518
0.01514686603,0.7972866297,1.019770741
0.01515686603,0.8336138129,1.080238938
0.01515786603,0.8370678425,1.086056948
0.01516786603,0.8697686791,1.141823292
0.01516886603,0.8728520274,1.147157311
0.01517886603,0.9017704725,1.19795537
0.01517986603,0.9044683576,1.202779889
0.01518986603,0.9294663072,1.24836719
0.01519086603,0.9317658544,1.252659202
0.01520086603,0.9527239203,1.292818189
0.01520186603,0.9546141624,1.296557069
0.01521186603,0.9714323282,1.331095815
0.01521286603,0.9729042053,1.334263921
0.01522286603,0.9855021238,1.363017559
0.01523286603,0.9942107201,1.386392474
0.01524286603,0.9989955425,1.40429616
0.01525286603,0.9998378754,1.416657925
0.01526286603,0.9967342615,1.423429132
0.01527286603,0.9896969795,1.42458272
0.01528286603,0.9787538648,1.420114279
0.01529286603,0.9639480114,1.410041451
0.01530286603,0.9453378916,1.394403934
0.01531286603,0.9229969978,1.37326324
0.01532286603,0.8970134258,1.346703053
0.01533286603,0.8674897552,1.314828038
0.01534286603,0.8345425129,1.277764082
0.01535286603,0.7983016968,1.235657334
0.01536286603,0.758910358,1.188674092
0.01537286603,0.7165238857,1.136999607
0.01538286603,0.6713097095,1.080837965
0.01539286603,0.6234461665,1.020410776
0.01539386603,0.6185212731,1.014140487
0.01540386603,0.5679619312,0.9492974877
0.01540486603,0.562779367,0.9426006675
0.01541486603,0.5097657442,0.8736515641
0.01541586603,0.504350245,0.8665601015
0.01542586603,0.4491354525,0.7938340902
0.01542686603,0.4435128272,0.7863819003
0.01543686603,0.3863605261,0.7102261782
0.01543786603,0.3805576563,0.7024489045
0.01544786603,0.3217407167,0.6232270598
0.01544886603,0.3157853186,0.6151617765
0.01545886603,0.2555846274,0.53325212
0.01545986603,0.2495051026,0.5249373317
0.01546986603,0.1882080883,0.440730989
0.01547086603,0.1820335239,0.4322063923
0.01548086603,0.1199328825,0.3461054265
0.01548186603,0.1136927232,0.3374117315
0.01549186603,0.05108499154,0.2498272657
0.01549286603,0.04480904341,0.2410059869
0.01550286603,-0.01800682768,0.1523562223
0.01550386603,-0.02428859845,0.1434494704
0.01551386603,-0.08701266348,0.05415770784
0.01551486603,-0.09327026457,0.04520803317
0.01552486603,-0.1556030214,-0.04429937527
0.01552586603,-0.1618065536,-0.05324924365
0.01553586603,-0.2234503627,-0.1425448954
0.01553686603,-0.2295702398,-0.1514522284
0.01554686603,-0.290230751,-0.2401097566
0.01554786603,-0.2962377071,-0.248932004
0.01555786603,-0.3556252718,-0.3365280628
0.01555886603,-0.3614906669,-0.3452231288
0.01556886603,-0.419321686,-0.4313394427
0.01556986603,-0.4250175059,-0.439865768
0.01557986603,-0.481015861,-0.5240911245
0.01558086603,-0.4865148664,-0.5324080586
0.01559086603,-0.5404132009,-0.6143403053
0.01559186603,-0.5456891656,-0.622408092
0.01560186603,-0.5972300768,-0.7016559839
0.01560286603,-0.6022577882,-0.709436059
0.01561286603,-0.6511951685,-0.7856212258
0.01561386603,-0.6559506059,-0.7930765152
0.01562386603,-0.7020508051,-0.8658351302
0.01562486603,-0.7065113187,-0.8729300499
0.01563486603,-0.7495541573,-0.9419146776
0.01563586603,-0.7536984086,-0.948615253
0.01564586603,-0.7934783697,-1.013496637
0.01564686603,-0.7972866297,-1.019770861
0.01565686603,-0.8336138129,-1.080239058
0.01565786603,-0.8370678425,-1.086057067
0.01566786603,-0.8697686791,-1.141823411
0.01566886603,-0.8728520274,-1.147157431
0.01567886603,-0.9017704725,-1.197955489
0.01567986603,-0.9044683576,-1.202780008
0.01568986603,-0.9294663072,-1.24836731
0.01569086603,-0.9317658544,-1.252659321
0.01570086603,-0.9527239203,-1.292818308
0.01570186603,-0.9546141624,-1.296557188
0.01571186603,-0.9714323282,-1.331095934
0.01571286603,-0.9729042053,-1.33426404
0.01572286603,-0.9855021238,-1.363017678
0.01573286603,-0.9942107201,-1.386392593
0.01574286603,-0.9989955425,-1.404296279
0.01575286603,-0.9998378754,-1.416658044
0.01576286603,-0.9967342615,-1.423429251
0.01577286603,-0.9896969795,-1.424582839
0.01578286603,-0.9787538648,-1.420114398
0.01579286603,-0.9639480114,-1.410041571
0.01580286603,-0.9453378916,-1.394403934
0.01581286603,-0.9229969978,-1.373263359
0.01582286603,-0.8970134258,-1.346703172
0.01583286603,-0.8674897552,-1.314828157
0.01584286603,-0.8345425129,-1.277764201
0.01585286603,-0.7983016968,-1.235657454
0.01586286603,-0.758910358,-1.188674212
0.01587286603,-0.7165238857,-1.136999726
0.01588286603,-0.6713097095,-1.080838084
0.01589286603,-0.6234461665,-1.020410895
0.01589386603,-0.6185212731,-1.014140606
0.01590386603,-0.5679619312,-0.9492976069
0.01590486603,-0.562779367,-0.9426007271
0.01591486603,-0.5097657442,-0.8736516833
0.01591586603,-0.504350245,-0.8665602207
0.01592586603,-0.4491354525,-0.7938342094
0.01592686603,-0.4435128272,-0.7863820195
0.01593686603,-0.3863605261,-0.7102262974
0.01593786603,-0.3805576563,-0.7024489641
0.01594786603,-0.3217407167,-0.6232271791
0.01594886603,-0.3157853186,-0.6151618361
0.01595886603,-0.2555846274,-0.5332522392
0.01595986603,-0.2495051026,-0.5249373913
0.01596986603,-0.1882080883,-0.4407310784
0.01597086603,-0.1820335239,-0.4322064817
0.01598086603,-0.1199328825,-0.346105516
0.01598186603,-0.1136927232,-0.3374118209
0.01599186603,-0.05108499154,-0.2498273551
0.01599286603,-0.04480904341,-0.2410060763
0.01600286603,0.01800682768,-0.1523563117
0.01600386603,0.02428859845,-0.1434495598
0.01601386603,0.08701266348,-0.05415779352
0.01601486603,0.09327026457,-0.04520811886
0.01602486603,0.1556030214,0.04429929331
0.01602586603,0.1618065536,0.05324915797
0.01603586603,0.2234503627,0.1425448209
0.01603686603,0.2295702398,0.151452139
0.01604686603,0.290230751,0.2401096672
0.01604786603,0.2962377071,0.2489319295
0.01605786603,0.3556252718,0.3365279734
0.01605886603,0.3614906669,0.3452230394
0.01606886603,0.419321686,0.4313393533
0.01606986603,0.4250175059,0.4398656785
0.01607986603,0.481015861,0.5240910649
0.01608086603,0.4865148664,0.5324079394
0.01609086603,0.5404132009,0.6143402457
0.01609186603,0.5456891656,0.6224079728
0.01610186603,0.5972300768,0.7016559243
0.01610286603,0.6022577882,0.7094359994
0.01611286603,0.6511951685,0.7856211662
0.01611386603,0.6559506059,0.7930764556
0.01612386603,0.7020508051,0.8658350706
0.01612486603,0.7065113187,0.8729299307
0.01613486603,0.7495541573,0.941914618
0.01613586603,0.7536984086,0.9486151934
0.01614586603,0.7934783697,1.013496518
0.01614686603,0.7972866297,1.019770861
0.01615686603,0.8336138129,1.080238938
0.01615786603,0.8370678425,1.086057067
0.01616786603,0.8697686791,1.141823292
0.01616886603,0.8728520274,1.147157311
0.01617886603,0.9017704725,1.19795537
0.01617986603,0.9044683576,1.202779889
0.01618986603,0.9294663072,1.24836731
0.01619086603,0.9317658544,1.252659202
0.01620086603,0.9527239203,1.292818189
0.01620186603,0.9546141624,1.296557188
0.01621186603,0.9714323282,1.331095934
0.01621286603,0.9729042053,1.334263921
0.01622286603,0.9855021238,1.363017678
0.01623286603,0.9942107201,1.386392474
0.01624286603,0.9989955425,1.40429616
0.01625286603,0.9998378754,1.416658044
0.01626286603,0.9967342615,1.423429132
0.01627286603,0.9896969795,1.42458272
0.01628286603,0.9787538648,1.420114398
0.01629286603,0.9639480114,1.410041451
0.01630286603,0.9453378916,1.394403934
0.01631286603,0.9229969978,1.373263359
0.01632286603,0.8970134258,1.346703172
0.01633286603,0.8674897552,1.314828157
0.01634286603,0.8345425129,1.277764201
0.01635286603,0.7983016968,1.235657454
0.01636286603,0.758910358,1.188674092
0.01637286603,0.7165238857,1.136999726
0.01638286603,0.6713097095,1.080838084
0.01639286603,0.6234461665,1.020410776
0.01639386603,0.6185212731,1.014140487
0.01640386603,0.5679619312,0.9492975473
0.01640486603,0.562779367,0.9426006675
0.01641486603,0.5097657442,0.8736516237
0.01641586603,0.504350245,0.8665601611
0.01642586603,0.4491354525,0.7938341498
0.01642686603,0.4435128272,0.7863819599
0.01643686603,0.3863605261,0.7102262378
0.01643786603,0.3805576563,0.7024489045
0.01644786603,0.3217407167,0.6232271194
0.01644886603,0.3157853186,0.6151617765
0.01645886603,0.2555846274,0.5332521796
0.01645986603,0.2495051026,0.5249373317
0.01646986603,0.1882080883,0.4407310486
0.01647086603,0.1820335239,0.4322064221
0.01648086603,0.1199328825,0.3461054564
0.01648186603,0.1136927232,0.3374117613
0.01649186603,0.05108499154,0.2498272955
0.01649286603,0.04480904341,0.2410060167
0.01650286603,-0.01800682768,0.1523562521
0.01650386603,-0.02428859845,0.1434495151
0.01651386603,-0.08701266348,0.05415774137
0.01651486603,-0.09327026457,0.0452080667
0.01652486603,-0.1556030214,-0.04429934174
0.01652586603,-0.1618065536,-0.05324921012
0.01653586603,-0.2234503627,-0.1425448656
0.01653686603,-0.2295702398,-0.1514521986
0.01654686603,-0.290230751,-0.2401097268
0.01654786603,-0.2962377071,-0.2489319742
0.01655786603,-0.3556252718,-0.336528033
0.01655886603,-0.3614906669,-0.345223099
0.01656886603,-0.419321686,-0.4313394129
0.01656986603,-0.4250175059,-0.4398657382
0.01657986603,-0.481015861,-0.5240911245
0.01658086603,-0.4865148664,-0.532407999
0.01659086603,-0.5404132009,-0.6143402457
0.01659186603,-0.5456891656,-0.6224080324
0.01660186603,-0.5972300768,-0.7016559243
0.01660286603,-0.6022577882,-0.709436059
0.01661286603,-0.6511951685,-0.7856212258
0.01661386603,-0.6559506059,-0.7930765152
0.01662386603,-0.7020508051,-0.8658351302
0.01662486603,-0.7065113187,-0.8729299903
0.01663486603,-0.7495541573,-0.9419146776
0.01663586603,-0.7536984086,-0.948615253
0.01664586603,-0.7934783697,-1.013496637
0.01664686603,-0.7972866297,-1.019770861
0.01665686603,-0.8336138129,-1.080239058
0.01665786603,-0.8370678425,-1.086057067
0.01666786603,-0.8697686791,-1.141823292
0.01666886603,-0.8728520274,-1.147157311
0.01667886603,-0.9017704725,-1.197955489
0.01667986603,-0.9044683576,-1.202780008
0.01668986603,-0.9294663072,-1.24836731
0.01669086603,-0.9317658544,-1.252659321
0.01670086603,-0.9527239203,-1.292818189
0.01670186603,-0.9546141624,-1.296557188
0.01671186603,-0.9714323282,-1.331095934
0.01671286603,-0.9729042053,-1.33426404
0.01672286603,-0.9855021238,-1.363017678
0.01673286603,-0.9942107201,-1.386392593
0.01674286603,-0.9989955425,-1.404296279
0.01675286603,-0.9998378754,-1.416658044
0.01676286603,-0.9967342615,-1.423429132
0.01677286603,-0.9896969795,-1.424582839
0.01678286603,-0.9787538648,-1.420114398
0.01679286603,-0.9639480114,-1.410041571
0.01680286603,-0.9453378916,-1.394403934
0.01681286603,-0.9229969978,-1.373263359
0.01682286603,-0.8970134258,-1.346703172
0.01683286603,-0.8674897552,-1.314828157
0.01684286603,-0.8345425129,-1.277764201
0.01685286603,-0.7983016968,-1.235657454
0.01686286603,-0.758910358,-1.188674212
0.01687286603,-0.7165238857,-1.136999726
0.01688286603,-0.6713097095,-1.080838084
0.01689286603,-0.6234461665,-1.020410895
0.01689386603,-0.6185212731,-1.014140487
0.01690386603,-0.5679619312,-0.9492976069
0.01690486603,-0.562779367,-0.9426007271
0.01691486603,-0.5097657442,-0.8736516237
0.01691586603,-0.504350245,-0.8665601611
0.01692586603,-0.4491354525,-0.7938341498
0.01692686603,-0.4435128272,-0.7863819599
0.01693686603,-0.3863605261,-0.7102262378
0.01693786603,-0.3805576563,-0.7024489641
0.01694786603,-0.3217407167,-0.6232271194
0.01694886603,-0.3157853186,-0.6151618361
0.01695886603,-0.2555846274,-0.5332522392
0.01695986603,-0.2495051026,-0.5249373913
0.01696986603,-0.1882080883,-0.4407310784
0.01697086603,-0.1820335239,-0.4322064519
0.01698086603,-0.1199328825,-0.346105516
0.01698186603,-0.1136927232,-0.3374117911
0.01699186603,-0.05108499154,-0.2498273402
0.01699286603,-0.04480904341,-0.2410060465
0.01700286603,0.01800682768,-0.1523562819
0.01700386603,0.02428859845,-0.1434495449
0.01701386603,0.08701266348,-0.05415777117
0.01701486603,0.09327026457,-0.04520810023
0.01702486603,0.1556030214,0.04429931194
0.01702586603,0.1618065536,0.05324918032
0.01703586603,0.2234503627,0.1425448358
0.01703686603,0.2295702398,0.1514521688
0.01704686603,0.290230751,0.240109697
0.01704786603,0.2962377071,0.2489319444
0.01705786603,0.3556252718,0.3365280032
0.01705886603,0.3614906669,0.3452230394
0.01706886603,0.419321686,0.4313393831
0.01706986603,0.4250175059,0.4398657084
0.01707986603,0.481015861,0.5240910649
0.01708086603,0.4865148664,0.532407999
0.01709086603,0.5404132009,0.6143402457
0.01709186603,0.5456891656,0.6224080324
0.01710186603,0.5972300768,0.7016559243
0.01710286603,0.6022577882,0.7094359994
0.01711286603,0.6511951685,0.7856211662
0.01711386603,0.6559506059,0.7930764556
0.01712386603,0.7020508051,0.8658350706
0.01712486603,0.7065113187,0.8729299903
0.01713486603,0.7495541573,0.9419146776
0.01713586603,0.7536984086,0.9486151934
0.01714586603,0.7934783697,1.013496518
0.01714686603,0.7972866297,1.019770861
0.01715686603,0.8336138129,1.080239058
0.01715786603,0.8370678425,1.086057067
0.01716786603,0.8697686791,1.141823292
0.01716886603,0.8728520274,1.147157311
0.01717886603,0.9017704725,1.19795537
0.01717986603,0.9044683576,1.202779889
0.01718986603,0.9294663072,1.24836731
0.01719086603,0.9317658544,1.252659321
0.01720086603,0.9527239203,1.292818189
0.01720186603,0.9546141624,1.296557188
0.01721186603,0.9714323282,1.331095934
0.01721286603,0.9729042053,1.33426404
0.01722286603,0.9855021238,1.363017678
0.01723286603,0.9942107201,1.386392474
0.01724286603,0.9989955425,1.40429616
0.01725286603,0.9998378754,1.416658044
0.01726286603,0.9967342615,1.423429132
0.01727286603,0.9896969795,1.424582839
0.01728286603,0.9787538648,1.420114398
0.01729286603,0.9639480114,1.410041571
0.01730286603,0.9453378916,1.394403934
0.01731286603,0.9229969978,1.373263359
0.01732286603,0.8970134258,1.346703172
0.01733286603,0.8674897552,1.314828157
0.01734286603,0.8345425129,1.277764201
0.01735286603,0.7983016968,1.235657454
0.01736286603,0.758910358,1.188674092
0.01737286603,0.7165238857,1.136999726
0.01738286603,0.6713097095,1.080838084
0.01739286603,0.6234461665,1.020410776
0.01739386603,0.6185212731,1.014140487
0.01740386603,0.5679619312,0.9492975473
0.01740486603,0.562779367,0.9426007271
0.01741486603,0.5097657442,0.8736516237
0.01741586603,0.504350245,0.8665601611
0.01742586603,0.4491354525,0.7938341498
0.01742686603,0.4435128272,0.7863819599
0.01743686603,0.3863605261,0.7102262378
0.01743786603,0.3805576563,0.7024489045
0.01744786603,0.3217407167,0.6232271194
0.01744886603,0.3157853186,0.6151617765
0.01745886603,0.2555846274,0.5332521796
0.01745986603,0.2495051026,0.5249373913
0.01746986603,0.1882080883,0.4407310486
0.01747086603,0.1820335239,0.4322064221
0.01748086603,0.1199328825,0.3461054862
0.01748186603,0.1136927232,0.3374117911
0.01749186603,0.05108499154,0.2498273104
0.01749286603,0.04480904341,0.2410060316
0.01750286603,-0.01800682768,0.152356267
0.01750386603,-0.02428859845,0.1434495151
0.01751386603,-0.08701266348,0.05415775254
0.01751486603,-0.09327026457,0.0452080816
0.01752486603,-0.1556030214,-0.04429933056
0.01752586603,-0.1618065536,-0.05324919894
0.01753586603,-0.2234503627,-0.1425448507
0.01753686603,-0.2295702398,-0.1514521837
0.01754686603,-0.290230751,-0.2401097119
0.01754786603,-0.2962377071,-0.2489319593
0.01755786603,-0.3556252718,-0.3365280032
0.01755886603,-0.3614906669,-0.3452230692
0.01756886603,-0.419321686,-0.4313393831
0.01756986603,-0.4250175059,-0.4398657382
0.01757986603,-0.481015861,-0.5240911245
0.01758086603,-0.4865148664,-0.532407999
0.01759086603,-0.5404132009,-0.6143402457
0.01759186603,-0.5456891656,-0.6224080324
0.01760186603,-0.5972300768,-0.7016559243
0.01760286603,-0.6022577882,-0.709436059
0.01761286603,-0.6511951685,-0.7856212258
0.01761386603,-0.6559506059,-0.7930764556
0.01762386603,-0.7020508051,-0.8658351302
0.01762486603,-0.7065113187,-0.8729299903
0.01763486603,-0.7495541573,-0.9419146776
0.01763586603,-0.7536984086,-0.948615253
0.01764586603,-0.7934783697,-1.013496518
0.01764686603,-0.7972866297,-1.019770861
0.01765686603,-0.8336138129,-1.080239058
0.01765786603,-0.8370678425,-1.086057067
0.01766786603,-0.8697686791,-1.141823292
0.01766886603,-0.8728520274,-1.147157311
0.01767886603,-0.9017704725,-1.197955489
0.01767986603,-0.9044683576,-1.202780008
0.01768986603,-0.9294663072,-1.24836731
0.01769086603,-0.9317658544,-1.252659321
0.01770086603,-0.9527239203,-1.292818189
0.01770186603,-0.9546141624,-1.296557188
0.01771186603,-0.9714323282,-1.331095934
0.01771286603,-0.9729042053,-1.33426404
0.01772286603,-0.9855021238,-1.363017678
0.01773286603,-0.9942107201,-1.386392474
0.01774286603,-0.9989955425,-1.404296279
0.01775286603,-0.9998378754,-1.416658044
0.01776286603,-0.9967342615,-1.423429132
0.01777286603,-0.9896969795,-1.424582839
0.01778286603,-0.9787538648,-1.420114398
0.01779286603,-0.9639480114,-1.410041571
0.01780286603,-0.9453378916,-1.394403934
0.01781286603,-0.9229969978,-1.373263359
0.01782286603,-0.8970134258,-1.346703172
0.01783286603,-0.8674897552,-1.314828157
0.01784286603,-0.8345425129,-1.277764201
0.01785286603,-0.7983016968,-1.235657454
0.01786286603,-0.758910358,-1.188674212
0.01787286603,-0.7165238857,-1.136999726
0.01788286603,-0.6713097095,-1.080838084
0.01789286603,-0.6234461665,-1.020410895
0.01789386603,-0.6185212731,-1.014140487
0.01790386603,-0.5679619312,-0.9492976069
0.01790486603,-0.562779367,-0.9426007271
0.01791486603,-0.5097657442,-0.8736516237
0.01791586603,-0.504350245,-0.8665601611
0.01792586603,-0.4491354525,-0.7938341498
0.01792686603,-0.4435128272,-0.7863819599
0.01793686603,-0.3863605261,-0.7102262378
0.01793786603,-0.3805576563,-0.7024489641
0.01794786603,-0.3217407167,-0.6232271194
0.01794886603,-0.3157853186,-0.6151618361
0.01795886603,-0.2555846274,-0.5332521796
0.01795986603,-0.2495051026,-0.5249373913
0.01796986603,-0.1882080883,-0.4407310486
0.01797086603,-0.1820335239,-0.4322064519
0.01798086603,-0.1199328825,-0.3461054862
0.01798186603,-0.1136927232,-0.3374117911
0.01799186603,-0.05108499154,-0.2498273253
0.01799286603,-0.04480904341,-0.2410060465
0.01800286603,0.01800682768,-0.1523562819
0.01800386603,0.02428859845,-0.14344953
0.01801386603,0.08701266348,-0.05415776372
0.01801486603,0.09327026457,-0.04520809278
0.01802486603,0.1556030214,0.04429931939
0.01802586603,0.1618065536,0.05324918777
0.01803586603,0.2234503627,0.1425448507
0.01803686603,0.2295702398,0.1514521688
0.01804686603,0.290230751,0.240109697
0.01804786603,0.2962377071,0.2489319444
0.01805786603,0.3556252718,0.3365280032
0.01805886603,0.3614906669,0.3452230692
0.01806886603,0.419321686,0.4313393831
0.01806986603,0.4250175059,0.4398657084
0.01807986603,0.481015861,0.5240910649
0.01808086603,0.4865148664,0.532407999
0.01809086603,0.5404132009,0.6143402457
0.01809186603,0.5456891656,0.6224080324
0.01810186603,0.5972300768,0.7016559243
0.01810286603,0.6022577882,0.7094359994
0.01811286603,0.6511951685,0.7856211662
0.01811386603,0.6559506059,0.7930764556
0.01812386603,0.7020508051,0.8658351302
0.01812486603,0.7065113187,0.8729299903
0.01813486603,0.7495541573,0.9419146776
0.01813586603,0.7536984086,0.948615253
0.01814586603,0.7934783697,1.013496518
0.01814686603,0.7972866297,1.019770861
0.01815686603,0.8336138129,1.080239058
0.01815786603,0.8370678425,1.086057067
0.01816786603,0.8697686791,1.141823292
0.01816886603,0.8728520274,1.147157311
0.01817886603,0.9017704725,1.197955489
0.01817986603,0.9044683576,1.202779889
0.01818986603,0.9294663072,1.24836731
0.01819086603,0.9317658544,1.252659321
0.01820086603,0.9527239203,1.292818189
0.01820186603,0.9546141624,1.296557188
0.01821186603,0.9714323282,1.331095934
0.01821286603,0.9729042053,1.33426404
0.01822286603,0.9855021238,1.363017678
0.01823286603,0.9942107201,1.386392474
0.01824286603,0.9989955425,1.40429616
0.01825286603,0.9998378754,1.416658044
0.01826286603,0.9967342615,1.423429132
0.01827286603,0.9896969795,1.424582839
0.01828286603,0.9787538648,1.420114398
0.01829286603,0.9639480114,1.410041571
0.01830286603,0.9453378916,1.394403934
0.01831286603,0.9229969978,1.373263359
0.01832286603,0.8970134258,1.346703172
0.01833286603,0.8674897552,1.314828157
0.01834286603,0.8345425129,1.277764201
0.01835286603,0.7983016968,1.235657454
0.01836286603,0.758910358,1.188674092
0.01837286603,0.7165238857,1.136999726
0.01838286603,0.6713097095,1.080838084
0.01839286603,0.6234461665,1.020410776
0.01839386603,0.6185212731,1.014140487
0.01840386603,0.5679619312,0.9492975473
0.01840486603,0.562779367,0.9426007271
0.01841486603,0.5097657442,0.8736516237
0.01841586603,0.504350245,0.8665601611
0.01842586603,0.4491354525,0.7938341498
0.01842686603,0.4435128272,0.7863819599
0.01843686603,0.3863605261,0.7102262378
0.01843786603,0.3805576563,0.7024489045
0.01844786603,0.3217407167,0.6232271194
0.01844886603,0.3157853186,0.6151618361
0.01845886603,0.2555846274,0.5332521796
0.01845986603,0.2495051026,0.5249373913
0.01846986603,0.1882080883,0.4407310486
0.01847086603,0.1820335239,0.4322064519
0.01848086603,0.1199328825,0.3461054862
0.01848186603,0.1136927232,0.3374117911
0.01849186603,0.05108499154,0.2498273253
0.01849286603,0.04480904341,0.2410060316
0.01850286603,-0.01800682768,0.152356267
0.01850386603,-0.02428859845,0.14344953
0.01851386603,-0.08701266348,0.05415775627
0.01851486603,-0.09327026457,0.04520808533
0.01852486603,-0.1556030214,-0.04429932684
0.01852586603,-0.1618065536,-0.05324919149
0.01853586603,-0.2234503627,-0.1425448507
0.01853686603,-0.2295702398,-0.1514521837
0.01854686603,-0.290230751,-0.2401097119
0.01854786603,-0.2962377071,-0.2489319593
0.01855786603,-0.3556252718,-0.3365280032
0.01855886603,-0.3614906669,-0.3452230692
0.01856886603,-0.419321686,-0.4313393831
0.01856986603,-0.4250175059,-0.4398657084
0.01857986603,-0.481015861,-0.5240910649
0.01858086603,-0.4865148664,-0.532407999
0.01859086603,-0.5404132009,-0.6143402457
0.01859186603,-0.5456891656,-0.6224080324
0.01860186603,-0.5972300768,-0.7016559243
0.01860286603,-0.6022577882,-0.709436059
0.01861286603,-0.6511951685,-0.7856212258
0.01861386603,-0.6559506059,-0.7930764556
0.01862386603,-0.7020508051,-0.8658351302
0.01862486603,-0.7065113187,-0.8729299903
0.01863486603,-0.7495541573,-0.9419146776
0.01863586603,-0.7536984086,-0.948615253
0.01864586603,-0.7934783697,-1.013496518
0.01864686603,-0.7972866297,-1.019770861
0.01865686603,-0.8336138129,-1.080239058
0.01865786603,-0.8370678425,-1.086057067
0.01866786603,-0.8697686791,-1.141823292
0.01866886603,-0.8728520274,-1.147157311
0.01867886603,-0.9017704725,-1.197955489
0.01867986603,-0.9044683576,-1.202779889
0.01868986603,-0.9294663072,-1.24836731
0.01869086603,-0.9317658544,-1.252659321
0.01870086603,-0.9527239203,-1.292818189
0.01870186603,-0.9546141624,-1.296557188
0.01871186603,-0.9714323282,-1.331095934
0.01871286603,-0.9729042053,-1.33426404
0.01872286603,-0.9855021238,-1.363017678
0.01873286603,-0.9942107201,-1.386392474
0.01874286603,-0.9989955425,-1.404296279
0.01875286603,-0.9998378754,-1.416658044
0.01876286603,-0.9967342615,-1.423429132
0.01877286603,-0.9896969795,-1.424582839
0.01878286603,-0.9787538648,-1.420114398
0.01879286603,-0.9639480114,-1.410041571
0.01880286603,-0.9453378916,-1.394403934
0.01881286603,-0.9229969978,-1.373263359
0.01882286603,-0.8970134258,-1.346703172
0.01883286603,-0.8674897552,-1.314828157
0.01884286603,-0.8345425129,-1.277764201
0.01885286603,-0.7983016968,-1.235657454
0.01886286603,-0.758910358,-1.188674212
0.01887286603,-0.7165238857,-1.136999726
0.01888286603,-0.6713097095,-1.080838084
0.01889286603,-0.6234461665,-1.020410776
0.01889386603,-0.6185212731,-1.014140487
0.01890386603,-0.5679619312,-0.9492975473
0.01890486603,-0.562779367,-0.9426007271
0.01891486603,-0.5097657442,-0.8736516237
0.01891586603,-0.504350245,-0.8665601611
0.01892586603,-0.4491354525,-0.7938341498
0.01892686603,-0.4435128272,-0.7863819599
0.01893686603,-0.3863605261,-0.7102262378
0.01893786603,-0.3805576563,-0.7024489641
0.01894786603,-0.3217407167,-0.6232271194
0.01894886603,-0.3157853186,-0.6151618361
0.01895886603,-0.2555846274,-0.5332521796
0.01895986603,-0.2495051026,-0.5249373913
0.01896986603,-0.1882080883,-0.4407310486
0.01897086603,-0.1820335239,-0.4322064519
0.01898086603,-0.1199328825,-0.3461054862
0.01898186603,-0.1136927232,-0.3374117911
0.01899186603,-0.05108499154,-0.2498273253
0.01899286603,-0.04480904341,-0.2410060316
0.01900286603,0.01800682768,-0.152356267
0.01900386603,0.02428859845,-0.14344953
0.01901386603,0.08701266348,-0.05415775999
0.01901486603,0.09327026457,-0.04520808905
0.01902486603,0.1556030214,0.04429932311
0.01902586603,0.1618065536,0.05324918777
0.01903586603,0.2234503627,0.1425448507
0.01903686603,0.2295702398,0.1514521688
0.01904686603,0.290230751,0.240109697
0.01904786603,0.2962377071,0.2489319593
0.01905786603,0.3556252718,0.3365280032
0.01905886603,0.3614906669,0.3452230692
0.01906886603,0.419321686,0.4313393831
0.01906986603,0.4250175059,0.4398657084
0.01907986603,0.481015861,0.5240910649
0.01908086603,0.4865148664,0.532407999
0.01909086603,0.5404132009,0.6143402457
0.01909186603,0.5456891656,0.6224080324
0.01910186603,0.5972300768,0.7016559243
0.01910286603,0.6022577882,0.7094359994
0.01911286603,0.6511951685,0.7856211662
0.01911386603,0.6559506059,0.7930764556
0.01912386603,0.7020508051,0.8658351302
0.01912486603,0.7065113187,0.8729299903
0.01913486603,0.7495541573,0.9419146776
0.01913586603,0.7536984086,0.948615253
0.01914586603,0.7934783697,1.013496518
0.01914686603,0.7972866297,1.019770861
0.01915686603,0.8336138129,1.080239058
0.01915786603,0.8370678425,1.086057067
0.01916786603,0.8697686791,1.141823292
0.01916886603,0.8728520274,1.147157311
0.01917886603,0.9017704725,1.197955489
0.01917986603,0.9044683576,1.202779889
0.01918986603,0.9294663072,1.24836731
0.01919086603,0.9317658544,1.252659321
0.01920086603,0.9527239203,1.292818189
0.01920186603,0.9546141624,1.296557188
0.01921186603,0.9714323282,1.331095934
0.01921286603,0.9729042053,1.33426404
0.01922286603,0.9855021238,1.363017678
0.01923286603,0.9942107201,1.386392474
0.01924286603,0.9989955425,1.404296279
0.01925286603,0.9998378754,1.416658044
0.01926286603,0.9967342615,1.423429132
0.01927286603,0.9896969795,1.424582839
0.01928286603,0.9787538648,1.420114398
0.01929286603,0.9639480114,1.410041571
0.01930286603,0.9453378916,1.394403934
0.01931286603,0.9229969978,1.373263359
0.01932286603,0.8970134258,1.346703172
0.01933286603,0.8674897552,1.314828157
0.01934286603,0.8345425129,1.277764201
0.01935286603,0.7983016968,1.235657454
0.01936286603,0.758910358,1.188674092
0.01937286603,0.7165238857,1.136999726
0.01938286603,0.6713097095,1.080838084
0.01939286603,0.6234461665,1.020410776
0.01939386603,0.6185212731,1.014140487
0.01940386603,0.5679619312,0.9492975473
0.01940486603,0.562779367,0.9426007271
0.01941486603,0.5097657442,0.8736516237
0.01941586603,0.504350245,0.8665601611
0.01942586603,0.4491354525,0.7938341498
0.01942686603,0.4435128272,0.7863819599
0.01943686603,0.3863605261,0.7102262378
0.01943786603,0.3805576563,0.7024489641
0.01944786603,0.3217407167,0.6232271194
0.01944886603,0.3157853186,0.6151618361
0.01945886603,0.2555846274,0.5332521796
0.01945986603,0.2495051026,0.5249373913
0.01946986603,0.1882080883,0.4407310486
0.01947086603,0.1820335239,0.4322064519
0.01948086603,0.1199328825,0.3461054862
0.01948186603,0.1136927232,0.3374117911
0.01949186603,0.05108499154,0.2498273253
0.01949286603,0.04480904341,0.2410060316
0.01950286603,-0.01800682768,0.152356267
0.01950386603,-0.02428859845,0.14344953
0.01951386603,-0.08701266348,0.05415775999
0.01951486603,-0.09327026457,0.04520808533
0.01952486603,-0.1556030214,-0.04429932684
0.01952586603,-0.1618065536,-0.05324919149
0.01953586603,-0.2234503627,-0.1425448507
0.01953686603,-0.2295702398,-0.1514521837
0.01954686603,-0.290230751,-0.240109697
0.01954786603,-0.2962377071,-0.2489319593
0.01955786603,-0.3556252718,-0.3365280032
0.01955886603,-0.3614906669,-0.3452230692
0.01956886603,-0.419321686,-0.4313393831
0.01956986603,-0.4250175059,-0.4398657084
0.01957986603,-0.481015861,-0.5240910649
0.01958086603,-0.4865148664,-0.532407999
0.01959086603,-0.5404132009,-0.6143402457
0.01959186603,-0.5456891656,-0.6224080324
0.01960186603,-0.5972300768,-0.7016559243
0.01960286603,-0.6022577882,-0.709436059
0.01961286603,-0.6511951685,-0.7856211662
0.01961386603,-0.6559506059,-0.7930764556
0.01962386603,-0.7020508051,-0.8658351302
0.01962486603,-0.7065113187,-0.8729299903
0.01963486603,-0.7495541573,-0.9419146776
0.01963586603,-0.7536984086,-0.948615253
0.01964586603,-0.7934783697,-1.013496518
0.01964686603,-0.7972866297,-1.019770861
0.01965686603,-0.8336138129,-1.080239058
0.01965786603,-0.8370678425,-1.086057067
0.01966786603,-0.8697686791,-1.141823292
0.01966886603,-0.8728520274,-1.147157311
0.01967886603,-0.9017704725,-1.197955489
0.01967986603,-0.9044683576,-1.202779889
0.01968986603,-0.9294663072,-1.24836731
0.01969086603,-0.9317658544,-1.252659321
0.01970086603,-0.9527239203,-1.292818189
0.01970186603,-0.9546141624,-1.296557188
0.01971186603,-0.9714323282,-1.331095934
0.01971286603,-0.9729042053,-1.33426404
0.01972286603,-0.9855021238,-1.363017678
0.01973286603,-0.9942107201,-1.386392474
0.01974286603,-0.9989955425,-1.404296279
0.01975286603,-0.9998378754,-1.416658044
0.01976286603,-0.9967342615,-1.423429132
0.01977286603,-0.9896969795,-1.424582839
0.01978286603,-0.9787538648,-1.420114398
0.01979286603,-0.9639480114,-1.410041571
0.01980286603,-0.9453378916,-1.394403934
0.01981286603,-0.9229969978,-1.373263359
0.01982286603,-0.8970134258,-1.346703172
0.01983286603,-0.8674897552,-1.314828157
0.01984286603,-0.8345425129,-1.277764201
0.01985286603,-0.7983016968,-1.235657454
0.01986286603,-0.758910358,-1.188674212
0.01987286603,-0.7165238857,-1.136999726
0.01988286603,-0.6713097095,-1.080838084
0.01989286603,-0.6234461665,-1.020410776
0.01989386603,-0.6185212731,-1.014140487
0.01990386603,-0.5679619312,-0.9492975473
0.01990486603,-0.562779367,-0.9426007271
0.01991486603,-0.5097657442,-0.8736516237
0.01991586603,-0.504350245,-0.8665601611
0.01992586603,-0.4491354525,-0.7938341498
0.01992686603,-0.4435128272,-0.7863819599
0.01993686603,-0.3863605261,-0.7102262378
0.01993786603,-0.3805576563,-0.7024489641
0.01994786603,-0.3217407167,-0.6232271194
0.01994886603,-0.3157853186,-0.6151618361
0.01995886603,-0.2555846274,-0.5332521796
0.01995986603,-0.2495051026,-0.5249373913
0.01996986603,-0.1882080883,-0.4407310486
0.01997086603,-0.1820335239,-0.4322064519
0.01998086603,-0.1199328825,-0.3461054862
0.01998186603,-0.1136927232,-0.3374117911
0.01999186603,-0.05108499154,-0.2498273253
0.01999286603,-0.04480904341,-0.2410060316
0.02000286603,0.01800682768,-0.152356267
0.02000386603,0.02428859845,-0.14344953
0.02001386603,0.08701266348,-0.05415775999
0.02001486603,0.09327026457,-0.04520808905
0.02002486603,0.1556030214,0.04429932311
0.02002586603,0.1618065536,0.05324919149
0.02003586603,0.2234503627,0.1425448507
0.02003686603,0.2295702398,0.1514521688
0.02004686603,0.290230751,0.240109697
0.02004786603,0.2962377071,0.2489319593
0.02005786603,0.3556252718,0.3365280032
0.02005886603,0.3614906669,0.3452230692
0.02006886603,0.419321686,0.4313393831
0.02006986603,0.4250175059,0.4398657084
0.02007986603,0.481015861,0.5240910649
0.02008086603,0.4865148664,0.532407999
0.02009086603,0.5404132009,0.6143402457
0.02009186603,0.5456891656,0.6224080324
0.02010186603,0.5972300768,0.7016559243
0.02010286603,0.6022577882,0.7094359994
0.02011286603,0.6511951685,0.7856211662
0.02011386603,0.6559506059,0.7930764556
0.02012386603,0.7020508051,0.8658351302
0.02012486603,0.7065113187,0.8729299903
0.02013486603,0.7495541573,0.9419146776
0.02013586603,0.7536984086,0.948615253
0.02014586603,0.7934783697,1.013496518
0.02014686603,0.7972866297,1.019770861
0.02015686603,0.8336138129,1.080239058
0.02015786603,0.8370678425,1.086057067
0.02016786603,0.8697686791,1.141823292
0.02016886603,0.8728520274,1.147157311
0.02017886603,0.9017704725,1.197955489
0.02017986603,0.9044683576,1.202779889
0.02018986603,0.9294663072,1.24836731
0.02019086603,0.9317658544,1.252659321
0.02020086603,0.9527239203,1.292818189
0.02020186603,0.9546141624,1.296557188
0.02021186603,0.9714323282,1.331095934
0.02021286603,0.9729042053,1.33426404
0.02022286603,0.9855021238,1.363017678
0.02023286603,0.9942107201,1.386392474
0.02024286603,0.9989955425,1.404296279
0.02025286603,0.9998378754,1.416658044
0.02026286603,0.9967342615,1.423429132
0.02027286603,0.9896969795,1.424582839
0.02028286603,0.9787538648,1.420114398
0.02029286603,0.9639480114,1.410041571
0.02030286603,0.9453378916,1.394403934
0.02031286603,0.9229969978,1.373263359
0.02032286603,0.8970134258,1.346703172
0.02033286603,0.8674897552,1.314828157
0.02034286603,0.8345425129,1.277764201
0.02035286603,0.7983016968,1.235657454
0.02036286603,0.758910358,1.188674092
0.02037286603,0.7165238857,1.136999726
0.02038286603,0.6713097095,1.080838084
0.02039286603,0.6234461665,1.020410776
0.02039386603,0.6185212731,1.014140487
0.02040386603,0.5679619312,0.9492975473
0.02040486603,0.562779367,0.9426007271
0.02041486603,0.5097657442,0.8736516237
0.02041586603,0.504350245,0.8665601611
0.02042586603,0.4491354525,0.7938341498
0.02042686603,0.4435128272,0.7863819599
0.02043686603,0.3863605261,0.7102262378
0.02043786603,0.3805576563,0.7024489641
0.02044786603,0.3217407167,0.6232271194
0.02044886603,0.3157853186,0.6151618361
0.02045886603,0.2555846274,0.5332521796
0.02045986603,0.2495051026,0.5249373913
0.02046986603,0.1882080883,0.4407310486
0.02047086603,0.1820335239,0.4322064519
0.02048086603,0.1199328825,0.3461054862
0.02048186603,0.1136927232,0.3374117911
0.02049186603,0.05108499154,0.2498273253
0.02049286603,0.04480904341,0.2410060316
0.02050286603,-0.01800682768,0.152356267
0.02050386603,-0.02428859845,0.14344953
0.02051386603,-0.08701266348,0.05415775999
0.02051486603,-0.09327026457,0.04520808905
0.02052486603,-0.1556030214,-0.04429932311
0.02052586603,-0.1618065536,-0.05324919149
0.02053586603,-0.2234503627,-0.1425448507
0.02053686603,-0.2295702398,-0.1514521837
0.02054686603,-0.290230751,-0.240109697
0.02054786603,-0.2962377071,-0.2489319593
0.02055786603,-0.3556252718,-0.3365280032
0.02055886603,-0.3614906669,-0.3452230692
0.02056886603,-0.419321686,-0.4313393831
0.02056986603,-0.4250175059,-0.4398657084
0.02057986603,-0.481015861,-0.5240910649
0.02058086603,-0.4865148664,-0.532407999
0.02059086603,-0.5404132009,-0.6143402457
0.02059186603,-0.5456891656,-0.6224080324
0.02060186603,-0.5972300768,-0.7016559243
0.02060286603,-0.6022577882,-0.709436059
0.02061286603,-0.6511951685,-0.7856211662
0.02061386603,-0.6559506059,-0.7930764556
0.02062386603,-0.7020508051,-0.8658351302
0.02062486603,-0.7065113187,-0.8729299903
0.02063486603,-0.7495541573,-0.9419146776
0.02063586603,-0.7536984086,-0.948615253
0.02064586603,-0.7934783697,-1.013496518
0.02064686603,-0.7972866297,-1.019770861
0.02065686603,-0.8336138129,-1.080239058
0.02065786603,-0.8370678425,-1.086057067
0.02066786603,-0.8697686791,-1.141823292
0.02066886603,-0.8728520274,-1.147157311
0.02067886603,-0.9017704725,-1.197955489
0.02067986603,-0.9044683576,-1.202779889
0.02068986603,-0.9294663072,-1.24836731
0.02069086603,-0.9317658544,-1.252659321
0.02070086603,-0.9527239203,-1.292818189
0.02070186603,-0.9546141624,-1.296557188
0.02071186603,-0.9714323282,-1.331095934
0.02071286603,-0.9729042053,-1.33426404
0.02072286603,-0.9855021238,-1.363017678
0.02073286603,-0.9942107201,-1.386392474
0.02074286603,-0.9989955425,-1.404296279
0.02075286603,-0.9998378754,-1.416658044
0.02076286603,-0.9967342615,-1.423429132
0.02077286603,-0.9896969795,-1.424582839
0.02078286603,-0.9787538648,-1.420114398
0.02079286603,-0.9639480114,-1.410041571
0.02080286603,-0.9453378916,-1.394403934
0.02081286603,-0.9229969978,-1.373263359
0.02082286603,-0.8970134258,-1.346703172
0.02083286603,-0.8674897552,-1.314828157
0.02084286603,-0.8345425129,-1.277764201
0.02085286603,-0.7983016968,-1.235657454
0.02086286603,-0.758910358,-1.188674092
0.02087286603,-0.7165238857,-1.136999726
0.02088286603,-0.6713097095,-1.080838084
0.02089286603,-0.6234461665,-1.020410776
0.02089386603,-0.6185212731,-1.014140487
0.02090386603,-0.5679619312,-0.9492975473
0.02090486603,-0.562779367,-0.9426007271
0.02091486603,-0.5097657442,-0.8736516237
0.02091586603,-0.504350245,-0.8665601611
0.02092586603,-0.4491354525,-0.7938341498
0.02092686603,-0.4435128272,-0.7863819599
0.02093686603,-0.3863605261,-0.7102262378
0.02093786603,-0.3805576563,-0.7024489641
0.02094786603,-0.3217407167,-0.6232271194
0.02094886603,-0.3157853186,-0.6151618361
0.02095886603,-0.2555846274,-0.5332521796
0.02095986603,-0.2495051026,-0.5249373913
0.02096986603,-0.1882080883,-0.4407310486
0.02097086603,-0.1820335239,-0.4322064519
0.02098086603,-0.1199328825,-0.3461054862
0.02098186603,-0.1136927232,-0.3374117911
0.02099186603,-0.05108499154,-0.2498273253
0.02099286603,-0.04480904341,-0.2410060316
0.02100286603,0.01800682768,-0.152356267
0.02100386603,0.02428859845,-0.14344953
0.02101386603,0.08701266348,-0.05415775999
0.02101486603,0.09327026457,-0.04520808905
0.02102486603,0.1556030214,0.04429932311
0.02102586603,0.1618065536,0.05324919149
0.02103586603,0.2234503627,0.1425448507
0.02103686603,0.2295702398,0.1514521837
0.02104686603,0.290230751,0.240109697
0.02104786603,0.2962377071,0.2489319593
0.02105786603,0.3556252718,0.3365280032
0.02105886603,0.3614906669,0.3452230692
0.02106886603,0.419321686,0.4313393831
0.02106986603,0.4250175059,0.4398657084
0.02107986603,0.481015861,0.5240910649
0.02108086603,0.4865148664,0.532407999
0.02109086603,0.5404132009,0.6143402457
0.02109186603,0.5456891656,0.6224080324
0.02110186603,0.5972300768,0.7016559243
0.02110286603,0.6022577882,0.7094359994
0.02111286603,0.6511951685,0.7856211662
0.02111386603,0.6559506059,0.7930764556
0.02112386603,0.7020508051,0.8658351302
0.02112486603,0.7065113187,0.8729299903
0.02113486603,0.7495541573,0.9419146776
0.02113586603,0.7536984086,0.948615253
0.02114586603,0.7934783697,1.013496518
0.02114686603,0.7972866297,1.019770861
0.02115686603,0.8336138129,1.080239058
0.02115786603,0.8370678425,1.086057067
0.02116786603,0.8697686791,1.141823292
0.02116886603,0.8728520274,1.147157311
0.02117886603,0.9017704725,1.197955489
0.02117986603,0.9044683576,1.202779889
0.02118986603,0.9294663072,1.24836731
0.02119086603,0.9317658544,1.252659321
0.02120086603,0.9527239203,1.292818189
0.02120186603,0.9546141624,1.296557188
0.02121186603,0.9714323282,1.331095934
0.02121286603,0.9729042053,1.33426404
0.02122286603,0.9855021238,1.363017678
0.02123286603,0.9942107201,1.386392474
0.02124286603,0.9989955425,1.404296279
0.02125286603,0.9998378754,1.416658044
0.02126286603,0.9967342615,1.423429132
0.02127286603,0.9896969795,1.424582839
0.02128286603,0.9787538648,1.420114398
0.02129286603,0.9639480114,1.410041571
0.02130286603,0.9453378916,1.394403934
0.02131286603,0.9229969978,1.373263359
0.02132286603,0.8970134258,1.346703172
0.02133286603,0.8674897552,1.314828157
0.02134286603,0.8345425129,1.277764201
0.02135286603,0.7983016968,1.235657454
0.02136286603,0.758910358,1.188674092
0.02137286603,0.7165238857,1.136999726
0.02138286603,0.6713097095,1.080838084
0.02139286603,0.6234461665,1.020410776
0.02139386603,0.6185212731,1.014140487
0.02140386603,0.5679619312,0.9492975473
0.02140486603,0.562779367,0.9426007271
0.02141486603,0.5097657442,0.8736516237
0.02141586603,0.504350245,0.8665601611
0.02142586603,0.4491354525,0.7938341498
0.02142686603,0.4435128272,0.7863819599
0.02143686603,0.3863605261,0.7102262378
0.02143786603,0.3805576563,0.7024489641
0.02144786603,0.3217407167,0.6232271194
0.02144886603,0.3157853186,0.6151618361
0.02145886603,0.2555846274,0.5332521796
0.02145986603,0.2495051026,0.5249373913
0.02146986603,0.1882080883,0.4407310486
0.02147086603,0.1820335239,0.4322064519
0.02148086603,0.1199328825,0.3461054862
0.02148186603,0.1136927232,0.3374117911
0.02149186603,0.05108499154,0.2498273253
0.02149286603,0.04480904341,0.2410060316
0.02150286603,-0.01800682768,0.152356267
0.02150386603,-0.02428859845,0.14344953
0.02151386603,-0.08701266348,0.05415775999
0.02151486603,-0.09327026457,0.04520808905
0.02152486603,-0.1556030214,-0.04429932311
0.02152586603,-0.1618065536,-0.05324919149
0.02153586603,-0.2234503627,-0.1425448507
0.02153686603,-0.2295702398,-0.1514521837
0.02154686603,-0.290230751,-0.240109697
0.02154786603,-0.2962377071,-0.2489319593
0.02155786603,-0.3556252718,-0.3365280032
0.02155886603,-0.3614906669,-0.3452230692
0.02156886603,-0.419321686,-0.4313393831
0.02156986603,-0.4250175059,-0.4398657084
0.02157986603,-0.481015861,-0.5240910649
0.02158086603,-0.4865148664,-0.532407999
0.02159086603,-0.5404132009,-0.6143402457
0.02159186603,-0.5456891656,-0.6224080324
0.02160186603,-0.5972300768,-0.7016559243
0.02160286603,-0.6022577882,-0.709436059
0.02161286603,-0.6511951685,-0.7856211662
0.02161386603,-0.6559506059,-0.7930764556
0.02162386603,-0.7020508051,-0.8658351302
0.02162486603,-0.7065113187,-0.8729299903
0.02163486603,-0.7495541573,-0.9419146776
0.02163586603,-0.7536984086,-0.948615253
0.02164586603,-0.7934783697,-1.013496518
0.02164686603,-0.7972866297,-1.019770861
0.02165686603,-0.8336138129,-1.080239058
0.02165786603,-0.8370678425,-1.086057067
0.02166786603,-0.8697686791,-1.141823292
0.02166886603,-0.8728520274,-1.147157311
0.02167886603,-0.9017704725,-1.197955489
0.02167986603,-0.9044683576,-1.202779889
0.02168986603,-0.9294663072,-1.24836731
0.02169086603,-0.9317658544,-1.252659321
0.02170086603,-0.9527239203,-1.292818189
0.02170186603,-0.9546141624,-1.296557188
0.02171186603,-0.9714323282,-1.331095934
0.02171286603,-0.9729042053,-1.33426404
0.02172286603,-0.9855021238,-1.363017678
0.02173286603,-0.9942107201,-1.386392474
0.02174286603,-0.9989955425,-1.404296279
0.02175286603,-0.9998378754,-1.416658044
0.02176286603,-0.9967342615,-1.423429132
0.02177286603,-0.9896969795,-1.424582839
0.02178286603,-0.9787538648,-1.420114398
0.02179286603,-0.9639480114,-1.410041571
0.02180286603,-0.9453378916,-1.394403934
0.02181286603,-0.9229969978,-1.373263359
0.02182286603,-0.8970134258,-1.346703172
0.02183286603,-0.8674897552,-1.314828157
0.02184286603,-0.8345425129,-1.277764201
0.02185286603,-0.7983016968,-1.235657454
0.02186286603,-0.758910358,-1.188674092
0.02187286603,-0.7165238857,-1.136999726
0.02188286603,-0.6713097095,-1.080838084
0.02189286603,-0.6234461665,-1.020410776
0.02189386603,-0.6185212731,-1.014140487
0.02190386603,-0.5679619312,-0.9492975473
0.02190486603,-0.562779367,-0.9426007271
0.02191486603,-0.5097657442,-0.8736516237
0.02191586603,-0.504350245,-0.8665601611
0.02192586603,-0.4491354525,-0.7938341498
0.02192686603,-0.4435128272,-0.7863819599
0.02193686603,-0.3863605261,-0.7102262378
0.02193786603,-0.3805576563,-0.7024489641
0.02194786603,-0.3217407167,-0.6232271194
0.02194886603,-0.3157853186,-0.6151618361
0.02195886603,-0.2555846274,-0.5332521796
0.02195986603,-0.2495051026,-0.5249373913
0.02196986603,-0.1882080883,-0.4407310486
0.02197086603,-0.1820335239,-0.4322064519
0.02198086603,-0.1199328825,-0.3461054862
0.02198186603,-0.1136927232,-0.3374117911
0.02199186603,-0.05108499154,-0.2498273253
0.02199286603,-0.04480904341,-0.2410060316
0.02200286603,0.01800682768,-0.152356267
0.02200386603,0.02428859845,-0.14344953
0.02201386603,0.08701266348,-0.05415775999
0.02201486603,0.09327026457,-0.04520808905
0.02202486603,0.1556030214,0.04429932311
0.02202586603,0.1618065536,0.05324919149
0.02203586603,0.2234503627,0.1425448507
0.02203686603,0.2295702398,0.1514521837
0.02204686603,0.290230751,0.240109697
0.02204786603,0.2962377071,0.2489319593
0.02205786603,0.3556252718,0.3365280032
0.02205886603,0.3614906669,0.3452230692
0.02206886603,0.419321686,0.4313393831
0.02206986603,0.4250175059,0.4398657084
0.02207986603,0.481015861,0.5240910649
0.02208086603,0.4865148664,0.532407999
0.02209086603,0.5404132009,0.6143402457
0.02209186603,0.5456891656,0.6224080324
0.02210186603,0.5972300768,0.7016559243
0.02210286603,0.6022577882,0.7094359994
0.02211286603,0.6511951685,0.7856211662
0.02211386603,0.6559506059,0.7930764556
0.02212386603,0.7020508051,0.8658351302
0.02212486603,0.7065113187,0.8729299903
0.02213486603,0.7495541573,0.9419146776
0.02213586603,0.7536984086,0.948615253
0.02214586603,0.7934783697,1.013496518
0.02214686603,0.7972866297,1.019770861
0.02215686603,0.8336138129,1.080239058
0.02215786603,0.8370678425,1.086057067
0.02216786603,0.8697686791,1.141823292
0.02216886603,0.8728520274,1.147157311
0.02217886603,0.9017704725,1.197955489
0.02217986603,0.9044683576,1.202779889
0.02218986603,0.9294663072,1.24836731
0.02219086603,0.9317658544,1.252659321
0.02220086603,0.9527239203,1.292818189
0.02220186603,0.9546141624,1.296557188
0.02221186603,0.9714323282,1.331095934
0.02221286603,0.9729042053,1.33426404
0.02222286603,0.9855021238,1.363017678
0.02223286603,0.9942107201,1.386392474
0.02224286603,0.9989955425,1.404296279
0.02225286603,0.9998378754,1.416658044
0.02226286603,0.9967342615,1.423429132
0.02227286603,0.9896969795,1.424582839
0.02228286603,0.9787538648,1.420114398
0.02229286603,0.9639480114,1.410041571
0.02230286603,0.9453378916,1.394403934
0.02231286603,0.9229969978,1.373263359
0.02232286603,0.8970134258,1.346703172
0.02233286603,0.8674897552,1.314828157
0.02234286603,0.8345425129,1.277764201
0.02235286603,0.7983016968,1.235657454
0.02236286603,0.758910358,1.188674092
0.02237286603,0.7165238857,1.136999726
0.02238286603,0.6713097095,1.080838084
0.02239286603,0.6234461665,1.020410776
0.02239386603,0.6185212731,1.014140487
0.02240386603,0.5679619312,0.9492975473
0.02240486603,0.562779367,0.9426007271
0.02241486603,0.5097657442,0.8736516237
0.02241586603,0.504350245,0.8665601611
0.02242586603,0.4491354525,0.7938341498
0.02242686603,0.4435128272,0.7863819599
0.02243686603,0.3863605261,0.7102262378
0.02243786603,0.3805576563,0.7024489641
0.02244786603,0.3217407167,0.6232271194
0.02244886603,0.3157853186,0.6151618361
0.02245886603,0.2555846274,0.5332521796
0.02245986603,0.2495051026,0.5249373913
0.02246986603,0.1882080883,0.4407310486
0.02247086603,0.1820335239,0.4322064519
0.02248086603,0.1199328825,0.3461054862
0.02248186603,0.1136927232,0.3374117911
0.02249186603,0.05108499154,0.2498273253
0.02249286603,0.04480904341,0.2410060316
0.02250286603,-0.01800682768,0.152356267
0.02250386603,-0.02428859845,0.14344953
0.02251386603,-0.08701266348,0.05415775999
0.02251486603,-0.09327026457,0.04520808905
0.02252486603,-0.1556030214,-0.04429932311
0.02252586603,-0.1618065536,-0.05324919149
0.02253586603,-0.2234503627,-0.1425448507
0.02253686603,-0.2295702398,-0.1514521837
0.02254686603,-0.290230751,-0.240109697
0.02254786603,-0.2962377071,-0.2489319593
0.02255786603,-0.3556252718,-0.3365280032
0.02255886603,-0.3614906669,-0.3452230692
0.02256886603,-0.419321686,-0.4313393831
0.02256986603,-0.4250175059,-0.4398657084
0.02257986603,-0.481015861,-0.5240910649
0.02258086603,-0.4865148664,-0.532407999
0.02259086603,-0.5404132009,-0.6143402457
0.02259186603,-0.5456891656,-0.6224080324
0.02260186603,-0.5972300768,-0.7016559243
0.02260286603,-0.6022577882,-0.7094359994
0.02261286603,-0.6511951685,-0.7856211662
0.02261386603,-0.6559506059,-0.7930764556
0.02262386603,-0.7020508051,-0.8658351302
0.02262486603,-0.7065113187,-0.8729299903
0.02263486603,-0.7495541573,-0.9419146776
0.02263586603,-0.7536984086,-0.948615253
0.02264586603,-0.7934783697,-1.013496518
0.02264686603,-0.7972866297,-1.019770861
0.02265686603,-0.8336138129,-1.080239058
0.02265786603,-0.8370678425,-1.086057067
0.02266786603,-0.8697686791,-1.141823292
0.02266886603,-0.8728520274,-1.147157311
0.02267886603,-0.9017704725,-1.197955489
0.02267986603,-0.9044683576,-1.202779889
0.02268986603,-0.9294663072,-1.24836731
0.02269086603,-0.9317658544,-1.252659321
0.02270086603,-0.9527239203,-1.292818189
0.02270186603,-0.9546141624,-1.296557188
0.02271186603,-0.9714323282,-1.331095934
0.02271286603,-0.9729042053,-1.33426404
0.02272286603,-0.9855021238,-1.363017678
0.02273286603,-0.9942107201,-1.386392474
0.02274286603,-0.9989955425,-1.404296279
0.02275286603,-0.9998378754,-1.416658044
0.02276286603,-0.9967342615,-1.423429132
0.02277286603,-0.9896969795,-1.424582839
0.02278286603,-0.9787538648,-1.420114398
0.02279286603,-0.9639480114,-1.410041571
0.02280286603,-0.9453378916,-1.394403934
0.02281286603,-0.9229969978,-1.373263359
0.02282286603,-0.8970134258,-1.346703172
0.02283286603,-0.8674897552,-1.314828157
0.02284286603,-0.8345425129,-1.277764201
0.02285286603,-0.7983016968,-1.235657454
0.02286286603,-0.758910358,-1.188674092
0.02287286603,-0.7165238857,-1.136999726
0.02288286603,-0.6713097095,-1.080838084
0.02289286603,-0.6234461665,-1.020410776
0.02289386603,-0.6185212731,-1.014140487
0.02290386603,-0.5679619312,-0.9492975473
0.02290486603,-0.562779367,-0.9426007271
0.02291486603,-0.5097657442,-0.8736516237
0.02291586603,-0.504350245,-0.8665601611
0.02292586603,-0.4491354525,-0.7938341498
0.02292686603,-0.4435128272,-0.7863819599
0.02293686603,-0.3863605261,-0.7102262378
0.02293786603,-0.3805576563,-0.7024489641
0.02294786603,-0.3217407167,-0.6232271194
0.02294886603,-0.3157853186,-0.6151618361
0.02295886603,-0.2555846274,-0.5332521796
0.02295986603,-0.2495051026,-0.5249373913
0.02296986603,-0.1882080883,-0.4407310486
0.02297086603,-0.1820335239,-0.4322064519
0.02298086603,-0.1199328825,-0.3461054862
0.02298186603,-0.1136927232,-0.3374117911
0.02299186603,-0.05108499154,-0.2498273253
0.02299286603,-0.04480904341,-0.2410060316
0.02300286603,0.01800682768,-0.152356267
0.02300386603,0.02428859845,-0.14344953
0.02301386603,0.08701266348,-0.05415775999
0.02301486603,0.09327026457,-0.04520808905
0.02302486603,0.1556030214,0.04429932311
0.02302586603,0.1618065536,0.05324919149
0.02303586603,0.2234503627,0.1425448507
0.02303686603,0.2295702398,0.1514521837
0.02304686603,0.290230751,0.240109697
0.02304786603,0.2962377071,0.2489319593
0.02305786603,0.3556252718,0.3365280032
0.02305886603,0.3614906669,0.3452230692
0.02306886603,0.419321686,0.4313393831
0.02306986603,0.4250175059,0.4398657084
0.02307986603,0.481015861,0.5240910649
0.02308086603,0.4865148664,0.532407999
0.02309086603,0.5404132009,0.6143402457
0.02309186603,0.5456891656,0.6224080324
0.02310186603,0.5972300768,0.7016559243
0.02310286603,0.6022577882,0.7094359994
0.02311286603,0.6511951685,0.7856211662
0.02311386603,0.6559506059,0.7930764556
0.02312386603,0.7020508051,0.8658351302
0.02312486603,0.7065113187,0.8729299903
0.02313486603,0.7495541573,0.9419146776
0.02313586603,0.7536984086,0.948615253
0.02314586603,0.7934783697,1.013496518
0.02314686603,0.7972866297,1.019770861
0.02315686603,0.8336138129,1.080239058
0.02315786603,0.8370678425,1.086057067
0.02316786603,0.8697686791,1.141823292
0.02316886603,0.8728520274,1.147157311
0.02317886603,0.9017704725,1.197955489
0.02317986603,0.9044683576,1.202779889
0.02318986603,0.9294663072,1.24836731
0.02319086603,0.9317658544,1.252659321
0.02320086603,0.9527239203,1.292818189
0.02320186603,0.9546141624,1.296557188
0.02321186603,0.9714323282,1.331095934
0.02321286603,0.9729042053,1.33426404
0.02322286603,0.9855021238,1.363017678
0.02323286603,0.9942107201,1.386392474
0.02324286603,0.9989955425,1.404296279
0.02325286603,0.9998378754,1.416658044
0.02326286603,0.9967342615,1.423429132
0.02327286603,0.9896969795,1.424582839
0.02328286603,0.9787538648,1.420114398
0.02329286603,0.9639480114,1.410041571
0.02330286603,0.9453378916,1.394403934
0.02331286603,0.9229969978,1.373263359
0.02332286603,0.8970134258,1.346703172
0.02333286603,0.8674897552,1.314828157
0.02334286603,0.8345425129,1.277764201
0.02335286603,0.7983016968,1.235657454
0.02336286603,0.758910358,1.188674092
0.02337286603,0.7165238857,1.136999726
0.02338286603,0.6713097095,1.080838084
0.02339286603,0.6234461665,1.020410776
0.02339386603,0.6185212731,1.014140487
0.02340386603,0.5679619312,0.9492975473
0.02340486603,0.562779367,0.9426007271
0.02341486603,0.5097657442,0.8736516237
0.02341586603,0.504350245,0.8665601611
0.02342586603,0.4491354525,0.7938341498
0.02342686603,0.4435128272,0.7863819599
0.02343686603,0.3863605261,0.7102262378
0.02343786603,0.3805576563,0.7024489641
0.02344786603,0.3217407167,0.6232271194
0.02344886603,0.3157853186,0.6151618361
0.02345886603,0.2555846274,0.5332521796
0.02345986603,0.2495051026,0.5249373913
0.02346986603,0.1882080883,0.4407310486
0.02347086603,0.1820335239,0.4322064519
0.02348086603,0.1199328825,0.3461054862
0.02348186603,0.1136927232,0.3374117911
0.02349186603,0.05108499154,0.2498273253
0.02349286603,0.04480904341,0.2410060316
0.02350286603,-0.01800682768,0.152356267
0.02350386603,-0.02428859845,0.14344953
0.02351386603,-0.08701266348,0.05415775999
0.02351486603,-0.09327026457,0.04520808905
0.02352486603,-0.1556030214,-0.04429932311
0.02352586603,-0.1618065536,-0.05324919149
0.02353586603,-0.2234503627,-0.1425448507
0.02353686603,-0.2295702398,-0.1514521837
0.02354686603,-0.290230751,-0.240109697
0.02354786603,-0.2962377071,-0.2489319593
0.02355786603,-0.3556252718,-0.3365280032
0.02355886603,-0.3614906669,-0.3452230692
0.02356886603,-0.419321686,-0.4313393831
0.02356986603,-0.4250175059,-0.4398657084
0.02357986603,-0.481015861,-0.5240910649
0.02358086603,-0.4865148664,-0.532407999
0.02359086603,-0.5404132009,-0.6143402457
0.02359186603,-0.5456891656,-0.6224080324
0.02360186603,-0.5972300768,-0.7016559243
0.02360286603,-0.6022577882,-0.7094359994
0.02361286603,-0.6511951685,-0.7856211662
0.02361386603,-0.6559506059,-0.7930764556
0.02362386603,-0.7020508051,-0.8658351302
0.02362486603,-0.7065113187,-0.8729299903
0.02363486603,-0.7495541573,-0.9419146776
0.02363586603,-0.7536984086,-0.948615253
0.02364586603,-0.7934783697,-1.013496518
0.02364686603,-0.7972866297,-1.019770861
0.02365686603,-0.8336138129,-1.080239058
0.02365786603,-0.8370678425,-1.086057067
0.02366786603,-0.8697686791,-1.141823292
0.02366886603,-0.8728520274,-1.147157311
0.02367886603,-0.9017704725,-1.197955489
0.02367986603,-0.9044683576,-1.202779889
0.02368986603,-0.9294663072,-1.24836731
0.02369086603,-0.9317658544,-1.252659321
0.02370086603,-0.9527239203,-1.292818189
0.02370186603,-0.9546141624,-1.296557188
0.02371186603,-0.9714323282,-1.331095934
0.02371286603,-0.9729042053,-1.33426404
0.02372286603,-0.9855021238,-1.363017678
0.02373286603,-0.9942107201,-1.386392474
0.02374286603,-0.9989955425,-1.404296279
0.02375286603,-0.9998378754,-1.416658044
0.02376286603,-0.9967342615,-1.423429132
0.02377286603,-0.9896969795,-1.424582839
0.02378286603,-0.9787538648,-1.420114398
0.02379286603,-0.9639480114,-1.410041571
0.02380286603,-0.9453378916,-1.394403934
0.02381286603,-0.9229969978,-1.373263359
0.02382286603,-0.8970134258,-1.346703172
0.02383286603,-0.8674897552,-1.314828157
0.02384286603,-0.8345425129,-1.277764201
0.02385286603,-0.7983016968,-1.235657454
0.02386286603,-0.758910358,-1.188674092
0.02387286603,-0.7165238857,-1.136999726
0.02388286603,-0.6713097095,-1.080838084
0.02389286603,-0.6234461665,-1.020410776
0.02389386603,-0.6185212731,-1.014140487
0.02390386603,-0.5679619312,-0.9492975473
0.02390486603,-0.562779367,-0.9426007271
0.02391486603,-0.5097657442,-0.8736516237
0.02391586603,-0.504350245,-0.8665601611
0.02392586603,-0.4491354525,-0.7938341498
0.02392686603,-0.4435128272,-0.7863819599
0.02393686603,-0.3863605261,-0.7102262378
0.02393786603,-0.3805576563,-0.7024489641
0.02394786603,-0.3217407167,-0.6232271194
0.02394886603,-0.3157853186,-0.6151618361
0.02395886603,-0.2555846274,-0.5332521796
0.02395986603,-0.2495051026,-0.5249373913
0.02396986603,-0.1882080883,-0.4407310486
0.02397086603,-0.1820335239,-0.4322064519
0.02398086603,-0.1199328825,-0.3461054862
0.02398186603,-0.1136927232,-0.3374117911
0.02399186603,-0.05108499154,-0.2498273253
0.02399286603,-0.04480904341,-0.2410060316
0.02400286603,0.01800682768,-0.152356267
0.02400386603,0.02428859845,-0.14344953
0.02401386603,0.08701266348,-0.05415775999
0.02401486603,0.09327026457,-0.04520808905
0.02402486603,0.1556030214,0.04429932311
0.02402586603,0.1618065536,0.05324919149
0.02403586603,0.2234503627,0.1425448507
0.02403686603,0.2295702398,0.1514521837
0.02404686603,0.290230751,0.240109697
0.02404786603,0.2962377071,0.2489319593
0.02405786603,0.3556252718,0.3365280032
0.02405886603,0.3614906669,0.3452230692
0.02406886603,0.419321686,0.4313393831
0.02406986603,0.4250175059,0.4398657084
0.02407986603,0.481015861,0.5240910649
0.02408086603,0.4865148664,0.532407999
0.02409086603,0.5404132009,0.6143402457
0.02409186603,0.5456891656,0.6224080324
0.02410186603,0.5972300768,0.7016559243
0.02410286603,0.6022577882,0.7094359994
0.02411286603,0.6511951685,0.7856211662
0.02411386603,0.6559506059,0.7930764556
0.02412386603,0.7020508051,0.8658351302
0.02412486603,0.7065113187,0.8729299903
0.02413486603,0.7495541573,0.9419146776
0.02413586603,0.7536984086,0.948615253
0.02414586603,0.7934783697,1.013496518
0.02414686603,0.7972866297,1.019770861
0.02415686603,0.8336138129,1.080239058
0.02415786603,0.8370678425,1.086057067
0.02416786603,0.8697686791,1.141823292
0.02416886603,0.8728520274,1.147157311
0.02417886603,0.9017704725,1.197955489
0.02417986603,0.9044683576,1.202779889
0.02418986603,0.9294663072,1.24836731
0.02419086603,0.9317658544,1.252659321
0.02420086603,0.9527239203,1.292818189
0.02420186603,0.9546141624,1.296557188
0.02421186603,0.9714323282,1.331095934
0.02421286603,0.9729042053,1.33426404
0.02422286603,0.9855021238,1.363017678
0.02423286603,0.9942107201,1.386392474
0.02424286603,0.9989955425,1.404296279
0.02425286603,0.9998378754,1.416658044
0.02426286603,0.9967342615,1.423429132
0.02427286603,0.9896969795,1.424582839
0.02428286603,0.9787538648,1.420114398
0.02429286603,0.9639480114,1.410041571
0.02430286603,0.9453378916,1.394403934
0.02431286603,0.9229969978,1.373263359
0.02432286603,0.8970134258,1.346703172
0.02433286603,0.8674897552,1.314828157
0.02434286603,0.8345425129,1.277764201
0.02435286603,0.7983016968,1.235657454
0.02436286603,0.758910358,1.188674092
0.02437286603,0.7165238857,1.136999726
0.02438286603,0.6713097095,1.080838084
0.02439286603,0.6234461665,1.020410776
0.02439386603,0.6185212731,1.014140487
0.02440386603,0.5679619312,0.9492975473
0.02440486603,0.562779367,0.9426007271
0.02441486603,0.5097657442,0.8736516237
0.02441586603,0.504350245,0.8665601611
0.02442586603,0.4491354525,0.7938341498
0.02442686603,0.4435128272,0.7863819599
0.02443686603,0.3863605261,0.7102262378
0.02443786603,0.3805576563,0.7024489641
0.02444786603,0.3217407167,0.6232271194
0.02444886603,0.3157853186,0.6151618361
0.02445886603,0.2555846274,0.5332521796
0.02445986603,0.2495051026,0.5249373913
0.02446986603,0.1882080883,0.4407310486
0.02447086603,0.1820335239,0.4322064519
0.02448086603,0.1199328825,0.3461054862
0.02448186603,0.1136927232,0.3374117911
0.02449186603,0.05108499154,0.2498273253
0.02449286603,0.04480904341,0.2410060316
0.02450286603,-0.01800682768,0.152356267
0.02450386603,-0.02428859845,0.14344953
0.02451386603,-0.08701266348,0.05415775999
0.02451486603,-0.09327026457,0.04520808905
0.02452486603,-0.1556030214,-0.04429932311
0.02452586603,-0.1618065536,-0.05324919149
0.02453586603,-0.2234503627,-0.1425448507
0.02453686603,-0.2295702398,-0.1514521837
0.02454686603,-0.290230751,-0.240109697
0.02454786603,-0.2962377071,-0.2489319593
0.02455786603,-0.3556252718,-0.3365280032
0.02455886603,-0.3614906669,-0.3452230692
0.02456886603,-0.419321686,-0.4313393831
0.02456986603,-0.4250175059,-0.4398657084
0.02457986603,-0.481015861,-0.5240910649
0.02458086603,-0.4865148664,-0.532407999
0.02459086603,-0.5404132009,-0.6143402457
0.02459186603,-0.5456891656,-0.6224080324
0.02460186603,-0.5972300768,-0.7016559243
0.02460286603,-0.6022577882,-0.7094359994
0.02461286603,-0.6511951685,-0.7856211662
0.02461386603,-0.6559506059,-0.7930764556
0.02462386603,-0.7020508051,-0.8658351302
0.02462486603,-0.7065113187,-0.8729299903
0.02463486603,-0.7495541573,-0.9419146776
0.02463586603,-0.7536984086,-0.948615253
0.02464586603,-0.7934783697,-1.013496518
0.02464686603,-0.7972866297,-1.019770861
0.02465686603,-0.8336138129,-1.080239058
0.02465786603,-0.8370678425,-1.086057067
0.02466786603,-0.8697686791,-1.141823292
0.02466886603,-0.8728520274,-1.147157311
0.02467886603,-0.9017704725,-1.197955489
0.02467986603,-0.9044683576,-1.202779889
0.02468986603,-0.9294663072,-1.24836731
0.02469086603,-0.9317658544,-1.252659321
0.02470086603,-0.9527239203,-1.292818189
0.02470186603,-0.9546141624,-1.296557188
0.02471186603,-0.9714323282,-1.331095934
0.02471286603,-0.9729042053,-1.33426404
0.02472286603,-0.9855021238,-1.363017678
0.02473286603,-0.9942107201,-1.386392474
0.02474286603,-0.9989955425,-1.404296279
0.02475286603,-0.9998378754,-1.416658044
0.02476286603,-0.9967342615,-1.423429132
0.02477286603,-0.9896969795,-1.424582839
0.02478286603,-0.9787538648,-1.420114398
0.02479286603,-0.9639480114,-1.410041571
0.02480286603,-0.9453378916,-1.394403934
0.02481286603,-0.9229969978,-1.373263359
0.02482286603,-0.8970134258,-1.346703172
0.02483286603,-0.8674897552,-1.314828157
0.02484286603,-0.8345425129,-1.277764201
0.02485286603,-0.7983016968,-1.235657454
0.02486286603,-0.758910358,-1.188674092
0.02487286603,-0.7165238857,-1.136999726
0.02488286603,-0.6713097095,-1.080838084
0.02489286603,-0.6234461665,-1.020410776
0.02489386603,-0.6185212731,-1.014140487
0.02490386603,-0.5679619312,-0.9492975473
0.02490486603,-0.562779367,-0.9426007271
0.02491486603,-0.5097657442,-0.8736516237
0.02491586603,-0.504350245,-0.8665601611
0.02492586603,-0.4491354525,-0.7938341498
0.02492686603,-0.4435128272,-0.7863819599
0.02493686603,-0.3863605261,-0.7102262378
0.02493786603,-0.3805576563,-0.7024489641
0.02494786603,-0.3217407167,-0.6232271194
0.02494886603,-0.3157853186,-0.6151618361
0.02495886603,-0.2555846274,-0.5332521796
0.02495986603,-0.2495051026,-0.5249373913
0.02496986603,-0.1882080883,-0.4407310486
0.02497086603,-0.1820335239,-0.4322064519
0.02498086603,-0.1199328825,-0.3461054862
0.02498186603,-0.1136927232,-0.3374117911
0.02499186603,-0.05108499154,-0.2498273253
0.02499286603,-0.04480904341,-0.2410060316
0.02500286603,0.01800682768,-0.152356267
0.02500386603,0.02428859845,-0.14344953
0.02501386603,0.08701266348,-0.05415775999
0.02501486603,0.09327026457,-0.04520808905
0.02502486603,0.1556030214,0.04429932311
0.02502586603,0.1618065536,0.05324919149
0.02503586603,0.2234503627,0.1425448507
0.02503686603,0.2295702398,0.1514521837
0.02504686603,0.290230751,0.240109697
0.02504786603,0.2962377071,0.2489319593
0.02505786603,0.3556252718,0.3365280032
0.02505886603,0.3614906669,0.3452230692
0.02506886603,0.419321686,0.4313393831
0.02506986603,0.4250175059,0.4398657084
0.02507986603,0.481015861,0.5240910649
0.02508086603,0.4865148664,0.532407999
0.02509086603,0.5404132009,0.6143402457
0.02509186603,0.5456891656,0.6224080324
0.02510186603,0.5972300768,0.7016559243
0.02510286603,0.6022577882,0.7094359994
0.02511286603,0.6511951685,0.7856211662
0.02511386603,0.6559506059,0.7930764556
0.02512386603,0.7020508051,0.8658351302
0.02512486603,0.7065113187,0.8729299903
0.02513486603,0.7495541573,0.9419146776
0.02513586603,0.7536984086,0.948615253
0.02514586603,0.7934783697,1.013496518
0.02514686603,0.7972866297,1.019770861
0.02515686603,0.8336138129,1.080239058
0.02515786603,0.8370678425,1.086057067
0.02516786603,0.8697686791,1.141823292
0.02516886603,0.8728520274,1.147157311
0.02517886603,0.9017704725,1.197955489
0.02517986603,0.9044683576,1.202779889
0.02518986603,0.9294663072,1.24836731
0.02519086603,0.9317658544,1.252659321
0.02520086603,0.9527239203,1.292818189
0.02520186603,0.9546141624,1.296557188
0.02521186603,0.9714323282,1.331095934
0.02521286603,0.9729042053,1.33426404
0.02522286603,0.9855021238,1.363017678
0.02523286603,0.9942107201,1.386392474
0.02524286603,0.9989955425,1.404296279
0.02525286603,0.9998378754,1.416658044
0.02526286603,0.9967342615,1.423429132
0.02527286603,0.9896969795,1.424582839
0.02528286603,0.9787538648,1.420114398
0.02529286603,0.9639480114,1.410041571
0.02530286603,0.9453378916,1.394403934
0.02531286603,0.9229969978,1.373263359
0.02532286603,0.8970134258,1.346703172
0.02533286603,0.8674897552,1.314828157
0.02534286603,0.8345425129,1.277764201
0.02535286603,0.7983016968,1.235657454
0.02536286603,0.758910358,1.188674092
0.02537286603,0.7165238857,1.136999726
0.02538286603,0.6713097095,1.080838084
0.02539286603,0.6234461665,1.020410776
0.02539386603,0.6185212731,1.014140487
0.02540386603,0.5679619312,0.9492975473
0.02540486603,0.562779367,0.9426007271
0.02541486603,0.5097657442,0.8736516237
0.02541586603,0.504350245,0.8665601611
0.02542586603,0.4491354525,0.7938341498
0.02542686603,0.4435128272,0.7863819599
0.02543686603,0.3863605261,0.7102262378
0.02543786603,0.3805576563,0.7024489641
0.02544786603,0.3217407167,0.6232271194
0.02544886603,0.3157853186,0.6151618361
0.02545886603,0.2555846274,0.5332521796
0.02545986603,0.2495051026,0.5249373913
0.02546986603,0.1882080883,0.4407310486
0.02547086603,0.1820335239,0.4322064519
0.02548086603,0.1199328825,0.3461054862
0.02548186603,0.1136927232,0.3374117911
0.02549186603,0.05108499154,0.2498273253
0.02549286603,0.04480904341,0.2410060316
0.02550286603,-0.01800682768,0.152356267
0.02550386603,-0.02428859845,0.14344953
0.02551386603,-0.08701266348,0.05415775999
0.02551486603,-0.09327026457,0.04520808905
0.02552486603,-0.1556030214,-0.04429932311
0.02552586603,-0.1618065536,-0.05324919149
0.02553586603,-0.2234503627,-0.1425448507
0.02553686603,-0.2295702398,-0.1514521837
0.02554686603,-0.290230751,-0.240109697
0.02554786603,-0.2962377071,-0.2489319593
0.02555786603,-0.3556252718,-0.3365280032
0.02555886603,-0.3614906669,-0.3452230692
0.02556886603,-0.419321686,-0.4313393831
0.02556986603,-0.4250175059,-0.4398657084
0.02557986603,-0.481015861,-0.5240910649
0.02558086603,-0.4865148664,-0.532407999
0.02559086603,-0.5404132009,-0.6143402457
0.02559186603,-0.5456891656,-0.6224080324
0.02560186603,-0.5972300768,-0.7016559243
0.02560286603,-0.6022577882,-0.7094359994
0.02561286603,-0.6511951685,-0.7856211662
0.02561386603,-0.6559506059,-0.7930764556
0.02562386603,-0.7020508051,-0.8658351302
0.02562486603,-0.7065113187,-0.8729299903
0.02563486603,-0.7495541573,-0.9419146776
0.02563586603,-0.7536984086,-0.948615253
0.02564586603,-0.7934783697,-1.013496518
0.02564686603,-0.7972866297,-1.019770861
0.02565686603,-0.8336138129,-1.080239058
0.02565786603,-0.8370678425,-1.086057067
0.02566786603,-0.8697686791,-1.141823292
0.02566886603,-0.8728520274,-1.147157311
0.02567886603,-0.9017704725,-1.197955489
0.02567986603,-0.9044683576,-1.202779889
0.02568986603,-0.9294663072,-1.24836731
0.02569086603,-0.9317658544,-1.252659321
0.02570086603,-0.9527239203,-1.292818189
0.02570186603,-0.9546141624,-1.296557188
0.02571186603,-0.9714323282,-1.331095934
0.02571286603,-0.9729042053,-1.33426404
0.02572286603,-0.9855021238,-1.363017678
0.02573286603,-0.9942107201,-1.386392474
0.02574286603,-0.9989955425,-1.404296279
0.02575286603,-0.9998378754,-1.416658044
0.02576286603,-0.9967342615,-1.423429132
0.02577286603,-0.9896969795,-1.424582839
0.02578286603,-0.9787538648,-1.420114398
0.02579286603,-0.9639480114,-1.410041571
0.02580286603,-0.9453378916,-1.394403934
0.02581286603,-0.9229969978,-1.373263359
0.02582286603,-0.8970134258,-1.346703172
0.02583286603,-0.8674897552,-1.314828157
0.02584286603,-0.8345425129,-1.277764201
0.02585286603,-0.7983016968,-1.235657454
0.02586286603,-0.758910358,-1.188674092
0.02587286603,-0.7165238857,-1.136999726
0.02588286603,-0.6713097095,-1.080838084
0.02589286603,-0.6234461665,-1.020410776
0.02589386603,-0.6185212731,-1.014140487
0.02590386603,-0.5679619312,-0.9492975473
0.02590486603,-0.562779367,-0.9426007271
0.02591486603,-0.5097657442,-0.8736516237
0.02591586603,-0.504350245,-0.8665601611
0.02592586603,-0.4491354525,-0.7938341498
0.02592686603,-0.4435128272,-0.7863819599
0.02593686603,-0.3863605261,-0.7102262378
0.02593786603,-0.3805576563,-0.7024489641
0.02594786603,-0.3217407167,-0.6232271194
0.02594886603,-0.3157853186,-0.6151618361
0.02595886603,-0.2555846274,-0.5332521796
0.02595986603,-0.2495051026,-0.5249373913
0.02596986603,-0.1882080883,-0.4407310486
0.02597086603,-0.1820335239,-0.4322064519
0.02598086603,-0.1199328825,-0.3461054862
0.02598186603,-0.1136927232,-0.3374117911
0.02599186603,-0.05108499154,-0.2498273253
0.02599286603,-0.04480904341,-0.2410060316
0.02600286603,0.01800682768,-0.152356267
0.02600386603,0.02428859845,-0.14344953
0.02601386603,0.08701266348,-0.05415775999
0.02601486603,0.09327026457,-0.04520808905
0.02602486603,0.1556030214,0.04429932311
0.02602586603,0.1618065536,0.05324919149
0.02603586603,0.2234503627,0.1425448507
0.02603686603,0.2295702398,0.1514521837
0.02604686603,0.290230751,0.240109697
0.02604786603,0.2962377071,0.2489319593
0.02605786603,0.3556252718,0.3365280032
0.02605886603,0.3614906669,0.3452230692
0.02606886603,0.419321686,0.4313393831
0.02606986603,0.4250175059,0.4398657084
0.02607986603,0.481015861,0.5240910649
0.02608086603,0.4865148664,0.532407999
0.02609086603,0.5404132009,0.6143402457
0.02609186603,0.5456891656,0.6224080324
0.02610186603,0.5972300768,0.7016559243
0.02610286603,0.6022577882,0.7094359994
0.02611286603,0.6511951685,0.7856211662
0.02611386603,0.6559506059,0.7930764556
0.02612386603,0.7020508051,0.8658351302
0.02612486603,0.7065113187,0.8729299903
0.02613486603,0.7495541573,0.9419146776
0.02613586603,0.7536984086,0.948615253
0.02614586603,0.7934783697,1.013496518
0.02614686603,0.7972866297,1.019770861
0.02615686603,0.8336138129,1.080239058
0.02615786603,0.8370678425,1.086057067
0.02616786603,0.8697686791,1.141823292
0.02616886603,0.8728520274,1.147157311
0.02617886603,0.9017704725,1.197955489
0.02617986603,0.9044683576,1.202779889
0.02618986603,0.9294663072,1.24836731
0.02619086603,0.9317658544,1.252659321
0.02620086603,0.9527239203,1.292818189
0.02620186603,0.9546141624,1.296557188
0.02621186603,0.9714323282,1.331095934
0.02621286603,0.9729042053,1.33426404
0.02622286603,0.9855021238,1.363017678
0.02623286603,0.9942107201,1.386392474
0.02624286603,0.9989955425,1.404296279
0.02625286603,0.9998378754,1.416658044
0.02626286603,0.9967342615,1.423429132
0.02627286603,0.9896969795,1.424582839
0.02628286603,0.9787538648,1.420114398
0.02629286603,0.9639480114,1.410041571
0.02630286603,0.9453378916,1.394403934
0.02631286603,0.9229969978,1.373263359
0.02632286603,0.8970134258,1.346703172
0.02633286603,0.8674897552,1.314828157
0.02634286603,0.8345425129,1.277764201
0.02635286603,0.7983016968,1.235657454
0.02636286603,0.758910358,1.188674092
0.02637286603,0.7165238857,1.136999726
0.02638286603,0.6713097095,1.080838084
0.02639286603,0.6234461665,1.020410776
0.02639386603,0.6185212731,1.014140487
0.02640386603,0.5679619312,0.9492975473
0.02640486603,0.562779367,0.9426007271
0.02641486603,0.5097657442,0.8736516237
0.02641586603,0.504350245,0.8665601611
0.02642586603,0.4491354525,0.7938341498
0.02642686603,0.4435128272,0.7863819599
0.02643686603,0.3863605261,0.7102262378
0.02643786603,0.3805576563,0.7024489641
0.02644786603,0.3217407167,0.6232271194
0.02644886603,0.3157853186,0.6151618361
0.02645886603,0.2555846274,0.5332521796
0.02645986603,0.2495051026,0.5249373913
0.02646986603,0.1882080883,0.4407310486
0.02647086603,0.1820335239,0.4322064519
0.02648086603,0.1199328825,0.3461054862
0.02648186603,0.1136927232,0.3374117911
0.02649186603,0.05108499154,0.2498273253
0.02649286603,0.04480904341,0.2410060316
0.02650286603,-0.01800682768,0.152356267
0.02650386603,-0.02428859845,0.14344953
0.02651386603,-0.08701266348,0.05415775999
0.02651486603,-0.09327026457,0.04520808905
0.02652486603,-0.1556030214,-0.04429932311
0.02652586603,-0.1618065536,-0.05324919149
0.02653586603,-0.2234503627,-0.1425448507
0.02653686603,-0.2295702398,-0.1514521837
0.02654686603,-0.290230751,-0.240109697
0.02654786603,-0.2962377071,-0.2489319593
0.02655786603,-0.3556252718,-0.3365280032
0.02655886603,-0.3614906669,-0.3452230692
0.02656886603,-0.419321686,-0.4313393831
0.02656986603,-0.4250175059,-0.4398657084
0.02657986603,-0.481015861,-0.5240910649
0.02658086603,-0.4865148664,-0.532407999
0.02659086603,-0.5404132009,-0.6143402457
0.02659186603,-0.5456891656,-0.6224080324
0.02660186603,-0.5972300768,-0.7016559243
0.02660286603,-0.6022577882,-0.7094359994
0.02661286603,-0.6511951685,-0.7856211662
0.02661386603,-0.6559506059,-0.7930764556
0.02662386603,-0.7020508051,-0.8658351302
0.02662486603,-0.7065113187,-0.8729299903
0.02663486603,-0.7495541573,-0.9419146776
0.02663586603,-0.7536984086,-0.948615253
0.02664586603,-0.7934783697,-1.013496518
0.02664686603,-0.7972866297,-1.019770861
0.02665686603,-0.8336138129,-1.080239058
0.02665786603,-0.8370678425,-1.086057067
0.02666786603,-0.8697686791,-1.141823292
0.02666886603,-0.8728520274,-1.147157311
0.02667886603,-0.9017704725,-1.197955489
0.02667986603,-0.9044683576,-1.202779889
0.02668986603,-0.9294663072,-1.24836731
0.02669086603,-0.9317658544,-1.252659321
0.02670086603,-0.9527239203,-1.292818189
0.02670186603,-0.9546141624,-1.296557188
0.02671186603,-0.9714323282,-1.331095934
0.02671286603,-0.9729042053,-1.33426404
0.02672286603,-0.9855021238,-1.363017678
0.02673286603,-0.9942107201,-1.386392474
0.02674286603,-0.9989955425,-1.404296279
0.02675286603,-0.9998378754,-1.416658044
0.02676286603,-0.9967342615,-1.423429132
0.02677286603,-0.9896969795,-1.424582839
0.02678286603,-0.9787538648,-1.420114398
0.02679286603,-0.9639480114,-1.410041571
0.02680286603,-0.9453378916,-1.394403934
0.02681286603,-0.9229969978,-1.373263359
0.02682286603,-0.8970134258,-1.346703172
0.02683286603,-0.8674897552,-1.314828157
0.02684286603,-0.8345425129,-1.277764201
0.02685286603,-0.7983016968,-1.235657454
0.02686286603,-0.758910358,-1.188674092
0.02687286603,-0.7165238857,-1.136999726
0.02688286603,-0.6713097095,-1.080838084
0.02689286603,-0.6234461665,-1.020410776
0.02689386603,-0.6185212731,-1.014140487
0.02690386603,-0.5679619312,-0.9492975473
0.02690486603,-0.562779367,-0.9426007271
0.02691486603,-0.5097657442,-0.8736516237
0.02691586603,-0.504350245,-0.8665601611
0.02692586603,-0.4491354525,-0.7938341498
0.02692686603,-0.4435128272,-0.7863819599
0.02693686603,-0.3863605261,-0.7102262378
0.02693786603,-0.3805576563,-0.7024489641
0.02694786603,-0.3217407167,-0.6232271194
0.02694886603,-0.3157853186,-0.6151618361
0.02695886603,-0.2555846274,-0.5332521796
0.02695986603,-0.2495051026,-0.5249373913
0.02696986603,-0.1882080883,-0.4407310486
0.02697086603,-0.1820335239,-0.4322064519
0.02698086603,-0.1199328825,-0.3461054862
0.02698186603,-0.1136927232,-0.3374117911
0.02699186603,-0.05108499154,-0.2498273253
0.02699286603,-0.04480904341,-0.2410060316
0.02700286603,0.01800682768,-0.152356267
0.02700386603,0.02428859845,-0.14344953
0.02701386603,0.08701266348,-0.05415775999
0.02701486603,0.09327026457,-0.04520808905
0.02702486603,0.1556030214,0.04429932311
0.02702586603,0.1618065536,0.05324919149
0.02703586603,0.2234503627,0.1425448507
0.02703686603,0.2295702398,0.1514521837
0.02704686603,0.290230751,0.240109697
0.02704786603,0.2962377071,0.2489319593
0.02705786603,0.3556252718,0.3365280032
0.02705886603,0.3614906669,0.3452230692
0.02706886603,0.419321686,0.4313393831
0.02706986603,0.4250175059,0.4398657084
0.02707986603,0.481015861,0.5240910649
0.02708086603,0.4865148664,0.532407999
0.02709086603,0.5404132009,0.6143402457
0.02709186603,0.5456891656,0.6224080324
0.02710186603,0.5972300768,0.7016559243
0.02710286603,0.6022577882,0.7094359994
0.02711286603,0.6511951685,0.7856211662
0.02711386603,0.6559506059,0.7930764556
0.02712386603,0.7020508051,0.8658351302
0.02712486603,0.7065113187,0.8729299903
0.02713486603,0.7495541573,0.9419146776
0.02713586603,0.7536984086,0.948615253
0.02714586603,0.7934783697,1.013496518
0.02714686603,0.7972866297,1.019770861
0.02715686603,0.8336138129,1.080239058
0.02715786603,0.8370678425,1.086057067
0.02716786603,0.8697686791,1.141823292
0.02716886603,0.8728520274,1.147157311
0.02717886603,0.9017704725,1.197955489
0.02717986603,0.9044683576,1.202779889
0.02718986603,0.9294663072,1.24836731
0.02719086603,0.9317658544,1.252659321
0.02720086603,0.9527239203,1.292818189
0.02720186603,0.9546141624,1.296557188
0.02721186603,0.9714323282,1.331095934
0.02721286603,0.9729042053,1.33426404
0.02722286603,0.9855021238,1.363017678
0.02723286603,0.9942107201,1.386392474
0.02724286603,0.9989955425,1.404296279
0.02725286603,0.9998378754,1.416658044
0.02726286603,0.9967342615,1.423429132
0.02727286603,0.9896969795,1.424582839
0.02728286603,0.9787538648,1.420114398
0.02729286603,0.9639480114,1.410041571
0.02730286603,0.9453378916,1.394403934
0.02731286603,0.9229969978,1.373263359
0.02732286603,0.8970134258,1.346703172
0.02733286603,0.8674897552,1.314828157
0.02734286603,0.8345425129,1.277764201
0.02735286603,0.7983016968,1.235657454
0.02736286603,0.758910358,1.188674092
0.02737286603,0.7165238857,1.136999726
0.02738286603,0.6713097095,1.080838084
0.02739286603,0.6234461665,1.020410776
0.02739386603,0.6185212731,1.014140487
0.02740386603,0.5679619312,0.9492975473
0.02740486603,0.562779367,0.9426007271
0.02741486603,0.5097657442,0.8736516237
0.02741586603,0.504350245,0.8665601611
0.02742586603,0.4491354525,0.7938341498
0.02742686603,0.4435128272,0.7863819599
0.02743686603,0.3863605261,0.7102262378
0.02743786603,0.3805576563,0.7024489641
0.02744786603,0.3217407167,0.6232271194
0.02744886603,0.3157853186,0.6151618361
0.02745886603,0.2555846274,0.5332521796
0.02745986603,0.2495051026,0.5249373913
0.02746986603,0.1882080883,0.4407310486
0.02747086603,0.1820335239,0.4322064519
0.02748086603,0.1199328825,0.3461054862
0.02748186603,0.1136927232,0.3374117911
0.02749186603,0.05108499154,0.2498273253
0.02749286603,0.04480904341,0.2410060316
0.02750286603,-0.01800682768,0.152356267
0.02750386603,-0.02428859845,0.14344953
0.02751386603,-0.08701266348,0.05415775999
0.02751486603,-0.09327026457,0.04520808905
0.02752486603,-0.1556030214,-0.04429932311
0.02752586603,-0.1618065536,-0.05324919149
0.02753586603,-0.2234503627,-0.1425448507
0.02753686603,-0.2295702398,-0.1514521837
0.02754686603,-0.290230751,-0.240109697
0.02754786603,-0.2962377071,-0.2489319593
0.02755786603,-0.3556252718,-0.3365280032
0.02755886603,-0.3614906669,-0.3452230692
0.02756886603,-0.419321686,-0.4313393831
0.02756986603,-0.4250175059,-0.4398657084
0.02757986603,-0.481015861,-0.5240910649
0.02758086603,-0.4865148664,-0.532407999
0.02759086603,-0.5404132009,-0.6143402457
0.02759186603,-0.5456891656,-0.6224080324
0.02760186603,-0.5972300768,-0.7016559243
0.02760286603,-0.6022577882,-0.7094359994
0.02761286603,-0.6511951685,-0.7856211662
0.02761386603,-0.6559506059,-0.7930764556
0.02762386603,-0.7020508051,-0.8658351302
0.02762486603,-0.7065113187,-0.8729299903
0.02763486603,-0.7495541573,-0.9419146776
0.02763586603,-0.7536984086,-0.948615253
0.02764586603,-0.7934783697,-1.013496518
0.02764686603,-0.7972866297,-1.019770861
0.02765686603,-0.8336138129,-1.080239058
0.02765786603,-0.8370678425,-1.086057067
0.02766786603,-0.8697686791,-1.141823292
0.02766886603,-0.8728520274,-1.147157311
0.02767886603,-0.9017704725,-1.197955489
0.02767986603,-0.9044683576,-1.202779889
0.02768986603,-0.9294663072,-1.24836731
0.02769086603,-0.9317658544,-1.252659321
0.02770086603,-0.9527239203,-1.292818189
0.02770186603,-0.9546141624,-1.296557188
0.02771186603,-0.9714323282,-1.331095934
0.02771286603,-0.9729042053,-1.33426404
0.02772286603,-0.9855021238,-1.363017678
0.02773286603,-0.9942107201,-1.386392474
0.02774286603,-0.9989955425,-1.404296279
0.02775286603,-0.9998378754,-1.416658044
0.02776286603,-0.9967342615,-1.423429132
0.02777286603,-0.9896969795,-1.424582839
0.02778286603,-0.9787538648,-1.420114398
0.02779286603,-0.9639480114,-1.410041571
0.02780286603,-0.9453378916,-1.394403934
0.02781286603,-0.9229969978,-1.373263359
0.02782286603,-0.8970134258,-1.346703172
0.02783286603,-0.8674897552,-1.314828157
0.02784286603,-0.8345425129,-1.277764201
0.02785286603,-0.7983016968,-1.235657454
0.02786286603,-0.758910358,-1.188674092
0.02787286603,-0.7165238857,-1.136999726
0.02788286603,-0.6713097095,-1.080838084
0.02789286603,-0.6234461665,-1.020410776
0.02789386603,-0.6185212731,-1.014140487
0.02790386603,-0.5679619312,-0.9492975473
0.02790486603,-0.562779367,-0.9426007271
0.02791486603,-0.5097657442,-0.8736516237
0.02791586603,-0.504350245,-0.8665601611
0.02792586603,-0.4491354525,-0.7938341498
0.02792686603,-0.4435128272,-0.7863819599
0.02793686603,-0.3863605261,-0.7102262378
0.02793786603,-0.3805576563,-0.7024489641
0.02794786603,-0.3217407167,-0.6232271194
0.02794886603,-0.3157853186,-0.6151618361
0.02795886603,-0.2555846274,-0.5332521796
0.02795986603,-0.2495051026,-0.5249373913
0.02796986603,-0.1882080883,-0.4407310486
0.02797086603,-0.1820335239,-0.4322064519
0.02798086603,-0.1199328825,-0.3461054862
0.02798186603,-0.1136927232,-0.3374117911
0.02799186603,-0.05108499154,-0.2498273253
0.02799286603,-0.04480904341,-0.2410060316
0.02800286603,0.01800682768,-0.152356267
0.02800386603,0.02428859845,-0.14344953
0.02801386603,0.08701266348,-0.05415775999
0.02801486603,0.09327026457,-0.04520808905
0.02802486603,0.1556030214,0.04429932311
0.02802586603,0.1618065536,0.05324919149
0.02803586603,0.2234503627,0.1425448507
0.02803686603,0.2295702398,0.1514521837
0.02804686603,0.290230751,0.240109697
0.02804786603,0.2962377071,0.2489319593
0.02805786603,0.3556252718,0.3365280032
0.02805886603,0.3614906669,0.3452230692
0.02806886603,0.419321686,0.4313393831
0.02806986603,0.4250175059,0.4398657084
0.02807986603,0.481015861,0.5240910649
0.02808086603,0.4865148664,0.532407999
0.02809086603,0.5404132009,0.6143402457
0.02809186603,0.5456891656,0.6224080324
0.02810186603,0.5972300768,0.7016559243
0.02810286603,0.6022577882,0.7094359994
0.02811286603,0.6511951685,0.7856211662
0.02811386603,0.6559506059,0.7930764556
0.02812386603,0.7020508051,0.8658351302
0.02812486603,0.7065113187,0.8729299903
0.02813486603,0.7495541573,0.9419146776
0.02813586603,0.7536984086,0.948615253
0.02814586603,0.7934783697,1.013496518
0.02814686603,0.7972866297,1.019770861
0.02815686603,0.8336138129,1.080239058
0.02815786603,0.8370678425,1.086057067
0.02816786603,0.8697686791,1.141823292
0.02816886603,0.8728520274,1.147157311
0.02817886603,0.9017704725,1.197955489
0.02817986603,0.9044683576,1.202779889
0.02818986603,0.9294663072,1.24836731
0.02819086603,0.9317658544,1.252659321
0.02820086603,0.9527239203,1.292818189
0.02820186603,0.9546141624,1.296557188
0.02821186603,0.9714323282,1.331095934
0.02821286603,0.9729042053,1.33426404
0.02822286603,0.9855021238,1.363017678
0.02823286603,0.9942107201,1.386392474
0.02824286603,0.9989955425,1.404296279
0.02825286603,0.9998378754,1.416658044
0.02826286603,0.9967342615,1.423429132
0.02827286603,0.9896969795,1.424582839
0.02828286603,0.9787538648,1.420114398
0.02829286603,0.9639480114,1.410041571
0.02830286603,0.9453378916,1.394403934
0.02831286603,0.9229969978,1.373263359
0.02832286603,0.8970134258,1.346703172
0.02833286603,0.8674897552,1.314828157
0.02834286603,0.8345425129,1.277764201
0.02835286603,0.7983016968,1.235657454
0.02836286603,0.758910358,1.188674092
0.02837286603,0.7165238857,1.136999726
0.02838286603,0.6713097095,1.080838084
0.02839286603,0.6234461665,1.020410776
0.02839386603,0.6185212731,1.014140487
0.02840386603,0.5679619312,0.9492975473
0.02840486603,0.562779367,0.9426007271
0.02841486603,0.5097657442,0.8736516237
0.02841586603,0.504350245,0.8665601611
0.02842586603,0.4491354525,0.7938341498
0.02842686603,0.4435128272,0.7863819599
0.02843686603,0.3863605261,0.7102262378
0.02843786603,0.3805576563,0.7024489641
0.02844786603,0.3217407167,0.6232271194
0.02844886603,0.3157853186,0.6151618361
0.02845886603,0.2555846274,0.5332521796
0.02845986603,0.2495051026,0.5249373913
0.02846986603,0.1882080883,0.4407310486
0.02847086603,0.1820335239,0.4322064519
0.02848086603,0.1199328825,0.3461054862
0.02848186603,0.1136927232,0.3374117911
0.02849186603,0.05108499154,0.2498273253
0.02849286603,0.04480904341,0.2410060316
0.02850286603,-0.01800682768,0.152356267
0.02850386603,-0.02428859845,0.14344953
0.02851386603,-0.08701266348,0.05415775999
0.02851486603,-0.09327026457,0.04520808905
0.02852486603,-0.1556030214,-0.04429932311
0.02852586603,-0.1618065536,-0.05324919149
0.02853586603,-0.2234503627,-0.1425448507
0.02853686603,-0.2295702398,-0.1514521837
0.02854686603,-0.290230751,-0.240109697
0.02854786603,-0.2962377071,-0.2489319593
0.02855786603,-0.3556252718,-0.3365280032
0.02855886603,-0.3614906669,-0.3452230692
0.02856886603,-0.419321686,-0.4313393831
0.02856986603,-0.4250175059,-0.4398657084
0.02857986603,-0.481015861,-0.5240910649
0.02858086603,-0.4865148664,-0.532407999
0.02859086603,-0.5404132009,-0.6143402457
0.02859186603,-0.5456891656,-0.6224080324
0.02860186603,-0.5972300768,-0.7016559243
0.02860286603,-0.6022577882,-0.7094359994
0.02861286603,-0.6511951685,-0.7856211662
0.02861386603,-0.6559506059,-0.7930764556
0.02862386603,-0.7020508051,-0.8658351302
0.02862486603,-0.7065113187,-0.8729299903
0.02863486603,-0.7495541573,-0.9419146776
0.02863586603,-0.7536984086,-0.948615253
0.02864586603,-0.7934783697,-1.013496518
0.02864686603,-0.7972866297,-1.019770861
0.02865686603,-0.8336138129,-1.080239058
0.02865786603,-0.8370678425,-1.086057067
0.02866786603,-0.8697686791,-1.141823292
0.02866886603,-0.8728520274,-1.147157311
0.02867886603,-0.9017704725,-1.197955489
0.02867986603,-0.9044683576,-1.202779889
0.02868986603,-0.9294663072,-1.24836731
0.02869086603,-0.9317658544,-1.252659321
0.02870086603,-0.9527239203,-1.292818189
0.02870186603,-0.9546141624,-1.296557188
0.02871186603,-0.9714323282,-1.331095934
0.02871286603,-0.9729042053,-1.33426404
0.02872286603,-0.9855021238,-1.363017678
0.02873286603,-0.9942107201,-1.386392474
0.02874286603,-0.9989955425,-1.404296279
0.02875286603,-0.9998378754,-1.416658044
0.02876286603,-0.9967342615,-1.423429132
0.02877286603,-0.9896969795,-1.424582839
0.02878286603,-0.9787538648,-1.420114398
0.02879286603,-0.9639480114,-1.410041571
0.02880286603,-0.9453378916,-1.394403934
0.02881286603,-0.9229969978,-1.373263359
0.02882286603,-0.8970134258,-1.346703172
0.02883286603,-0.8674897552,-1.314828157
0.02884286603,-0.8345425129,-1.277764201
0.02885286603,-0.7983016968,-1.235657454
0.02886286603,-0.758910358,-1.188674092
0.02887286603,-0.7165238857,-1.136999726
0.02888286603,-0.6713097095,-1.080838084
0.02889286603,-0.6234461665,-1.020410776
0.02889386603,-0.6185212731,-1.014140487
0.02890386603,-0.5679619312,-0.9492975473
0.02890486603,-0.562779367,-0.9426007271
0.02891486603,-0.5097657442,-0.8736516237
0.02891586603,-0.504350245,-0.8665601611
0.02892586603,-0.4491354525,-0.7938341498
0.02892686603,-0.4435128272,-0.7863819599
0.02893686603,-0.3863605261,-0.7102262378
0.02893786603,-0.3805576563,-0.7024489641
0.02894786603,-0.3217407167,-0.6232271194
0.02894886603,-0.3157853186,-0.6151618361
0.02895886603,-0.2555846274,-0.5332521796
0.02895986603,-0.2495051026,-0.5249373913
0.02896986603,-0.1882080883,-0.4407310486
0.02897086603,-0.1820335239,-0.4322064519
0.02898086603,-0.1199328825,-0.3461054862
0.02898186603,-0.1136927232,-0.3374117911
0.02899186603,-0.05108499154,-0.2498273253
0.02899286603,-0.04480904341,-0.2410060316
0.02900286603,0.01800682768,-0.152356267
0.02900386603,0.02428859845,-0.14344953
0.02901386603,0.08701266348,-0.05415775999
0.02901486603,0.09327026457,-0.04520808905
0.02902486603,0.1556030214,0.04429932311
0.02902586603,0.1618065536,0.05324919149
0.02903586603,0.2234503627,0.1425448507
0.02903686603,0.2295702398,0.1514521837
0.02904686603,0.290230751,0.240109697
0.02904786603,0.2962377071,0.2489319593
0.02905786603,0.3556252718,0.3365280032
0.02905886603,0.3614906669,0.3452230692
0.02906886603,0.419321686,0.4313393831
0.02906986603,0.4250175059,0.4398657084
0.02907986603,0.481015861,0.5240910649
0.02908086603,0.4865148664,0.532407999
0.02909086603,0.5404132009,0.6143402457
0.02909186603,0.5456891656,0.6224080324
0.02910186603,0.5972300768,0.7016559243
0.02910286603,0.6022577882,0.7094359994
0.02911286603,0.6511951685,0.7856211662
0.02911386603,0.6559506059,0.7930764556
0.02912386603,0.7020508051,0.8658351302
0.02912486603,0.7065113187,0.8729299903
0.02913486603,0.7495541573,0.9419146776
0.02913586603,0.7536984086,0.948615253
0.02914586603,0.7934783697,1.013496518
0.02914686603,0.7972866297,1.019770861
0.02915686603,0.8336138129,1.080239058
0.02915786603,0.8370678425,1.086057067
0.02916786603,0.8697686791,1.141823292
0.02916886603,0.8728520274,1.147157311
0.02917886603,0.9017704725,1.197955489
0.02917986603,0.9044683576,1.202779889
0.02918986603,0.9294663072,1.24836731
0.02919086603,0.9317658544,1.252659321
0.02920086603,0.9527239203,1.292818189
0.02920186603,0.9546141624,1.296557188
0.02921186603,0.9714323282,1.331095934
0.02921286603,0.9729042053,1.33426404
0.02922286603,0.9855021238,1.363017678
0.02923286603,0.9942107201,1.386392474
0.02924286603,0.9989955425,1.404296279
0.02925286603,0.9998378754,1.416658044
0.02926286603,0.9967342615,1.423429132
0.02927286603,0.9896969795,1.424582839
0.02928286603,0.9787538648,1.420114398
0.02929286603,0.9639480114,1.410041571
0.02930286603,0.9453378916,1.394403934
0.02931286603,0.9229969978,1.373263359
0.02932286603,0.8970134258,1.346703172
0.02933286603,0.8674897552,1.314828157
0.02934286603,0.8345425129,1.277764201
0.02935286603,0.7983016968,1.235657454
0.02936286603,0.758910358,1.188674092
0.02937286603,0.7165238857,1.136999726
0.02938286603,0.6713097095,1.080838084
0.02939286603,0.6234461665,1.020410776
0.02939386603,0.6185212731,1.014140487
0.02940386603,0.5679619312,0.9492975473
0.02940486603,0.562779367,0.9426007271
0.02941486603,0.5097657442,0.8736516237
0.02941586603,0.504350245,0.8665601611
0.02942586603,0.4491354525,0.7938341498
0.02942686603,0.4435128272,0.7863819599
0.02943686603,0.3863605261,0.7102262378
0.02943786603,0.3805576563,0.7024489641
0.02944786603,0.3217407167,0.6232271194
0.02944886603,0.3157853186,0.6151618361
0.02945886603,0.2555846274,0.5332521796
0.02945986603,0.2495051026,0.5249373913
0.02946986603,0.1882080883,0.4407310486
0.02947086603,0.1820335239,0.4322064519
0.02948086603,0.1199328825,0.3461054862
0.02948186603,0.1136927232,0.3374117911
0.02949186603,0.05108499154,0.2498273253
0.02949286603,0.04480904341,0.2410060316
0.02950286603,-0.01800682768,0.152356267
0.02950386603,-0.02428859845,0.14344953
0.02951386603,-0.08701266348,0.05415775999
0.02951486603,-0.09327026457,0.04520808905
0.02952486603,-0.1556030214,-0.04429932311
0.02952586603,-0.1618065536,-0.05324919149
0.02953586603,-0.2234503627,-0.1425448507
0.02953686603,-0.2295702398,-0.1514521837
0.02954686603,-0.290230751,-0.240109697
0.02954786603,-0.2962377071,-0.2489319593
0.02955786603,-0.3556252718,-0.3365280032
0.02955886603,-0.3614906669,-0.3452230692
0.02956886603,-0.419321686,-0.4313393831
0.02956986603,-0.4250175059,-0.4398657084
0.02957986603,-0.481015861,-0.5240910649
0.02958086603,-0.4865148664,-0.532407999
0.02959086603,-0.5404132009,-0.6143402457
0.02959186603,-0.5456891656,-0.6224080324
0.02960186603,-0.5972300768,-0.7016559243
0.02960286603,-0.6022577882,-0.7094359994
0.02961286603,-0.6511951685,-0.7856211662
0.02961386603,-0.6559506059,-0.7930764556
0.02962386603,-0.7020508051,-0.8658351302
0.02962486603,-0.7065113187,-0.8729299903
0.02963486603,-0.7495541573,-0.9419146776
0.02963586603,-0.7536984086,-0.948615253
0.02964586603,-0.7934783697,-1.013496518
0.02964686603,-0.7972866297,-1.019770861
0.02965686603,-0.8336138129,-1.080239058
0.02965786603,-0.8370678425,-1.086057067
0.02966786603,-0.8697686791,-1.141823292
0.02966886603,-0.8728520274,-1.147157311
0.02967886603,-0.9017704725,-1.197955489
0.02967986603,-0.9044683576,-1.202779889
0.02968986603,-0.9294663072,-1.24836731
0.02969086603,-0.9317658544,-1.252659321
0.02970086603,-0.9527239203,-1.292818189
0.02970186603,-0.9546141624,-1.296557188
0.02971186603,-0.9714323282,-1.331095934
0.02971286603,-0.9729042053,-1.33426404
0.02972286603,-0.9855021238,-1.363017678
0.02973286603,-0.9942107201,-1.386392474
0.02974286603,-0.9989955425,-1.404296279
0.02975286603,-0.9998378754,-1.416658044
0.02976286603,-0.9967342615,-1.423429132
0.02977286603,-0.9896969795,-1.424582839
0.02978286603,-0.9787538648,-1.420114398
0.02979286603,-0.9639480114,-1.410041571
0.02980286603,-0.9453378916,-1.394403934
0.02981286603,-0.9229969978,-1.373263359
0.02982286603,-0.8970134258,-1.346703172
0.02983286603,-0.8674897552,-1.314828157
0.02984286603,-0.8345425129,-1.277764201
0.02985286603,-0.7983016968,-1.235657454
0.02986286603,-0.758910358,-1.188674092
0.02987286603,-0.7165238857,-1.136999726
0.02988286603,-0.6713097095,-1.080838084
0.02989286603,-0.6234461665,-1.020410776
0.02989386603,-0.6185212731,-1.014140487
0.02990386603,-0.5679619312,-0.9492975473
0.02990486603,-0.562779367,-0.9426007271
0.02991486603,-0.5097657442,-0.8736516237
0.02991586603,-0.504350245,-0.8665601611
0.02992586603,-0.4491354525,-0.7938341498
0.02992686603,-0.4435128272,-0.7863819599
0.02993686603,-0.3863605261,-0.7102262378
0.02993786603,-0.3805576563,-0.7024489641
0.02994786603,-0.3217407167,-0.6232271194
0.02994886603,-0.3157853186,-0.6151618361
0.02995886603,-0.2555846274,-0.5332521796
0.02995986603,-0.2495051026,-0.5249373913
0.02996986603,-0.1882080883,-0.4407310486
0.02997086603,-0.1820335239,-0.4322064519
0.02998086603,-0.1199328825,-0.3461054862
0.02998186603,-0.1136927232,-0.3374117911
0.02999186603,-0.05108499154,-0.2498273253
0.02999286603,-0.04480904341,-0.2410060316
0.03000286603,0.01800682768,-0.152356267
0.03000386603,0.02428859845,-0.14344953
0.03001386603,0.08701266348,-0.05415775999
0.03001486603,0.09327026457,-0.04520808905
0.03002486603,0.1556030214,0.04429932311
0.03002586603,0.1618065536,0.05324919149
0.03003586603,0.2234503627,0.1425448507
0.03003686603,0.2295702398,0.1514521837
0.03004686603,0.290230751,0.240109697
0.03004786603,0.2962377071,0.2489319593
0.03005786603,0.3556252718,0.3365280032
0.03005886603,0.3614906669,0.3452230692
0.03006886603,0.419321686,0.4313393831
0.03006986603,0.4250175059,0.4398657084
0.03007986603,0.481015861,0.5240910649
0.03008086603,0.4865148664,0.532407999
0.03009086603,0.5404132009,0.6143402457
0.03009186603,0.5456891656,0.6224080324
0.03010186603,0.5972300768,0.7016559243
0.03010286603,0.6022577882,0.7094359994
0.03011286603,0.6511951685,0.7856211662
0.03011386603,0.6559506059,0.7930764556
0.03012386603,0.7020508051,0.8658351302
0.03012486603,0.7065113187,0.8729299903
0.03013486603,0.7495541573,0.9419146776
0.03013586603,0.7536984086,0.948615253
0.03014586603,0.7934783697,1.013496518
0.03014686603,0.7972866297,1.019770861
0.03015686603,0.8336138129,1.080239058
0.03015786603,0.8370678425,1.086057067
0.03016786603,0.8697686791,1.141823292
0.03016886603,0.8728520274,1.147157311
0.03017886603,0.9017704725,1.197955489
0.03017986603,0.9044683576,1.202779889
0.03018986603,0.9294663072,1.24836731
0.03019086603,0.9317658544,1.252659321
0.03020086603,0.9527239203,1.292818189
0.03020186603,0.9546141624,1.296557188
0.03021186603,0.9714323282,1.331095934
0.03021286603,0.9729042053,1.33426404
0.03022286603,0.9855021238,1.363017678
0.03023286603,0.9942107201,1.386392474
0.03024286603,0.9989955425,1.404296279
0.03025286603,0.9998378754,1.416658044
0.03026286603,0.9967342615,1.423429132
0.03027286603,0.9896969795,1.424582839
0.03028286603,0.9787538648,1.420114398
0.03029286603,0.9639480114,1.410041571
0.03030286603,0.9453378916,1.394403934
0.03031286603,0.9229969978,1.373263359
0.03032286603,0.8970134258,1.346703172
0.03033286603,0.8674897552,1.314828157
0.03034286603,0.8345425129,1.277764201
0.03035286603,0.7983016968,1.235657454
0.03036286603,0.758910358,1.188674092
0.03037286603,0.7165238857,1.136999726
0.03038286603,0.6713097095,1.080838084
0.03039286603,0.6234461665,1.020410776
0.03039386603,0.6185212731,1.014140487
0.03040386603,0.5679619312,0.9492975473
0.03040486603,0.562779367,0.9426007271
0.03041486603,0.5097657442,0.8736516237
0.03041586603,0.504350245,0.8665601611
0.03042586603,0.4491354525,0.7938341498
0.03042686603,0.4435128272,0.7863819599
0.03043686603,0.3863605261,0.7102262378
0.03043786603,0.3805576563,0.7024489641
0.03044786603,0.3217407167,0.6232271194
0.03044886603,0.3157853186,0.6151618361
0.03045886603,0.2555846274,0.5332521796
0.03045986603,0.2495051026,0.5249373913
0.03046986603,0.1882080883,0.4407310486
0.03047086603,0.1820335239,0.4322064519
0.03048086603,0.1199328825,0.3461054862
0.03048186603,0.1136927232,0.3374117911
0.03049186603,0.05108499154,0.2498273253
0.03049286603,0.04480904341,0.2410060316
0.03050286603,-0.01800682768,0.152356267
0.03050386603,-0.02428859845,0.14344953
0.03051386603,-0.08701266348,0.05415775999
0.03051486603,-0.09327026457,0.04520808905
0.03052486603,-0.1556030214,-0.04429932311
0.03052586603,-0.1618065536,-0.05324919149
0.03053586603,-0.2234503627,-0.1425448507
0.03053686603,-0.2295702398,-0.1514521837
0.03054686603,-0.290230751,-0.240109697
0.03054786603,-0.2962377071,-0.2489319593
0.03055786603,-0.3556252718,-0.3365280032
0.03055886603,-0.3614906669,-0.3452230692
0.03056886603,-0.419321686,-0.4313393831
0.03056986603,-0.4250175059,-0.4398657084
0.03057986603,-0.481015861,-0.5240910649
0.03058086603,-0.4865148664,-0.532407999
0.03059086603,-0.5404132009,-0.6143402457
0.03059186603,-0.5456891656,-0.6224080324
0.03060186603,-0.5972300768,-0.7016559243
0.03060286603,-0.6022577882,-0.7094359994
0.03061286603,-0.6511951685,-0.7856211662
0.03061386603,-0.6559506059,-0.7930764556
0.03062386603,-0.7020508051,-0.8658351302
0.03062486603,-0.7065113187,-0.8729299903
0.03063486603,-0.7495541573,-0.9419146776
0.03063586603,-0.7536984086,-0.948615253
0.03064586603,-0.7934783697,-1.013496518
0.03064686603,-0.7972866297,-1.019770861
0.03065686603,-0.8336138129,-1.080239058
0.03065786603,-0.8370678425,-1.086057067
0.03066786603,-0.8697686791,-1.141823292
0.03066886603,-0.8728520274,-1.147157311
0.03067886603,-0.9017704725,-1.197955489
0.03067986603,-0.9044683576,-1.202779889
0.03068986603,-0.9294663072,-1.24836731
0.03069086603,-0.9317658544,-1.252659321
0.03070086603,-0.9527239203,-1.292818189
0.03070186603,-0.9546141624,-1.296557188
0.03071186603,-0.9714323282,-1.331095934
0.03071286603,-0.9729042053,-1.33426404
0.03072286603,-0.9855021238,-1.363017678
0.03073286603,-0.9942107201,-1.386392474
0.03074286603,-0.9989955425,-1.404296279
0.03075286603,-0.9998378754,-1.416658044
0.03076286603,-0.9967342615,-1.423429132
0.03077286603,-0.9896969795,-1.424582839
0.03078286603,-0.9787538648,-1.420114398
0.03079286603,-0.9639480114,-1.410041571
0.03080286603,-0.9453378916,-1.394403934
0.03081286603,-0.9229969978,-1.373263359
0.03082286603,-0.8970134258,-1.346703172
0.03083286603,-0.8674897552,-1.314828157
0.03084286603,-0.8345425129,-1.277764201
0.03085286603,-0.7983016968,-1.235657454
0.03086286603,-0.758910358,-1.188674092
0.03087286603,-0.7165238857,-1.136999726
0.03088286603,-0.6713097095,-1.080838084
0.03089286603,-0.6234461665,-1.020410776
0.03089386603,-0.6185212731,-1.014140487
0.03090386603,-0.5679619312,-0.9492975473
0.03090486603,-0.562779367,-0.9426007271
0.03091486603,-0.5097657442,-0.8736516237
0.03091586603,-0.504350245,-0.8665601611
0.03092586603,-0.4491354525,-0.7938341498
0.03092686603,-0.4435128272,-0.7863819599
0.03093686603,-0.3863605261,-0.7102262378
0.03093786603,-0.3805576563,-0.7024489641
0.03094786603,-0.3217407167,-0.6232271194
0.03094886603,-0.3157853186,-0.6151618361
0.03095886603,-0.2555846274,-0.5332521796
0.03095986603,-0.2495051026,-0.5249373913
0.03096986603,-0.1882080883,-0.4407310486
0.03097086603,-0.1820335239,-0.4322064519
0.03098086603,-0.1199328825,-0.3461054862
0.03098186603,-0.1136927232,-0.3374117911
0.03099186603,-0.05108499154,-0.2498273253
0.03099286603,-0.04480904341,-0.2410060316
0.03100286603,0.01800682768,-0.152356267
0.03100386603,0.02428859845,-0.14344953
0.03101386603,0.08701266348,-0.05415775999
0.03101486603,0.09327026457,-0.04520808905
0.03102486603,0.1556030214,0.04429932311
0.03102586603,0.1618065536,0.05324919149
0.03103586603,0.2234503627,0.1425448507
0.03103686603,0.2295702398,0.1514521837
0.03104686603,0.290230751,0.240109697
0.03104786603,0.2962377071,0.2489319593
0.03105786603,0.3556252718,0.3365280032
0.03105886603,0.3614906669,0.3452230692
0.03106886603,0.419321686,0.4313393831
0.03106986603,0.4250175059,0.4398657084
0.03107986603,0.481015861,0.5240910649
0.03108086603,0.4865148664,0.532407999
0.03109086603,0.5404132009,0.6143402457
0.03109186603,0.5456891656,0.6224080324
0.03110186603,0.5972300768,0.7016559243
0.03110286603,0.6022577882,0.7094359994
0.03111286603,0.6511951685,0.7856211662
0.03111386603,0.6559506059,0.7930764556
0.03112386603,0.7020508051,0.8658351302
0.03112486603,0.7065113187,0.8729299903
0.03113486603,0.7495541573,0.9419146776
0.03113586603,0.7536984086,0.948615253
0.03114586603,0.7934783697,1.013496518
0.03114686603,0.7972866297,1.019770861
0.03115686603,0.8336138129,1.080239058
0.03115786603,0.8370678425,1.086057067
0.03116786603,0.8697686791,1.141823292
0.03116886603,0.8728520274,1.147157311
0.03117886603,0.9017704725,1.197955489
0.03117986603,0.9044683576,1.202779889
0.03118986603,0.9294663072,1.24836731
0.03119086603,0.9317658544,1.252659321
0.03120086603,0.9527239203,1.292818189
0.03120186603,0.9546141624,1.296557188
0.03121186603,0.9714323282,1.331095934
0.03121286603,0.9729042053,1.33426404
0.03122286603,0.9855021238,1.363017678
0.03123286603,0.9942107201,1.386392474
0.03124286603,0.9989955425,1.404296279
0.03125286603,0.9998378754,1.416658044
0.03126286603,0.9967342615,1.423429132
0.03127286603,0.9896969795,1.424582839
0.03128286603,0.9787538648,1.420114398
0.03129286603,0.9639480114,1.410041571
0.03130286603,0.9453378916,1.394403934
0.03131286603,0.9229969978,1.373263359
0.03132286603,0.8970134258,1.346703172
0.03133286603,0.8674897552,1.314828157
0.03134286603,0.8345425129,1.277764201
0.03135286603,0.7983016968,1.235657454
0.03136286603,0.758910358,1.188674092
0.03137286603,0.7165238857,1.136999726
0.03138286603,0.6713097095,1.080838084
0.03139286603,0.6234461665,1.020410776
0.03139386603,0.6185212731,1.014140487
0.03140386603,0.5679619312,0.9492975473
0.03140486603,0.562779367,0.9426007271
0.03141486603,0.5097657442,0.8736516237
0.03141586603,0.504350245,0.8665601611
0.03142586603,0.4491354525,0.7938341498
0.03142686603,0.4435128272,0.7863819599
0.03143686603,0.3863605261,0.7102262378
0.03143786603,0.3805576563,0.7024489641
0.03144786603,0.3217407167,0.6232271194
0.03144886603,0.3157853186,0.6151618361
0.03145886603,0.2555846274,0.5332521796
0.03145986603,0.2495051026,0.5249373913
0.03146986603,0.1882080883,0.4407310486
0.03147086603,0.1820335239,0.4322064519
0.03148086603,0.1199328825,0.3461054862
0.03148186603,0.1136927232,0.3374117911
0.03149186603,0.05108499154,0.2498273253
0.03149286603,0.04480904341,0.2410060316
0.03150286603,-0.01800682768,0.152356267
0.03150386603,-0.02428859845,0.14344953
0.03151386603,-0.08701266348,0.05415775999
0.03151486603,-0.09327026457,0.04520808905
0.03152486603,-0.1556030214,-0.04429932311
0.03152586603,-0.1618065536,-0.05324919149
0.03153586603,-0.2234503627,-0.1425448507
0.03153686603,-0.2295702398,-0.1514521837
0.03154686603,-0.290230751,-0.240109697
0.03154786603,-0.2962377071,-0.2489319593
0.03155786603,-0.3556252718,-0.3365280032
0.03155886603,-0.3614906669,-0.3452230692
0.03156886603,-0.419321686,-0.4313393831
0.03156986603,-0.4250175059,-0.4398657084
0.03157986603,-0.481015861,-0.5240910649
0.03158086603,-0.4865148664,-0.532407999
0.03159086603,-0.5404132009,-0.6143402457
0.03159186603,-0.5456891656,-0.6224080324
0.03160186603,-0.5972300768,-0.7016559243
0.03160286603,-0.6022577882,-0.7094359994
0.03161286603,-0.6511951685,-0.7856211662
0.03161386603,-0.6559506059,-0.7930764556
0.03162386603,-0.7020508051,-0.8658351302
0.03162486603,-0.7065113187,-0.8729299903
0.03163486603,-0.7495541573,-0.9419146776
0.03163586603,-0.7536984086,-0.948615253
0.03164586603,-0.7934783697,-1.013496518
0.03164686603,-0.7972866297,-1.019770861
0.03165686603,-0.8336138129,-1.080239058
0.03165786603,-0.8370678425,-1.086057067
0.03166786603,-0.8697686791,-1.141823292
0.03166886603,-0.8728520274,-1.147157311
0.03167886603,-0.9017704725,-1.197955489
0.03167986603,-0.9044683576,-1.202779889
0.03168986603,-0.9294663072,-1.24836731
0.03169086603,-0.9317658544,-1.252659321
0.03170086603,-0.9527239203,-1.292818189
0.03170186603,-0.9546141624,-1.296557188
0.03171186603,-0.9714323282,-1.331095934
0.03171286603,-0.9729042053,-1.33426404
0.03172286603,-0.9855021238,-1.363017678
0.03173286603,-0.9942107201,-1.386392474
0.03174286603,-0.9989955425,-1.404296279
0.03175286603,-0.9998378754,-1.416658044
0.03176286603,-0.9967342615,-1.423429132
0.03177286603,-0.9896969795,-1.424582839
0.03178286603,-0.9787538648,-1.420114398
0.03179286603,-0.9639480114,-1.410041571
0.03180286603,-0.9453378916,-1.394403934
0.03181286603,-0.9229969978,-1.373263359
0.03182286603,-0.8970134258,-1.346703172
0.03183286603,-0.8674897552,-1.314828157
0.03184286603,-0.8345425129,-1.277764201
0.03185286603,-0.7983016968,-1.235657454
0.03186286603,-0.758910358,-1.188674092
0.03187286603,-0.7165238857,-1.136999726
0.03188286603,-0.6713097095,-1.080838084
0.03189286603,-0.6234461665,-1.020410776
0.03189386603,-0.6185212731,-1.014140487
0.03190386603,-0.5679619312,-0.9492975473
0.03190486603,-0.562779367,-0.9426007271
0.03191486603,-0.5097657442,-0.8736516237
0.03191586603,-0.504350245,-0.8665601611
0.03192586603,-0.4491354525,-0.7938341498
0.03192686603,-0.4435128272,-0.7863819599
0.03193686603,-0.3863605261,-0.7102262378
0.03193786603,-0.3805576563,-0.7024489641
0.03194786603,-0.3217407167,-0.6232271194
0.03194886603,-0.3157853186,-0.6151618361
0.03195886603,-0.2555846274,-0.5332521796
0.03195986603,-0.2495051026,-0.5249373913
0.03196986603,-0.1882080883,-0.4407310486
0.03197086603,-0.1820335239,-0.4322064519
0.03198086603,-0.1199328825,-0.3461054862
0.03198186603,-0.1136927232,-0.3374117911
0.03199186603,-0.05108499154,-0.2498273253
0.03199286603,-0.04480904341,-0.2410060316
0.03200286603,0.01800682768,-0.152356267
0.03200386603,0.02428859845,-0.14344953
0.03201386603,0.08701266348,-0.05415775999
0.03201486603,0.09327026457,-0.04520808905
0.03202486603,0.1556030214,0.04429932311
0.03202586603,0.1618065536,0.05324919149
0.03203586603,0.2234503627,0.1425448507
0.03203686603,0.2295702398,0.1514521837
0.03204686603,0.290230751,0.240109697
0.03204786603,0.2962377071,0.2489319593
0.03205786603,0.3556252718,0.3365280032
0.03205886603,0.3614906669,0.3452230692
0.03206886603,0.419321686,0.4313393831
0.03206986603,0.4250175059,0.4398657084
0.03207986603,0.481015861,0.5240910649
0.03208086603,0.4865148664,0.532407999
0.03209086603,0.5404132009,0.6143402457
0.03209186603,0.5456891656,0.6224080324
0.03210186603,0.5972300768,0.7016559243
0.03210286603,0.6022577882,0.7094359994
0.03211286603,0.6511951685,0.7856211662
0.03211386603,0.6559506059,0.7930764556
0.03212386603,0.7020508051,0.8658351302
0.03212486603,0.7065113187,0.8729299903
0.03213486603,0.7495541573,0.9419146776
0.03213586603,0.7536984086,0.948615253
0.03214586603,0.7934783697,1.013496518
0.03214686603,0.7972866297,1.019770861
0.03215686603,0.8336138129,1.080239058
0.03215786603,0.8370678425,1.086057067
0.03216786603,0.8697686791,1.141823292
0.03216886603,0.8728520274,1.147157311
0.03217886603,0.9017704725,1.197955489
0.03217986603,0.9044683576,1.202779889
0.03218986603,0.9294663072,1.24836731
0.03219086603,0.9317658544,1.252659321
0.03220086603,0.9527239203,1.292818189
0.03220186603,0.9546141624,1.296557188
0.03221186603,0.9714323282,1.331095934
0.03221286603,0.9729042053,1.33426404
0.03222286603,0.9855021238,1.363017678
0.03223286603,0.9942107201,1.386392474
0.03224286603,0.9989955425,1.404296279
0.03225286603,0.9998378754,1.416658044
0.03226286603,0.9967342615,1.423429132
0.03227286603,0.9896969795,1.424582839
0.03228286603,0.9787538648,1.420114398
0.03229286603,0.9639480114,1.410041571
0.03230286603,0.9453378916,1.394403934
0.03231286603,0.9229969978,1.373263359
0.03232286603,0.8970134258,1.346703172
0.03233286603,0.8674897552,1.314828157
0.03234286603,0.8345425129,1.277764201
0.03235286603,0.7983016968,1.235657454
0.03236286603,0.758910358,1.188674092
0.03237286603,0.7165238857,1.136999726
0.03238286603,0.6713097095,1.080838084
0.03239286603,0.6234461665,1.020410776
0.03239386603,0.6185212731,1.014140487
0.03240386603,0.5679619312,0.9492975473
0.03240486603,0.562779367,0.9426007271
0.03241486603,0.5097657442,0.8736516237
0.03241586603,0.504350245,0.8665601611
0.03242586603,0.4491354525,0.7938341498
0.03242686603,0.4435128272,0.7863819599
0.03243686603,0.3863605261,0.7102262378
0.03243786603,0.3805576563,0.7024489641
0.03244786603,0.3217407167,0.6232271194
0.03244886603,0.3157853186,0.6151618361
0.03245886603,0.2555846274,0.5332521796
0.03245986603,0.2495051026,0.5249373913
0.03246986603,0.1882080883,0.4407310486
0.03247086603,0.1820335239,0.4322064519
0.03248086603,0.1199328825,0.3461054862
0.03248186603,0.1136927232,0.3374117911
0.03249186603,0.05108499154,0.2498273253
0.03249286603,0.04480904341,0.2410060316
0.03250286603,-0.01800682768,0.152356267
0.03250386603,-0.02428859845,0.14344953
0.03251386603,-0.08701266348,0.05415775999
0.03251486603,-0.09327026457,0.04520808905
0.03252486603,-0.1556030214,-0.04429932311
0.03252586603,-0.1618065536,-0.05324919149
0.03253586603,-0.2234503627,-0.1425448507
0.03253686603,-0.2295702398,-0.1514521837
0.03254686603,-0.290230751,-0.240109697
0.03254786603,-0.2962377071,-0.2489319593
0.03255786603,-0.3556252718,-0.3365280032
0.03255886603,-0.3614906669,-0.3452230692
0.03256886603,-0.419321686,-0.4313393831
0.03256986603,-0.4250175059,-0.4398657084
0.03257986603,-0.481015861,-0.5240910649
0.03258086603,-0.4865148664,-0.532407999
0.03259086603,-0.5404132009,-0.6143402457
0.03259186603,-0.5456891656,-0.6224080324
0.03260186603,-0.5972300768,-0.7016559243
0.03260286603,-0.6022577882,-0.7094359994
0.03261286603,-0.6511951685,-0.7856211662
0.03261386603,-0.6559506059,-0.7930764556
0.03262386603,-0.7020508051,-0.8658351302
0.03262486603,-0.7065113187,-0.8729299903
0.03263486603,-0.7495541573,-0.9419146776
0.03263586603,-0.7536984086,-0.948615253
0.03264586603,-0.7934783697,-1.013496518
0.03264686603,-0.7972866297,-1.019770861
0.03265686603,-0.8336138129,-1.080239058
0.03265786603,-0.8370678425,-1.086057067
0.03266786603,-0.8697686791,-1.141823292
0.03266886603,-0.8728520274,-1.147157311
0.03267886603,-0.9017704725,-1.197955489
0.03267986603,-0.9044683576,-1.202779889
0.03268986603,-0.9294663072,-1.24836731
0.03269086603,-0.9317658544,-1.252659321
0.03270086603,-0.9527239203,-1.292818189
0.03270186603,-0.9546141624,-1.296557188
0.03271186603,-0.9714323282,-1.331095934
0.03271286603,-0.9729042053,-1.33426404
0.03272286603,-0.9855021238,-1.363017678
0.03273286603,-0.9942107201,-1.386392474
0.03274286603,-0.9989955425,-1.404296279
0.03275286603,-0.9998378754,-1.416658044
0.03276286603,-0.9967342615,-1.423429132
0.03277286603,-0.9896969795,-1.424582839
0.03278286603,-0.9787538648,-1.420114398
0.03279286603,-0.9639480114,-1.410041571
0.03280286603,-0.9453378916,-1.394403934
0.03281286603,-0.9229969978,-1.373263359
0.03282286603,-0.8970134258,-1.346703172
0.03283286603,-0.8674897552,-1.314828157
0.03284286603,-0.8345425129,-1.277764201
0.03285286603,-0.7983016968,-1.235657454
0.03286286603,-0.758910358,-1.188674092
0.03287286603,-0.7165238857,-1.136999726
0.03288286603,-0.6713097095,-1.080838084
0.03289286603,-0.6234461665,-1.020410776
0.03289386603,-0.6185212731,-1.014140487
0.03290386603,-0.5679619312,-0.9492975473
0.03290486603,-0.562779367,-0.9426007271
0.03291486603,-0.5097657442,-0.8736516237
0.03291586603,-0.504350245,-0.8665601611
0.03292586603,-0.4491354525,-0.7938341498
0.03292686603,-0.4435128272,-0.7863819599
0.03293686603,-0.3863605261,-0.7102262378
0.03293786603,-0.3805576563,-0.7024489641
0.03294786603,-0.3217407167,-0.6232271194
0.03294886603,-0.3157853186,-0.6151618361
0.03295886603,-0.2555846274,-0.5332521796
0.03295986603,-0.2495051026,-0.5249373913
0.03296986603,-0.1882080883,-0.4407310486
0.03297086603,-0.1820335239,-0.4322064519
0.03298086603,-0.1199328825,-0.3461054862
0.03298186603,-0.1136927232,-0.3374117911
0.03299186603,-0.05108499154,-0.2498273253
0.03299286603,-0.04480904341,-0.2410060316
0.03300286603,0.01800682768,-0.152356267
0.03300386603,0.02428859845,-0.14344953
0.03301386603,0.08701266348,-0.05415775999
0.03301486603,0.09327026457,-0.04520808905
0.03302486603,0.1556030214,0.04429932311
0.03302586603,0.1618065536,0.05324919149
0.03303586603,0.2234503627,0.1425448507
0.03303686603,0.2295702398,0.1514521837
0.03304686603,0.290230751,0.240109697
0.03304786603,0.2962377071,0.2489319593
0.03305786603,0.3556252718,0.3365280032
0.03305886603,0.3614906669,0.3452230692
0.03306886603,0.419321686,0.4313393831
0.03306986603,0.4250175059,0.4398657084
0.03307986603,0.481015861,0.5240910649
0.03308086603,0.4865148664,0.532407999
0.03309086603,0.5404132009,0.6143402457
0.03309186603,0.5456891656,0.6224080324
0.03310186603,0.5972300768,0.7016559243
0.03310286603,0.6022577882,0.7094359994
0.03311286603,0.6511951685,0.7856211662
0.03311386603,0.6559506059,0.7930764556
0.03312386603,0.7020508051,0.8658351302
0.03312486603,0.7065113187,0.8729299903
0.03313486603,0.7495541573,0.9419146776
0.03313586603,0.7536984086,0.948615253
0.03314586603,0.7934783697,1.013496518
0.03314686603,0.7972866297,1.019770861
0.03315686603,0.8336138129,1.080239058
0.03315786603,0.8370678425,1.086057067
0.03316786603,0.8697686791,1.141823292
0.03316886603,0.8728520274,1.147157311
0.03317886603,0.9017704725,1.197955489
0.03317986603,0.9044683576,1.202779889
0.03318986603,0.9294663072,1.24836731
0.03319086603,0.9317658544,1.252659321
0.03320086603,0.9527239203,1.292818189
0.03320186603,0.9546141624,1.296557188
0.03321186603,0.9714323282,1.331095934
0.03321286603,0.9729042053,1.33426404
0.03322286603,0.9855021238,1.363017678
0.03323286603,0.9942107201,1.386392474
0.03324286603,0.9989955425,1.404296279
0.03325286603,0.9998378754,1.416658044
0.03326286603,0.9967342615,1.423429132
0.03327286603,0.9896969795,1.424582839
0.03328286603,0.9787538648,1.420114398
0.03329286603,0.9639480114,1.410041571
0.03330286603,0.9453378916,1.394403934
0.03331286603,0.9229969978,1.373263359
0.03332286603,0.8970134258,1.346703172
0.03333286603,0.8674897552,1.314828157
0.03334286603,0.8345425129,1.277764201
0.03335286603,0.7983016968,1.235657454
0.03336286603,0.758910358,1.188674092
0.03337286603,0.7165238857,1.136999726
0.03338286603,0.6713097095,1.080838084
0.03339286603,0.6234461665,1.020410776
0.03339386603,0.6185212731,1.014140487
0.03340386603,0.5679619312,0.9492975473
0.03340486603,0.562779367,0.9426007271
0.03341486603,0.5097657442,0.8736516237
0.03341586603,0.504350245,0.8665601611
0.03342586603,0.4491354525,0.7938341498
0.03342686603,0.4435128272,0.7863819599
0.03343686603,0.3863605261,0.7102262378
0.03343786603,0.3805576563,0.7024489641
0.03344786603,0.3217407167,0.6232271194
0.03344886603,0.3157853186,0.6151618361
0.03345886603,0.2555846274,0.5332521796
0.03345986603,0.2495051026,0.5249373913
0.03346986603,0.1882080883,0.4407310486
0.03347086603,0.1820335239,0.4322064519
0.03348086603,0.1199328825,0.3461054862
0.03348186603,0.1136927232,0.3374117911
0.03349186603,0.05108499154,0.2498273253
0.03349286603,0.04480904341,0.2410060316
0.03350286603,-0.01800682768,0.152356267
0.03350386603,-0.02428859845,0.14344953
0.03351386603,-0.08701266348,0.05415775999
0.03351486603,-0.09327026457,0.04520808905
0.03352486603,-0.1556030214,-0.04429932311
0.03352586603,-0.1618065536,-0.05324919149
0.03353586603,-0.2234503627,-0.1425448507
0.03353686603,-0.2295702398,-0.1514521837
0.03354686603,-0.290230751,-0.240109697
0.03354786603,-0.2962377071,-0.2489319593
0.03355786603,-0.3556252718,-0.3365280032
0.03355886603,-0.3614906669,-0.3452230692
0.03356886603,-0.419321686,-0.4313393831
0.03356986603,-0.4250175059,-0.4398657084
0.03357986603,-0.481015861,-0.5240910649
0.03358086603,-0.4865148664,-0.532407999
0.03359086603,-0.5404132009,-0.6143402457
0.03359186603,-0.5456891656,-0.6224080324
0.03360186603,-0.5972300768,-0.7016559243
0.03360286603,-0.6022577882,-0.7094359994
0.03361286603,-0.6511951685,-0.7856211662
0.03361386603,-0.6559506059,-0.7930764556
0.03362386603,-0.7020508051,-0.8658351302
0.03362486603,-0.7065113187,-0.8729299903
0.03363486603,-0.7495541573,-0.9419146776
0.03363586603,-0.7536984086,-0.948615253
0.03364586603,-0.7934783697,-1.013496518
0.03364686603,-0.7972866297,-1.019770861
0.03365686603,-0.8336138129,-1.080239058
0.03365786603,-0.8370678425,-1.086057067
0.03366786603,-0.8697686791,-1.141823292
0.03366886603,-0.8728520274,-1.147157311
0.03367886603,-0.9017704725,-1.197955489
0.03367986603,-0.9044683576,-1.202779889
0.03368986603,-0.9294663072,-1.24836731
0.03369086603,-0.9317658544,-1.252659321
0.03370086603,-0.9527239203,-1.292818189
0.03370186603,-0.9546141624,-1.296557188
0.03371186603,-0.9714323282,-1.331095934
0.03371286603,-0.9729042053,-1.33426404
0.03372286603,-0.9855021238,-1.363017678
0.03373286603,-0.9942107201,-1.386392474
0.03374286603,-0.9989955425,-1.404296279
0.03375286603,-0.9998378754,-1.416658044
0.03376286603,-0.9967342615,-1.423429132
0.03377286603,-0.9896969795,-1.424582839
0.03378286603,-0.9787538648,-1.420114398
0.03379286603,-0.9639480114,-1.410041571
0.03380286603,-0.9453378916,-1.394403934
0.03381286603,-0.9229969978,-1.373263359
0.03382286603,-0.8970134258,-1.346703172
0.03383286603,-0.8674897552,-1.314828157
0.03384286603,-0.8345425129,-1.277764201
0.03385286603,-0.7983016968,-1.235657454
0.03386286603,-0.758910358,-1.188674092
0.03387286603,-0.7165238857,-1.136999726
0.03388286603,-0.6713097095,-1.080838084
0.03389286603,-0.6234461665,-1.020410776
0.03389386603,-0.6185212731,-1.014140487
0.03390386603,-0.5679619312,-0.9492975473
0.03390486603,-0.562779367,-0.9426007271
0.03391486603,-0.5097657442,-0.8736516237
0.03391586603,-0.504350245,-0.8665601611
0.03392586603,-0.4491354525,-0.7938341498
0.03392686603,-0.4435128272,-0.7863819599
0.03393686603,-0.3863605261,-0.7102262378
0.03393786603,-0.3805576563,-0.7024489641
0.03394786603,-0.3217407167,-0.6232271194
0.03394886603,-0.3157853186,-0.6151618361
0.03395886603,-0.2555846274,-0.5332521796
0.03395986603,-0.2495051026,-0.5249373913
0.03396986603,-0.1882080883,-0.4407310486
0.03397086603,-0.1820335239,-0.4322064519
0.03398086603,-0.1199328825,-0.3461054862
0.03398186603,-0.1136927232,-0.3374117911
0.03399186603,-0.05108499154,-0.2498273253
0.03399286603,-0.04480904341,-0.2410060316
0.03400286603,0.01800682768,-0.152356267
0.03400386603,0.02428859845,-0.14344953
0.03401386603,0.08701266348,-0.05415775999
0.03401486603,0.09327026457,-0.04520808905
0.03402486603,0.1556030214,0.04429932311
0.03402586603,0.1618065536,0.05324919149
0.03403586603,0.2234503627,0.1425448507
0.03403686603,0.2295702398,0.1514521837
0.03404686603,0.290230751,0.240109697
0.03404786603,0.2962377071,0.2489319593
0.03405786603,0.3556252718,0.3365280032
0.03405886603,0.3614906669,0.3452230692
0.03406886603,0.419321686,0.4313393831
0.03406986603,0.4250175059,0.4398657084
0.03407986603,0.481015861,0.5240910649
0.03408086603,0.4865148664,0.532407999
0.03409086603,0.5404132009,0.6143402457
0.03409186603,0.5456891656,0.6224080324
0.03410186603,0.5972300768,0.7016559243
0.03410286603,0.6022577882,0.7094359994
0.03411286603,0.6511951685,0.7856211662
0.03411386603,0.6559506059,0.7930764556
0.03412386603,0.7020508051,0.8658351302
0.03412486603,0.7065113187,0.8729299903
0.03413486603,0.7495541573,0.9419146776
0.03413586603,0.7536984086,0.948615253
0.03414586603,0.7934783697,1.013496518
0.03414686603,0.7972866297,1.019770861
0.03415686603,0.8336138129,1.080239058
0.03415786603,0.8370678425,1.086057067
0.03416786603,0.8697686791,1.141823292
0.03416886603,0.8728520274,1.147157311
0.03417886603,0.9017704725,1.197955489
0.03417986603,0.9044683576,1.202779889
0.03418986603,0.9294663072,1.24836731
0.03419086603,0.9317658544,1.252659321
0.03420086603,0.9527239203,1.292818189
0.03420186603,0.9546141624,1.296557188
0.03421186603,0.9714323282,1.331095934
0.03421286603,0.9729042053,1.33426404
0.03422286603,0.9855021238,1.363017678
0.03423286603,0.9942107201,1.386392474
0.03424286603,0.9989955425,1.404296279
0.03425286603,0.9998378754,1.416658044
0.03426286603,0.9967342615,1.423429132
0.03427286603,0.9896969795,1.424582839
0.03428286603,0.9787538648,1.420114398
0.03429286603,0.9639480114,1.410041571
0.03430286603,0.9453378916,1.394403934
0.03431286603,0.9229969978,1.373263359
0.03432286603,0.8970134258,1.346703172
0.03433286603,0.8674897552,1.314828157
0.03434286603,0.8345425129,1.277764201
0.03435286603,0.7983016968,1.235657454
0.03436286603,0.758910358,1.188674092
0.03437286603,0.7165238857,1.136999726
0.03438286603,0.6713097095,1.080838084
0.03439286603,0.6234461665,1.020410776
0.03439386603,0.6185212731,1.014140487
0.03440386603,0.5679619312,0.9492975473
0.03440486603,0.562779367,0.9426007271
0.03441486603,0.5097657442,0.8736516237
0.03441586603,0.504350245,0.8665601611
0.03442586603,0.4491354525,0.7938341498
0.03442686603,0.4435128272,0.7863819599
0.03443686603,0.3863605261,0.7102262378
0.03443786603,0.3805576563,0.7024489641
0.03444786603,0.3217407167,0.6232271194
0.03444886603,0.3157853186,0.6151618361
0.03445886603,0.2555846274,0.5332521796
0.03445986603,0.2495051026,0.5249373913
0.03446986603,0.1882080883,0.4407310486
0.03447086603,0.1820335239,0.4322064519
0.03448086603,0.1199328825,0.3461054862
0.03448186603,0.1136927232,0.3374117911
0.03449186603,0.05108499154,0.2498273253
0.03449286603,0.04480904341,0.2410060316
0.03450286603,-0.01800682768,0.152356267
0.03450386603,-0.02428859845,0.14344953
0.03451386603,-0.08701266348,0.05415775999
0.03451486603,-0.09327026457,0.04520808905
0.03452486603,-0.1556030214,-0.04429932311
0.03452586603,-0.1618065536,-0.05324919149
0.03453586603,-0.2234503627,-0.1425448507
0.03453686603,-0.2295702398,-0.1514521837
0.03454686603,-0.290230751,-0.240109697
0.03454786603,-0.2962377071,-0.2489319593
0.03455786603,-0.3556252718,-0.3365280032
0.03455886603,-0.3614906669,-0.3452230692
0.03456886603,-0.419321686,-0.4313393831
0.03456986603,-0.4250175059,-0.4398657084
0.03457986603,-0.481015861,-0.5240910649
0.03458086603,-0.4865148664,-0.532407999
0.03459086603,-0.5404132009,-0.6143402457
0.03459186603,-0.5456891656,-0.6224080324
0.03460186603,-0.5972300768,-0.7016559243
0.03460286603,-0.6022577882,-0.7094359994
0.03461286603,-0.6511951685,-0.7856211662
0.03461386603,-0.6559506059,-0.7930764556
0.03462386603,-0.7020508051,-0.8658351302
0.03462486603,-0.7065113187,-0.8729299903
0.03463486603,-0.7495541573,-0.9419146776
0.03463586603,-0.7536984086,-0.948615253
0.03464586603,-0.7934783697,-1.013496518
0.03464686603,-0.7972866297,-1.019770861
0.03465686603,-0.8336138129,-1.080239058
0.03465786603,-0.8370678425,-1.086057067
0.03466786603,-0.8697686791,-1.141823292
0.03466886603,-0.8728520274,-1.147157311
0.03467886603,-0.9017704725,-1.197955489
0.03467986603,-0.9044683576,-1.202779889
0.03468986603,-0.9294663072,-1.24836731
0.03469086603,-0.9317658544,-1.252659321
0.03470086603,-0.9527239203,-1.292818189
0.03470186603,-0.9546141624,-1.296557188
0.03471186603,-0.9714323282,-1.331095934
0.03471286603,-0.9729042053,-1.33426404
0.03472286603,-0.9855021238,-1.363017678
0.03473286603,-0.9942107201,-1.386392474
0.03474286603,-0.9989955425,-1.404296279
0.03475286603,-0.9998378754,-1.416658044
0.03476286603,-0.9967342615,-1.423429132
0.03477286603,-0.9896969795,-1.424582839
0.03478286603,-0.9787538648,-1.420114398
0.03479286603,-0.9639480114,-1.410041571
0.03480286603,-0.9453378916,-1.394403934
0.03481286603,-0.9229969978,-1.373263359
0.03482286603,-0.8970134258,-1.346703172
0.03483286603,-0.8674897552,-1.314828157
0.03484286603,-0.8345425129,-1.277764201
0.03485286603,-0.7983016968,-1.235657454
0.03486286603,-0.758910358,-1.188674092
0.03487286603,-0.7165238857,-1.136999726
0.03488286603,-0.6713097095,-1.080838084
0.03489286603,-0.6234461665,-1.020410776
0.03489386603,-0.6185212731,-1.014140487
0.03490386603,-0.5679619312,-0.9492975473
0.03490486603,-0.562779367,-0.9426007271
0.03491486603,-0.5097657442,-0.8736516237
0.03491586603,-0.504350245,-0.8665601611
0.03492586603,-0.4491354525,-0.7938341498
0.03492686603,-0.4435128272,-0.7863819599
0.03493686603,-0.3863605261,-0.7102262378
0.03493786603,-0.3805576563,-0.7024489641
0.03494786603,-0.3217407167,-0.6232271194
0.03494886603,-0.3157853186,-0.6151618361
0.03495886603,-0.2555846274,-0.5332521796
0.03495986603,-0.2495051026,-0.5249373913
0.03496986603,-0.1882080883,-0.4407310486
0.03497086603,-0.1820335239,-0.4322064519
0.03498086603,-0.1199328825,-0.3461054862
0.03498186603,-0.1136927232,-0.3374117911
0.03499186603,-0.05108499154,-0.2498273253
0.03499286603,-0.04480904341,-0.2410060316
0.03500286603,0.01800682768,-0.152356267
0.03500386603,0.02428859845,-0.14344953
0.03501386603,0.08701266348,-0.05415775999
0.03501486603,0.09327026457,-0.04520808905
0.03502486603,0.1556030214,0.04429932311
0.03502586603,0.1618065536,0.05324919149
0.03503586603,0.2234503627,0.1425448507
0.03503686603,0.2295702398,0.1514521837
0.03504686603,0.290230751,0.240109697
0.03504786603,0.2962377071,0.2489319593
0.03505786603,0.3556252718,0.3365280032
0.03505886603,0.3614906669,0.3452230692
0.03506886603,0.419321686,0.4313393831
0.03506986603,0.4250175059,0.4398657084
0.03507986603,0.481015861,0.5240910649
0.03508086603,0.4865148664,0.532407999
0.03509086603,0.5404132009,0.6143402457
0.03509186603,0.5456891656,0.6224080324
0.03510186603,0.5972300768,0.7016559243
0.03510286603,0.6022577882,0.7094359994
0.03511286603,0.6511951685,0.7856211662
0.03511386603,0.6559506059,0.7930764556
0.03512386603,0.7020508051,0.8658351302
0.03512486603,0.7065113187,0.8729299903
0.03513486603,0.7495541573,0.9419146776
0.03513586603,0.7536984086,0.948615253
0.03514586603,0.7934783697,1.013496518
0.03514686603,0.7972866297,1.019770861
0.03515686603,0.8336138129,1.080239058
0.03515786603,0.8370678425,1.086057067
0.03516786603,0.8697686791,1.141823292
0.03516886603,0.8728520274,1.147157311
0.03517886603,0.9017704725,1.197955489
0.03517986603,0.9044683576,1.202779889
0.03518986603,0.9294663072,1.24836731
0.03519086603,0.9317658544,1.252659321
0.03520086603,0.9527239203,1.292818189
0.03520186603,0.9546141624,1.296557188
0.03521186603,0.9714323282,1.331095934
0.03521286603,0.9729042053,1.33426404
0.03522286603,0.9855021238,1.363017678
0.03523286603,0.9942107201,1.386392474
0.03524286603,0.9989955425,1.404296279
0.03525286603,0.9998378754,1.416658044
0.03526286603,0.9967342615,1.423429132
0.03527286603,0.9896969795,1.424582839
0.03528286603,0.9787538648,1.420114398
0.03529286603,0.9639480114,1.410041571
0.03530286603,0.9453378916,1.394403934
0.03531286603,0.9229969978,1.373263359
0.03532286603,0.8970134258,1.346703172
0.03533286603,0.8674897552,1.314828157
0.03534286603,0.8345425129,1.277764201
0.03535286603,0.7983016968,1.235657454
0.03536286603,0.758910358,1.188674092
0.03537286603,0.7165238857,1.136999726
0.03538286603,0.6713097095,1.080838084
0.03539286603,0.6234461665,1.020410776
0.03539386603,0.6185212731,1.014140487
0.03540386603,0.5679619312,0.9492975473
0.03540486603,0.562779367,0.9426007271
0.03541486603,0.5097657442,0.8736516237
0.03541586603,0.504350245,0.8665601611
0.03542586603,0.4491354525,0.7938341498
0.03542686603,0.4435128272,0.7863819599
0.03543686603,0.3863605261,0.7102262378
0.03543786603,0.3805576563,0.7024489641
0.03544786603,0.3217407167,0.6232271194
0.03544886603,0.3157853186,0.6151618361
0.03545886603,0.2555846274,0.5332521796
0.03545986603,0.2495051026,0.5249373913
0.03546986603,0.1882080883,0.4407310486
0.03547086603,0.1820335239,0.4322064519
0.03548086603,0.1199328825,0.3461054862
0.03548186603,0.1136927232,0.3374117911
0.03549186603,0.05108499154,0.2498273253
0.03549286603,0.04480904341,0.2410060316
0.03550286603,-0.01800682768,0.152356267
0.03550386603,-0.02428859845,0.14344953
0.03551386603,-0.08701266348,0.05415775999
0.03551486603,-0.09327026457,0.04520808905
0.03552486603,-0.1556030214,-0.04429932311
0.03552586603,-0.1618065536,-0.05324919149
0.03553586603,-0.2234503627,-0.1425448507
0.03553686603,-0.2295702398,-0.1514521837
0.03554686603,-0.290230751,-0.240109697
0.03554786603,-0.2962377071,-0.2489319593
0.03555786603,-0.3556252718,-0.3365280032
0.03555886603,-0.3614906669,-0.3452230692
0.03556886603,-0.419321686,-0.4313393831
0.03556986603,-0.4250175059,-0.4398657084
0.03557986603,-0.481015861,-0.5240910649
0.03558086603,-0.4865148664,-0.532407999
0.03559086603,-0.5404132009,-0.6143402457
0.03559186603,-0.5456891656,-0.6224080324
0.03560186603,-0.5972300768,-0.7016559243
0.03560286603,-0.6022577882,-0.7094359994
0.03561286603,-0.6511951685,-0.7856211662
0.03561386603,-0.6559506059,-0.7930764556
0.03562386603,-0.7020508051,-0.8658351302
0.03562486603,-0.7065113187,-0.8729299903
0.03563486603,-0.7495541573,-0.9419146776
0.03563586603,-0.7536984086,-0.948615253
0.03564586603,-0.7934783697,-1.013496518
0.03564686603,-0.7972866297,-1.019770861
0.03565686603,-0.8336138129,-1.080239058
0.03565786603,-0.8370678425,-1.086057067
0.03566786603,-0.8697686791,-1.141823292
0.03566886603,-0.8728520274,-1.147157311
0.03567886603,-0.9017704725,-1.197955489
0.03567986603,-0.9044683576,-1.202779889
0.03568986603,-0.9294663072,-1.24836731
0.03569086603,-0.9317658544,-1.252659321
0.03570086603,-0.9527239203,-1.292818189
0.03570186603,-0.9546141624,-1.296557188
0.03571186603,-0.9714323282,-1.331095934
0.03571286603,-0.9729042053,-1.33426404
0.03572286603,-0.9855021238,-1.363017678
0.03573286603,-0.9942107201,-1.386392474
0.03574286603,-0.9989955425,-1.404296279
0.03575286603,-0.9998378754,-1.416658044
0.03576286603,-0.9967342615,-1.423429132
0.03577286603,-0.9896969795,-1.424582839
0.03578286603,-0.9787538648,-1.420114398
0.03579286603,-0.9639480114,-1.410041571
0.03580286603,-0.9453378916,-1.394403934
0.03581286603,-0.9229969978,-1.373263359
0.03582286603,-0.8970134258,-1.346703172
0.03583286603,-0.8674897552,-1.314828157
0.03584286603,-0.8345425129,-1.277764201
0.03585286603,-0.7983016968,-1.235657454
0.03586286603,-0.758910358,-1.188674092
0.03587286603,-0.7165238857,-1.136999726
0.03588286603,-0.6713097095,-1.080838084
0.03589286603,-0.6234461665,-1.020410776
0.03589386603,-0.6185212731,-1.014140487
0.03590386603,-0.5679619312,-0.9492975473
0.03590486603,-0.562779367,-0.9426007271
0.03591486603,-0.5097657442,-0.8736516237
0.03591586603,-0.504350245,-0.8665601611
0.03592586603,-0.4491354525,-0.7938341498
0.03592686603,-0.4435128272,-0.7863819599
0.03593686603,-0.3863605261,-0.7102262378
0.03593786603,-0.3805576563,-0.7024489641
0.03594786603,-0.3217407167,-0.6232271194
0.03594886603,-0.3157853186,-0.6151618361
0.03595886603,-0.2555846274,-0.5332521796
0.03595986603,-0.2495051026,-0.5249373913
0.03596986603,-0.1882080883,-0.4407310486
0.03597086603,-0.1820335239,-0.4322064519
0.03598086603,-0.1199328825,-0.3461054862
0.03598186603,-0.1136927232,-0.3374117911
0.03599186603,-0.05108499154,-0.2498273253
0.03599286603,-0.04480904341,-0.2410060316
0.03600286603,0.01800682768,-0.152356267
0.03600386603,0.02428859845,-0.14344953
0.03601386603,0.08701266348,-0.05415775999
0.03601486603,0.09327026457,-0.04520808905
0.03602486603,0.1556030214,0.04429932311
0.03602586603,0.1618065536,0.05324919149
0.03603586603,0.2234503627,0.1425448507
0.03603686603,0.2295702398,0.1514521837
0.03604686603,0.290230751,0.240109697
0.03604786603,0.2962377071,0.2489319593
0.03605786603,0.3556252718,0.3365280032
0.03605886603,0.3614906669,0.3452230692
0.03606886603,0.4193217158,0.4313393831
0.03606986603,0.4250175059,0.4398657084
0.03607986603,0.481015861,0.5240910649
0.03608086603,0.4865148664,0.532407999
0.03609086603,0.5404132009,0.6143402457
0.03609186603,0.5456891656,0.6224080324
0.03610186603,0.5972300768,0.7016559243
0.03610286603,0.6022577882,0.7094359994
0.03611286603,0.6511951685,0.7856211662
0.03611386603,0.6559506059,0.7930764556
0.03612386603,0.7020508051,0.8658351302
0.03612486603,0.7065113187,0.8729299903
0.03613486603,0.7495541573,0.9419146776
0.03613586603,0.7536984086,0.948615253
0.03614586603,0.7934783697,1.013496518
0.03614686603,0.7972866297,1.019770861
0.03615686603,0.8336138129,1.080239058
0.03615786603,0.8370678425,1.086057067
0.03616786603,0.8697686791,1.141823292
0.03616886603,0.8728520274,1.147157311
0.03617886603,0.9017704725,1.197955489
0.03617986603,0.9044683576,1.202779889
0.03618986603,0.9294663072,1.24836731
0.03619086603,0.9317658544,1.252659321
0.03620086603,0.9527239203,1.292818189
0.03620186603,0.9546141624,1.296557188
0.03621186603,0.9714323282,1.331095934
0.03621286603,0.9729042053,1.33426404
0.03622286603,0.9855021238,1.363017678
0.03623286603,0.9942107201,1.386392474
0.03624286603,0.9989955425,1.404296279
0.03625286603,0.9998378754,1.416658044
0.03626286603,0.9967342615,1.423429132
0.03627286603,0.9896969795,1.424582839
0.03628286603,0.9787538648,1.420114398
0.03629286603,0.9639480114,1.410041571
0.03630286603,0.9453378916,1.394403934
0.03631286603,0.9229969978,1.373263359
0.03632286603,0.8970134258,1.346703172
0.03633286603,0.8674897552,1.314828157
0.03634286603,0.8345425129,1.277764201
0.03635286603,0.7983016968,1.235657454
0.03636286603,0.758910358,1.188674092
0.03637286603,0.7165238857,1.136999726
0.03638286603,0.6713097095,1.080838084
0.03639286603,0.6234461665,1.020410776
0.03639386603,0.6185212731,1.014140487
0.03640386603,0.5679619312,0.9492975473
0.03640486603,0.562779367,0.9426007271
0.03641486603,0.5097657442,0.8736516237
0.03641586603,0.504350245,0.8665601611
0.03642586603,0.4491354525,0.7938341498
0.03642686603,0.4435128272,0.7863819599
0.03643686603,0.3863605261,0.7102262378
0.03643786603,0.3805576563,0.7024489641
0.03644786603,0.3217407167,0.6232271194
0.03644886603,0.3157853186,0.6151618361
0.03645886603,0.2555846274,0.5332521796
0.03645986603,0.2495051026,0.5249373913
0.03646986603,0.1882080883,0.4407310486
0.03647086603,0.1820335239,0.4322064519
0.03648086603,0.1199328825,0.3461054862
0.03648186603,0.1136927232,0.3374117911
0.03649186603,0.05108499154,0.2498273253
0.03649286603,0.04480904341,0.2410060316
0.03650286603,-0.01800682768,0.152356267
0.03650386603,-0.02428859845,0.14344953
0.03651386603,-0.08701266348,0.05415775999
0.03651486603,-0.09327026457,0.04520808905
0.03652486603,-0.1556030214,-0.04429932311
0.03652586603,-0.1618065536,-0.05324919149
0.03653586603,-0.2234503627,-0.1425448507
0.03653686603,-0.2295702398,-0.1514521837
0.03654686603,-0.290230751,-0.240109697
0.03654786603,-0.2962377071,-0.2489319593
0.03655786603,-0.3556252718,-0.3365280032
0.03655886603,-0.3614906669,-0.3452230692
0.03656886603,-0.4193217158,-0.4313393831
0.03656986603,-0.4250175059,-0.4398657084
0.03657986603,-0.481015861,-0.5240910649
0.03658086603,-0.4865148664,-0.532407999
0.03659086603,-0.5404132009,-0.6143402457
0.03659186603,-0.5456891656,-0.6224080324
0.03660186603,-0.5972300768,-0.7016559243
0.03660286603,-0.6022577882,-0.7094359994
0.03661286603,-0.6511951685,-0.7856211662
0.03661386603,-0.6559506059,-0.7930764556
0.03662386603,-0.7020508051,-0.8658351302
0.03662486603,-0.7065113187,-0.8729299903
0.03663486603,-0.7495541573,-0.9419146776
0.03663586603,-0.7536984086,-0.948615253
0.03664586603,-0.7934783697,-1.013496518
0.03664686603,-0.7972866297,-1.019770861
0.03665686603,-0.8336138129,-1.080239058
0.03665786603,-0.8370678425,-1.086057067
0.03666786603,-0.8697686791,-1.141823292
0.03666886603,-0.8728520274,-1.147157311
0.03667886603,-0.9017704725,-1.197955489
0.03667986603,-0.9044683576,-1.202779889
0.03668986603,-0.9294663072,-1.24836731
0.03669086603,-0.9317658544,-1.252659321
0.03670086603,-0.9527239203,-1.292818189
0.03670186603,-0.9546141624,-1.296557188
0.03671186603,-0.9714323282,-1.331095934
0.03671286603,-0.9729042053,-1.33426404
0.03672286603,-0.9855021238,-1.363017678
0.03673286603,-0.9942107201,-1.386392474
0.03674286603,-0.9989955425,-1.404296279
0.03675286603,-0.9998378754,-1.416658044
0.03676286603,-0.9967342615,-1.423429132
0.03677286603,-0.9896969795,-1.424582839
0.03678286603,-0.9787538648,-1.420114398
0.03679286603,-0.9639480114,-1.410041571
0.03680286603,-0.9453378916,-1.394403934
0.03681286603,-0.9229969978,-1.373263359
0.03682286603,-0.8970134258,-1.346703172
0.03683286603,-0.8674897552,-1.314828157
0.03684286603,-0.8345425129,-1.277764201
0.03685286603,-0.7983016968,-1.235657454
0.03686286603,-0.758910358,-1.188674092
0.03687286603,-0.7165238857,-1.136999726
0.03688286603,-0.6713097095,-1.080838084
0.03689286603,-0.6234461665,-1.020410776
0.03689386603,-0.6185212731,-1.014140487
0.03690386603,-0.5679619312,-0.9492975473
0.03690486603,-0.562779367,-0.9426007271
0.03691486603,-0.5097657442,-0.8736516237
0.03691586603,-0.504350245,-0.8665601611
0.03692586603,-0.4491354525,-0.7938341498
0.03692686603,-0.4435128272,-0.7863819599
0.03693686603,-0.3863605261,-0.7102262378
0.03693786603,-0.3805576563,-0.7024489641
0.03694786603,-0.3217407167,-0.6232271194
0.03694886603,-0.3157853186,-0.6151618361
0.03695886603,-0.2555846274,-0.5332521796
0.03695986603,-0.2495051026,-0.5249373913
0.03696986603,-0.1882080883,-0.4407310486
0.03697086603,-0.1820335239,-0.4322064519
0.03698086603,-0.1199328825,-0.3461054862
0.03698186603,-0.1136927232,-0.3374117911
0.03699186603,-0.05108499154,-0.2498273253
0.03699286603,-0.04480904341,-0.2410060316
0.03700286603,0.01800682768,-0.152356267
0.03700386603,0.02428859845,-0.14344953
0.03701386603,0.08701266348,-0.05415775999
0.03701486603,0.09327026457,-0.04520808905
0.03702486603,0.1556030214,0.04429932311
0.03702586603,0.1618065536,0.05324919149
0.03703586603,0.2234503627,0.1425448507
0.03703686603,0.2295702398,0.1514521837
0.03704686603,0.290230751,0.240109697
0.03704786603,0.2962377071,0.2489319593
0.03705786603,0.3556252718,0.3365280032
0.03705886603,0.3614906669,0.3452230692
0.03706886603,0.4193217158,0.4313393831
0.03706986603,0.4250175059,0.4398657084
0.03707986603,0.481015861,0.5240910649
0.03708086603,0.4865148664,0.532407999
0.03709086603,0.5404132009,0.6143402457
0.03709186603,0.5456891656,0.6224080324
0.03710186603,0.5972300768,0.7016559243
0.03710286603,0.6022577882,0.7094359994
0.03711286603,0.6511951685,0.7856211662
0.03711386603,0.6559506059,0.7930764556
0.03712386603,0.7020508051,0.8658351302
0.03712486603,0.7065113187,0.8729299903
0.03713486603,0.7495541573,0.9419146776
0.03713586603,0.7536984086,0.948615253
0.03714586603,0.7934783697,1.013496518
0.03714686603,0.7972866297,1.019770861
0.03715686603,0.8336138129,1.080239058
0.03715786603,0.8370678425,1.086057067
0.03716786603,0.8697686791,1.141823292
0.03716886603,0.8728520274,1.147157311
0.03717886603,0.9017704725,1.197955489
0.03717986603,0.9044683576,1.202779889
0.03718986603,0.9294663072,1.24836731
0.03719086603,0.9317658544,1.252659321
0.03720086603,0.9527239203,1.292818189
0.03720186603,0.9546141624,1.296557188
0.03721186603,0.9714323282,1.331095934
0.03721286603,0.9729042053,1.33426404
0.03722286603,0.9855021238,1.363017678
0.03723286603,0.9942107201,1.386392474
0.03724286603,0.9989955425,1.404296279
0.03725286603,0.9998378754,1.416658044
0.03726286603,0.9967342615,1.423429132
0.03727286603,0.9896969795,1.424582839
0.03728286603,0.9787538648,1.420114398
0.03729286603,0.9639480114,1.410041571
0.03730286603,0.9453378916,1.394403934
0.03731286603,0.9229969978,1.373263359
0.03732286603,0.8970134258,1.346703172
0.03733286603,0.8674897552,1.314828157
0.03734286603,0.8345425129,1.277764201
0.03735286603,0.7983016968,1.235657454
0.03736286603,0.758910358,1.188674092
0.03737286603,0.7165238857,1.136999726
0.03738286603,0.6713097095,1.080838084
0.03739286603,0.6234461665,1.020410776
0.03739386603,0.6185212731,1.014140487
0.03740386603,0.5679619312,0.9492975473
0.03740486603,0.562779367,0.9426007271
0.03741486603,0.5097657442,0.8736516237
0.03741586603,0.504350245,0.8665601611
0.03742586603,0.4491354525,0.7938341498
0.03742686603,0.4435128272,0.7863819599
0.03743686603,0.3863605261,0.7102262378
0.03743786603,0.3805576563,0.7024489641
0.03744786603,0.3217407167,0.6232271194
0.03744886603,0.3157853186,0.6151618361
0.03745886603,0.2555846274,0.5332521796
0.03745986603,0.2495051026,0.5249373913
0.03746986603,0.1882080883,0.4407310486
0.03747086603,0.1820335239,0.4322064519
0.03748086603,0.1199328825,0.3461054862
0.03748186603,0.1136927232,0.3374117911
0.03749186603,0.05108499154,0.2498273253
0.03749286603,0.04480904341,0.2410060316
0.03750286603,-0.01800682768,0.152356267
0.03750386603,-0.02428859845,0.14344953
0.03751386603,-0.08701266348,0.05415775999
0.03751486603,-0.09327026457,0.04520808905
0.03752486603,-0.1556030214,-0.04429932311
0.03752586603,-0.1618065536,-0.05324919149
0.03753586603,-0.2234503627,-0.1425448507
0.03753686603,-0.2295702398,-0.1514521837
0.03754686603,-0.290230751,-0.240109697
0.03754786603,-0.2962377071,-0.2489319593
0.03755786603,-0.3556252718,-0.3365280032
0.03755886603,-0.3614906669,-0.3452230692
0.03756886603,-0.4193217158,-0.4313393831
0.03756986603,-0.4250175059,-0.4398657084
0.03757986603,-0.481015861,-0.5240910649
0.03758086603,-0.4865148664,-0.532407999
0.03759086603,-0.5404132009,-0.6143402457
0.03759186603,-0.5456891656,-0.6224080324
0.03760186603,-0.5972300768,-0.7016559243
0.03760286603,-0.6022577882,-0.7094359994
0.03761286603,-0.6511951685,-0.7856211662
0.03761386603,-0.6559506059,-0.7930764556
0.03762386603,-0.7020508051,-0.8658351302
0.03762486603,-0.7065113187,-0.8729299903
0.03763486603,-0.7495541573,-0.9419146776
0.03763586603,-0.7536984086,-0.948615253
0.03764586603,-0.7934783697,-1.013496518
0.03764686603,-0.7972866297,-1.019770861
0.03765686603,-0.8336138129,-1.080239058
0.03765786603,-0.8370678425,-1.086057067
0.03766786603,-0.8697686791,-1.141823292
0.03766886603,-0.8728520274,-1.147157311
0.03767886603,-0.9017704725,-1.197955489
0.03767986603,-0.9044683576,-1.202779889
0.03768986603,-0.9294663072,-1.24836731
0.03769086603,-0.9317658544,-1.252659321
0.03770086603,-0.9527239203,-1.292818189
0.03770186603,-0.9546141624,-1.296557188
0.03771186603,-0.9714323282,-1.331095934
0.03771286603,-0.9729042053,-1.33426404
0.03772286603,-0.9855021238,-1.363017678
0.03773286603,-0.9942107201,-1.386392474
0.03774286603,-0.9989955425,-1.404296279
0.03775286603,-0.9998378754,-1.416658044
0.03776286603,-0.9967342615,-1.423429132
0.03777286603,-0.9896969795,-1.424582839
0.03778286603,-0.9787538648,-1.420114398
0.03779286603,-0.9639480114,-1.410041571
0.03780286603,-0.9453378916,-1.394403934
0.03781286603,-0.9229969978,-1.373263359
0.03782286603,-0.8970134258,-1.346703172
0.03783286603,-0.8674897552,-1.314828157
0.03784286603,-0.8345425129,-1.277764201
0.03785286603,-0.7983016968,-1.235657454
0.03786286603,-0.758910358,-1.188674092
0.03787286603,-0.7165238857,-1.136999726
0.03788286603,-0.6713097095,-1.080838084
0.03789286603,-0.6234461665,-1.020410776
0.03789386603,-0.6185212731,-1.014140487
0.03790386603,-0.5679619312,-0.9492975473
0.03790486603,-0.562779367,-0.9426007271
0.03791486603,-0.5097657442,-0.8736516237
0.03791586603,-0.504350245,-0.8665601611
0.03792586603,-0.4491354525,-0.7938341498
0.03792686603,-0.4435128272,-0.7863819599
0.03793686603,-0.3863605261,-0.7102262378
0.03793786603,-0.3805576563,-0.7024489641
0.03794786603,-0.3217407167,-0.6232271194
0.03794886603,-0.3157853186,-0.6151618361
0.03795886603,-0.2555846274,-0.5332521796
0.03795986603,-0.2495051026,-0.5249373913
0.03796986603,-0.1882080883,-0.4407310486
0.03797086603,-0.1820335239,-0.4322064519
0.03798086603,-0.1199328825,-0.3461054862
0.03798186603,-0.1136927232,-0.3374117911
0.03799186603,-0.05108499154,-0.2498273253
0.03799286603,-0.04480904341,-0.2410060316
0.03800286603,0.01800682768,-0.152356267
0.03800386603,0.02428859845,-0.14344953
0.03801386603,0.08701266348,-0.05415775999
0.03801486603,0.09327026457,-0.04520808905
0.03802486603,0.1556030214,0.04429932311
0.03802586603,0.1618065536,0.05324919149
0.03803586603,0.2234503627,0.1425448507
0.03803686603,0.2295702398,0.1514521837
0.03804686603,0.290230751,0.240109697
0.03804786603,0.2962377071,0.2489319593
0.03805786603,0.3556252718,0.3365280032
0.03805886603,0.3614906669,0.3452230692
0.03806886603,0.4193217158,0.4313393831
0.03806986603,0.4250175059,0.4398657084
0.03807986603,0.481015861,0.5240910649
0.03808086603,0.4865148664,0.532407999
0.03809086603,0.5404132009,0.6143402457
0.03809186603,0.5456891656,0.6224080324
0.03810186603,0.5972300768,0.7016559243
0.03810286603,0.6022577882,0.7094359994
0.03811286603,0.6511951685,0.7856211662
0.03811386603,0.6559506059,0.7930764556
0.03812386603,0.7020508051,0.8658351302
0.03812486603,0.7065113187,0.8729299903
0.03813486603,0.7495541573,0.9419146776
0.03813586603,0.7536984086,0.948615253
0.03814586603,0.7934783697,1.013496518
0.03814686603,0.7972866297,1.019770861
0.03815686603,0.8336138129,1.080239058
0.03815786603,0.8370678425,1.086057067
0.03816786603,0.8697686791,1.141823292
0.03816886603,0.8728520274,1.147157311
0.03817886603,0.9017704725,1.197955489
0.03817986603,0.9044683576,1.202779889
0.03818986603,0.9294663072,1.24836731
0.03819086603,0.9317658544,1.252659321
0.03820086603,0.9527239203,1.292818189
0.03820186603,0.9546141624,1.296557188
0.03821186603,0.9714323282,1.331095934
0.03821286603,0.9729042053,1.33426404
0.03822286603,0.9855021238,1.363017678
0.03823286603,0.9942107201,1.386392474
0.03824286603,0.9989955425,1.404296279
0.03825286603,0.9998378754,1.416658044
0.03826286603,0.9967342615,1.423429132
0.03827286603,0.9896969795,1.424582839
0.03828286603,0.9787538648,1.420114398
0.03829286603,0.9639480114,1.410041571
0.03830286603,0.9453378916,1.394403934
0.03831286603,0.9229969978,1.373263359
0.03832286603,0.8970134258,1.346703172
0.03833286603,0.8674897552,1.314828157
0.03834286603,0.8345425129,1.277764201
0.03835286603,0.7983016968,1.235657454
0.03836286603,0.758910358,1.188674092
0.03837286603,0.7165238857,1.136999726
0.03838286603,0.6713097095,1.080838084
0.03839286603,0.6234461665,1.020410776
0.03839386603,0.6185212731,1.014140487
0.03840386603,0.5679619312,0.9492975473
0.03840486603,0.562779367,0.9426007271
0.03841486603,0.5097657442,0.8736516237
0.03841586603,0.504350245,0.8665601611
0.03842586603,0.4491354525,0.7938341498
0.03842686603,0.4435128272,0.7863819599
0.03843686603,0.3863605261,0.7102262378
0.03843786603,0.3805576563,0.7024489641
0.03844786603,0.3217407167,0.6232271194
0.03844886603,0.3157853186,0.6151618361
0.03845886603,0.2555846274,0.5332521796
0.03845986603,0.2495051026,0.5249373913
0.03846986603,0.1882080883,0.4407310486
0.03847086603,0.1820335239,0.4322064519
0.03848086603,0.1199328825,0.3461054862
0.03848186603,0.1136927232,0.3374117911
0.03849186603,0.05108499154,0.2498273253
0.03849286603,0.04480904341,0.2410060316
0.03850286603,-0.01800682768,0.152356267
0.03850386603,-0.02428859845,0.14344953
0.03851386603,-0.08701266348,0.05415775999
0.03851486603,-0.09327026457,0.04520808905
0.03852486603,-0.1556030214,-0.04429932311
0.03852586603,-0.1618065536,-0.05324919149
0.03853586603,-0.2234503627,-0.1425448507
0.03853686603,-0.2295702398,-0.1514521837
0.03854686603,-0.290230751,-0.240109697
0.03854786603,-0.2962377071,-0.2489319593
0.03855786603,-0.3556252718,-0.3365280032
0.03855886603,-0.3614906669,-0.3452230692
0.03856886603,-0.4193217158,-0.4313393831
0.03856986603,-0.4250175059,-0.4398657084
0.03857986603,-0.481015861,-0.5240910649
0.03858086603,-0.4865148664,-0.532407999
0.03859086603,-0.5404132009,-0.6143402457
0.03859186603,-0.5456891656,-0.6224080324
0.03860186603,-0.5972300768,-0.7016559243
0.03860286603,-0.6022577882,-0.7094359994
0.03861286603,-0.6511951685,-0.7856211662
0.03861386603,-0.6559506059,-0.7930764556
0.03862386603,-0.7020508051,-0.8658351302
0.03862486603,-0.7065113187,-0.8729299903
0.03863486603,-0.7495541573,-0.9419146776
0.03863586603,-0.7536984086,-0.948615253
0.03864586603,-0.7934783697,-1.013496518
0.03864686603,-0.7972866297,-1.019770861
0.03865686603,-0.8336138129,-1.080239058
0.03865786603,-0.8370678425,-1.086057067
0.03866786603,-0.8697686791,-1.141823292
0.03866886603,-0.8728520274,-1.147157311
0.03867886603,-0.9017704725,-1.197955489
0.03867986603,-0.9044683576,-1.202779889
0.03868986603,-0.9294663072,-1.24836731
0.03869086603,-0.9317658544,-1.252659321
0.03870086603,-0.9527239203,-1.292818189
0.03870186603,-0.9546141624,-1.296557188
0.03871186603,-0.9714323282,-1.331095934
0.03871286603,-0.9729042053,-1.33426404
0.03872286603,-0.9855021238,-1.363017678
0.03873286603,-0.9942107201,-1.386392474
0.03874286603,-0.9989955425,-1.404296279
0.03875286603,-0.9998378754,-1.416658044
0.03876286603,-0.9967342615,-1.423429132
0.03877286603,-0.9896969795,-1.424582839
0.03878286603,-0.9787538648,-1.420114398
0.03879286603,-0.9639480114,-1.410041571
0.03880286603,-0.9453378916,-1.394403934
0.03881286603,-0.9229969978,-1.373263359
0.03882286603,-0.8970134258,-1.346703172
0.03883286603,-0.8674897552,-1.314828157
0.03884286603,-0.8345425129,-1.277764201
0.03885286603,-0.7983016968,-1.235657454
0.03886286603,-0.758910358,-1.188674092
0.03887286603,-0.7165238857,-1.136999726
0.03888286603,-0.6713097095,-1.080838084
0.03889286603,-0.6234461665,-1.020410776
0.03889386603,-0.6185212731,-1.014140487
0.03890386603,-0.5679619312,-0.9492975473
0.03890486603,-0.562779367,-0.9426007271
0.03891486603,-0.5097657442,-0.8736516237
0.03891586603,-0.504350245,-0.8665601611
0.03892586603,-0.4491354525,-0.7938341498
0.03892686603,-0.4435128272,-0.7863819599
0.03893686603,-0.3863605261,-0.7102262378
0.03893786603,-0.3805576563,-0.7024489641
0.03894786603,-0.3217407167,-0.6232271194
0.03894886603,-0.3157853186,-0.6151618361
0.03895886603,-0.2555846274,-0.5332521796
0.03895986603,-0.2495051026,-0.5249373913
0.03896986603,-0.1882080883,-0.4407310486
0.03897086603,-0.1820335239,-0.4322064519
0.03898086603,-0.1199328825,-0.3461054862
0.03898186603,-0.1136927232,-0.3374117911
0.03899186603,-0.05108499154,-0.2498273253
0.03899286603,-0.04480904341,-0.2410060316
0.03900286603,0.01800682768,-0.152356267
0.03900386603,0.02428859845,-0.14344953
0.03901386603,0.08701266348,-0.05415775999
0.03901486603,0.09327026457,-0.04520808905
0.03902486603,0.1556030214,0.04429932311
0.03902586603,0.1618065536,0.05324919149
0.03903586603,0.2234503627,0.1425448507
0.03903686603,0.2295702398,0.1514521837
0.03904686603,0.290230751,0.240109697
0.03904786603,0.2962377071,0.2489319593
0.03905786603,0.3556252718,0.3365280032
0.03905886603,0.3614906669,0.3452230692
0.03906886603,0.4193217158,0.4313393831
0.03906986603,0.4250175059,0.4398657084
0.03907986603,0.481015861,0.5240910649
0.03908086603,0.4865148664,0.532407999
0.03909086603,0.5404132009,0.6143402457
0.03909186603,0.5456891656,0.6224080324
0.03910186603,0.5972300768,0.7016559243
0.03910286603,0.6022577882,0.7094359994
0.03911286603,0.6511951685,0.7856211662
0.03911386603,0.6559506059,0.7930764556
0.03912386603,0.7020508051,0.8658351302
0.03912486603,0.7065113187,0.8729299903
0.03913486603,0.7495541573,0.9419146776
0.03913586603,0.7536984086,0.948615253
0.03914586603,0.7934783697,1.013496518
0.03914686603,0.7972866297,1.019770861
0.03915686603,0.8336138129,1.080239058
0.03915786603,0.8370678425,1.086057067
0.03916786603,0.8697686791,1.141823292
0.03916886603,0.8728520274,1.147157311
0.03917886603,0.9017704725,1.197955489
0.03917986603,0.9044683576,1.202779889
0.03918986603,0.9294663072,1.24836731
0.03919086603,0.9317658544,1.252659321
0.03920086603,0.9527239203,1.292818189
0.03920186603,0.9546141624,1.296557188
0.03921186603,0.9714323282,1.331095934
0.03921286603,0.9729042053,1.33426404
0.03922286603,0.9855021238,1.363017678
0.03923286603,0.9942107201,1.386392474
0.03924286603,0.9989955425,1.404296279
0.03925286603,0.9998378754,1.416658044
0.03926286603,0.9967342615,1.423429132
0.03927286603,0.9896969795,1.424582839
0.03928286603,0.9787538648,1.420114398
0.03929286603,0.9639480114,1.410041571
0.03930286603,0.9453378916,1.394403934
0.03931286603,0.9229969978,1.373263359
0.03932286603,0.8970134258,1.346703172
0.03933286603,0.8674897552,1.314828157
0.03934286603,0.8345425129,1.277764201
0.03935286603,0.7983016968,1.235657454
0.03936286603,0.758910358,1.188674092
0.03937286603,0.7165238857,1.136999726
0.03938286603,0.6713097095,1.080838084
0.03939286603,0.6234461665,1.020410776
0.03939386603,0.6185212731,1.014140487
0.03940386603,0.5679619312,0.9492975473
0.03940486603,0.562779367,0.9426007271
0.03941486603,0.5097657442,0.8736516237
0.03941586603,0.504350245,0.8665601611
0.03942586603,0.4491354525,0.7938341498
0.03942686603,0.4435128272,0.7863819599
0.03943686603,0.3863605261,0.7102262378
0.03943786603,0.3805576563,0.7024489641
0.03944786603,0.3217407167,0.6232271194
0.03944886603,0.3157853186,0.6151618361
0.03945886603,0.2555846274,0.5332521796
0.03945986603,0.2495051026,0.5249373913
0.03946986603,0.1882080883,0.4407310486
0.03947086603,0.1820335239,0.4322064519
0.03948086603,0.1199328825,0.3461054862
0.03948186603,0.1136927232,0.3374117911
0.03949186603,0.05108499154,0.2498273253
0.03949286603,0.04480904341,0.2410060316
0.03950286603,-0.01800682768,0.152356267
0.03950386603,-0.02428859845,0.14344953
0.03951386603,-0.08701266348,0.05415775999
0.03951486603,-0.09327026457,0.04520808905
0.03952486603,-0.1556030214,-0.04429932311
0.03952586603,-0.1618065536,-0.05324919149
0.03953586603,-0.2234503627,-0.1425448507
0.03953686603,-0.2295702398,-0.1514521837
0.03954686603,-0.290230751,-0.240109697
0.03954786603,-0.2962377071,-0.2489319593
0.03955786603,-0.3556252718,-0.3365280032
0.03955886603,-0.3614906669,-0.3452230692
0.03956886603,-0.4193217158,-0.4313393831
0.03956986603,-0.4250175059,-0.4398657084
0.03957986603,-0.481015861,-0.5240910649
0.03958086603,-0.4865148664,-0.532407999
0.03959086603,-0.5404132009,-0.6143402457
0.03959186603,-0.5456891656,-0.6224080324
0.03960186603,-0.5972300768,-0.7016559243
0.03960286603,-0.6022577882,-0.7094359994
0.03961286603,-0.6511951685,-0.7856211662
0.03961386603,-0.6559506059,-0.7930764556
0.03962386603,-0.7020508051,-0.8658351302
0.03962486603,-0.7065113187,-0.8729299903
0.03963486603,-0.7495541573,-0.9419146776
0.03963586603,-0.7536984086,-0.948615253
0.03964586603,-0.7934783697,-1.013496518
0.03964686603,-0.7972866297,-1.019770861
0.03965686603,-0.8336138129,-1.080239058
0.03965786603,-0.8370678425,-1.086057067
0.03966786603,-0.8697686791,-1.141823292
0.03966886603,-0.8728520274,-1.147157311
0.03967886603,-0.9017704725,-1.197955489
0.03967986603,-0.9044683576,-1.202779889
0.03968986603,-0.9294663072,-1.24836731
0.03969086603,-0.9317658544,-1.252659321
0.03970086603,-0.9527239203,-1.292818189
0.03970186603,-0.9546141624,-1.296557188
0.03971186603,-0.9714323282,-1.331095934
0.03971286603,-0.9729042053,-1.33426404
0.03972286603,-0.9855021238,-1.363017678
0.03973286603,-0.9942107201,-1.386392474
0.03974286603,-0.9989955425,-1.404296279
0.03975286603,-0.9998378754,-1.416658044
0.03976286603,-0.9967342615,-1.423429132
0.03977286603,-0.9896969795,-1.424582839
0.03978286603,-0.9787538648,-1.420114398
0.03979286603,-0.9639480114,-1.410041571
0.03980286603,-0.9453378916,-1.394403934
0.03981286603,-0.9229969978,-1.373263359
0.03982286603,-0.8970134258,-1.346703172
0.03983286603,-0.8674897552,-1.314828157
0.03984286603,-0.8345425129,-1.277764201
0.03985286603,-0.7983016968,-1.235657454
0.03986286603,-0.758910358,-1.188674092
0.03987286603,-0.7165238857,-1.136999726
0.03988286603,-0.6713097095,-1.080838084
0.03989286603,-0.6234461665,-1.020410776
0.03989386603,-0.6185212731,-1.014140487
0.03990386603,-0.5679619312,-0.9492975473
0.03990486603,-0.562779367,-0.9426007271
0.03991486603,-0.5097657442,-0.8736516237
0.03991586603,-0.504350245,-0.8665601611
0.03992586603,-0.4491354525,-0.7938341498
0.03992686603,-0.4435128272,-0.7863819599
0.03993686603,-0.3863605261,-0.7102262378
0.03993786603,-0.3805576563,-0.7024489641
0.03994786603,-0.3217407167,-0.6232271194
0.03994886603,-0.3157853186,-0.6151618361
0.03995886603,-0.2555846274,-0.5332521796
0.03995986603,-0.2495051026,-0.5249373913
0.03996986603,-0.1882080883,-0.4407310486
0.03997086603,-0.1820335239,-0.4322064519
0.03998086603,-0.1199328825,-0.3461054862
0.03998186603,-0.1136927232,-0.3374117911
0.03999186603,-0.05108499154,-0.2498273253
0.03999286603,-0.04480904341,-0.2410060316
0.04000286603,0.01800682768,-0.152356267
0.04000386603,0.02428859845,-0.14344953
0.04001386603,0.08701266348,-0.05415775999
0.04001486603,0.09327026457,-0.04520808905
0.04002486603,0.1556030214,0.04429932311
0.04002586603,0.1618065536,0.05324919149
0.04003586603,0.2234503627,0.1425448507
0.04003686603,0.2295702398,0.1514521837
0.04004686603,0.290230751,0.240109697
0.04004786603,0.2962377071,0.2489319593
0.04005786603,0.3556252718,0.3365280032
0.04005886603,0.3614906669,0.3452230692
0.04006886603,0.4193217158,0.4313393831
0.04006986603,0.4250175059,0.4398657084
0.04007986603,0.481015861,0.5240910649
0.04008086603,0.4865148664,0.532407999
0.04009086603,0.5404132009,0.6143402457
0.04009186603,0.5456891656,0.6224080324
0.04010186603,0.5972300768,0.7016559243
0.04010286603,0.6022577882,0.7094359994
0.04011286603,0.6511951685,0.7856211662
0.04011386603,0.6559506059,0.7930764556
0.04012386603,0.7020508051,0.8658351302
0.04012486603,0.7065113187,0.8729299903
0.04013486603,0.7495541573,0.9419146776
0.04013586603,0.7536984086,0.948615253
0.04014586603,0.7934783697,1.013496518
0.04014686603,0.7972866297,1.019770861
0.04015686603,0.8336138129,1.080239058
0.04015786603,0.8370678425,1.086057067
0.04016786603,0.8697686791,1.141823292
0.04016886603,0.8728520274,1.147157311
0.04017886603,0.9017704725,1.197955489
0.04017986603,0.9044683576,1.202779889
0.04018986603,0.9294663072,1.24836731
0.04019086603,0.9317658544,1.252659321
0.04020086603,0.9527239203,1.292818189
0.04020186603,0.9546141624,1.296557188
0.04021186603,0.9714323282,1.331095934
0.04021286603,0.9729042053,1.33426404
0.04022286603,0.9855021238,1.363017678
0.04023286603,0.9942107201,1.386392474
0.04024286603,0.9989955425,1.404296279
0.04025286603,0.9998378754,1.416658044
0.04026286603,0.9967342615,1.423429132
0.04027286603,0.9896969795,1.424582839
0.04028286603,0.9787538648,1.420114398
0.04029286603,0.9639480114,1.410041571
0.04030286603,0.9453378916,1.394403934
0.04031286603,0.9229969978,1.373263359
0.04032286603,0.8970134258,1.346703172
0.04033286603,0.8674897552,1.314828157
0.04034286603,0.8345425129,1.277764201
0.04035286603,0.7983016968,1.235657454
0.04036286603,0.758910358,1.188674092
0.04037286603,0.7165238857,1.136999726
0.04038286603,0.6713097095,1.080838084
0.04039286603,0.6234461665,1.020410776
0.04039386603,0.6185212731,1.014140487
0.04040386603,0.5679619312,0.9492975473
0.04040486603,0.562779367,0.9426007271
0.04041486603,0.5097657442,0.8736516237
0.04041586603,0.504350245,0.8665601611
0.04042586603,0.4491354525,0.7938341498
0.04042686603,0.4435128272,0.7863819599
0.04043686603,0.3863605261,0.7102262378
0.04043786603,0.3805576563,0.7024489641
0.04044786603,0.3217407167,0.6232271194
0.04044886603,0.3157853186,0.6151618361
0.04045886603,0.2555846274,0.5332521796
0.04045986603,0.2495051026,0.5249373913
0.04046986603,0.1882080883,0.4407310486
0.04047086603,0.1820335239,0.4322064519
0.04048086603,0.1199328825,0.3461054862
0.04048186603,0.1136927232,0.3374117911
0.04049186603,0.05108499154,0.2498273253
0.04049286603,0.04480904341,0.2410060316
0.04050286603,-0.01800682768,0.152356267
0.04050386603,-0.02428859845,0.14344953
0.04051386603,-0.08701266348,0.05415775999
0.04051486603,-0.09327026457,0.04520808905
0.04052486603,-0.1556030214,-0.04429932311
0.04052586603,-0.1618065536,-0.05324919149
0.04053586603,-0.2234503627,-0.1425448507
0.04053686603,-0.2295702398,-0.1514521837
0.04054686603,-0.290230751,-0.240109697
0.04054786603,-0.2962377071,-0.2489319593
0.04055786603,-0.3556252718,-0.3365280032
0.04055886603,-0.3614906669,-0.3452230692
0.04056886603,-0.4193217158,-0.4313393831
0.04056986603,-0.4250175059,-0.4398657084
0.04057986603,-0.481015861,-0.5240910649
0.04058086603,-0.4865148664,-0.532407999
0.04059086603,-0.5404132009,-0.6143402457
0.04059186603,-0.5456891656,-0.6224080324
0.04060186603,-0.5972300768,-0.7016559243
0.04060286603,-0.6022577882,-0.7094359994
0.04061286603,-0.6511951685,-0.7856211662
0.04061386603,-0.6559506059,-0.7930764556
0.04062386603,-0.7020508051,-0.8658351302
0.04062486603,-0.7065113187,-0.8729299903
0.04063486603,-0.7495541573,-0.9419146776
0.04063586603,-0.7536984086,-0.948615253
0.04064586603,-0.7934783697,-1.013496518
0.04064686603,-0.7972866297,-1.019770861
0.04065686603,-0.8336138129,-1.080239058
0.04065786603,-0.8370678425,-1.086057067
0.04066786603,-0.8697686791,-1.141823292
0.04066886603,-0.8728520274,-1.147157311
0.04067886603,-0.9017704725,-1.197955489
0.04067986603,-0.9044683576,-1.202779889
0.04068986603,-0.9294663072,-1.24836731
0.04069086603,-0.9317658544,-1.252659321
0.04070086603,-0.9527239203,-1.292818189
0.04070186603,-0.9546141624,-1.296557188
0.04071186603,-0.9714323282,-1.331095934
0.04071286603,-0.9729042053,-1.33426404
0.04072286603,-0.9855021238,-1.363017678
0.04073286603,-0.9942107201,-1.386392474
0.04074286603,-0.9989955425,-1.404296279
0.04075286603,-0.9998378754,-1.416658044
0.04076286603,-0.9967342615,-1.423429132
0.04077286603,-0.9896969795,-1.424582839
0.04078286603,-0.9787538648,-1.420114398
0.04079286603,-0.9639480114,-1.410041571
0.04080286603,-0.9453378916,-1.394403934
0.04081286603,-0.9229969978,-1.373263359
0.04082286603,-0.8970134258,-1.346703172
0.04083286603,-0.8674897552,-1.314828157
0.04084286603,-0.8345425129,-1.277764201
0.04085286603,-0.7983016968,-1.235657454
0.04086286603,-0.758910358,-1.188674092
0.04087286603,-0.7165238857,-1.136999726
0.04088286603,-0.6713097095,-1.080838084
0.04089286603,-0.6234461665,-1.020410776
0.04089386603,-0.6185212731,-1.014140487
0.04090386603,-0.5679619312,-0.9492975473
0.04090486603,-0.562779367,-0.9426007271
0.04091486603,-0.5097657442,-0.8736516237
0.04091586603,-0.504350245,-0.8665601611
0.04092586603,-0.4491354525,-0.7938341498
0.04092686603,-0.4435128272,-0.7863819599
0.04093686603,-0.3863605261,-0.7102262378
0.04093786603,-0.3805576563,-0.7024489641
0.04094786603,-0.3217407167,-0.6232271194
0.04094886603,-0.3157853186,-0.6151618361
0.04095886603,-0.2555846274,-0.5332521796
0.04095986603,-0.2495051026,-0.5249373913
0.04096986603,-0.1882080883,-0.4407310486
0.04097086603,-0.1820335239,-0.4322064519
0.04098086603,-0.1199328825,-0.3461054862
0.04098186603,-0.1136927232,-0.3374117911
0.04099186603,-0.05108499154,-0.2498273253
0.04099286603,-0.04480904341,-0.2410060316
0.04100286603,0.01800682768,-0.152356267
0.04100386603,0.02428859845,-0.14344953
0.04101386603,0.08701266348,-0.05415775999
0.04101486603,0.09327026457,-0.04520808905
0.04102486603,0.1556030214,0.04429932311
0.04102586603,0.1618065536,0.05324919149
0.04103586603,0.2234503627,0.1425448507
0.04103686603,0.2295702398,0.1514521837
0.04104686603,0.290230751,0.240109697
0.04104786603,0.2962377071,0.2489319593
0.04105786603,0.3556252718,0.3365280032
0.04105886603,0.3614906669,0.3452230692
0.04106886603,0.4193217158,0.4313393831
0.04106986603,0.4250175059,0.4398657084
0.04107986603,0.481015861,0.5240910649
0.04108086603,0.4865148664,0.532407999
0.04109086603,0.5404132009,0.6143402457
0.04109186603,0.5456891656,0.6224080324
0.04110186603,0.5972300768,0.7016559243
0.04110286603,0.6022577882,0.7094359994
0.04111286603,0.6511951685,0.7856211662
0.04111386603,0.6559506059,0.7930764556
0.04112386603,0.7020508051,0.8658351302
0.04112486603,0.7065113187,0.8729299903
0.04113486603,0.7495541573,0.9419146776
0.04113586603,0.7536984086,0.948615253
0.04114586603,0.7934783697,1.013496518
0.04114686603,0.7972866297,1.019770861
0.04115686603,0.8336138129,1.080239058
0.04115786603,0.8370678425,1.086057067
0.04116786603,0.8697686791,1.141823292
0.04116886603,0.8728520274,1.147157311
0.04117886603,0.9017704725,1.197955489
0.04117986603,0.9044683576,1.202779889
0.04118986603,0.9294663072,1.24836731
0.04119086603,0.9317658544,1.252659321
0.04120086603,0.9527239203,1.292818189
0.04120186603,0.9546141624,1.296557188
0.04121186603,0.9714323282,1.331095934
0.04121286603,0.9729042053,1.33426404
0.04122286603,0.9855021238,1.363017678
0.04123286603,0.9942107201,1.386392474
0.04124286603,0.9989955425,1.404296279
0.04125286603,0.9998378754,1.416658044
0.04126286603,0.9967342615,1.423429132
0.04127286603,0.9896969795,1.424582839
0.04128286603,0.9787538648,1.420114398
0.04129286603,0.9639480114,1.410041571
0.04130286603,0.9453378916,1.394403934
0.04131286603,0.9229969978,1.373263359
0.04132286603,0.8970134258,1.346703172
0.04133286603,0.8674897552,1.314828157
0.04134286603,0.8345425129,1.277764201
0.04135286603,0.7983016968,1.235657454
0.04136286603,0.758910358,1.188674092
0.04137286603,0.7165238857,1.136999726
0.04138286603,0.6713097095,1.080838084
0.04139286603,0.6234461665,1.020410776
0.04139386603,0.6185212731,1.014140487
0.04140386603,0.5679619312,0.9492975473
0.04140486603,0.562779367,0.9426007271
0.04141486603,0.5097657442,0.8736516237
0.04141586603,0.504350245,0.8665601611
0.04142586603,0.4491354525,0.7938341498
0.04142686603,0.4435128272,0.7863819599
0.04143686603,0.3863605261,0.7102262378
0.04143786603,0.3805576563,0.7024489641
0.04144786603,0.3217407167,0.6232271194
0.04144886603,0.3157853186,0.6151618361
0.04145886603,0.2555846274,0.5332521796
0.04145986603,0.2495051026,0.5249373913
0.04146986603,0.1882080883,0.4407310486
0.04147086603,0.1820335239,0.4322064519
0.04148086603,0.1199328825,0.3461054862
0.04148186603,0.1136927232,0.3374117911
0.04149186603,0.05108499154,0.2498273253
0.04149286603,0.04480904341,0.2410060316
0.04150286603,-0.01800682768,0.152356267
0.04150386603,-0.02428859845,0.14344953
0.04151386603,-0.08701266348,0.05415775999
0.04151486603,-0.09327026457,0.04520808905
0.04152486603,-0.1556030214,-0.04429932311
0.04152586603,-0.1618065536,-0.05324919149
0.04153586603,-0.2234503627,-0.1425448507
0.04153686603,-0.2295702398,-0.1514521837
0.04154686603,-0.290230751,-0.240109697
0.04154786603,-0.2962377071,-0.2489319593
0.04155786603,-0.3556252718,-0.3365280032
0.04155886603,-0.3614906669,-0.3452230692
0.04156886603,-0.4193217158,-0.4313393831
0.04156986603,-0.4250175059,-0.4398657084
0.04157986603,-0.481015861,-0.5240910649
0.04158086603,-0.4865148664,-0.532407999
0.04159086603,-0.5404132009,-0.6143402457
0.04159186603,-0.5456891656,-0.6224080324
0.04160186603,-0.5972300768,-0.7016559243
0.04160286603,-0.6022577882,-0.7094359994
0.04161286603,-0.6511951685,-0.7856211662
0.04161386603,-0.6559506059,-0.7930764556
0.04162386603,-0.7020508051,-0.8658351302
0.04162486603,-0.7065113187,-0.8729299903
0.04163486603,-0.7495541573,-0.9419146776
0.04163586603,-0.7536984086,-0.948615253
0.04164586603,-0.7934783697,-1.013496518
0.04164686603,-0.7972866297,-1.019770861
0.04165686603,-0.8336138129,-1.080239058
0.04165786603,-0.8370678425,-1.086057067
0.04166786603,-0.8697686791,-1.141823292
0.04166886603,-0.8728520274,-1.147157311
0.04167886603,-0.9017704725,-1.197955489
0.04167986603,-0.9044683576,-1.202779889
0.04168986603,-0.9294663072,-1.24836731
0.04169086603,-0.9317658544,-1.252659321
0.04170086603,-0.9527239203,-1.292818189
0.04170186603,-0.9546141624,-1.296557188
0.04171186603,-0.9714323282,-1.331095934
0.04171286603,-0.9729042053,-1.33426404
0.04172286603,-0.9855021238,-1.363017678
0.04173286603,-0.9942107201,-1.386392474
0.04174286603,-0.9989955425,-1.404296279
0.04175286603,-0.9998378754,-1.416658044
0.04176286603,-0.9967342615,-1.423429132
0.04177286603,-0.9896969795,-1.424582839
0.04178286603,-0.9787538648,-1.420114398
0.04179286603,-0.9639480114,-1.410041571
0.04180286603,-0.9453378916,-1.394403934
0.04181286603,-0.9229969978,-1.373263359
0.04182286603,-0.8970134258,-1.346703172
0.04183286603,-0.8674897552,-1.314828157
0.04184286603,-0.8345425129,-1.277764201
0.04185286603,-0.7983016968,-1.235657454
0.04186286603,-0.758910358,-1.188674092
0.04187286603,-0.7165238857,-1.136999726
0.04188286603,-0.6713097095,-1.080838084
0.04189286603,-0.6234461665,-1.020410776
0.04189386603,-0.6185212731,-1.014140487
0.04190386603,-0.5679619312,-0.9492975473
0.04190486603,-0.562779367,-0.9426007271
0.04191486603,-0.5097657442,-0.8736516237
0.04191586603,-0.504350245,-0.8665601611
0.04192586603,-0.4491354525,-0.7938341498
0.04192686603,-0.4435128272,-0.7863819599
0.04193686603,-0.3863605261,-0.7102262378
0.04193786603,-0.3805576563,-0.7024489641
0.04194786603,-0.3217407167,-0.6232271194
0.04194886603,-0.3157853186,-0.6151618361
0.04195886603,-0.2555846274,-0.5332521796
0.04195986603,-0.2495051026,-0.5249373913
0.04196986603,-0.1882080883,-0.4407310486
0.04197086603,-0.1820335239,-0.4322064519
0.04198086603,-0.1199328825,-0.3461054862
0.04198186603,-0.1136927232,-0.3374117911
0.04199186603,-0.05108499154,-0.2498273253
0.04199286603,-0.04480904341,-0.2410060316
0.04200286603,0.01800682768,-0.152356267
0.04200386603,0.02428859845,-0.14344953
0.04201386603,0.08701266348,-0.05415775999
0.04201486603,0.09327026457,-0.04520808905
0.04202486603,0.1556030214,0.04429932311
0.04202586603,0.1618065536,0.05324919149
0.04203586603,0.2234503627,0.1425448507
0.04203686603,0.2295702398,0.1514521837
0.04204686603,0.290230751,0.240109697
0.04204786603,0.2962377071,0.2489319593
0.04205786603,0.3556252718,0.3365280032
0.04205886603,0.3614906669,0.3452230692
0.04206886603,0.4193217158,0.4313393831
0.04206986603,0.4250175059,0.4398657084
0.04207986603,0.481015861,0.5240910649
0.04208086603,0.4865148664,0.532407999
0.04209086603,0.5404132009,0.6143402457
0.04209186603,0.5456891656,0.6224080324
0.04210186603,0.5972300768,0.7016559243
0.04210286603,0.6022577882,0.7094359994
0.04211286603,0.6511951685,0.7856211662
0.04211386603,0.6559506059,0.7930764556
0.04212386603,0.7020508051,0.8658351302
0.04212486603,0.7065113187,0.8729299903
0.04213486603,0.7495541573,0.9419146776
0.04213586603,0.7536984086,0.948615253
0.04214586603,0.7934783697,1.013496518
0.04214686603,0.7972866297,1.019770861
0.04215686603,0.8336138129,1.080239058
0.04215786603,0.8370678425,1.086057067
0.04216786603,0.8697686791,1.141823292
0.04216886603,0.8728520274,1.147157311
0.04217886603,0.9017704725,1.197955489
0.04217986603,0.9044683576,1.202779889
0.04218986603,0.9294663072,1.24836731
0.04219086603,0.9317658544,1.252659321
0.04220086603,0.9527239203,1.292818189
0.04220186603,0.9546141624,1.296557188
0.04221186603,0.9714323282,1.331095934
0.04221286603,0.9729042053,1.33426404
0.04222286603,0.9855021238,1.363017678
0.04223286603,0.9942107201,1.386392474
0.04224286603,0.9989955425,1.404296279
0.04225286603,0.9998378754,1.416658044
0.04226286603,0.9967342615,1.423429132
0.04227286603,0.9896969795,1.424582839
0.04228286603,0.9787538648,1.420114398
0.04229286603,0.9639480114,1.410041571
0.04230286603,0.9453378916,1.394403934
0.04231286603,0.9229969978,1.373263359
0.04232286603,0.8970134258,1.346703172
0.04233286603,0.8674897552,1.314828157
0.04234286603,0.8345425129,1.277764201
0.04235286603,0.7983016968,1.235657454
0.04236286603,0.758910358,1.188674092
0.04237286603,0.7165238857,1.136999726
0.04238286603,0.6713097095,1.080838084
0.04239286603,0.6234461665,1.020410776
0.04239386603,0.6185212731,1.014140487
0.04240386603,0.5679619312,0.9492975473
0.04240486603,0.562779367,0.9426007271
0.04241486603,0.5097657442,0.8736516237
0.04241586603,0.504350245,0.8665601611
0.04242586603,0.4491354525,0.7938341498
0.04242686603,0.4435128272,0.7863819599
0.04243686603,0.3863605261,0.7102262378
0.04243786603,0.3805576563,0.7024489641
0.04244786603,0.3217407167,0.6232271194
0.04244886603,0.3157853186,0.6151618361
0.04245886603,0.2555846274,0.5332521796
0.04245986603,0.2495051026,0.5249373913
0.04246986603,0.1882080883,0.4407310486
0.04247086603,0.1820335239,0.4322064519
0.04248086603,0.1199328825,0.3461054862
0.04248186603,0.1136927232,0.3374117911
0.04249186603,0.05108499154,0.2498273253
0.04249286603,0.04480904341,0.2410060316
0.04250286603,-0.01800682768,0.152356267
0.04250386603,-0.02428859845,0.14344953
0.04251386603,-0.08701266348,0.05415775999
0.04251486603,-0.09327026457,0.04520808905
0.04252486603,-0.1556030214,-0.04429932311
0.04252586603,-0.1618065536,-0.05324919149
0.04253586603,-0.2234503627,-0.1425448507
0.04253686603,-0.2295702398,-0.1514521837
0.04254686603,-0.290230751,-0.240109697
0.04254786603,-0.2962377071,-0.2489319593
0.04255786603,-0.3556252718,-0.3365280032
0.04255886603,-0.3614906669,-0.3452230692
0.04256886603,-0.4193217158,-0.4313393831
0.04256986603,-0.4250175059,-0.4398657084
0.04257986603,-0.481015861,-0.5240910649
0.04258086603,-0.4865148664,-0.532407999
0.04259086603,-0.5404132009,-0.6143402457
0.04259186603,-0.5456891656,-0.6224080324
0.04260186603,-0.5972300768,-0.7016559243
0.04260286603,-0.6022577882,-0.7094359994
0.04261286603,-0.6511951685,-0.7856211662
0.04261386603,-0.6559506059,-0.7930764556
0.04262386603,-0.7020508051,-0.8658351302
0.04262486603,-0.7065113187,-0.8729299903
0.04263486603,-0.7495541573,-0.9419146776
0.04263586603,-0.7536984086,-0.948615253
0.04264586603,-0.7934783697,-1.013496518
0.04264686603,-0.7972866297,-1.019770861
0.04265686603,-0.8336138129,-1.080239058
0.04265786603,-0.8370678425,-1.086057067
0.04266786603,-0.8697686791,-1.141823292
0.04266886603,-0.8728520274,-1.147157311
0.04267886603,-0.9017704725,-1.197955489
0.04267986603,-0.9044683576,-1.202779889
0.04268986603,-0.9294663072,-1.24836731
0.04269086603,-0.9317658544,-1.252659321
0.04270086603,-0.9527239203,-1.292818189
0.04270186603,-0.9546141624,-1.296557188
0.04271186603,-0.9714323282,-1.331095934
0.04271286603,-0.9729042053,-1.33426404
0.04272286603,-0.9855021238,-1.363017678
0.04273286603,-0.9942107201,-1.386392474
0.04274286603,-0.9989955425,-1.404296279
0.04275286603,-0.9998378754,-1.416658044
0.04276286603,-0.9967342615,-1.423429132
0.04277286603,-0.9896969795,-1.424582839
0.04278286603,-0.9787538648,-1.420114398
0.04279286603,-0.9639480114,-1.410041571
0.04280286603,-0.9453378916,-1.394403934
0.04281286603,-0.9229969978,-1.373263359
0.04282286603,-0.8970134258,-1.346703172
0.04283286603,-0.8674897552,-1.314828157
0.04284286603,-0.8345425129,-1.277764201
0.04285286603,-0.7983016968,-1.235657454
0.04286286603,-0.758910358,-1.188674092
0.04287286603,-0.7165238857,-1.136999726
0.04288286603,-0.6713097095,-1.080838084
0.04289286603,-0.6234461665,-1.020410776
0.04289386603,-0.6185212731,-1.014140487
0.04290386603,-0.5679619312,-0.9492975473
0.04290486603,-0.562779367,-0.9426007271
0.04291486603,-0.5097657442,-0.8736516237
0.04291586603,-0.504350245,-0.8665601611
0.04292586603,-0.4491354525,-0.7938341498
0.04292686603,-0.4435128272,-0.7863819599
0.04293686603,-0.3863605261,-0.7102262378
0.04293786603,-0.3805576563,-0.7024489641
0.04294786603,-0.3217407167,-0.6232271194
0.04294886603,-0.3157853186,-0.6151618361
0.04295886603,-0.2555846274,-0.5332521796
0.04295986603,-0.2495051026,-0.5249373913
0.04296986603,-0.1882080883,-0.4407310486
0.04297086603,-0.1820335239,-0.4322064519
0.04298086603,-0.1199328825,-0.3461054862
0.04298186603,-0.1136927232,-0.3374117911
0.04299186603,-0.05108499154,-0.2498273253
0.04299286603,-0.04480904341,-0.2410060316
0.04300286603,0.01800682768,-0.152356267
0.04300386603,0.02428859845,-0.14344953
0.04301386603,0.08701266348,-0.05415775999
0.04301486603,0.09327026457,-0.04520808905
0.04302486603,0.1556030214,0.04429932311
0.04302586603,0.1618065536,0.05324919149
0.04303586603,0.2234503627,0.1425448507
0.04303686603,0.2295702398,0.1514521837
0.04304686603,0.290230751,0.240109697
0.04304786603,0.2962377071,0.2489319593
0.04305786603,0.3556252718,0.3365280032
0.04305886603,0.3614906669,0.3452230692
0.04306886603,0.4193217158,0.4313393831
0.04306986603,0.4250175059,0.4398657084
0.04307986603,0.481015861,0.5240910649
0.04308086603,0.4865148664,0.532407999
0.04309086603,0.5404132009,0.6143402457
0.04309186603,0.5456891656,0.6224080324
0.04310186603,0.5972300768,0.7016559243
0.04310286603,0.6022577882,0.7094359994
0.04311286603,0.6511951685,0.7856211662
0.04311386603,0.6559506059,0.7930764556
0.04312386603,0.7020508051,0.8658351302
0.04312486603,0.7065113187,0.8729299903
0.04313486603,0.7495541573,0.9419146776
0.04313586603,0.7536984086,0.948615253
0.04314586603,0.7934783697,1.013496518
0.04314686603,0.7972866297,1.019770861
0.04315686603,0.8336138129,1.080239058
0.04315786603,0.8370678425,1.086057067
0.04316786603,0.8697686791,1.141823292
0.04316886603,0.8728520274,1.147157311
0.04317886603,0.9017704725,1.197955489
0.04317986603,0.9044683576,1.202779889
0.04318986603,0.9294663072,1.24836731
0.04319086603,0.9317658544,1.252659321
0.04320086603,0.9527239203,1.292818189
0.04320186603,0.9546141624,1.296557188
0.04321186603,0.9714323282,1.331095934
0.04321286603,0.9729042053,1.33426404
0.04322286603,0.9855021238,1.363017678
0.04323286603,0.9942107201,1.386392474
0.04324286603,0.9989955425,1.404296279
0.04325286603,0.9998378754,1.416658044
0.04326286603,0.9967342615,1.423429132
0.04327286603,0.9896969795,1.424582839
0.04328286603,0.9787538648,1.420114398
0.04329286603,0.9639480114,1.410041571
0.04330286603,0.9453378916,1.394403934
0.04331286603,0.9229969978,1.373263359
0.04332286603,0.8970134258,1.346703172
0.04333286603,0.8674897552,1.314828157
0.04334286603,0.8345425129,1.277764201
0.04335286603,0.7983016968,1.235657454
0.04336286603,0.758910358,1.188674092
0.04337286603,0.7165238857,1.136999726
0.04338286603,0.6713097095,1.080838084
0.04339286603,0.6234461665,1.020410776
0.04339386603,0.6185212731,1.014140487
0.04340386603,0.5679619312,0.9492975473
0.04340486603,0.562779367,0.9426007271
0.04341486603,0.5097657442,0.8736516237
0.04341586603,0.504350245,0.8665601611
0.04342586603,0.4491354525,0.7938341498
0.04342686603,0.4435128272,0.7863819599
0.04343686603,0.3863605261,0.7102262378
0.04343786603,0.3805576563,0.7024489641
0.04344786603,0.3217407167,0.6232271194
0.04344886603,0.3157853186,0.6151618361
0.04345886603,0.2555846274,0.5332521796
0.04345986603,0.2495051026,0.5249373913
0.04346986603,0.1882080883,0.4407310486
0.04347086603,0.1820335239,0.4322064519
0.04348086603,0.1199328825,0.3461054862
0.04348186603,0.1136927232,0.3374117911
0.04349186603,0.05108499154,0.2498273253
0.04349286603,0.04480904341,0.2410060316
0.04350286603,-0.01800682768,0.152356267
0.04350386603,-0.02428859845,0.14344953
0.04351386603,-0.08701266348,0.05415775999
0.04351486603,-0.09327026457,0.04520808905
0.04352486603,-0.1556030214,-0.04429932311
0.04352586603,-0.1618065536,-0.05324919149
0.04353586603,-0.2234503627,-0.1425448507
0.04353686603,-0.2295702398,-0.1514521837
0.04354686603,-0.290230751,-0.240109697
0.04354786603,-0.2962377071,-0.2489319593
0.04355786603,-0.3556252718,-0.3365280032
0.04355886603,-0.3614906669,-0.3452230692
0.04356886603,-0.4193217158,-0.4313393831
0.04356986603,-0.4250175059,-0.4398657084
0.04357986603,-0.481015861,-0.5240910649
0.04358086603,-0.4865148664,-0.532407999
0.04359086603,-0.5404132009,-0.6143402457
0.04359186603,-0.5456891656,-0.6224080324
0.04360186603,-0.5972300768,-0.7016559243
0.04360286603,-0.6022577882,-0.7094359994
0.04361286603,-0.6511951685,-0.7856211662
0.04361386603,-0.6559506059,-0.7930764556
0.04362386603,-0.7020508051,-0.8658351302
0.04362486603,-0.7065113187,-0.8729299903
0.04363486603,-0.7495541573,-0.9419146776
0.04363586603,-0.7536984086,-0.948615253
0.04364586603,-0.7934783697,-1.013496518
0.04364686603,-0.7972866297,-1.019770861
0.04365686603,-0.8336138129,-1.080239058
0.04365786603,-0.8370678425,-1.086057067
0.04366786603,-0.8697686791,-1.141823292
0.04366886603,-0.8728520274,-1.147157311
0.04367886603,-0.9017704725,-1.197955489
0.04367986603,-0.9044683576,-1.202779889
0.04368986603,-0.9294663072,-1.24836731
0.04369086603,-0.9317658544,-1.252659321
0.04370086603,-0.9527239203,-1.292818189
0.04370186603,-0.9546141624,-1.296557188
0.04371186603,-0.9714323282,-1.331095934
0.04371286603,-0.9729042053,-1.33426404
0.04372286603,-0.9855021238,-1.363017678
0.04373286603,-0.9942107201,-1.386392474
0.04374286603,-0.9989955425,-1.404296279
0.04375286603,-0.9998378754,-1.416658044
0.04376286603,-0.9967342615,-1.423429132
0.04377286603,-0.9896969795,-1.424582839
0.04378286603,-0.9787538648,-1.420114398
0.04379286603,-0.9639480114,-1.410041571
0.04380286603,-0.9453378916,-1.394403934
0.04381286603,-0.9229969978,-1.373263359
0.04382286603,-0.8970134258,-1.346703172
0.04383286603,-0.8674897552,-1.314828157
0.04384286603,-0.8345425129,-1.277764201
0.04385286603,-0.7983016968,-1.235657454
0.04386286603,-0.758910358,-1.188674092
0.04387286603,-0.7165238857,-1.136999726
0.04388286603,-0.6713097095,-1.080838084
0.04389286603,-0.6234461665,-1.020410776
0.04389386603,-0.6185212731,-1.014140487
0.04390386603,-0.5679619312,-0.9492975473
0.04390486603,-0.562779367,-0.9426007271
0.04391486603,-0.5097657442,-0.8736516237
0.04391586603,-0.504350245,-0.8665601611
0.04392586603,-0.4491354525,-0.7938341498
0.04392686603,-0.4435128272,-0.7863819599
0.04393686603,-0.3863605261,-0.7102262378
0.04393786603,-0.3805576563,-0.7024489641
0.04394786603,-0.3217407167,-0.6232271194
0.04394886603,-0.3157853186,-0.6151618361
0.04395886603,-0.2555846274,-0.5332521796
0.04395986603,-0.2495051026,-0.5249373913
0.04396986603,-0.1882080883,-0.4407310486
0.04397086603,-0.1820335239,-0.4322064519
0.04398086603,-0.1199328825,-0.3461054862
0.04398186603,-0.1136927232,-0.3374117911
0.04399186603,-0.05108499154,-0.2498273253
0.04399286603,-0.04480904341,-0.2410060316
0.04400286603,0.01800682768,-0.152356267
0.04400386603,0.02428859845,-0.14344953
0.04401386603,0.08701266348,-0.05415775999
0.04401486603,0.09327026457,-0.04520808905
0.04402486603,0.1556030214,0.04429932311
0.04402586603,0.1618065536,0.05324919149
0.04403586603,0.2234503627,0.1425448507
0.04403686603,0.2295702398,0.1514521837
0.04404686603,0.290230751,0.240109697
0.04404786603,0.2962377071,0.2489319593
0.04405786603,0.3556252718,0.3365280032
0.04405886603,0.3614906669,0.3452230692
0.04406886603,0.4193217158,0.4313393831
0.04406986603,0.4250175059,0.4398657084
0.04407986603,0.481015861,0.5240910649
0.04408086603,0.4865148664,0.532407999
0.04409086603,0.5404132009,0.6143402457
0.04409186603,0.5456891656,0.6224080324
0.04410186603,0.5972300768,0.7016559243
0.04410286603,0.6022577882,0.7094359994
0.04411286603,0.6511951685,0.7856211662
0.04411386603,0.6559506059,0.7930764556
0.04412386603,0.7020508051,0.8658351302
0.04412486603,0.7065113187,0.8729299903
0.04413486603,0.7495541573,0.9419146776
0.04413586603,0.7536984086,0.948615253
0.04414586603,0.7934783697,1.013496518
0.04414686603,0.7972866297,1.019770861
0.04415686603,0.8336138129,1.080239058
0.04415786603,0.8370678425,1.086057067
0.04416786603,0.8697686791,1.141823292
0.04416886603,0.8728520274,1.147157311
0.04417886603,0.9017704725,1.197955489
0.04417986603,0.9044683576,1.202779889
0.04418986603,0.9294663072,1.24836731
0.04419086603,0.9317658544,1.252659321
0.04420086603,0.9527239203,1.292818189
0.04420186603,0.9546141624,1.296557188
0.04421186603,0.9714323282,1.331095934
0.04421286603,0.9729042053,1.33426404
0.04422286603,0.9855021238,1.363017678
0.04423286603,0.9942107201,1.386392474
0.04424286603,0.9989955425,1.404296279
0.04425286603,0.9998378754,1.416658044
0.04426286603,0.9967342615,1.423429132
0.04427286603,0.9896969795,1.424582839
0.04428286603,0.9787538648,1.420114398
0.04429286603,0.9639480114,1.410041571
0.04430286603,0.9453378916,1.394403934
0.04431286603,0.9229969978,1.373263359
0.04432286603,0.8970134258,1.346703172
0.04433286603,0.8674897552,1.314828157
0.04434286603,0.8345425129,1.277764201
0.04435286603,0.7983016968,1.235657454
0.04436286603,0.758910358,1.188674092
0.04437286603,0.7165238857,1.136999726
0.04438286603,0.6713097095,1.080838084
0.04439286603,0.6234461665,1.020410776
0.04439386603,0.6185212731,1.014140487
0.04440386603,0.5679619312,0.9492975473
0.04440486603,0.562779367,0.9426007271
0.04441486603,0.5097657442,0.8736516237
0.04441586603,0.504350245,0.8665601611
0.04442586603,0.4491354525,0.7938341498
0.04442686603,0.4435128272,0.7863819599
0.04443686603,0.3863605261,0.7102262378
0.04443786603,0.3805576563,0.7024489641
0.04444786603,0.3217407167,0.6232271194
0.04444886603,0.3157853186,0.6151618361
0.04445886603,0.2555846274,0.5332521796
0.04445986603,0.2495051026,0.5249373913
0.04446986603,0.1882080883,0.4407310486
0.04447086603,0.1820335239,0.4322064519
0.04448086603,0.1199328825,0.3461054862
0.04448186603,0.1136927232,0.3374117911
0.04449186603,0.05108499154,0.2498273253
0.04449286603,0.04480904341,0.2410060316
0.04450286603,-0.01800682768,0.152356267
0.04450386603,-0.02428859845,0.14344953
0.04451386603,-0.08701266348,0.05415775999
0.04451486603,-0.09327026457,0.04520808905
0.04452486603,-0.1556030214,-0.04429932311
0.04452586603,-0.1618065536,-0.05324919149
0.04453586603,-0.2234503627,-0.1425448507
0.04453686603,-0.2295702398,-0.1514521837
0.04454686603,-0.290230751,-0.240109697
0.04454786603,-0.2962377071,-0.2489319593
0.04455786603,-0.3556252718,-0.3365280032
0.04455886603,-0.3614906669,-0.3452230692
0.04456886603,-0.4193217158,-0.4313393831
0.04456986603,-0.4250175059,-0.4398657084
0.04457986603,-0.481015861,-0.5240910649
0.04458086603,-0.4865148664,-0.532407999
0.04459086603,-0.5404132009,-0.6143402457
0.04459186603,-0.5456891656,-0.6224080324
0.04460186603,-0.5972300768,-0.7016559243
0.04460286603,-0.6022577882,-0.7094359994
0.04461286603,-0.6511951685,-0.7856211662
0.04461386603,-0.6559506059,-0.7930764556
0.04462386603,-0.7020508051,-0.8658351302
0.04462486603,-0.7065113187,-0.8729299903
0.04463486603,-0.7495541573,-0.9419146776
0.04463586603,-0.7536984086,-0.948615253
0.04464586603,-0.7934783697,-1.013496518
0.04464686603,-0.7972866297,-1.019770861
0.04465686603,-0.8336138129,-1.080239058
0.04465786603,-0.8370678425,-1.086057067
0.04466786603,-0.8697686791,-1.141823292
0.04466886603,-0.8728520274,-1.147157311
0.04467886603,-0.9017704725,-1.197955489
0.04467986603,-0.9044683576,-1.202779889
0.04468986603,-0.9294663072,-1.24836731
0.04469086603,-0.9317658544,-1.252659321
0.04470086603,-0.9527239203,-1.292818189
0.04470186603,-0.9546141624,-1.296557188
0.04471186603,-0.9714323282,-1.331095934
0.04471286603,-0.9729042053,-1.33426404
0.04472286603,-0.9855021238,-1.363017678
0.04473286603,-0.9942107201,-1.386392474
0.04474286603,-0.9989955425,-1.404296279
0.04475286603,-0.9998378754,-1.416658044
0.04476286603,-0.9967342615,-1.423429132
0.04477286603,-0.9896969795,-1.424582839
0.04478286603,-0.9787538648,-1.420114398
0.04479286603,-0.9639480114,-1.410041571
0.04480286603,-0.9453378916,-1.394403934
0.04481286603,-0.9229969978,-1.373263359
0.04482286603,-0.8970134258,-1.346703172
0.04483286603,-0.8674897552,-1.314828157
0.04484286603,-0.8345425129,-1.277764201
0.04485286603,-0.7983016968,-1.235657454
0.04486286603,-0.758910358,-1.188674092
0.04487286603,-0.7165238857,-1.136999726
0.04488286603,-0.6713097095,-1.080838084
0.04489286603,-0.6234461665,-1.020410776
0.04489386603,-0.6185212731,-1.014140487
0.04490386603,-0.5679619312,-0.9492975473
0.04490486603,-0.562779367,-0.9426007271
0.04491486603,-0.5097657442,-0.8736516237
0.04491586603,-0.504350245,-0.8665601611
0.04492586603,-0.4491354525,-0.7938341498
0.04492686603,-0.4435128272,-0.7863819599
0.04493686603,-0.3863605261,-0.7102262378
0.04493786603,-0.3805576563,-0.7024489641
0.04494786603,-0.3217407167,-0.6232271194
0.04494886603,-0.3157853186,-0.6151618361
0.04495886603,-0.2555846274,-0.5332521796
0.04495986603,-0.2495051026,-0.5249373913
0.04496986603,-0.1882080883,-0.4407310486
0.04497086603,-0.1820335239,-0.4322064519
0.04498086603,-0.1199328825,-0.3461054862
0.04498186603,-0.1136927232,-0.3374117911
0.04499186603,-0.05108499154,-0.2498273253
0.04499286603,-0.04480904341,-0.2410060316
0.04500286603,0.01800682768,-0.152356267
0.04500386603,0.02428859845,-0.14344953
0.04501386603,0.08701266348,-0.05415775999
0.04501486603,0.09327026457,-0.04520808905
0.04502486603,0.1556030214,0.04429932311
0.04502586603,0.1618065536,0.05324919149
0.04503586603,0.2234503627,0.1425448507
0.04503686603,0.2295702398,0.1514521837
0.04504686603,0.290230751,0.240109697
0.04504786603,0.2962377071,0.2489319593
0.04505786603,0.3556252718,0.3365280032
0.04505886603,0.3614906669,0.3452230692
0.04506886603,0.4193217158,0.4313393831
0.04506986603,0.4250175059,0.4398657084
0.04507986603,0.481015861,0.5240910649
0.04508086603,0.4865148664,0.532407999
0.04509086603,0.5404132009,0.6143402457
0.04509186603,0.5456891656,0.6224080324
0.04510186603,0.5972300768,0.7016559243
0.04510286603,0.6022577882,0.7094359994
0.04511286603,0.6511951685,0.7856211662
0.04511386603,0.6559506059,0.7930764556
0.04512386603,0.7020508051,0.8658351302
0.04512486603,0.7065113187,0.8729299903
0.04513486603,0.7495541573,0.9419146776
0.04513586603,0.7536984086,0.948615253
0.04514586603,0.7934783697,1.013496518
0.04514686603,0.7972866297,1.019770861
0.04515686603,0.8336138129,1.080239058
0.04515786603,0.8370678425,1.086057067
0.04516786603,0.8697686791,1.141823292
0.04516886603,0.8728520274,1.147157311
0.04517886603,0.9017704725,1.197955489
0.04517986603,0.9044683576,1.202779889
0.04518986603,0.9294663072,1.24836731
0.04519086603,0.9317658544,1.252659321
0.04520086603,0.9527239203,1.292818189
0.04520186603,0.9546141624,1.296557188
0.04521186603,0.9714323282,1.331095934
0.04521286603,0.9729042053,1.33426404
0.04522286603,0.9855021238,1.363017678
0.04523286603,0.9942107201,1.386392474
0.04524286603,0.9989955425,1.404296279
0.04525286603,0.9998378754,1.416658044
0.04526286603,0.9967342615,1.423429132
0.04527286603,0.9896969795,1.424582839
0.04528286603,0.9787538648,1.420114398
0.04529286603,0.9639480114,1.410041571
0.04530286603,0.9453378916,1.394403934
0.04531286603,0.9229969978,1.373263359
0.04532286603,0.8970134258,1.346703172
0.04533286603,0.8674897552,1.314828157
0.04534286603,0.8345425129,1.277764201
0.04535286603,0.7983016968,1.235657454
0.04536286603,0.758910358,1.188674092
0.04537286603,0.7165238857,1.136999726
0.04538286603,0.6713097095,1.080838084
0.04539286603,0.6234461665,1.020410776
0.04539386603,0.6185212731,1.014140487
0.04540386603,0.5679619312,0.9492975473
0.04540486603,0.562779367,0.9426007271
0.04541486603,0.5097657442,0.8736516237
0.04541586603,0.504350245,0.8665601611
0.04542586603,0.4491354525,0.7938341498
0.04542686603,0.4435128272,0.7863819599
0.04543686603,0.3863605261,0.7102262378
0.04543786603,0.3805576563,0.7024489641
0.04544786603,0.3217407167,0.6232271194
0.04544886603,0.3157853186,0.6151618361
0.04545886603,0.2555846274,0.5332521796
0.04545986603,0.2495051026,0.5249373913
0.04546986603,0.1882080883,0.4407310486
0.04547086603,0.1820335239,0.4322064519
0.04548086603,0.1199328825,0.3461054862
0.04548186603,0.1136927232,0.3374117911
0.04549186603,0.05108499154,0.2498273253
0.04549286603,0.04480904341,0.2410060316
0.04550286603,-0.01800682768,0.152356267
0.04550386603,-0.02428859845,0.14344953
0.04551386603,-0.08701266348,0.05415775999
0.04551486603,-0.09327026457,0.04520808905
0.04552486603,-0.1556030214,-0.04429932311
0.04552586603,-0.1618065536,-0.05324919149
0.04553586603,-0.2234503627,-0.1425448507
0.04553686603,-0.2295702398,-0.1514521837
0.04554686603,-0.290230751,-0.240109697
0.04554786603,-0.2962377071,-0.2489319593
0.04555786603,-0.3556252718,-0.3365280032
0.04555886603,-0.3614906669,-0.3452230692
0.04556886603,-0.4193217158,-0.4313393831
0.04556986603,-0.4250175059,-0.4398657084
0.04557986603,-0.481015861,-0.5240910649
0.04558086603,-0.4865148664,-0.532407999
0.04559086603,-0.5404132009,-0.6143402457
0.04559186603,-0.5456891656,-0.6224080324
0.04560186603,-0.5972300768,-0.7016559243
0.04560286603,-0.6022577882,-0.7094359994
0.04561286603,-0.6511951685,-0.7856211662
0.04561386603,-0.6559506059,-0.7930764556
0.04562386603,-0.7020508051,-0.8658351302
0.04562486603,-0.7065113187,-0.8729299903
0.04563486603,-0.7495541573,-0.9419146776
0.04563586603,-0.7536984086,-0.948615253
0.04564586603,-0.7934783697,-1.013496518
0.04564686603,-0.7972866297,-1.019770861
0.04565686603,-0.8336138129,-1.080239058
0.04565786603,-0.8370678425,-1.086057067
0.04566786603,-0.8697686791,-1.141823292
0.04566886603,-0.8728520274,-1.147157311
0.04567886603,-0.9017704725,-1.197955489
0.04567986603,-0.9044683576,-1.202779889
0.04568986603,-0.9294663072,-1.24836731
0.04569086603,-0.9317658544,-1.252659321
0.04570086603,-0.9527239203,-1.292818189
0.04570186603,-0.9546141624,-1.296557188
0.04571186603,-0.9714323282,-1.331095934
0.04571286603,-0.9729042053,-1.33426404
0.04572286603,-0.9855021238,-1.363017678
0.04573286603,-0.9942107201,-1.386392474
0.04574286603,-0.9989955425,-1.404296279
0.04575286603,-0.9998378754,-1.416658044
0.04576286603,-0.9967342615,-1.423429132
0.04577286603,-0.9896969795,-1.424582839
0.04578286603,-0.9787538648,-1.420114398
0.04579286603,-0.9639480114,-1.410041571
0.04580286603,-0.9453378916,-1.394403934
0.04581286603,-0.9229969978,-1.373263359
0.04582286603,-0.8970134258,-1.346703172
0.04583286603,-0.8674897552,-1.314828157
0.04584286603,-0.8345425129,-1.277764201
0.04585286603,-0.7983016968,-1.235657454
0.04586286603,-0.758910358,-1.188674092
0.04587286603,-0.7165238857,-1.136999726
0.04588286603,-0.6713097095,-1.080838084
0.04589286603,-0.6234461665,-1.020410776
0.04589386603,-0.6185212731,-1.014140487
0.04590386603,-0.5679619312,-0.9492975473
0.04590486603,-0.562779367,-0.9426007271
0.04591486603,-0.5097657442,-0.8736516237
0.04591586603,-0.504350245,-0.8665601611
0.04592586603,-0.4491354525,-0.7938341498
0.04592686603,-0.4435128272,-0.7863819599
0.04593686603,-0.3863605261,-0.7102262378
0.04593786603,-0.3805576563,-0.7024489641
0.04594786603,-0.3217407167,-0.6232271194
0.04594886603,-0.3157853186,-0.6151618361
0.04595886603,-0.2555846274,-0.5332521796
0.04595986603,-0.2495051026,-0.5249373913
0.04596986603,-0.1882080883,-0.4407310486
0.04597086603,-0.1820335239,-0.4322064519
0.04598086603,-0.1199328825,-0.3461054862
0.04598186603,-0.1136927232,-0.3374117911
0.04599186603,-0.05108499154,-0.2498273253
0.04599286603,-0.04480904341,-0.2410060316
0.04600286603,0.01800682768,-0.152356267
0.04600386603,0.02428859845,-0.14344953
0.04601386603,0.08701266348,-0.05415775999
0.04601486603,0.09327026457,-0.04520808905
0.04602486603,0.1556030214,0.04429932311
0.04602586603,0.1618065536,0.05324919149
0.04603586603,0.2234503627,0.1425448507
0.04603686603,0.2295702398,0.1514521837
0.04604686603,0.290230751,0.240109697
0.04604786603,0.2962377071,0.2489319593
0.04605786603,0.3556252718,0.3365280032
0.04605886603,0.3614906669,0.3452230692
0.04606886603,0.4193217158,0.4313393831
0.04606986603,0.4250175059,0.4398657084
0.04607986603,0.481015861,0.5240910649
0.04608086603,0.4865148664,0.532407999
0.04609086603,0.5404132009,0.6143402457
0.04609186603,0.5456891656,0.6224080324
0.04610186603,0.5972300768,0.7016559243
0.04610286603,0.6022577882,0.7094359994
0.04611286603,0.6511951685,0.7856211662
0.04611386603,0.6559506059,0.7930764556
0.04612386603,0.7020508051,0.8658351302
0.04612486603,0.7065113187,0.8729299903
0.04613486603,0.7495541573,0.9419146776
0.04613586603,0.7536984086,0.948615253
0.04614586603,0.7934783697,1.013496518
0.04614686603,0.7972866297,1.019770861
0.04615686603,0.8336138129,1.080239058
0.04615786603,0.8370678425,1.086057067
0.04616786603,0.8697686791,1.141823292
0.04616886603,0.8728520274,1.147157311
0.04617886603,0.9017704725,1.197955489
0.04617986603,0.9044683576,1.202779889
0.04618986603,0.9294663072,1.24836731
0.04619086603,0.9317658544,1.252659321
0.04620086603,0.9527239203,1.292818189
0.04620186603,0.9546141624,1.296557188
0.04621186603,0.9714323282,1.331095934
0.04621286603,0.9729042053,1.33426404
0.04622286603,0.9855021238,1.363017678
0.04623286603,0.9942107201,1.386392474
0.04624286603,0.9989955425,1.404296279
0.04625286603,0.9998378754,1.416658044
0.04626286603,0.9967342615,1.423429132
0.04627286603,0.9896969795,1.424582839
0.04628286603,0.9787538648,1.420114398
0.04629286603,0.9639480114,1.410041571
0.04630286603,0.9453378916,1.394403934
0.04631286603,0.9229969978,1.373263359
0.04632286603,0.8970134258,1.346703172
0.04633286603,0.8674897552,1.314828157
0.04634286603,0.8345425129,1.277764201
0.04635286603,0.7983016968,1.235657454
0.04636286603,0.758910358,1.188674092
0.04637286603,0.7165238857,1.136999726
0.04638286603,0.6713097095,1.080838084
0.04639286603,0.6234461665,1.020410776
0.04639386603,0.6185212731,1.014140487
0.04640386603,0.5679619312,0.9492975473
0.04640486603,0.562779367,0.9426007271
0.04641486603,0.5097657442,0.8736516237
0.04641586603,0.504350245,0.8665601611
0.04642586603,0.4491354525,0.7938341498
0.04642686603,0.4435128272,0.7863819599
0.04643686603,0.3863605261,0.7102262378
0.04643786603,0.3805576563,0.7024489641
0.04644786603,0.3217407167,0.6232271194
0.04644886603,0.3157853186,0.6151618361
0.04645886603,0.2555846274,0.5332521796
0.04645986603,0.2495051026,0.5249373913
0.04646986603,0.1882080883,0.4407310486
0.04647086603,0.1820335239,0.4322064519
0.04648086603,0.1199328825,0.3461054862
0.04648186603,0.1136927232,0.3374117911
0.04649186603,0.05108499154,0.2498273253
0.04649286603,0.04480904341,0.2410060316
0.04650286603,-0.01800682768,0.152356267
0.04650386603,-0.02428859845,0.14344953
0.04651386603,-0.08701266348,0.05415775999
0.04651486603,-0.09327026457,0.04520808905
0.04652486603,-0.1556030214,-0.04429932311
0.04652586603,-0.1618065536,-0.05324919149
0.04653586603,-0.2234503627,-0.1425448507
0.04653686603,-0.2295702398,-0.1514521837
0.04654686603,-0.290230751,-0.240109697
0.04654786603,-0.2962377071,-0.2489319593
0.04655786603,-0.3556252718,-0.3365280032
0.04655886603,-0.3614906669,-0.3452230692
0.04656886603,-0.4193217158,-0.4313393831
0.04656986603,-0.4250175059,-0.4398657084
0.04657986603,-0.481015861,-0.5240910649
0.04658086603,-0.4865148664,-0.532407999
0.04659086603,-0.5404132009,-0.6143402457
0.04659186603,-0.5456891656,-0.6224080324
0.04660186603,-0.5972300768,-0.7016559243
0.04660286603,-0.6022577882,-0.7094359994
0.04661286603,-0.6511951685,-0.7856211662
0.04661386603,-0.6559506059,-0.7930764556
0.04662386603,-0.7020508051,-0.8658351302
0.04662486603,-0.7065113187,-0.8729299903
0.04663486603,-0.7495541573,-0.9419146776
0.04663586603,-0.7536984086,-0.948615253
0.04664586603,-0.7934783697,-1.013496518
0.04664686603,-0.7972866297,-1.019770861
0.04665686603,-0.8336138129,-1.080239058
0.04665786603,-0.8370678425,-1.086057067
0.04666786603,-0.8697686791,-1.141823292
0.04666886603,-0.8728520274,-1.147157311
0.04667886603,-0.9017704725,-1.197955489
0.04667986603,-0.9044683576,-1.202779889
0.04668986603,-0.9294663072,-1.24836731
0.04669086603,-0.9317658544,-1.252659321
0.04670086603,-0.9527239203,-1.292818189
0.04670186603,-0.9546141624,-1.296557188
0.04671186603,-0.9714323282,-1.331095934
0.04671286603,-0.9729042053,-1.33426404
0.04672286603,-0.9855021238,-1.363017678
0.04673286603,-0.9942107201,-1.386392474
0.04674286603,-0.9989955425,-1.404296279
0.04675286603,-0.9998378754,-1.416658044
0.04676286603,-0.9967342615,-1.423429132
0.04677286603,-0.9896969795,-1.424582839
0.04678286603,-0.9787538648,-1.420114398
0.04679286603,-0.9639480114,-1.410041571
0.04680286603,-0.9453378916,-1.394403934
0.04681286603,-0.9229969978,-1.373263359
0.04682286603,-0.8970134258,-1.346703172
0.04683286603,-0.8674897552,-1.314828157
0.04684286603,-0.8345425129,-1.277764201
0.04685286603,-0.7983016968,-1.235657454
0.04686286603,-0.758910358,-1.188674092
0.04687286603,-0.7165238857,-1.136999726
0.04688286603,-0.6713097095,-1.080838084
0.04689286603,-0.6234461665,-1.020410776
0.04689386603,-0.6185212731,-1.014140487
0.04690386603,-0.5679619312,-0.9492975473
0.04690486603,-0.562779367,-0.9426007271
0.04691486603,-0.5097657442,-0.8736516237
0.04691586603,-0.504350245,-0.8665601611
0.04692586603,-0.4491354525,-0.7938341498
0.04692686603,-0.4435128272,-0.7863819599
0.04693686603,-0.3863605261,-0.7102262378
0.04693786603,-0.3805576563,-0.7024489641
0.04694786603,-0.3217407167,-0.6232271194
0.04694886603,-0.3157853186,-0.6151618361
0.04695886603,-0.2555846274,-0.5332521796
0.04695986603,-0.2495051026,-0.5249373913
0.04696986603,-0.1882080883,-0.4407310486
0.04697086603,-0.1820335239,-0.4322064519
0.04698086603,-0.1199328825,-0.3461054862
0.04698186603,-0.1136927232,-0.3374117911
0.04699186603,-0.05108499154,-0.2498273253
0.04699286603,-0.04480904341,-0.2410060316
0.04700286603,0.01800682768,-0.152356267
0.04700386603,0.02428859845,-0.14344953
0.04701386603,0.08701266348,-0.05415775999
0.04701486603,0.09327026457,-0.04520808905
0.04702486603,0.1556030214,0.04429932311
0.04702586603,0.1618065536,0.05324919149
0.04703586603,0.2234503627,0.1425448507
0.04703686603,0.2295702398,0.1514521837
0.04704686603,0.290230751,0.240109697
0.04704786603,0.2962377071,0.2489319593
0.04705786603,0.3556252718,0.3365280032
0.04705886603,0.3614906669,0.3452230692
0.04706886603,0.4193217158,0.4313393831
0.04706986603,0.4250175059,0.4398657084
0.04707986603,0.481015861,0.5240910649
0.04708086603,0.4865148664,0.532407999
0.04709086603,0.5404132009,0.6143402457
0.04709186603,0.5456891656,0.6224080324
0.04710186603,0.5972300768,0.7016559243
0.04710286603,0.6022577882,0.7094359994
0.04711286603,0.6511951685,0.7856211662
0.04711386603,0.6559506059,0.7930764556
0.04712386603,0.7020508051,0.8658351302
0.04712486603,0.7065113187,0.8729299903
0.04713486603,0.7495541573,0.9419146776
0.04713586603,0.7536984086,0.948615253
0.04714586603,0.7934783697,1.013496518
0.04714686603,0.7972866297,1.019770861
0.04715686603,0.8336138129,1.080239058
0.04715786603,0.8370678425,1.086057067
0.04716786603,0.8697686791,1.141823292
0.04716886603,0.8728520274,1.147157311
0.04717886603,0.9017704725,1.197955489
0.04717986603,0.9044683576,1.202779889
0.04718986603,0.9294663072,1.24836731
0.04719086603,0.9317658544,1.252659321
0.04720086603,0.9527239203,1.292818189
0.04720186603,0.9546141624,1.296557188
0.04721186603,0.9714323282,1.331095934
0.04721286603,0.9729042053,1.33426404
0.04722286603,0.9855021238,1.363017678
0.04723286603,0.9942107201,1.386392474
0.04724286603,0.9989955425,1.404296279
0.04725286603,0.9998378754,1.416658044
0.04726286603,0.9967342615,1.423429132
0.04727286603,0.9896969795,1.424582839
0.04728286603,0.9787538648,1.420114398
0.04729286603,0.9639480114,1.410041571
0.04730286603,0.9453378916,1.394403934
0.04731286603,0.9229969978,1.373263359
0.04732286603,0.8970134258,1.346703172
0.04733286603,0.8674897552,1.314828157
0.04734286603,0.8345425129,1.277764201
0.04735286603,0.7983016968,1.235657454
0.04736286603,0.758910358,1.188674092
0.04737286603,0.7165238857,1.136999726
0.04738286603,0.6713097095,1.080838084
0.04739286603,0.6234461665,1.020410776
0.04739386603,0.6185212731,1.014140487
0.04740386603,0.5679619312,0.9492975473
0.04740486603,0.562779367,0.9426007271
0.04741486603,0.5097657442,0.8736516237
0.04741586603,0.504350245,0.8665601611
0.04742586603,0.4491354525,0.7938341498
0.04742686603,0.4435128272,0.7863819599
0.04743686603,0.3863605261,0.7102262378
0.04743786603,0.3805576563,0.7024489641
0.04744786603,0.3217407167,0.6232271194
0.04744886603,0.3157853186,0.6151618361
0.04745886603,0.2555846274,0.5332521796
0.04745986603,0.2495051026,0.5249373913
0.04746986603,0.1882080883,0.4407310486
0.04747086603,0.1820335239,0.4322064519
0.04748086603,0.1199328825,0.3461054862
0.04748186603,0.1136927232,0.3374117911
0.04749186603,0.05108499154,0.2498273253
0.04749286603,0.04480904341,0.2410060316
0.04750286603,-0.01800682768,0.152356267
0.04750386603,-0.02428859845,0.14344953
0.04751386603,-0.08701266348,0.05415775999
0.04751486603,-0.09327026457,0.04520808905
0.04752486603,-0.1556030214,-0.04429932311
0.04752586603,-0.1618065536,-0.05324919149
0.04753586603,-0.2234503627,-0.1425448507
0.04753686603,-0.2295702398,-0.1514521837
0.04754686603,-0.290230751,-0.240109697
0.04754786603,-0.2962377071,-0.2489319593
0.04755786603,-0.3556252718,-0.3365280032
0.04755886603,-0.3614906669,-0.3452230692
0.04756886603,-0.4193217158,-0.4313393831
0.04756986603,-0.4250175059,-0.4398657084
0.04757986603,-0.481015861,-0.5240910649
0.04758086603,-0.4865148664,-0.532407999
0.04759086603,-0.5404132009,-0.6143402457
0.04759186603,-0.5456891656,-0.6224080324
0.04760186603,-0.5972300768,-0.7016559243
0.04760286603,-0.6022577882,-0.7094359994
0.04761286603,-0.6511951685,-0.7856211662
0.04761386603,-0.6559506059,-0.7930764556
0.04762386603,-0.7020508051,-0.8658351302
0.04762486603,-0.7065113187,-0.8729299903
0.04763486603,-0.7495541573,-0.9419146776
0.04763586603,-0.7536984086,-0.948615253
0.04764586603,-0.7934783697,-1.013496518
0.04764686603,-0.7972866297,-1.019770861
0.04765686603,-0.8336138129,-1.080239058
0.04765786603,-0.8370678425,-1.086057067
0.04766786603,-0.8697686791,-1.141823292
0.04766886603,-0.8728520274,-1.147157311
0.04767886603,-0.9017704725,-1.197955489
0.04767986603,-0.9044683576,-1.202779889
0.04768986603,-0.9294663072,-1.24836731
0.04769086603,-0.9317658544,-1.252659321
0.04770086603,-0.9527239203,-1.292818189
0.04770186603,-0.9546141624,-1.296557188
0.04771186603,-0.9714323282,-1.331095934
0.04771286603,-0.9729042053,-1.33426404
0.04772286603,-0.9855021238,-1.363017678
0.04773286603,-0.9942107201,-1.386392474
0.04774286603,-0.9989955425,-1.404296279
0.04775286603,-0.9998378754,-1.416658044
0.04776286603,-0.9967342615,-1.423429132
0.04777286603,-0.9896969795,-1.424582839
0.04778286603,-0.9787538648,-1.420114398
0.04779286603,-0.9639480114,-1.410041571
0.04780286603,-0.9453378916,-1.394403934
0.04781286603,-0.9229969978,-1.373263359
0.04782286603,-0.8970134258,-1.346703172
0.04783286603,-0.8674897552,-1.314828157
0.04784286603,-0.8345425129,-1.277764201
0.04785286603,-0.7983016968,-1.235657454
0.04786286603,-0.758910358,-1.188674092
0.04787286603,-0.7165238857,-1.136999726
0.04788286603,-0.6713097095,-1.080838084
0.04789286603,-0.6234461665,-1.020410776
0.04789386603,-0.6185212731,-1.014140487
0.04790386603,-0.5679619312,-0.9492975473
0.04790486603,-0.562779367,-0.9426007271
0.04791486603,-0.5097657442,-0.8736516237
0.04791586603,-0.504350245,-0.8665601611
0.04792586603,-0.4491354525,-0.7938341498
0.04792686603,-0.4435128272,-0.7863819599
0.04793686603,-0.3863605261,-0.7102262378
0.04793786603,-0.3805576563,-0.7024489641
0.04794786603,-0.3217407167,-0.6232271194
0.04794886603,-0.3157853186,-0.6151618361
0.04795886603,-0.2555846274,-0.5332521796
0.04795986603,-0.2495051026,-0.5249373913
0.04796986603,-0.1882080883,-0.4407310486
0.04797086603,-0.1820335239,-0.4322064519
0.04798086603,-0.1199328825,-0.3461054862
0.04798186603,-0.1136927232,-0.3374117911
0.04799186603,-0.05108499154,-0.2498273253
0.04799286603,-0.04480904341,-0.2410060316
0.04800286603,0.01800682768,-0.152356267
0.04800386603,0.02428859845,-0.14344953
0.04801386603,0.08701266348,-0.05415775999
0.04801486603,0.09327026457,-0.04520808905
0.04802486603,0.1556030214,0.04429932311
0.04802586603,0.1618065536,0.05324919149
0.04803586603,0.2234503627,0.1425448507
0.04803686603,0.2295702398,0.1514521837
0.04804686603,0.290230751,0.240109697
0.04804786603,0.2962377071,0.2489319593
0.04805786603,0.3556252718,0.3365280032
0.04805886603,0.3614906669,0.3452230692
0.04806886603,0.4193217158,0.4313393831
0.04806986603,0.4250175059,0.4398657084
0.04807986603,0.481015861,0.5240910649
0.04808086603,0.4865148664,0.532407999
0.04809086603,0.5404132009,0.6143402457
0.04809186603,0.5456891656,0.6224080324
0.04810186603,0.5972300768,0.7016559243
0.04810286603,0.6022577882,0.7094359994
0.04811286603,0.6511951685,0.7856211662
0.04811386603,0.6559506059,0.7930764556
0.04812386603,0.7020508051,0.8658351302
0.04812486603,0.7065113187,0.8729299903
0.04813486603,0.7495541573,0.9419146776
0.04813586603,0.7536984086,0.948615253
0.04814586603,0.7934783697,1.013496518
0.04814686603,0.7972866297,1.019770861
0.04815686603,0.8336138129,1.080239058
0.04815786603,0.8370678425,1.086057067
0.04816786603,0.8697686791,1.141823292
0.04816886603,0.8728520274,1.147157311
0.04817886603,0.9017704725,1.197955489
0.04817986603,0.9044683576,1.202779889
0.04818986603,0.9294663072,1.24836731
0.04819086603,0.9317658544,1.252659321
0.04820086603,0.9527239203,1.292818189
0.04820186603,0.9546141624,1.296557188
0.04821186603,0.9714323282,1.331095934
0.04821286603,0.9729042053,1.33426404
0.04822286603,0.9855021238,1.363017678
0.04823286603,0.9942107201,1.386392474
0.04824286603,0.9989955425,1.404296279
0.04825286603,0.9998378754,1.416658044
0.04826286603,0.9967342615,1.423429132
0.04827286603,0.9896969795,1.424582839
0.04828286603,0.9787538648,1.420114398
0.04829286603,0.9639480114,1.410041571
0.04830286603,0.9453378916,1.394403934
0.04831286603,0.9229969978,1.373263359
0.04832286603,0.8970134258,1.346703172
0.04833286603,0.8674897552,1.314828157
0.04834286603,0.8345425129,1.277764201
0.04835286603,0.7983016968,1.235657454
0.04836286603,0.758910358,1.188674092
0.04837286603,0.7165238857,1.136999726
0.04838286603,0.6713097095,1.080838084
0.04839286603,0.6234461665,1.020410776
0.04839386603,0.6185212731,1.014140487
0.04840386603,0.5679619312,0.9492975473
0.04840486603,0.562779367,0.9426007271
0.04841486603,0.5097657442,0.8736516237
0.04841586603,0.504350245,0.8665601611
0.04842586603,0.4491354525,0.7938341498
0.04842686603,0.4435128272,0.7863819599
0.04843686603,0.3863605261,0.7102262378
0.04843786603,0.3805576563,0.7024489641
0.04844786603,0.3217407167,0.6232271194
0.04844886603,0.3157853186,0.6151618361
0.04845886603,0.2555846274,0.5332521796
0.04845986603,0.2495051026,0.5249373913
0.04846986603,0.1882080883,0.4407310486
0.04847086603,0.1820335239,0.4322064519
0.04848086603,0.1199328825,0.3461054862
0.04848186603,0.1136927232,0.3374117911
0.04849186603,0.05108499154,0.2498273253
0.04849286603,0.04480904341,0.2410060316
0.04850286603,-0.01800682768,0.152356267
0.04850386603,-0.02428859845,0.14344953
0.04851386603,-0.08701266348,0.05415775999
0.04851486603,-0.09327026457,0.04520808905
0.04852486603,-0.1556030214,-0.04429932311
0.04852586603,-0.1618065536,-0.05324919149
0.04853586603,-0.2234503627,-0.1425448507
0.04853686603,-0.2295702398,-0.1514521837
0.04854686603,-0.290230751,-0.240109697
0.04854786603,-0.2962377071,-0.2489319593
0.04855786603,-0.3556252718,-0.3365280032
0.04855886603,-0.3614906669,-0.3452230692
0.04856886603,-0.4193217158,-0.4313393831
0.04856986603,-0.4250175059,-0.4398657084
0.04857986603,-0.481015861,-0.5240910649
0.04858086603,-0.4865148664,-0.532407999
0.04859086603,-0.5404132009,-0.6143402457
0.04859186603,-0.5456891656,-0.6224080324
0.04860186603,-0.5972300768,-0.7016559243
0.04860286603,-0.6022577882,-0.7094359994
0.04861286603,-0.6511951685,-0.7856211662
0.04861386603,-0.6559506059,-0.7930764556
0.04862386603,-0.7020508051,-0.8658351302
0.04862486603,-0.7065113187,-0.8729299903
0.04863486603,-0.7495541573,-0.9419146776
0.04863586603,-0.7536984086,-0.948615253
0.04864586603,-0.7934783697,-1.013496518
0.04864686603,-0.7972866297,-1.019770861
0.04865686603,-0.8336138129,-1.080239058
0.04865786603,-0.8370678425,-1.086057067
0.04866786603,-0.8697686791,-1.141823292
0.04866886603,-0.8728520274,-1.147157311
0.04867886603,-0.9017704725,-1.197955489
0.04867986603,-0.9044683576,-1.202779889
0.04868986603,-0.9294663072,-1.24836731
0.04869086603,-0.9317658544,-1.252659321
0.04870086603,-0.9527239203,-1.292818189
0.04870186603,-0.9546141624,-1.296557188
0.04871186603,-0.9714323282,-1.331095934
0.04871286603,-0.9729042053,-1.33426404
0.04872286603,-0.9855021238,-1.363017678
0.04873286603,-0.9942107201,-1.386392474
0.04874286603,-0.9989955425,-1.404296279
0.04875286603,-0.9998378754,-1.416658044
0.04876286603,-0.9967342615,-1.423429132
0.04877286603,-0.9896969795,-1.424582839
0.04878286603,-0.9787538648,-1.420114398
0.04879286603,-0.9639480114,-1.410041571
0.04880286603,-0.9453378916,-1.394403934
0.04881286603,-0.9229969978,-1.373263359
0.04882286603,-0.8970134258,-1.346703172
0.04883286603,-0.8674897552,-1.314828157
0.04884286603,-0.8345425129,-1.277764201
0.04885286603,-0.7983016968,-1.235657454
0.04886286603,-0.758910358,-1.188674092
0.04887286603,-0.7165238857,-1.136999726
0.04888286603,-0.6713097095,-1.080838084
0.04889286603,-0.6234461665,-1.020410776
0.04889386603,-0.6185212731,-1.014140487
0.04890386603,-0.5679619312,-0.9492975473
0.04890486603,-0.562779367,-0.9426007271
0.04891486603,-0.5097657442,-0.8736516237
0.04891586603,-0.504350245,-0.8665601611
0.04892586603,-0.4491354525,-0.7938341498
0.04892686603,-0.4435128272,-0.7863819599
0.04893686603,-0.3863605261,-0.7102262378
0.04893786603,-0.3805576563,-0.7024489641
0.04894786603,-0.3217407167,-0.6232271194
0.04894886603,-0.3157853186,-0.6151618361
0.04895886603,-0.2555846274,-0.5332521796
0.04895986603,-0.2495051026,-0.5249373913
0.04896986603,-0.1882080883,-0.4407310486
0.04897086603,-0.1820335239,-0.4322064519
0.04898086603,-0.1199328825,-0.3461054862
0.04898186603,-0.1136927232,-0.3374117911
0.04899186603,-0.05108499154,-0.2498273253
0.04899286603,-0.04480904341,-0.2410060316
0.04900286603,0.01800682768,-0.152356267
0.04900386603,0.02428859845,-0.14344953
0.04901386603,0.08701266348,-0.05415775999
0.04901486603,0.09327026457,-0.04520808905
0.04902486603,0.1556030214,0.04429932311
0.04902586603,0.1618065536,0.05324919149
0.04903586603,0.2234503627,0.1425448507
0.04903686603,0.2295702398,0.1514521837
0.04904686603,0.290230751,0.240109697
0.04904786603,0.2962377071,0.2489319593
0.04905786603,0.3556252718,0.3365280032
0.04905886603,0.3614906669,0.3452230692
0.04906886603,0.4193217158,0.4313393831
0.04906986603,0.4250175059,0.4398657084
0.04907986603,0.481015861,0.5240910649
0.04908086603,0.4865148664,0.532407999
0.04909086603,0.5404132009,0.6143402457
0.04909186603,0.5456891656,0.6224080324
0.04910186603,0.5972300768,0.7016559243
0.04910286603,0.6022577882,0.7094359994
0.04911286603,0.6511951685,0.7856211662
0.04911386603,0.6559506059,0.7930764556
0.04912386603,0.7020508051,0.8658351302
0.04912486603,0.7065113187,0.8729299903
0.04913486603,0.7495541573,0.9419146776
0.04913586603,0.7536984086,0.948615253
0.04914586603,0.7934783697,1.013496518
0.04914686603,0.7972866297,1.019770861
0.04915686603,0.8336138129,1.080239058
0.04915786603,0.8370678425,1.086057067
0.04916786603,0.8697686791,1.141823292
0.04916886603,0.8728520274,1.147157311
0.04917886603,0.9017704725,1.197955489
0.04917986603,0.9044683576,1.202779889
0.04918986603,0.9294663072,1.24836731
0.04919086603,0.9317658544,1.252659321
0.04920086603,0.9527239203,1.292818189
0.04920186603,0.9546141624,1.296557188
0.04921186603,0.9714323282,1.331095934
0.04921286603,0.9729042053,1.33426404
0.04922286603,0.9855021238,1.363017678
0.04923286603,0.9942107201,1.386392474
0.04924286603,0.9989955425,1.404296279
0.04925286603,0.9998378754,1.416658044
0.04926286603,0.9967342615,1.423429132
0.04927286603,0.9896969795,1.424582839
0.04928286603,0.9787538648,1.420114398
0.04929286603,0.9639480114,1.410041571
0.04930286603,0.9453378916,1.394403934
0.04931286603,0.9229969978,1.373263359
0.04932286603,0.8970134258,1.346703172
0.04933286603,0.8674897552,1.314828157
0.04934286603,0.8345425129,1.277764201
0.04935286603,0.7983016968,1.235657454
0.04936286603,0.758910358,1.188674092
0.04937286603,0.7165238857,1.136999726
0.04938286603,0.6713097095,1.080838084
0.04939286603,0.6234461665,1.020410776
0.04939386603,0.6185212731,1.014140487
0.04940386603,0.5679619312,0.9492975473
0.04940486603,0.562779367,0.9426007271
0.04941486603,0.5097657442,0.8736516237
0.04941586603,0.504350245,0.8665601611
0.04942586603,0.4491354525,0.7938341498
0.04942686603,0.4435128272,0.7863819599
0.04943686603,0.3863605261,0.7102262378
0.04943786603,0.3805576563,0.7024489641
0.04944786603,0.3217407167,0.6232271194
0.04944886603,0.3157853186,0.6151618361
0.04945886603,0.2555846274,0.5332521796
0.04945986603,0.2495051026,0.5249373913
0.04946986603,0.1882080883,0.4407310486
0.04947086603,0.1820335239,0.4322064519
0.04948086603,0.1199328825,0.3461054862
0.04948186603,0.1136927232,0.3374117911
0.04949186603,0.05108499154,0.2498273253
0.04949286603,0.04480904341,0.2410060316
0.04950286603,-0.01800682768,0.152356267
0.04950386603,-0.02428859845,0.14344953
0.04951386603,-0.08701266348,0.05415775999
0.04951486603,-0.09327026457,0.04520808905
0.04952486603,-0.1556030214,-0.04429932311
0.04952586603,-0.1618065536,-0.05324919149
0.04953586603,-0.2234503627,-0.1425448507
0.04953686603,-0.2295702398,-0.1514521837
0.04954686603,-0.290230751,-0.240109697
0.04954786603,-0.2962377071,-0.2489319593
0.04955786603,-0.3556252718,-0.3365280032
0.04955886603,-0.3614906669,-0.3452230692
0.04956886603,-0.4193217158,-0.4313393831
0.04956986603,-0.4250175059,-0.4398657084
0.04957986603,-0.481015861,-0.5240910649
0.04958086603,-0.4865148664,-0.532407999
0.04959086603,-0.5404132009,-0.6143402457
0.04959186603,-0.5456891656,-0.6224080324
0.04960186603,-0.5972300768,-0.7016559243
0.04960286603,-0.6022577882,-0.7094359994
0.04961286603,-0.6511951685,-0.7856211662
0.04961386603,-0.6559506059,-0.7930764556
0.04962386603,-0.7020508051,-0.8658351302
0.04962486603,-0.7065113187,-0.8729299903
0.04963486603,-0.7495541573,-0.9419146776
0.04963586603,-0.7536984086,-0.948615253
0.04964586603,-0.7934783697,-1.013496518
0.04964686603,-0.7972866297,-1.019770861
0.04965686603,-0.8336138129,-1.080239058
0.04965786603,-0.8370678425,-1.086057067
0.04966786603,-0.8697686791,-1.141823292
0.04966886603,-0.8728520274,-1.147157311
0.04967886603,-0.9017704725,-1.197955489
0.04967986603,-0.9044683576,-1.202779889
0.04968986603,-0.9294663072,-1.24836731
0.04969086603,-0.9317658544,-1.252659321
0.04970086603,-0.9527239203,-1.292818189
0.04970186603,-0.9546141624,-1.296557188
0.04971186603,-0.9714323282,-1.331095934
0.04971286603,-0.9729042053,-1.33426404
0.04972286603,-0.9855021238,-1.363017678
0.04973286603,-0.9942107201,-1.386392474
0.04974286603,-0.9989955425,-1.404296279
0.04975286603,-0.9998378754,-1.416658044
0.04976286603,-0.9967342615,-1.423429132
0.04977286603,-0.9896969795,-1.424582839
0.04978286603,-0.9787538648,-1.420114398
0.04979286603,-0.9639480114,-1.410041571
0.04980286603,-0.9453378916,-1.394403934
0.04981286603,-0.9229969978,-1.373263359
0.04982286603,-0.8970134258,-1.346703172
0.04983286603,-0.8674897552,-1.314828157
0.04984286603,-0.8345425129,-1.277764201
0.04985286603,-0.7983016968,-1.235657454
0.04986286603,-0.758910358,-1.188674092
0.04987286603,-0.7165238857,-1.136999726
0.04988286603,-0.6713097095,-1.080838084
0.04989286603,-0.6234461665,-1.020410776
0.04989386603,-0.6185212731,-1.014140487
0.04990386603,-0.5679619312,-0.9492975473
0.04990486603,-0.562779367,-0.9426007271
0.04991486603,-0.5097657442,-0.8736516237
0.04991586603,-0.504350245,-0.8665601611
0.04992586603,-0.4491354525,-0.7938341498
0.04992686603,-0.4435128272,-0.7863819599
0.04993686603,-0.3863605261,-0.7102262378
0.04993786603,-0.3805576563,-0.7024489641
0.04994786603,-0.3217407167,-0.6232271194
0.04994886603,-0.3157853186,-0.6151618361
0.04995886603,-0.2555846274,-0.5332521796
0.04995986603,-0.2495051026,-0.5249373913
0.04996986603,-0.1882080883,-0.4407310486
0.04997086603,-0.1820335239,-0.4322064519
0.04998086603,-0.1199328825,-0.3461054862
0.04998186603,-0.1136927232,-0.3374117911
0.04999186603,-0.05108499154,-0.2498273253
0.04999286603,-0.04480904341,-0.2410060316
0.05,1.964386719e-15,-0.1778310239
