time_s,input_v,output_v
0,0,0
9.99999944e-11,6.28318503e-07,-1.861655653e-26
1.999999888e-10,1.256637006e-06,-7.275565521e-26
3.999999776e-10,2.513274012e-06,-2.859001526e-25
7.999999552e-10,5.026548024e-06,-1.747241905e-24
1.59999991e-09,1.005309605e-05,-1.286869662e-23
3.199999821e-09,2.01061921e-05,-1.003753495e-22
6.399999641e-09,4.021238419e-05,-7.961958728e-22
1.279999928e-08,8.042476838e-05,-6.349129805e-21
2.559999857e-08,0.0001608495368,-5.072543258e-20
5.119999713e-08,0.0003216990735,-4.055738405e-19
1.023999943e-07,0.0006433980889,-3.243957517e-18
2.047999885e-07,0.001286795945,-2.595296543e-17
4.09599977e-07,0.002573589794,-2.076888655e-16
8.191999541e-07,0.005147162359,-1.662727793e-15
1.638399908e-06,0.01029418875,-1.332199274e-14
3.276799816e-06,0.02058728598,-1.069017514e-13
6.553599633e-06,0.04116584361,-8.604488107e-13
1.310719927e-05,0.08226189762,-6.967748427e-12
2.310719927e-05,0.1446772814,-3.817284336e-11
3.310719927e-05,0.2065216899,-1.115785728e-10
4.310719927e-05,0.2675510347,-2.471266802e-10
5.310719927e-05,0.327524513,-4.65863903e-10
6.310719927e-05,0.3862053752,-7.899618182e-10
7.310719927e-05,0.4433620572,-1.242739911e-09
8.310719927e-05,0.4987690151,-1.848692532e-09
9.310719927e-05,0.5522075295,-2.633520069e-09
0.0001031071993,0.6034667492,-3.624164968e-09
0.0001131071993,0.652344346,-4.848852431e-09
0.0001231071993,0.6986474991,-6.337139258e-09
0.0001331071993,0.7421933413,-8.119966033e-09
0.0001431071993,0.782810092,-1.022971929e-08
0.0001531071993,0.8203374743,-1.270030126e-08
0.0001631071993,0.8546273708,-1.556720619e-08
0.0001731071993,0.8855444193,-1.886761325e-08
0.0001831071993,0.912966609,-2.264047794e-08
0.0001931071993,0.9367857575,-2.692664225e-08
0.0002031071993,0.9569078684,-3.176896612e-08
0.0002131071993,0.9732534885,-3.721244468e-08
0.0002231071993,0.9857580662,-4.330437875e-08
0.0002331071993,0.9943723679,-5.009452053e-08
0.0002431071993,0.9990622997,-5.7635269e-08
0.0002531071993,0.999809444,-6.59818653e-08
0.0002631071993,0.9966107607,-7.519260237e-08
0.0002731071993,0.9894788861,-8.532907714e-08
0.0002831071993,0.9784420133,-9.645644639e-08
0.0002931071993,0.9635437131,-1.08643718e-07
0.0003031071993,0.9448426962,-1.219640353e-07
0.0003131071993,0.9224128127,-1.364950748e-07
0.0003231071993,0.8963426352,-1.523193163e-07
0.0003331071993,0.8667349219,-1.695245686e-07
0.0003431071993,0.833706677,-1.882042824e-07
0.0003531071993,0.7973881364,-2.084580899e-07
0.0003631071993,0.757922709,-2.303922884e-07
0.0003731071993,0.7154660821,-2.541203799e-07
0.0003831071993,0.6701858044,-2.797636967e-07
0.0003931071993,0.6222606301,-3.074520123e-07
0.0004031071993,0.5718796849,-3.373241952e-07
0.0004131071993,0.5192418098,-3.695290332e-07
0.0004231071993,0.4645547271,-4.042260002e-07
0.0004331071993,0.4080342352,-4.415861099e-07
0.0004431071993,0.3499034345,-4.817928811e-07
0.0004531071993,0.2903917134,-5.250431627e-07
0.0004631071993,0.2297339439,-5.715485258e-07
0.0004731071993,0.1681695282,-6.215362305e-07
0.0004831071993,0.1059414148,-6.752504191e-07
0.0004931071993,0.04329520836,-7.329535947e-07
0.0005031071993,-0.01952186786,-7.949279279e-07
0.0005131071993,-0.08226189762,-8.614769627e-07
0.0005231071993,-0.1446772814,-9.329272075e-07
0.0005331071993,-0.2065216899,-1.009629841e-06
0.0005431071993,-0.2675510347,-1.091962645e-06
0.0005531071993,-0.327524513,-1.180332333e-06
0.0005631071993,-0.3862053752,-1.275176373e-06
0.0005731071993,-0.4433620572,-1.37696577e-06
0.0005831071993,-0.4987690151,-1.486207111e-06
0.0005931071993,-0.5522075295,-1.60344598e-06
0.0006031071993,-0.6034667492,-1.729269229e-06
0.0006131071993,-0.652344346,-1.864308615e-06
0.0006231071993,-0.6986474991,-2.009244099e-06
0.0006331071993,-0.7421933413,-2.164807483e-06
0.0006431071993,-0.782810092,-2.331786391e-06
0.0006531071993,-0.8203374743,-2.511028015e-06
0.0006631071993,-0.8546273708,-2.703444579e-06
0.0006731071993,-0.8855444193,-2.910017429e-06
0.0006831071993,-0.912966609,-3.131802714e-06
0.0006931071993,-0.9367857575,-3.369936394e-06
0.0007031071993,-0.9569078684,-3.625641057e-06
0.0007131071993,-0.9732534885,-3.900232514e-06
0.0007231071993,-0.9857580662,-4.195124802e-06
0.0007331071993,-0.9943723679,-4.511841325e-06
0.0007431071993,-0.9990622997,-4.852018719e-06
0.0007531071993,-0.999809444,-5.21741913e-06
0.0007631071993,-0.9966107607,-5.609936579e-06
0.0007731071993,-0.9894788861,-6.031609246e-06
0.0007831071993,-0.9784420133,-6.484629012e-06
0.0007931071993,-0.9635437131,-6.971353287e-06
0.0008031071993,-0.9448426962,-7.494316378e-06
0.0008131071993,-0.9224128127,-8.056244951e-06
0.0008231071993,-0.8963426352,-8.660070307e-06
0.0008331071993,-0.8667349219,-9.308945664e-06
0.0008431071993,-0.833706677,-1.000626071e-05
0.0008531071993,-0.7973881364,-1.075565979e-05
0.0008631071993,-0.757922709,-1.156106191e-05
0.0008731071993,-0.7154660821,-1.242668168e-05
0.0008831071993,-0.6701858044,-1.335704928e-05
0.0008931071993,-0.6222606301,-1.435703689e-05
0.0009031071993,-0.5718796849,-1.543188046e-05
0.0009131071993,-0.5192418098,-1.658720976e-05
0.0009231071993,-0.4645547271,-1.782908112e-05
0.0009331071993,-0.4080342352,-1.916400106e-05
0.0009431071993,-0.3499034345,-2.05989636e-05
0.0009531071993,-0.2903917134,-2.21414939e-05
0.0009631071993,-0.2297339439,-2.379967555e-05
0.0009731071993,-0.1681695282,-2.558220149e-05
0.0009831071993,-0.1059414148,-2.749841769e-05
0.0009931071993,-0.04329520836,-2.955836862e-05
0.001003107199,0.01952186786,-3.17728518e-05
0.001013107199,0.08226189762,-3.415347965e-05
0.001023107199,0.1446772814,-3.671272862e-05
0.001033107199,0.2065216899,-3.946401921e-05
0.001043107199,0.2675510347,-4.24217651e-05
0.001053107199,0.327524513,-4.560147499e-05
0.001063107199,0.3862053752,-4.901981447e-05
0.001073107199,0.4433620572,-5.269469693e-05
0.001083107199,0.4987690151,-5.664537821e-05
0.001093107199,0.5522075295,-6.089256567e-05
0.001103107199,0.6034667492,-6.54585092e-05
0.001113107199,0.652344346,-7.036713214e-05
0.001123107199,0.6986474991,-7.564415137e-05
0.001133107199,0.7421933413,-8.131721552e-05
0.001143107199,0.782810092,-8.741603233e-05
0.001153107199,0.8203374743,-9.397255781e-05
0.001163107199,0.8546273708,-0.0001010211345
0.001173107199,0.8855444193,-0.000108598666
0.001183107199,0.912966609,-0.0001167448499
0.001193107199,0.9367857575,-0.0001255023381
0.001203107199,0.9569078684,-0.0001349169906
0.001213107199,0.9732534885,-0.0001450381096
0.001223107199,0.9857580662,-0.0001559186785
0.001233107199,0.9943723679,-0.0001676156826
0.001243107199,0.9990622997,-0.0001801903563
0.001253107199,0.999809444,-0.0001937085181
0.001263107199,0.9966107607,-0.0002082409628
0.001273107199,0.9894788861,-0.0002238637535
0.001283107199,0.9784420133,-0.0002406586864
0.001293107199,0.9635437131,-0.0002587136696
0.001303107199,0.9448426962,-0.0002781231888
0.001313107199,0.9224128127,-0.000298988889
0.001323107199,0.8963426352,-0.0003214199969
0.001333107199,0.8667349219,-0.0003455338592
0.001343107199,0.833706677,-0.0003714567574
0.001353107199,0.7973881364,-0.0003993243445
0.001363107199,0.757922709,-0.0004292824888
0.001373107199,0.7154660821,-0.0004614879726
0.001383107199,0.6701858044,-0.0004961094237
0.001393107199,0.6222606301,-0.0005333279842
0.001403107199,0.5718796849,-0.0005733384751
0.001413107199,0.5192418098,-0.0006163502694
0.001423107199,0.4645547271,-0.0006625885726
0.001433107199,0.4080342352,-0.0007122952957
0.001443107199,0.3499034345,-0.0007657306851
0.001453107199,0.2903917134,-0.0008231743705
0.001463107199,0.2297339439,-0.0008849269361
0.001473107199,0.1681695282,-0.0009513116674
0.001483107199,0.1059414148,-0.001022676006
0.001493107199,0.04329520836,-0.00109939347
0.001503107199,-0.01952186786,-0.00118186546
0.001513107199,-0.08226189762,-0.00127052376
0.001523107199,-0.1446772814,-0.001365832286
0.001533107199,-0.2065216899,-0.001468289993
0.001543107199,-0.2675510347,-0.00157843309
0.001553107199,-0.327524513,-0.00169683795
0.001563107199,-0.3862053752,-0.001824124367
0.001573107199,-0.4433620572,-0.001960958587
0.001583107199,-0.4987690151,-0.002108056564
0.001593107199,-0.5522075295,-0.002266188385
0.001603107199,-0.6034667492,-0.002436181763
0.001613107199,-0.652344346,-0.002618926112
0.001623107199,-0.6986474991,-0.002815378364
0.001633107199,-0.7421933413,-0.003026566235
0.001643107199,-0.782810092,-0.003253595438
0.001653107199,-0.8203374743,-0.003497654106
0.001663107199,-0.8546273708,-0.003760019783
0.001673107199,-0.8855444193,-0.004042065237
0.001683107199,-0.912966609,-0.00434526708
0.001693107199,-0.9367857575,-0.004671212286
0.001703107199,-0.9569078684,-0.005021606572
0.001713107199,-0.9732534885,-0.005398283713
0.001723107199,-0.9857580662,-0.005803216249
0.001733107199,-0.9943723679,-0.006238522474
0.001743107199,-0.9990622997,-0.006706481334
0.001753107199,-0.999809444,-0.007209541742
0.001763107199,-0.9966107607,-0.007750337478
0.001773107199,-0.9894788861,-0.008331698366
0.001783107199,-0.9784420133,-0.008956667036
0.001793107199,-0.9635437131,-0.009628515691
0.001803107199,-0.9448426962,-0.01035076007
0.001813107199,-0.9224128127,-0.01112718042
0.001823107199,-0.8963426352,-0.01196184102
0.001833107199,-0.8667349219,-0.01285910979
0.001843107199,-0.833706677,-0.01382368337
0.001853107199,-0.7973881364,-0.01486061048
0.001863107199,-0.757922709,-0.01597531885
0.001873107199,-0.7154660821,-0.01717364229
0.001883107199,-0.6701858044,-0.01846185327
0.001893107199,-0.6222606301,-0.01984669268
0.001903107199,-0.5718796849,-0.02133541182
0.001913107199,-0.5192418098,-0.02293580212
0.001923107199,-0.4645547271,-0.02465623803
0.001933107199,-0.4080342352,-0.02650572546
0.001943107199,-0.3499034345,-0.02849394642
0.001953107199,-0.2903917134,-0.03063130379
0.001963107199,-0.2297339439,-0.03292898834
0.001973107199,-0.1681695282,-0.03539902344
0.001983107199,-0.1059414148,-0.03805433959
0.001993107199,-0.04329520836,-0.0409088321
0.002003107199,0.01952186786,-0.04397744685
0.002013107199,0.08226189762,-0.04727623984
0.002023107199,0.1446772814,-0.05082247779
0.002033107199,0.2065216899,-0.05463472381
0.002043107199,0.2675510347,-0.05873293057
0.002053107199,0.327524513,-0.06313854456
0.002063107199,0.3862053752,-0.06787463278
0.002073107199,0.4433620572,-0.07296598703
0.002083107199,0.4987690151,-0.07843923569
0.002093107199,0.5522075295,-0.08432304859
0.002103107199,0.6034667492,-0.09064821154
0.002113107199,0.652344346,-0.09744782746
0.002123107199,0.6986474991,-0.1047574952
0.002133107199,0.7421933413,-0.1126154661
0.002143107199,0.782810092,-0.1210628748
0.002153107199,0.8203374743,-0.1301439255
0.002163107199,0.8546273708,-0.139906168
0.002173107199,0.8855444193,-0.1504006833
0.002183107199,0.912966609,-0.1616823971
0.002193107199,0.9367857575,-0.1738103777
0.002203107199,0.9569078684,-0.1868480891
0.002213107199,0.9732534885,-0.2008637637
0.002223107199,0.9857580662,-0.2159307748
0.002233107199,0.9943723679,-0.2321279794
0.002243107199,0.9990622997,-0.2495401502
0.002253107199,0.999809444,-0.2682584226
0.002263107199,0.9966107607,-0.2883808017
0.002273107199,0.9894788861,-0.3100125492
0.002283107199,0.9784420133,-0.3332669437
0.002293107199,0.9635437131,-0.3582656682
0.002303107199,0.9448426962,-0.3851395547
0.002313107199,0.9224128127,-0.4140293002
0.002323107199,0.8963426352,-0.4450860918
0.002333107199,0.8667349219,-0.478472501
0.002343107199,0.833706677,-0.5143632293
0.002353107199,0.7973881364,-0.5529462099
0.002363107199,0.757922709,-0.5944232941
0.002373107199,0.7154660821,-0.6390116215
0.002383107199,0.6701858044,-0.6869446039
0.002393107199,0.6222606301,-0.7384730577
0.002403107199,0.5718796849,-0.7938667536
0.002404107199,0.566714108,-0.7996271849
0.002414107199,0.513861835,-0.8596081138
0.002415107199,0.508461535,-0.865845561
0.002425107199,0.4533902705,-0.9307935834
0.002426107199,0.4477810562,-0.9375476241
0.002436107199,0.390753746,-1.007874131
0.002437107199,0.3849624395,-1.015187383
0.002447107199,0.3262514174,-1.091337681
0.002448107199,0.3203056157,-1.099256635
0.002458107199,0.2601912022,-1.181713104
0.002459107199,0.2541193366,-1.190287828
0.002469107199,0.1928886026,-1.279572606
0.002470107199,0.186719656,-1.28885746
0.002480107199,0.1246649623,-1.385536075
0.002481107199,0.1184283718,-1.395589709
0.002491107199,0.05584604666,-1.50027442
0.002492107199,0.04957160354,-1.511160731
0.002502107199,-0.01323953643,-1.624514461
0.002503107199,-0.01952186786,-1.636302233
0.002513107199,-0.08226189762,-1.759043097
0.002514107199,-0.08852212876,-1.771807075
0.002524107199,-0.1508914679,-1.9047122
0.002525107199,-0.157099694,-1.918533206
0.002535107199,-0.2188005298,-2.062444448
0.002536107199,-0.2249271125,-2.077409983
0.002546107199,-0.2856648266,-2.233238697
0.002547107199,-0.291680485,-2.249443531
0.002557107199,-0.3511650562,-2.418176651
0.002558107199,-0.3570411205,-2.435723305
0.002568107199,-0.414988488,-2.618429661
0.002569107199,-0.4206968844,-2.637429476
0.002579107199,-0.4768303633,-2.835265875
0.002580107199,-0.4823437929,-2.855839252
0.002590107199,-0.536395371,-3.070058823
0.002591107199,-0.5416875482,-3.092335701
0.002601107199,-0.5933991075,-3.324295044
0.002602107199,-0.5984447598,-3.348416805
0.002612107199,-0.6475693583,-3.599585295
0.002613107199,-0.652344346,-3.625704527
0.002623107199,-0.6986474991,-3.897672415
0.002624107199,-0.7031290531,-3.925954819
0.002634107199,-0.7463895679,-4.220444679
0.002635107199,-0.7505563498,-4.251069069
0.002645107199,-0.7905676365,-4.569946289
0.002646107199,-0.7943996787,-4.603106976
0.002656107199,-0.8309708238,-4.948390961
0.002657107199,-0.8344498277,-4.984297276
0.002667107199,-0.8674060702,-5.358174801
0.002668107199,-0.8705154061,-5.397054672
0.002678107199,-0.8996994495,-5.801893711
0.002679107199,-0.9024243355,-5.843993187
0.002689107199,-0.9276968241,-6.282357693
0.002690107199,-0.9300242066,-6.327943802
0.002700107199,-0.951264441,-6.802609444
0.002701107199,-0.9531832337,-6.851970673
0.002711107199,-0.9702897668,-7.365944386
0.002712107199,-0.9717907906,-7.419393063
0.002722107199,-0.9846820235,-7.975929737
0.002723107199,-0.9857580662,-8.033804893
0.002733107199,-0.9943723679,-8.636428833
0.002734107199,-0.995018363,-8.69909668
0.002744107199,-0.9993146062,-9.351625443
0.002745107199,-0.999527514,-9.419482231
0.002755107199,-0.9994851947,-10.12604809
0.002756107199,-0.9992638826,-10.19952393
0.002766107199,-0.9948831797,-10.96460152
0.002767107199,-0.9942287803,-11.04416275
0.002777107199,-0.9855306745,-11.87259769
0.002778107199,-0.9844462276,11.27080154
0.002779107199,-0.9833229184,12.1696949
0.002779667234,-0.9826768637,11.32417488
0.002780201959,-0.9820486903,12.11499214
0.002780791441,-0.981343329,11.38194656
0.002781341758,-0.9806726575,12.07010174
0.00278190284,-0.9799767733,11.4329586
0.002782465413,-0.9792668819,12.03087997
0.002783019336,-0.9785558581,11.47751999
0.002783575446,-0.9778301716,11.99675274
0.002784127258,-0.9770982862,11.51687717
0.00278467507,-0.9763600826,11.96724701
0.002785219404,-0.9756150842,11.55180836
0.002785758015,-0.9748667479,11.94163609
0.002786312273,-0.9740849733,11.58245945
0.002786879811,-0.9732722044,11.92085171
0.002787474799,-0.9724068642,11.60833168
0.002788105713,-0.9714744091,11.90520954
0.002788781775,-0.9704583287,11.62977982
0.002789517741,-0.9693322778,11.89455223
0.002790325313,-0.9680728316,11.64766502
0.002791222634,-0.9666441679,11.88845634
0.002792228007,-0.9650069475,11.663064
0.002793364549,-0.9631097913,11.88646984
0.002794714721,-0.9607922435,11.67712593
0.002796365578,-0.9578645825,11.8892746
0.002798485527,-0.9539539218,11.69167614
0.002801375787,-0.9483497739,11.89897633
0.002805598925,-0.9395993948,11.71124744
0.002812336362,-0.9242725372,11.92175961
0.002822336362,-0.8984794617,11.74456692
0.002832336362,-0.8691404462,11.95388031
0.002842336362,-0.8363714218,11.77234268
0.002852336362,-0.8003015518,11.9753046
0.002862336362,-0.7610732913,11.79132175
0.002872336362,-0.7188414335,11.98951435
0.002872376981,-0.7186639905,-7.100354195
0.00287245822,-0.7183089852,-14.54682636
0.002872485642,-0.7181890607,-11.26241112
0.00287250198,-0.7181176543,-11.68292046
0.002872516967,-0.7180520892,-11.72018909
0.002872533431,-0.7179800868,-11.72556305
0.002872566359,-0.717836082,-11.72634125
0.002872632217,-0.7175479531,-11.72639656
0.002872763931,-0.7169712782,-11.72703171
0.002873027359,-0.7158164382,-11.72795582
0.002873554216,-0.7135009766,-11.73006821
0.00287460793,-0.7088465691,-11.73397636
0.002876715358,-0.6994447112,-11.74179363
0.002880930213,-0.6802748442,-11.75626755
0.002889359924,-0.6405175924,-11.78211689
0.002899359924,-0.5910341144,-11.80757713
0.002909359924,-0.5392180681,-11.82862949
0.002919359924,-0.4852740169,-11.84577847
0.002929359924,-0.4294147789,-11.86000443
0.002939359924,-0.3718608618,-11.87154865
0.002949359924,-0.312839359,-11.88116837
0.002959359924,-0.2525832355,-11.88893127
0.002960609924,-0.2449761927,-11.88983154
0.002963109924,-0.2297172695,-11.89151573
0.002963734924,-0.2258935422,-11.89192104
0.002964984924,-0.2182356864,-11.89272308
0.002965297424,-0.2163190991,-11.89291954
0.002965922424,-0.212483421,-11.89331055
0.002966078674,-0.2115239948,-11.89340782
0.002966391174,-0.2096045166,-11.89360046
0.002966504631,-0.2089074403,8.234093666
0.002966573169,-0.2084862739,13.65984726
0.002966629975,-0.2081371844,10.78786087
0.002966653814,-0.2079906762,11.81608582
0.002966676808,-0.2078493685,11.71959686
0.002966701065,-0.2077002823,11.72736835
0.002966728372,-0.2075324357,11.72663307
0.002966782986,-0.2071967423,11.72701836
0.002966892215,-0.206525296,11.72734833
0.002967110672,-0.2051820755,11.72826385
0.002967547586,-0.2024945021,11.72988224
0.002968421415,-0.1971147954,11.73325634
0.002970169072,-0.1863377094,11.73966599
0.002973664387,-0.1647174507,11.75200844
0.002980655016,-0.1212490499,11.77416325
0.002990655016,-0.05868253112,11.80116463
0.003000655016,0.004115577787,11.82324314
0.003010655016,0.06689744443,11.84147358
0.003020655016,0.1294153035,11.8563509
0.003030655016,0.1914224029,11.86866474
0.003040655016,0.252674073,11.87868309
0.003050655016,0.3129285276,11.88700676
0.003060655016,0.3719480038,11.89374828
0.003060811266,0.3728591204,11.89386845
0.003061123766,0.3746803105,-10.32642555
0.003061209948,0.3751823008,-12.60538006
0.003061295895,0.3756828308,-11.17512512
0.003061340199,0.3759407997,-11.93898773
0.003061384932,0.3762012124,-11.64443302
0.003061431018,0.3764694929,-11.76026344
0.003061478453,0.3767456114,-11.71361923
0.003061555782,0.3771956265,-11.73575783
0.003061670164,0.3778611422,-11.72231007
0.003061889127,0.3791345656,-11.73370552
0.003062327053,0.3816792667,-11.72619438
0.003063202904,0.3867599666,-11.73809052
0.003064954607,0.3968861103,-11.73624992
0.003068458012,0.4169929326,-11.75668049
0.003075464823,0.4565908015,-11.77076435
0.003085464823,0.5115531087,-11.80565453
0.003095464823,0.5644965172,-11.81967831
0.003105464823,0.6152121425,-11.84577084
0.003115464823,0.6634997725,-11.85268307
0.003125464823,0.709168911,-11.87282085
0.003135464823,0.7520392537,-11.87495708
0.003145464823,0.7919417024,-11.89105797
0.003155464823,0.8287186623,-11.88999176
0.003155505448,0.828861475,7.120346546
0.003155586698,0.8291469812,14.53496361
0.003155614124,0.8292433023,11.26424885
0.003155630493,0.8293007612,11.68360424
0.003155645515,0.8293535113,11.7203989
0.003155662014,0.829411447,11.72566128
0.003155695012,0.8295272589,11.7264185
0.003155761007,0.8297587633,11.72648048
0.003155892996,0.8302212954,11.72711277
0.003156156976,0.8311447501,11.7280407
0.003156684936,0.8329847455,11.73015499
0.003157740856,0.8366372585,11.73407173
0.003159852695,0.8438316584,11.74189854
0.003164076373,0.8577734232,11.75639534
0.00317252373,0.8838353753,11.78227329
0.00318252373,0.9114646316,11.80770683
0.00319252373,0.9354967475,11.8287344
0.00320252373,0.9558368325,11.84586716
0.00321252373,0.9724047184,11.860075
0.00322252373,0.9851349592,11.87160778
0.00323252373,0.9939773083,11.88121605
0.00324252373,0.9988968968,11.88897228
0.00324377373,0.9992348552,11.88987064
0.00324627373,0.9997259378,11.89155293
0.00324689873,0.9998101592,11.89195824
0.00324814873,0.9999323487,11.89275837
0.00324846123,0.99995327,11.89295483
0.00324908623,0.9999834895,11.89334583
0.00324924248,0.9999886751,11.89344215
0.00324955498,0.9999960661,11.8936348
0.003249668436,0.9999978542,-8.234059334
0.003249736975,0.9999986291,-13.65981293
0.003249793781,0.9999991655,-10.78782654
0.00324981762,0.9999993443,-11.81605053
0.003249840613,0.9999995232,-11.71956348
0.00324986487,0.9999996424,-11.72733402
0.003249892177,0.9999997616,-11.72659874
0.003249946791,0.9999999404,-11.72698402
0.00325005602,0.9999999404,-11.727314
0.003250274476,0.9999985099,-11.72823048
0.00325071139,0.9999899864,-11.72984886
0.003251585217,0.9999504089,-11.73322296
0.003253332872,0.9997807145,-11.73963451
0.003256828181,0.9990798235,-11.75197792
0.003263818799,0.9962329865,-11.7741375
0.003273818799,0.9888221622,-11.80114269
0.003283818799,0.9775088429,-11.82322598
0.003293818799,0.9623377919,-11.84145927
0.003303818799,0.9433688521,-11.8563385
0.003313818799,0.9206768274,-11.8686552
0.003323818799,0.8943513632,-11.87867546
0.003333818799,0.8644962311,-11.88700008
0.003343818799,0.8312293887,-11.89374256
0.003343975049,0.8306831717,-11.89386272
0.003344287549,0.8295884132,10.32643032
0.003344373731,0.8292859197,12.60538483
0.003344459677,0.8289840221,11.17512989
0.003344503982,0.8288283348,11.93899345
0.003344548714,0.8286710382,11.64443779
0.003344594801,0.8285089135,11.76026821
0.003344642236,0.8283419609,11.71362495
0.003344719565,0.8280696869,11.7357626
0.003344833947,0.8276665807,11.72231579
0.003345052909,0.8268936872,11.73371124
0.003345490835,0.8253431916,11.72619915
0.003346366686,0.8222234249,11.73809528
0.003348118389,0.8159093857,11.73625565
0.003351621794,0.802985549,11.7566843
0.003358628603,0.7759770751,11.77076912
0.003368628603,0.7348400354,11.80565834
0.003378628603,0.6908029318,11.81968021
0.003388628603,0.6440395713,11.84577274
0.003398628603,0.5947344303,11.85268497
0.003408628603,0.5430821776,11.87282276
0.003418628603,0.4892866015,11.87495804
0.003428628603,0.4335600436,11.89105892
0.003438628603,0.3761224151,11.88999271
0.003438669228,0.3758859038,-7.120345592
0.003438750478,0.375412792,-14.53496265
0.003438777904,0.3752530515,-11.26424789
0.003438794274,0.3751577139,-11.68360329
0.003438809296,0.3750702441,-11.7203989
0.003438825794,0.3749741316,-11.72566032
0.003438858792,0.3747819364,-11.72641754
0.003438924787,0.3743974566,-11.72647953
0.003439056777,0.3736283183,-11.72711182
0.003439320757,0.3720892966,-11.72803974
0.003439848716,0.3690081835,-11.73015404
0.003440904636,0.3628337979,-11.73407078
0.003443016475,0.3504373729,-11.74189758
0.003447240153,0.3254616261,-11.75639439
0.00345568751,0.2748402953,-11.78227234
0.00346568751,0.2139254957,-11.80770683
0.00347568751,0.152166456,-11.82873344
0.00348568751,0.08980686963,-11.84586716
0.00349568751,0.02709286101,-11.86007404
0.00350568751,-0.03572807088,-11.87160778
0.00351568751,-0.09840799868,-11.88121605
0.00352568751,-0.1606995612,-11.88897228
0.00352693751,-0.1684464365,-11.88987064
0.00352943751,-0.1839085221,-11.89155293
0.00353006251,-0.1877671033,-11.89195728
0.00353131251,-0.1954755187,-11.89275837
0.00353162501,-0.1974007636,-11.89295483
0.00353225001,-0.2012489438,-11.89334583
0.00353240626,-0.2022105157,-11.89344215
0.00353271876,-0.2041330487,-11.8936348
0.003532832216,-0.2048308551,8.234059334
0.003532900754,-0.2052523494,13.65981293
0.00353295756,-0.2056016624,10.78782749
0.003532981399,-0.2057482451,11.81605053
0.003533004393,-0.2058896124,11.71956348
0.00353302865,-0.2060387582,11.72733402
0.003533055957,-0.2062066495,11.72659874
0.003533110571,-0.2065424174,11.72698402
0.003533219799,-0.2072138786,11.72731495
0.003533438256,-0.2085564882,11.72823048
0.00353387517,-0.2112405449,11.72984886
0.003534748997,-0.2166038603,11.73322296
0.003536496652,-0.227310732,11.73963451
0.003539991961,-0.2486409545,11.75197792
0.003546982579,-0.2909314334,11.7741375
0.003556982579,-0.3504317999,11.80114269
0.003566982579,-0.4085491598,11.82322598
0.003576982579,-0.4650541842,11.84145927
0.003586982579,-0.5197238326,11.8563385
0.003596982579,-0.5723423958,11.8686552
0.003606982579,-0.6227021217,11.87867546
0.003616982579,-0.6706044078,11.88700104
0.003626982579,-0.7158600688,11.89374256
0.003627138829,-0.7165452242,11.89386272
0.003627451329,-0.7179134488,-10.32643032
0.003627537511,-0.7182902694,-12.60538483
0.003627623457,-0.7186658978,-11.17512989
0.003627667762,-0.7188594341,-11.93899345
0.003627712494,-0.7190548182,-11.64443779
0.003627758581,-0.7192559838,-11.76026821
0.003627806016,-0.7194630504,-11.71362495
0.003627883345,-0.7198004127,-11.7357626
0.003627997726,-0.7202991247,-11.72231579
0.003628216689,-0.7212527394,-11.73371124
0.003628654615,-0.7231559753,-11.72619915
0.003629530466,-0.7269459367,-11.73809528
0.003631282169,-0.7344596982,-11.73625565
0.003634785573,-0.7492194176,-11.7566843
0.003641792383,-0.7776428461,-11.77076912
0.003651792383,-0.8155851364,-11.80565834
0.003661792383,-0.8503086567,-11.81968021
0.003671792383,-0.8816764355,-11.84577274
0.003681792383,-0.9095646739,-11.85268497
0.003691792383,-0.9338632226,-11.87282276
0.003701792383,-0.9544762373,-11.87495804
0.003711792383,-0.9713224173,-11.89105892
0.003721792383,-0.9843351841,-11.88999271
0.003721833008,-0.984380126,7.120345592
0.003721914258,-0.9844698906,14.53496265
0.003721941684,-0.9845001101,11.26424789
0.003721958054,-0.9845181704,11.68360329
0.003721973076,-0.9845347404,11.7203989
0.003721989574,-0.9845528603,11.72566032
0.003722022572,-0.9845891595,11.72641754
0.003722088567,-0.9846615791,11.72647953
0.003722220557,-0.9848059416,11.72711182
0.003722484537,-0.9850926399,11.72803974
0.003723012496,-0.9856578708,11.73015404
0.003724068416,-0.9867557883,11.73407078
0.003726180255,-0.9888212681,11.74189758
0.003730403933,-0.9924296141,11.75639439
0.00373885129,-0.9975475669,11.78227234
0.00374885129,-0.9999739528,11.80770683
0.00375885129,-0.9984539151,11.82873344
0.00376885129,-0.992993474,11.84586716
0.00377885129,-0.9836140871,11.86007404
0.00378885129,-0.9703528285,11.87160778
0.00379885129,-0.9532620907,11.88121605
0.00380885129,-0.9324092269,11.88897228
0.00381010129,-0.9295420051,11.88987064
0.00381260129,-0.9236357808,11.89155293
0.00381322629,-0.9221235514,11.89195728
0.00381447629,-0.9190564752,11.89275837
0.00381478879,-0.9182808399,11.89295483
0.00381541379,-0.9167189598,11.89334583
0.00381557004,-0.9163262844,11.89344215
0.00381588254,-0.9155382514,11.8936348
0.003815995996,-0.9152513146,-8.234059334
0.003816064534,-0.9150777459,-13.65981293
0.00381612134,-0.9149337411,-10.78782749
0.003816145179,-0.9148732424,-11.81605053
0.003816168173,-0.914814949,-11.71956348
0.00381619243,-0.9147533774,-11.72733402
0.003816219737,-0.9146840572,-11.72659874
0.003816274351,-0.9145452976,-11.72698402
0.003816383579,-0.9142674804,-11.72731495
0.003816602036,-0.9137105346,-11.72823048
0.00381703895,-0.9125915766,-11.72984886
0.003817912777,-0.9103329182,-11.73322296
0.003819660432,-0.9057334065,-11.73963451
0.003823155741,-0.8962073326,-11.75197792
0.003830146359,-0.8758633137,-11.7741375
0.003840146359,-0.8438348174,-11.80114269
0.003850146359,-0.80847615,-11.82322598
0.003860146359,-0.7699267268,-11.84145927
0.003870146359,-0.7283388376,-11.8563385
0.003880146359,-0.6838764548,-11.8686552
0.003890146359,-0.6367151737,-11.87867546
0.003900146359,-0.5870410204,-11.88700104
0.003910146359,-0.5350501537,-11.89374256
0.003910302609,-0.5342204571,-11.89386272
0.003910615109,-0.5325596333,10.32643032
0.00391070129,-0.5321012139,12.60538483
0.003910787237,-0.5316439271,11.17512989
0.003910831542,-0.5314081311,11.93899345
0.003910876274,-0.5311700106,11.64443779
0.00391092236,-0.5309246182,11.76026821
0.003910969796,-0.5306720734,11.71362495
0.003911047125,-0.5302601457,11.7357626
0.003911161506,-0.5296506882,11.72231579
0.003911380469,-0.5284832716,11.73371124
0.003911818395,-0.526145339,11.72619915
0.003912694246,-0.5214575529,11.73809528
0.003914445948,-0.5120347738,11.73625565
0.003917949353,-0.4930042326,11.7566843
0.003924956163,-0.4542359114,11.77076912
0.003934956163,-0.3974006474,11.80565834
0.003944956163,-0.338997066,11.81968021
0.003954956163,-0.2792555988,11.84577274
0.003964956163,-0.2184120417,11.85268497
0.003974956163,-0.1567064971,11.87282276
0.003984956163,-0.09438252449,11.87495804
0.003994956163,-0.03168605641,11.89105892
0.004004956163,0.0311354585,11.88999271
0.004004996788,0.03139058873,-7.120345592
0.004005078038,0.03190084174,-14.53496265
0.004005105464,0.03207307681,-11.26424789
0.004005121834,0.0321758762,-11.68360329
0.004005136855,0.03227021173,-11.7203989
0.004005153354,0.03237382323,-11.72566032
0.004005186352,0.0325810425,-11.72641754
0.004005252347,0.03299547732,-11.72647953
0.004005384337,0.03382433206,-11.72711182
0.004005648317,0.03548197076,-11.72803974
0.004006176276,0.03879695013,-11.73015404
0.004007232196,0.04542559013,-11.73407078
0.004009344035,0.05867658183,-11.74189758
0.004013567713,0.08514523506,-11.75639439
0.004022015069,0.1378840655,-11.78227234
0.004032015069,0.1998027563,-11.80770683
0.004042015069,0.2609329224,-11.82873344
0.004052015069,0.3210332692,-11.84586716
0.004062015069,0.3798666894,-11.86007404
0.004072015069,0.4372009337,-11.87160778
0.004082015069,0.4928097427,-11.88121605
0.004092015069,0.5464736223,-11.88897228
0.004093265069,0.553034246,-11.88987064
0.004095765069,0.5660526752,-11.89155293
0.004096390069,0.5692856312,-11.89195728
0.004097640069,0.5757250786,-11.89275837
0.004097952569,0.5773293972,-11.89295483
0.004098577569,0.5805313587,-11.89334583
0.004098733819,0.5813304782,-11.89344215
0.004099046319,0.5829269886,-11.8936348
0.004099159776,0.5835060477,8.234059334
0.004099228314,0.5838557482,13.65981293
0.00409928512,0.5841454268,10.78782749
0.004099308959,0.5842670202,11.81605053
0.004099331953,0.5843842626,11.71956348
0.00409935621,0.5845079422,11.72733402
0.004099383517,0.584647119,11.72659874
0.004099438131,0.5849254727,11.72698402
0.004099547359,0.5854820013,11.72731495
0.004099765816,0.586594224,11.72823048
0.00410020273,0.5888152719,11.72984886
0.004101076557,0.5932441354,11.73322296
0.004102824211,0.6020479798,11.73963451
0.004106319521,0.6194369197,11.75197792
0.004113310139,0.6533102989,11.7741375
0.004123310139,0.6995592117,11.80114269
0.004133310139,0.743047297,11.82322598
0.004143310139,0.783602953,11.84145927
0.004153310139,0.8210660219,11.8563385
0.004163310139,0.855288744,11.8686552
0.004173310139,0.886136055,11.87867546
0.004183310139,0.9134861827,11.88700104
0.004193310139,0.9372311831,11.89374256
0.004193466389,0.9375730753,11.89386272
0.004193778889,0.938254118,-10.32643032
0.00419386507,0.9384413362,-12.60538483
0.004193951017,0.9386277199,-11.17512989
0.004193995322,0.938723743,-11.93899345
0.004194040054,0.9388205409,-11.64443779
0.00419408614,0.9389202595,-11.76026821
0.004194133576,0.9390227795,-11.71362495
0.004194210905,0.9391897321,-11.7357626
0.004194325286,0.9394363165,-11.72231579
0.004194544249,0.9399068952,-11.73371124
0.004194982175,0.9408428073,-11.72619915
0.004195858026,0.9426932931,-11.73809528
0.004197609728,0.946308434,-11.73625565
0.004201113133,0.953194499,-11.7566843
0.004208119943,0.96557796,-11.77076912
0.004218119943,0.9800052643,-11.80565834
0.004228119943,0.990565002,-11.81968021
0.004238119943,0.9972153902,-11.84577274
0.004248119943,0.999930203,-11.85268497
0.004258119943,0.9986988306,-11.87282276
0.004268119943,0.9935259819,-11.87495804
0.004278119943,0.9844321609,-11.89105892
0.004288119943,0.9714532495,-11.88999271
0.004288160568,0.9713926315,7.120345592
0.004288241818,0.9712712765,14.53496265
0.004288269244,0.9712302685,11.26424789
0.004288285614,0.971205771,11.68360329
0.004288300635,0.9711832404,11.7203989
0.004288317134,0.9711585641,11.72566032
0.004288350132,0.9711090922,11.72641754
0.004288416127,0.9710100889,11.72647953
0.004288548117,0.9708114862,11.72711182
0.004288812096,0.9704123139,11.72803974
0.004289340056,0.9696060419,11.73015404
0.004290395976,0.9679614305,11.73407078
0.004292507815,0.9645444751,11.74189758
0.004296731493,0.9572017193,11.75639439
0.004305178849,0.9404995441,11.78227234
0.004315178849,0.9173077345,11.80770683
0.004325178849,0.8904957771,11.82873344
0.004335178849,0.8601694703,11.84586716
0.004345178849,0.8264484406,11.86007404
0.004355178849,0.789465785,11.87160778
0.004365178849,0.7493674755,11.88121605
0.004375178849,0.7063117027,11.88897228
0.004376428849,0.700730145,11.88987064
0.004378928849,0.6894376874,11.89155293
0.004379553849,0.6865878701,11.89195728
0.004380803849,0.6808565855,11.89275837
0.004381116349,0.6794171333,11.89295483
0.004381741349,0.6765304804,11.89334583
0.004381897599,0.675807178,11.89344215
0.004382210099,0.6743586063,11.8936348
0.004382323556,0.6738320589,-8.234059334
0.004382392094,0.6735138297,-13.65981293
0.0043824489,0.6732499599,-10.78782749
0.004382472739,0.6731392145,-11.81605053
0.004382495732,0.6730323434,-11.71956348
0.004382519989,0.672919631,-11.72733402
0.004382547297,0.6727926731,-11.72659874
0.004382601911,0.6725387573,-11.72698402
0.004382711139,0.6720306873,-11.72731495
0.004382929596,0.6710136533,-11.72823048
0.00438336651,0.6689757109,-11.72984886
0.004384240337,0.6648846865,-11.73322296
0.004385987991,0.6566426754,-11.73963451
0.0043894833,0.639922142,-11.75197792
0.004396473918,0.6055633426,-11.7741375
0.004406473918,0.554399848,-11.80114269
0.004416473918,0.5010484457,-11.82322598
0.004426473918,0.4457196295,-11.84145927
0.004436473918,0.3886317313,-11.8563385
0.004446473918,0.3300101161,-11.8686552
0.004456473918,0.2700860798,-11.87867546
0.004466473918,0.2090961486,-11.88700104
0.004476473918,0.147281006,-11.89374256
0.004476630168,0.1463098824,-11.89386272
0.004476942668,0.1443672478,10.32643032
0.00447702885,0.1438314021,12.60538483
0.004477114797,0.1432969719,11.17512989
0.004477159102,0.1430214643,11.93899345
0.004477203834,0.1427432895,11.64443779
0.00447724992,0.1424566805,11.76026821
0.004477297356,0.1421616673,11.71362495
0.004477374685,0.1416807175,11.7357626
0.004477489066,0.1409692466,11.72231579
0.004477708029,0.1396070719,11.73371124
0.004478145955,0.1368819177,11.72619915
0.004479021806,0.1314285398,11.73809528
0.004480773508,0.120509997,11.73625565
0.004484276913,0.09863045067,11.7566843
0.004491283723,0.05473861098,11.77076912
0.004501283723,-0.008065781556,11.80565834
0.004511283723,-0.07083833963,11.81968021
0.004521283723,-0.1333313435,11.84577274
0.004531283723,-0.1952981353,11.85268497
0.004541283723,-0.2564941645,11.87282276
0.004551283723,-0.3166779578,11.87495804
0.004561283723,-0.3756119609,11.89105892
0.004571283723,-0.4330635667,11.88999271
0.004571324348,-0.4332936406,-7.120345592
0.004571405598,-0.4337536693,-14.53496265
0.004571433024,-0.4339089394,-11.26424789
0.004571449393,-0.4340015948,-11.68360329
0.004571464415,-0.4340866506,-11.7203989
0.004571480914,-0.4341800213,-11.72566032
0.004571513912,-0.4343667924,-11.72641754
0.004571579906,-0.4347402453,-11.72647953
0.004571711896,-0.4354869425,-11.72711182
0.004571975876,-0.4369794428,-11.72803974
0.004572503836,-0.4399608076,-11.73015404
0.004573559756,-0.4459090233,-11.73407078
0.004575671595,-0.4577462673,-11.74189758
0.004579895273,-0.4811769426,-11.75639439
0.004588342629,-0.527005434,-11.78227234
0.004598342629,-0.5793287754,-11.80770683
0.004608342629,-0.6293658018,-11.82873344
0.004618342629,-0.6769189835,-11.84586716
0.004628342629,-0.7218006253,-11.86007404
0.004638342629,-0.7638337016,-11.87160778
0.004648342629,-0.802852273,-11.88121605
0.004658342629,-0.8387023807,-11.88897228
0.004659592629,-0.8429536819,-11.88987064
0.004662092629,-0.8513000011,-11.89155293
0.004662717629,-0.853353858,-11.89195728
0.004663967629,-0.8574219942,-11.89275837
0.004664280129,-0.8584308028,-11.89295483
0.004664905129,-0.8604384661,-11.89334583
0.004665061379,-0.860938251,-11.89344215
0.004665373879,-0.8619354963,-11.8936348
0.004665487336,-0.8622967005,8.234059334
0.004665555874,-0.8625146747,13.65981293
0.00466561268,-0.8626952171,10.78782749
0.004665636519,-0.8627709746,11.81605053
0.004665659512,-0.8628439903,11.71956348
0.004665683769,-0.8629210591,11.72733402
0.004665711076,-0.8630077243,11.72659874
0.004665765691,-0.8631810546,11.72698402
0.004665874919,-0.8635273576,11.72731495
0.004666093376,-0.8642187715,11.72823048
0.004666530289,-0.865596652,11.72984886
0.004667404117,-0.8683328629,11.73322296
0.004669151771,-0.8737267256,11.73963451
0.00467264708,-0.8841976523,11.75197792
0.004679637698,-0.903855443,11.7741375
0.004689637698,-0.9289360642,11.80114269
0.004699637698,-0.9503505826,11.82322598
0.004709637698,-0.9680145383,11.84145927
0.004719637698,-0.9818581343,11.8563385
0.004729637698,-0.9918268323,11.8686552
0.004739637698,-0.9978812337,11.87867546
0.004749637698,-0.999997437,11.88700104
0.004759637698,-0.9981670976,11.89374256
0.004759793948,-0.9981071949,11.89386272
0.004760106448,-0.9979845285,-10.32643032
0.00476019263,-0.9979500175,-12.60538483
0.004760278577,-0.9979152679,-11.17512989
0.004760322881,-0.9978972673,-11.93899345
0.004760367614,-0.9978790283,-11.64443779
0.0047604137,-0.9978601336,-11.76026821
0.004760461135,-0.9978405833,-11.71362495
0.004760538465,-0.9978085756,-11.7357626
0.004760652846,-0.9977607727,-11.72231579
0.004760871809,-0.9976677895,-11.73371124
0.004761309735,-0.9974762201,-11.72619915
0.004762185586,-0.9970703721,-11.73809528
0.004763937288,-0.9961681366,-11.73625565
0.004767440693,-0.9940018058,-11.7566843
0.004774447503,-0.9882254601,-11.77076912
0.004784447503,-0.976668179,-11.80565834
0.004794447503,-0.9612563848,-11.81968021
0.004804447503,-0.9420509934,-11.84577274
0.004814447503,-0.9191277623,-11.85268497
0.004824447503,-0.8925771713,-11.87282276
0.004834447503,-0.8625039458,-11.87495804
0.004844447503,-0.8290268183,-11.89105892
0.004854447503,-0.7922779322,-11.88999271
0.004854488128,-0.7921221256,7.120345592
0.004854569378,-0.7918104529,14.53496265
0.004854596804,-0.7917051911,11.26424789
0.004854613173,-0.7916423678,11.68360329
0.004854628195,-0.7915846705,11.7203989
0.004854644694,-0.7915213108,11.72566032
0.004854677691,-0.7913945913,11.72641754
0.004854743686,-0.7911410332,11.72647953
0.004854875676,-0.7906335592,11.72711182
0.004855139656,-0.7896168828,11.72803974
0.004855667616,-0.7875770926,11.73015404
0.004856723536,-0.7834714651,11.73407078
0.004858835375,-0.7751569748,11.74189758
0.004863059053,-0.7581200004,11.75639439
0.004871506409,-0.7224568129,11.78227234
0.004881506409,-0.6776168346,11.80770683
0.004891506409,-0.6301025748,11.82873344
0.004901506409,-0.5801016688,11.84586716
0.004911506409,-0.5278112888,11.86007404
0.004921506409,-0.4734379351,11.87160778
0.004931506409,-0.4171961248,11.88121605
0.004941506409,-0.3593078256,11.88897228
0.004942756409,-0.3519673347,11.88987064
0.004945256409,-0.3372216523,11.89155293
0.004945881409,-0.3335221112,11.89195728
0.004947131409,-0.3261076212,11.89275837
0.004947443909,-0.3242508173,11.89295483
0.004948068909,-0.320533514,11.89334583
0.004948225159,-0.3196034133,11.89344215
0.004948537659,-0.3177422881,11.8936348
0.004948651116,-0.317066282,-8.234059334
0.004948719654,-0.3166578412,-13.65981293
0.00494877646,-0.316319257,-10.78782749
0.004948800299,-0.3161771595,-11.81605053
0.004948823292,-0.3160400987,-11.71956348
0.004948847549,-0.3158954978,-11.72733402
0.004948874856,-0.3157326877,-11.72659874
0.004948929471,-0.3154070675,-11.72698402
0.004949038699,-0.3147557378,-11.72731495
0.004949257156,-0.3134526014,-11.72823048
0.004949694069,-0.3108445704,-11.72984886
0.004950567897,-0.305621475,-11.73322296
0.004952315551,-0.2951478064,-11.73963451
0.00495581086,-0.2740950286,-11.75197792
0.004962801478,-0.2316030413,-11.7741375
0.004972801478,-0.1700627506,-11.80114269
0.004982801478,-0.1078513116,-11.82322598
0.004992801478,-0.04521422461,-11.84145927
0.005002801478,0.01760129817,-11.8563385
0.005012801478,0.08034735918,-11.8686552
0.005022801478,0.1427763253,-11.87867546
0.005032801478,0.204641819,-11.88700104
0.005042801478,0.2656996846,-11.89374256
0.005042957728,0.2666460276,-11.89386272
0.005043270228,0.2685379088,10.32643032
0.00504335641,0.2690594792,12.60538483
0.005043442357,0.2695795298,11.17512989
0.005043486661,0.2698476017,11.93899345
0.005043531394,0.2701182067,11.64443779
0.00504357748,0.2703970075,11.76026821
0.005043624915,0.2706839442,11.71362495
0.005043702244,0.2711516321,11.7357626
0.005043816626,0.271843344,11.72231579
0.005044035589,0.2731670439,11.73371124
0.005044473514,0.2758129239,11.72619915
0.005045349366,0.2810983956,11.73809528
0.005047101068,0.2916436493,11.73625565
0.005050604473,0.3126268983,11.7566843
0.005057611283,0.3541288376,11.77076912
0.005067611283,0.4121515155,11.80565834
0.005077611283,0.4685476422,11.81968021
0.005087611283,0.5230945945,11.84577274
0.005097611283,0.5755771995,11.85268497
0.005107611283,0.6257882118,11.87282276
0.005117611283,0.6735295057,11.87495804
0.005127611283,0.7186127305,11.89105892
0.005137611283,0.7608599067,11.88999271
0.005137651908,0.7610254884,-7.120345592
0.005137733158,0.7613565922,-14.53496265
0.005137760584,0.7614682913,-11.26424789
0.005137776953,0.7615349293,-11.68360329
0.005137791975,0.7615961432,-11.7203989
0.005137808474,0.7616633177,-11.72566032
0.005137841471,0.7617976069,-11.72641754
0.005137907466,0.7620661855,-11.72647953
0.005138039456,0.7626029253,-11.72711182
0.005138303436,0.7636747956,-11.72803974
0.005138831396,0.7658122182,-11.73015404
0.005139887315,0.7700617313,-11.73407078
0.005141999155,0.7784589529,-11.74189758
0.005146222833,0.7948407531,-11.75639439
0.005154670189,0.8259140253,-11.78227234
0.005164670189,0.8596853018,-11.80770683
0.005174670189,0.8900638223,-11.82873344
0.005184670189,0.9169296622,-11.84586716
0.005194670189,0.940176785,-11.86007404
0.005204670189,0.959713459,-11.87160778
0.005214670189,0.9754626155,-11.88121605
0.005224670189,0.9873620272,-11.88897228
0.005225920189,0.988576293,-11.88987064
0.005228420189,0.9908217788,-11.89155293
0.005229045189,0.9913449287,-11.89195728
0.005230295189,0.9923454523,-11.89275837
0.005230607689,0.9925860167,-11.89295483
0.005231232689,0.9930556417,-11.89334583
0.005231388939,0.9931706786,-11.89344215
0.005231701439,0.9933978319,-11.8936348
0.005231814895,0.9934793711,8.234059334
0.005231883434,0.9935283661,13.65981293
0.00523194024,0.9935688376,10.78782749
0.005231964079,0.993585825,11.81605053
0.005231987072,0.9936021566,11.71956348
0.005232011329,0.9936193228,11.72733402
0.005232038636,0.9936386943,11.72659874
0.00523209325,0.9936772585,11.72698402
0.005232202479,0.9937540889,11.72731495
0.005232420936,0.9939063191,11.72823048
0.005232857849,0.9942051768,11.72984886
0.005233731677,0.9947804213,11.73322296
0.005235479331,0.9958409071,11.73963451
0.00523897464,0.9976015091,11.75197792
0.005245965258,0.9996786714,11.7741375
0.005255965258,0.9992976785,11.80114269
0.005265965258,0.9949728847,11.82322598
0.005275965258,0.9867213964,11.84145927
0.005285965258,0.9745758176,11.8563385
0.005295965258,0.9585840106,11.8686552
0.005305965258,0.9388090968,11.87867546
0.005315965258,0.9153290987,11.88700104
0.005325965258,0.8882367611,11.89374256
0.005326121508,0.8877853155,11.89386272
0.005326434008,0.886879921,-10.32643032
0.00532652019,0.8866295815,-12.60538483
0.005326606137,0.8863797188,-11.17512989
0.005326650441,0.8862507939,-11.93899345
0.005326695174,0.8861205578,-11.64443779
0.00532674126,0.8859863281,-11.76026821
0.005326788695,0.885848105,-11.71362495
0.005326866024,0.885622561,-11.7357626
0.005326980406,0.8852885962,-11.72231579
0.005327199369,0.8846479654,-11.73371124
0.005327637294,0.8833616376,-11.72619915
0.005328513146,0.8807690144,-11.73809528
0.005330264848,0.8755037785,-11.73625565
0.005333768253,0.8646558523,-11.7566843
0.005340775063,0.8417085409,-11.77076912
0.005350775063,0.8061449528,-11.80565834
0.005360775063,0.7673999667,-11.81968021
0.005370775063,0.7256263494,-11.84577274
0.005380775063,0.680989027,-11.85268497
0.005390775063,0.6336641312,-11.87282276
0.005400775063,0.5838385224,-11.87495804
0.005410775063,0.5317087173,-11.89105892
0.005420775063,0.4774804711,-11.88999271
0.005420815688,0.4772561789,7.120345592
0.005420896938,0.4768075049,14.53496265
0.005420924364,0.4766560197,11.26424789
0.005420940733,0.4765656292,11.68360329
0.005420955755,0.4764826298,11.7203989
0.005420972254,0.4763914943,11.72566032
0.005421005251,0.4762091935,11.72641754
0.005421071246,0.4758445323,11.72647953
0.005421203236,0.4751149416,11.72711182
0.005421467216,0.4736548364,11.72803974
0.005421995176,0.4707306623,11.73015404
0.005423051095,0.4648668468,11.73407078
0.005425162934,0.4530780911,11.74189758
0.005429386613,0.4292633533,11.75639439
0.005437833969,0.3807439208,11.78227234
0.005447833969,0.3219314516,11.80770683
0.005457833969,0.2618484497,11.82873344
0.005467833969,0.2007320672,11.84586716
0.005477833969,0.1388234645,11.86007404
0.005487833969,0.07636700571,11.87160778
0.005497833969,0.01360915415,11.88121605
0.005507833969,-0.04920240492,11.88897228
0.005509083969,-0.05704527721,11.88987064
0.005511583969,-0.07271997631,11.89155293
0.005512208969,-0.07663600147,11.89195728
0.005513458969,-0.08446443826,11.89275837
0.005513771469,-0.08642075211,11.89295483
0.005514396469,-0.09033238143,11.89334583
0.005514552719,-0.09131006896,11.89344215
0.005514865219,-0.09326518327,11.8936348
0.005514978675,-0.09397491813,-8.234059334
0.005515047214,-0.09440364689,-13.65981293
0.00551510402,-0.09475896508,-10.78782749
0.005515127859,-0.094908081,-11.81605053
0.005515150852,-0.09505189955,-11.71956348
0.005515175109,-0.09520361573,-11.72733402
0.005515202416,-0.09537441283,-11.72659874
0.00551525703,-0.09571599215,-11.72698402
0.005515366259,-0.09639912099,-11.72731495
0.005515584716,-0.09776524454,-11.72823048
0.005516021629,-0.1004969254,-11.72984886
0.005516895456,-0.1059580073,-11.73322296
0.005518643111,-0.1168704256,-11.73963451
0.00552213842,-0.1386516541,-11.75197792
0.005529129038,-0.182003051,-11.7741375
0.005539129038,-0.2433857024,-11.80114269
0.005549129038,-0.3038078249,-11.82322598
0.005559129038,-0.3630309403,-11.84145927
0.005569129038,-0.4208213389,-11.8563385
0.005579129038,-0.4769509733,-11.8686552
0.005589129038,-0.5311982632,-11.87867546
0.005599129038,-0.5833491683,-11.88700104
0.005609129038,-0.6331979036,-11.89374256
0.005609285288,-0.6339574456,-11.89386272
0.005609597788,-0.6354747415,10.32643032
0.00560968397,-0.6358927488,12.60538483
0.005609769916,-0.6363094449,11.17512989
0.005609814221,-0.6365241408,11.93899345
0.005609858953,-0.6367409229,11.64443779
0.00560990504,-0.6369641423,11.76026821
0.005609952475,-0.6371938586,11.71362495
0.005610029804,-0.637568295,11.7357626
0.005610144186,-0.6381217837,11.72231579
0.005610363149,-0.6391804218,11.73371124
0.005610801074,-0.6412941217,11.72619915
0.005611676925,-0.6455069184,11.73809528
0.005613428628,-0.6538737416,11.73625565
0.005616932033,-0.670368731,11.7566843
0.005623938843,-0.7023764849,11.77076912
0.005633938843,-0.7456851602,11.80565834
0.005643938843,-0.7860509753,11.81968021
0.005653938843,-0.8233145475,11.84577274
0.005663938843,-0.8573288918,11.85268497
0.005673938843,-0.8879597783,11.87282276
0.005683938843,-0.9150862694,11.87495804
0.005693938843,-0.9386013746,11.89105892
0.005703938843,-0.9584121704,11.88999271
0.005703979468,-0.9584850073,-7.120345592
0.005704060718,-0.9586304426,-14.53496265
0.005704088144,-0.9586794972,-11.26424789
0.005704104513,-0.9587087631,-11.68360329
0.005704119535,-0.9587355852,-11.7203989
0.005704136034,-0.9587650299,-11.72566032
0.005704169031,-0.9588239789,-11.72641754
0.005704235026,-0.9589416385,-11.72647953
0.005704367016,-0.9591764808,-11.72711182
0.005704630996,-0.959644258,-11.72803974
0.005705158956,-0.9605718255,-11.73015404
0.005706214875,-0.9623953104,-11.73407078
0.005708326714,-0.9659150839,-11.74189758
0.005712550393,-0.9724437594,-11.75639439
0.005720997749,-0.9834426641,-11.78227234
0.005730997749,-0.9928809404,-11.80770683
0.005740997749,-0.9984007478,-11.82873344
0.005750997749,-0.9999803305,-11.84586716
0.005760997749,-0.9976134896,-11.86007404
0.005770997749,-0.991309464,-11.87160778
0.005780997749,-0.9810932279,-11.88121605
0.005790997749,-0.967005074,-11.88897228
0.005792247749,-0.9649744034,-11.88987064
0.005794747749,-0.9607346654,-11.89155293
0.005795372749,-0.9596376419,-11.89195728
0.005796622749,-0.9573991895,-11.89275837
0.005796935249,-0.9568303823,-11.89295483
0.005797560249,-0.955681622,-11.89334583
0.005797716499,-0.9553921223,-11.89344215
0.005798028999,-0.9548103809,-11.8936348
0.005798142455,-0.9545983076,8.234059334
0.005798210994,-0.9544699192,13.65981293
0.0057982678,-0.9543634057,10.78782749
0.005798291639,-0.9543186426,11.81605053
0.005798314632,-0.9542754889,11.71956348
0.005798338889,-0.9542298913,11.72733402
0.005798366196,-0.9541785717,11.72659874
0.00579842081,-0.9540758133,11.72698402
0.005798530039,-0.9538699985,11.72731495
0.005798748495,-0.9534569979,11.72823048
0.005799185409,-0.9526256919,11.72984886
0.005800059236,-0.9509414434,11.73322296
0.005801806891,-0.9474869967,11.73963451
0.0058053022,-0.9402359128,11.75197792
0.005812292818,-0.924376905,11.7741375
0.005822292818,-0.8985995054,11.80114269
0.005832292818,-0.8692757487,11.82322598
0.005842292818,-0.8365213275,11.84145927
0.005852292818,-0.8004655838,11.8563385
0.005862292818,-0.7612507343,11.8686552
0.005872292818,-0.7190316319,11.87867546
0.005882292818,-0.6739747524,11.88700104
0.005892292818,-0.6262580752,11.89374256
0.005892449068,-0.625492394,11.89386272
0.005892761568,-0.6239591837,-10.32643032
0.00589284775,-0.6235359311,-12.60538483
0.005892933696,-0.6231136918,-11.17512989
0.005892978001,-0.6228958964,-11.93899345
0.005893022733,-0.6226760149,-11.64443779
0.00589306882,-0.622449398,-11.76026821
0.005893116255,-0.6222161055,-11.71362495
0.005893193584,-0.621835649,-11.7357626
0.005893307966,-0.6212726831,-11.72231579
0.005893526929,-0.6201940179,-11.73371124
0.005893964854,-0.6180332303,-11.72619915
0.005894840705,-0.6136975884,-11.73809528
0.005896592408,-0.6049706936,-11.73625565
0.005900095813,-0.5872980952,-11.7566843
0.005907102623,-0.5511079431,-11.77076912
0.005917102623,-0.4976259172,-11.80565834
0.005927102623,-0.4421799779,-11.81968021
0.005937102623,-0.3849889636,-11.84577274
0.005947102623,-0.3262785971,-11.85268497
0.005957102623,-0.2662805319,-11.87282276
0.005967102623,-0.2052315772,-11.87495804
0.005977102623,-0.1433726847,-11.89105892
0.005987102623,-0.08094795048,-11.88999271
0.005987143248,-0.08069352806,7.120345592
0.005987224498,-0.08018467575,14.53496265
0.005987251924,-0.08001290262,11.26424789
0.005987268293,-0.07991038263,11.68360329
0.005987283315,-0.0798162967,11.7203989
0.005987299814,-0.07971296459,11.72566032
0.005987332811,-0.07950629294,11.72641754
0.005987398806,-0.07909294218,11.72647953
0.005987530796,-0.07826619595,11.72711182
0.005987794776,-0.07661253959,11.72803974
0.005988322736,-0.07330460846,11.73015404
0.005989378655,-0.06668635458,11.73407078
0.005991490494,-0.05344133079,11.74189758
0.005995714172,-0.02692539431,11.75639439
0.006004161529,0.02614467777,11.78227234
0.006014161529,0.08886214346,11.80770683
0.006024161529,0.1512289047,11.82873344
0.006034161529,0.2129988521,11.84586716
0.006044161529,0.2739281654,11.86007404
0.006054161529,0.3337764144,11.87160778
0.006064161529,0.3923074305,11.88121605
0.006074161529,0.4492901564,11.88897228
0.006075411529,0.4562928677,11.88987064
0.006077911529,0.4702134132,11.89155293
0.006078536529,0.473675549,11.89195728
0.006079786529,0.4805778563,11.89275837
0.006080099029,0.4822988212,11.89295483
0.006080724029,0.485735178,11.89334583
0.006080880279,0.4865930974,11.89344215
0.006081192779,0.4883075058,11.8936348
0.006081306235,0.4889294803,-8.234059334
0.006081374774,0.4893051088,-13.65981293
0.00608143158,0.4896163642,-10.78782749
0.006081455419,0.489746958,-11.81605053
0.006081478412,0.4898729026,-11.71956348
0.006081502669,0.4900057614,-11.72733402
0.006081529976,0.4901553392,-11.72659874
0.00608158459,0.4904544055,-11.72698402
0.006081693819,0.4910523891,-11.72731495
0.006081912275,0.4922476411,-11.72823048
0.006082349189,0.4946353436,-11.72984886
0.006083223016,0.4993996024,-11.73322296
0.006084970671,0.508882761,-11.73963451
0.00608846598,0.5276639462,-11.75197792
0.006095456598,0.5644538403,-11.7741375
0.006105456598,0.6151713729,-11.80114269
0.006115456598,0.6634611487,-11.82322598
0.006125456598,0.7091324925,-11.84145927
0.006135456598,0.7520052195,-11.8563385
0.006145456598,0.7919101119,-11.8686552
0.006155456598,0.8286896944,-11.87867546
0.006165456598,0.8621988893,-11.88700104
0.006175456598,0.8923053145,-11.89374256
0.006175612848,0.8927480578,-11.89386272
0.006175925348,0.8936309814,10.32643032
0.00617601153,0.89387393,12.60538483
0.006176097476,0.8941158652,11.17512989
0.006176141781,0.8942404985,11.93899345
0.006176186513,0.8943662643,11.64443779
0.0061762326,0.8944957852,11.76026821
0.006176280035,0.8946290016,11.71362495
0.006176357364,0.8948459625,11.7357626
0.006176471746,0.8951665163,11.72231579
0.006176690708,0.8957788944,11.73371124
0.006177128634,0.8969985843,11.72619915
0.006178004485,0.8994175792,11.73809528
0.006179756188,0.9041737318,11.73625565
0.006183259593,0.9133569002,11.7566843
0.006190266402,0.9303913713,11.77076912
0.006200266402,0.9515724182,11.80565834
0.006210266402,0.9689980745,11.81968021
0.006220266402,0.9825994968,11.84577274
0.006230266402,0.9923231006,11.85268497
0.006240266402,0.9981304407,11.87282276
0.006250266402,0.9999985695,11.87495804
0.006260266402,0.9979202151,11.89105892
0.006270266402,0.9919035435,11.88999271
0.006270307027,0.9918710589,-7.120345592
0.006270388278,0.9918059707,-14.53496265
0.006270415703,0.9917839766,-11.26424789
0.006270432073,0.9917708039,-11.68360329
0.006270447095,0.9917587042,-11.7203989
0.006270463593,0.9917454123,-11.72566032
0.006270496591,0.9917188287,-11.72641754
0.006270562586,0.9916654825,-11.72647953
0.006270694576,0.9915582538,-11.72711182
0.006270958556,0.9913418293,-11.72803974
0.006271486516,0.9909008145,-11.73015404
0.006272542435,0.989986062,-11.73407078
0.006274654274,0.9880258441,-11.74189758
0.006278877952,0.9835838675,-11.75639439
0.006287325309,0.9726255536,-11.78227234
0.006297325309,0.9561151862,-11.80770683
0.006307325309,0.9358314276,-11.82873344
0.006317325309,0.9118543863,-11.84586716
0.006327325309,0.8842787147,-11.86007404
0.006337325309,0.8532131314,-11.87160778
0.006347325309,0.8187803626,-11.88121605
0.006357325309,0.7811161876,-11.88897228
0.006358575309,0.7761882544,-11.88987064
0.006361075309,0.7661890388,-11.89155293
0.006361700309,0.7636595964,-11.89195728
0.006362950309,0.7585653663,-11.89275837
0.006363262809,0.7572845221,-11.89295483
0.006363887809,0.7547140121,-11.89334583
0.006364044059,0.7540695667,-11.89344215
0.006364356559,0.7527785301,-11.8936348
0.006364470015,0.7523090839,8.234059334
0.006364538554,0.7520253062,13.65981293
0.00636459536,0.7517899871,10.78782749
0.006364619198,0.7516912222,11.81605053
0.006364642192,0.7515959144,11.71956348
0.006364666449,0.7514953613,11.72733402
0.006364693756,0.7513821721,11.72659874
0.00636474837,0.7511556745,11.72698402
0.006364857598,0.7507024407,11.72731495
0.006365076055,0.74979496,11.72823048
0.006365512969,0.7479757071,11.72984886
0.006366386796,0.744320333,11.73322296
0.006368134451,0.7369423509,11.73963451
0.00637162976,0.7219207287,11.75197792
0.006378620378,0.6908403039,11.7741375
0.006388620378,0.6440790892,11.80114269
0.006398620378,0.5947759748,11.82322598
0.006408620378,0.5431255698,11.84145927
0.006418620378,0.4893316627,11.8563385
0.006428620378,0.4336066246,11.8686552
0.006438620378,0.3761703074,11.87867546
0.006448620378,0.3172494471,11.88700104
0.006458620378,0.2570765316,11.89374256
0.006458776628,0.2561276555,11.89386272
0.006459089128,0.2542291582,-10.32643032
0.00645917531,0.2537054121,-12.60538483
0.006459261256,0.253183037,-11.17512989
0.006459305561,0.2529137135,-11.93899345
0.006459350293,0.2526417673,-11.64443779
0.00645939638,0.2523615956,-11.76026821
0.006459443815,0.2520731986,-11.71362495
0.006459521144,0.2516029775,-11.7357626
0.006459635526,0.2509073615,-11.72231579
0.006459854488,0.2495753318,-11.73371124
0.006460292414,0.2469099015,-11.72619915
0.006461168265,0.241573438,-11.73809528
0.006462919968,0.2308787256,-11.73625565
0.006466423373,0.2094067037,-11.7566843
0.006473430182,0.1661687195,-11.77076912
0.006483430182,0.1039232537,-11.80565834
0.006493430182,0.04126765952,-11.81968021
0.006503430182,-0.02155080251,-11.84577274
0.006513430182,-0.08428421617,-11.85268497
0.006523430182,-0.1466849893,-11.87282276
0.006533430182,-0.2085068822,-11.87495804
0.006543430182,-0.2695058882,-11.89105892
0.006553430182,-0.3294412494,-11.88999271
0.006553470807,-0.3296822608,7.120345592
0.006553552057,-0.3301641643,14.53496265
0.006553579483,-0.3303268254,11.26424789
0.006553595853,-0.3304239213,11.68360329
0.006553610875,-0.3305130005,11.7203989
0.006553627373,-0.3306108415,11.72566032
0.006553660371,-0.3308064938,11.72641754
0.006553726366,-0.3311977684,11.72647953
0.006553858356,-0.3319801688,11.72711182
0.006554122336,-0.3335442841,11.72803974
0.006554650295,-0.3366697431,11.73015404
0.006555706215,-0.3429095149,11.73407078
0.006557818054,-0.3553435206,11.74189758
0.006562041732,-0.3800216615,11.75639439
0.006570489089,-0.428557843,11.78227234
0.006580489089,-0.4844443202,11.80770683
0.006590489089,-0.538418889,11.82873344
0.006600489089,-0.5902686119,11.84586716
0.006610489089,-0.6397888064,11.86007404
0.006620489089,-0.686784029,11.87160778
0.006630489089,-0.73106879,11.88121605
0.006640489089,-0.7724684477,11.88897228
0.006641739089,-0.7774322629,11.88987064
0.006644239089,-0.7872157097,11.89155293
0.006644864089,-0.7896313071,11.89195728
0.006646114089,-0.7944259644,11.89275837
0.006646426589,-0.7956169844,11.89295483
0.006647051589,-0.7979898453,11.89334583
0.006647207839,-0.7985811234,11.89344215
0.006647520339,-0.7997613549,11.8936348
0.006647633795,-0.8001891375,-8.234059334
0.006647702333,-0.8004473448,-13.65981293
0.006647759139,-0.8006612062,-10.78782749
0.006647782978,-0.8007509708,-11.81605053
0.006647805972,-0.8008374572,-11.71956348
0.006647830229,-0.8009287119,-11.72733402
0.006647857536,-0.8010314703,-11.72659874
0.00664791215,-0.8012368083,-11.72698402
0.006648021378,-0.8016473055,-11.72731495
0.006648239835,-0.8024670482,-11.72823048
0.006648676749,-0.8041021228,-11.72984886
0.006649550576,-0.8073539734,-11.73322296
0.006651298231,-0.8137845993,-11.73963451
0.00665479354,-0.8263507485,-11.75197792
0.006661784158,-0.850281477,-11.7741375
0.006671784158,-0.8816520572,-11.80114269
0.006681784158,-0.9095431566,-11.82322598
0.006691784158,-0.9338447452,-11.84145927
0.006701784158,-0.9544607997,-11.8563385
0.006711784158,-0.9713100791,-11.8686552
0.006721784158,-0.9843260646,-11.87867546
0.006731784158,-0.9934573174,-11.88700104
0.006741784158,-0.9986678958,-11.89374256
0.006741940408,-0.9987180829,-11.89386272
0.006742252908,-0.9988155365,10.32643032
0.00674233909,-0.9988417625,12.60538483
0.006742425036,-0.9988675714,11.17512989
0.006742469341,-0.9988808036,11.93899345
0.006742514073,-0.9988940358,11.64443779
0.00674256016,-0.9989076257,11.76026821
0.006742607595,-0.9989215136,11.71362495
0.006742684924,-0.9989439249,11.7357626
0.006742799305,-0.9989767075,11.72231579
0.006743018268,-0.999037981,11.73371124
0.006743456194,-0.9991548657,11.72619915
0.006744332045,-0.9993659258,11.73809528
0.006746083748,-0.999697268,11.73625565
0.006749587152,-0.9999966621,11.7566843
0.006756593962,-0.9991418719,11.77076912
0.006766593962,-0.99456954,11.80565834
0.006776593962,-0.9860721231,11.81968021
0.006786593962,-0.9736831188,11.84577274
0.006796593962,-0.9574514031,11.85268497
0.006806593962,-0.9374411106,11.87282276
0.006816593962,-0.9137311578,11.87495804
0.006826593962,-0.8864151239,11.89105892
0.006836593962,-0.8556008339,11.88999271
0.006836634587,-0.8554686308,-7.120345592
0.006836715837,-0.855204165,-14.53496265
0.006836743263,-0.8551148772,-11.26424789
0.006836759633,-0.8550615311,-11.68360329
0.006836774655,-0.8550125957,-11.7203989
0.006836791153,-0.8549588323,-11.72566032
0.006836824151,-0.8548512459,-11.72641754
0.006836890146,-0.8546360135,-11.72647953
0.006837022136,-0.8542051315,-11.72711182
0.006837286116,-0.8533415794,-11.72803974
0.006837814075,-0.8516073823,-11.73015404
0.006838869995,-0.8481109738,-11.73407078
0.006840981834,-0.8410063386,-11.74189758
0.006845205512,-0.8263540864,-11.75639439
0.006853652868,-0.7953144312,-11.78227234
0.006863652868,-0.7556816339,-11.80770683
0.006873652868,-0.7130665183,-11.82873344
0.006883652868,-0.667637229,-11.84586716
0.006893652868,-0.6195731163,-11.86007404
0.006903652868,-0.5690637827,-11.87160778
0.006913652868,-0.5163086653,-11.88121605
0.006923652868,-0.4615158737,-11.88897228
0.006924902868,-0.4545342028,-11.88987064
0.006927402868,-0.4404871464,-11.89155293
0.006928027868,-0.4369582832,-11.89195728
0.006929277868,-0.4298803508,-11.89275837
0.006929590368,-0.4281067252,-11.89295483
0.006930215368,-0.424554497,-11.89334583
0.006930371618,-0.4236654043,-11.89344215
0.006930684118,-0.4218860269,-11.8936348
0.006930797575,-0.4212395847,8.234059334
0.006930866113,-0.4208489954,13.65981293
0.006930922919,-0.4205251932,10.78782749
0.006930946758,-0.4203892946,11.81605053
0.006930969752,-0.4202581942,11.71956348
0.006930994009,-0.4201198816,11.72733402
0.006931021316,-0.4199641943,11.72659874
0.00693107593,-0.4196527302,11.72698402
0.006931185158,-0.4190296829,11.72731495
0.006931403615,-0.4177830219,11.72823048
0.006931840529,-0.415287286,11.72984886
0.006932714356,-0.4102864861,11.73322296
0.006934462011,-0.4002479017,11.73963451
0.00693795732,-0.3800271451,11.75197792
0.006944947938,-0.3390456736,11.7741375
0.006954947938,-0.2793052197,11.80114269
0.006964947938,-0.2184624672,11.82322598
0.006974947938,-0.1567575485,11.84145927
0.006984947938,-0.09443397075,11.8563385
0.006994947938,-0.03173771501,11.8686552
0.007004947938,0.03108380176,11.87867546
0.007014947938,0.09378264099,11.88700104
0.007024947938,0.1561113596,11.89374256
0.007025104188,0.157081008,11.89386272
0.007025416688,0.1590198129,-10.32643032
0.007025502869,0.159554407,-12.60538483
0.007025588816,0.1600874811,-11.17512989
0.007025633121,0.1603622586,-11.93899345
0.007025677853,0.1606396735,-11.64443779
0.007025723939,0.1609254777,-11.76026821
0.007025771375,0.1612196267,-11.71362495
0.007025848704,0.1616991311,-11.7357626
0.007025963085,0.1624083072,-11.72231579
0.007026182048,0.1637656689,-11.73371124
0.007026619974,0.1664794683,-11.72619915
0.007027495825,0.1719032526,-11.73809528
0.007029247527,0.1827350557,-11.73625565
0.007032750932,0.2043309361,-11.7566843
0.007039757742,0.247215271,-11.77076912
0.007049757742,0.3075689971,-11.80565834
0.007059757742,0.3667088747,-11.81968021
0.007069757742,0.4244015217,-11.84577274
0.007079757742,0.4804192483,-11.85268497
0.007089757742,0.5345409513,-11.87282276
0.007099757742,0.5865530968,-11.87495804
0.007109757742,0.6362504363,-11.89105892
0.007119757742,0.6834366918,-11.88999271
0.007119798367,0.6836230159,7.120345592
0.007119879617,0.6839955449,14.53496265
0.007119907043,0.6841212511,11.26424789
0.007119923413,0.6841962337,11.68360329
0.007119938434,0.6842650771,11.7203989
0.007119954933,0.6843406558,11.72566032
0.007119987931,0.6844918132,11.72641754
0.007120053926,0.6847940683,11.72647953
0.007120185916,0.6853981614,11.72711182
0.007120449895,0.6866049767,11.72803974
0.007120977855,0.6890129447,11.73015404
0.007122033775,0.6938061714,11.73407078
0.007124145614,0.7033006549,11.74189758
0.007128369292,0.721916616,11.75639439
0.007136816648,0.7576104999,11.78227234
0.007146816648,0.7970992923,11.80770683
0.007156816648,0.83344239,11.82873344
0.007166816648,0.8664962053,11.84586716
0.007176816648,0.896130383,11.86007404
0.007186816648,0.9222279191,11.87160778
0.007196816648,0.9446858764,11.88121605
0.007206816648,0.9634155631,11.88897228
0.007208066648,0.9654907584,11.88987064
0.007210566648,0.9694624543,11.89155293
0.007211191648,0.970418036,11.89195728
0.007212441648,0.9722842574,11.89275837
0.007212754148,0.9727414846,11.89295483
0.007213379148,0.9736446142,11.89334583
0.007213535398,0.9738680124,11.89344215
0.007213847898,0.974312067,11.8936348
0.007213961355,0.9744724035,-8.234059334
0.007214029893,0.9745689631,-13.65981293
0.007214086699,0.9746488929,-10.78782749
0.007214110538,0.9746823907,-11.81605053
0.007214133532,0.9747146964,-11.71956348
0.007214157788,0.9747487307,-11.72733402
0.007214185096,0.9747870564,-11.72659874
0.00721423971,0.9748635292,-11.72698402
0.007214348938,0.9750162363,-11.72731495
0.007214567395,0.97532022,-11.72823048
0.007215004309,0.9759226441,-11.72984886
0.007215878136,0.9771054983,-11.73322296
0.00721762579,0.9793827534,-11.73963451
0.007221121099,0.9835827947,-11.75197792
0.007228111718,0.990557909,-11.7741375
0.007238111718,0.9972115159,-11.80114269
0.007248111718,0.9999296069,-11.82322598
0.007258111718,0.9987014532,-11.84145927
0.007268111718,0.9935318232,-11.8563385
0.007278111718,0.9844412208,-11.8686552
0.007288111718,0.9714654684,-11.87867546
0.007298111718,0.9546558261,-11.88700104
0.007308111718,0.9340785146,-11.89374256
0.007308267968,0.9337275028,-11.89386272
0.007308580468,0.9330228567,10.32643032
0.007308666649,0.9328278303,12.60538483
0.007308752596,0.9326331615,11.17512989
0.007308796901,0.9325326681,11.93899345
0.007308841633,0.9324311614,11.64443779
0.007308887719,0.932326436,11.76026821
0.007308935155,0.9322186112,11.71362495
0.007309012484,0.9320427179,11.7357626
0.007309126865,0.9317820668,11.72231579
0.007309345828,0.9312817454,11.73371124
0.007309783754,0.9302757978,11.72619915
0.007310659605,0.9282428622,11.73809528
0.007312411307,0.9240926504,11.73625565
0.007315914712,0.9154569507,11.7566843
0.007322921522,0.8968592286,11.77076912
0.007332921522,0.867316246,11.80565834
0.007342921522,0.8343503475,11.81968021
0.007352921522,0.79809165,11.84577274
0.007362921522,0.7586832643,11.85268497
0.007372921522,0.7162806392,11.87282276
0.007382921522,0.6710512638,11.87495804
0.007392921522,0.6231734753,11.89105892
0.007402921522,0.5728363395,11.88999271
0.007402962147,0.5726271272,-7.120345592
0.007403043397,0.5722085238,-14.53496265
0.007403070823,0.5720672011,-11.26424789
0.007403087192,0.5719828606,-11.68360329
0.007403102214,0.5719054341,-11.7203989
0.007403118713,0.5718203783,-11.72566032
0.007403151711,0.5716502666,-11.72641754
0.007403217706,0.5713099837,-11.72647953
0.007403349695,0.5706291199,-11.72711182
0.007403613675,0.5692662597,-11.72803974
0.007404141635,0.5665358305,-11.73015404
0.007405197555,0.5610563159,-11.73407078
0.007407309394,0.5500233769,-11.74189758
0.007411533072,0.5276690125,-11.75639439
0.007419980428,0.4818614423,-11.78227234
0.007429980428,0.4258905649,-11.80770683
0.007439980428,0.3682388961,-11.82873344
0.007449980428,0.3091339469,-11.84586716
0.007459980428,0.2488089949,-11.86007404
0.007469980428,0.1875021011,-11.87160778
0.007479980428,0.1254552305,-11.88121605
0.007489980428,0.06291324645,-11.88897228
0.007491230428,0.05507296696,-11.88987064
0.007493730428,0.03938269243,-11.89155293
0.007494355428,0.03545845672,-11.89195728
0.007495605428,0.02760840021,-11.89275837
0.007495917928,0.02564560063,-11.89295483
0.007496542928,0.02171971463,-11.89334583
0.007496699178,0.02073818818,-11.89344215
0.007497011678,0.01877507567,-11.8936348
0.007497125135,0.01806232892,8.234059334
0.007497193673,0.017631758,13.65981293
0.007497250479,0.01727489009,10.78782749
0.007497274318,0.01712512784,11.81605053
0.007497297311,0.01698067784,11.71956348
0.007497321568,0.01682828739,11.72733402
0.007497348875,0.01665673591,11.72659874
0.00749740349,0.01631363109,11.72698402
0.007497512718,0.01562741771,11.72731495
0.007497731175,0.01425496582,11.72823048
0.007498168089,0.01150998473,11.72984886
0.007499041916,0.006019784138,11.73322296
0.00750078957,-0.004960996099,11.73963451
0.007504284879,-0.02691943944,11.75197792
0.007511275497,-0.07078678906,11.7741375
0.007521275497,-0.1332801133,11.80114269
0.007531275497,-0.1952474415,11.82322598
0.007541275497,-0.2564442158,11.84145927
0.007551275497,-0.316628933,11.8563385
0.007561275497,-0.3755640388,11.8686552
0.007571275497,-0.4330169857,11.87867546
0.007581275497,-0.4887610078,11.88700104
0.007591275497,-0.5425761342,11.89374256
0.007591431747,-0.543400526,11.89386272
0.007591744247,-0.54504776,-10.32643032
0.007591830429,-0.545501709,-12.60538483
0.007591916376,-0.5459542274,-11.17512989
0.007591960681,-0.5461874008,-11.93899345
0.007592005413,-0.5464228392,-11.64443779
0.007592051499,-0.5466653109,-11.76026821
0.007592098935,-0.5469148755,-11.71362495
0.007592176264,-0.547321558,-11.7357626
0.007592290645,-0.5479229093,-11.72231579
0.007592509608,-0.5490732789,-11.73371124
0.007592947534,-0.5513708591,-11.72619915
0.007593823385,-0.5559535623,-11.73809528
0.007595575087,-0.5650682449,-11.73625565
0.007599078492,-0.5830911994,-11.7566843
0.007606085302,-0.6182809472,-11.77076912
0.007616085302,-0.6664115787,-11.80565834
0.007626085302,-0.7119121552,-11.81968021
0.007636085302,-0.7546032071,-11.84577274
0.007646085302,-0.794316113,-11.85268497
0.007656085302,-0.8308942318,-11.87282276
0.007666085302,-0.8641932011,-11.87495804
0.007676085302,-0.8940815926,-11.89105892
0.007686085302,-0.9204415083,-11.88999271
0.007686125927,-0.9205412269,7.120345592
0.007686207177,-0.9207405448,14.53496265
0.007686234603,-0.9208077788,11.26424789
0.007686250972,-0.9208478332,11.68360329
0.007686265994,-0.9208846688,11.7203989
0.007686282493,-0.9209250808,11.72566032
0.00768631549,-0.9210058451,11.72641754
0.007686381485,-0.9211673141,11.72647953
0.007686513475,-0.9214897156,11.72711182
0.007686777455,-0.9221326709,11.72803974
0.007687305415,-0.9234109521,11.73015404
0.007688361335,-0.9259370565,11.73407078
0.007690473174,-0.9308668375,11.74189758
0.007694696852,-0.9402338266,11.75639439
0.007703144208,-0.9569753408,11.78227234
0.007713144208,-0.9733068347,11.80770683
0.007723144208,-0.9857971668,11.82873344
0.007733144208,-0.9943969846,11.84586716
0.007743144208,-0.9990723729,11.86007404
0.007753144208,-0.9998048544,11.87160778
0.007763144208,-0.996591568,11.88121605
0.007773144208,-0.9894452095,11.88897228
0.007774394208,-0.9882766008,11.88987064
0.007776894208,-0.9857565761,11.89155293
0.007777519208,-0.9850885868,11.89195728
0.007778769208,-0.9837069511,11.89275837
0.007779081708,-0.9833520651,11.89295483
0.007779706708,-0.9826309085,11.89334583
0.007779862958,-0.9824482203,11.89344215
0.007780175458,-0.982080102,11.8936348
0.007780288915,-0.9819454551,-8.234059334
0.007780357453,-0.9818639159,-13.65981293
0.007780414259,-0.981796205,-10.78782749
0.007780438098,-0.981767714,-11.81605053
0.007780461091,-0.9817402363,-11.71956348
0.007780485348,-0.9817112684,-11.72733402
0.007780512655,-0.9816786051,-11.72659874
0.00778056727,-0.9816131592,-11.72698402
0.007780676498,-0.9814819098,-11.72731495
0.007780894955,-0.98121804,-11.72823048
0.007781331868,-0.9806848168,-11.72984886
0.007782205696,-0.979596138,-11.73322296
0.00778395335,-0.9773302078,-11.73963451
0.007787448659,-0.97244519,-11.75197792
0.007794439277,-0.9612706304,-11.7741375
0.007804439277,-0.9420683384,-11.80114269
0.007814439277,-0.9191481471,-11.82322598
0.007824439277,-0.8926004767,-11.84145927
0.007834439277,-0.8625301123,-11.8563385
0.007844439277,-0.8290557265,-11.8686552
0.007854439277,-0.792309463,-11.87867546
0.007864439277,-0.7524362803,-11.88700104
0.007874439277,-0.7095935941,-11.89374256
0.007874595527,-0.7089015245,-11.89386272
0.007874908027,-0.7075152993,10.32643032
0.007874994209,-0.7071325183,12.60538483
0.007875080156,-0.7067505717,11.17512989
0.00787512446,-0.7065535784,11.93899345
0.007875169193,-0.7063546777,11.64443779
0.007875215279,-0.7061496973,11.76026821
0.007875262714,-0.7059386373,11.71362495
0.007875340044,-0.7055944204,11.7357626
0.007875454425,-0.7050849199,11.72231579
0.007875673388,-0.7041086555,11.73371124
0.007876111313,-0.702152133,11.72619915
0.007876987165,-0.6982231736,11.73809528
0.007878738867,-0.6903018355,11.73625565
0.007882242272,-0.6742093563,11.7566843
0.007889249082,-0.6410523057,11.77076912
0.007899249082,-0.5915957689,11.80565834
0.007909249082,-0.5398045182,11.81968021
0.007919249082,-0.4858828485,11.84577274
0.007929249082,-0.4300436676,11.85268497
0.007939249082,-0.3725072742,11.87282276
0.007949249082,-0.313500762,11.87495804
0.007959249082,-0.2532570362,11.89105892
0.007969249082,-0.1920138001,11.88999271
0.007969289707,-0.1917632818,-7.120345592
0.007969370957,-0.1912622303,-14.53496265
0.007969398383,-0.1910930872,-11.26424789
0.007969414752,-0.1909921318,-11.68360329
0.007969429774,-0.1908994764,-11.7203989
0.007969446273,-0.1907977164,-11.72566032
0.00796947927,-0.1905941963,-11.72641754
0.007969545265,-0.1901871264,-11.72647953
0.007969677255,-0.1893728673,-11.72711182
0.007969941235,-0.1877439916,-11.72803974
0.007970469195,-0.1844846904,-11.73015404
0.007971525114,-0.1779600084,-11.73407078
0.007973636954,-0.1648874581,-11.74189758
0.007977860632,-0.138657555,-11.75639439
0.007986307988,-0.08592336625,-11.78227234
0.007996307988,-0.02319551446,-11.80770683
0.008006307988,0.03962388262,-11.82873344
0.008016307988,0.1022869051,-11.84586716
0.008026307988,0.1645462364,-11.86007404
0.008036307988,0.22615619,-11.87160778
0.008046307988,0.2868736088,-11.88121605
0.008056307988,0.3464588523,-11.88897228
0.008057557988,0.353815645,-11.88987064
0.008060057988,0.3684632778,-11.89155293
0.008060682988,0.3721111417,-11.89195728
0.008061932988,0.3793895543,-11.89275837
0.008062245488,0.381205529,-11.89295483
0.008062870488,0.3848330379,-11.89334583
0.008063026738,0.3857389987,-11.89344215
0.008063339238,0.3875497878,-11.8936348
0.008063452694,0.3882068396,8.234059334
0.008063521233,0.3886036873,13.65981293
0.008063578039,0.3889325261,10.78782749
0.008063601878,0.3890705109,11.81605053
0.008063624871,0.3892035782,11.71956348
0.008063649128,0.389343977,11.72733402
0.008063676435,0.3895020187,11.72659874
0.008063731049,0.3898180425,11.72698402
0.008063840278,0.390449971,11.72731495
0.008064058735,0.3917132318,11.72823048
0.008064495648,0.3942376077,11.72984886
0.008065369476,0.3992773592,11.73322296
0.00806711713,0.4093206525,11.73963451
0.008070612439,0.4292579591,11.75197792
0.008077603057,0.4685019851,11.7741375
0.008087603057,0.5230505466,11.80114269
0.008097603057,0.5755348802,11.82322598
0.008107603057,0.6257478595,11.84145927
0.008117603057,0.6734912992,11.8563385
0.008127603057,0.7185767889,11.8686552
0.008137603057,0.7608263493,11.87867546
0.008147603057,0.800073266,11.88700104
0.008157603057,0.8361626863,11.89374256
0.008157759307,0.8367007375,11.89386272
0.008158071807,0.8377744555,-10.32643032
0.008158157989,0.838070035,-12.60538483
0.008158243936,0.8383644819,-11.17512989
0.00815828824,0.8385162354,-11.93899345
0.008158332973,0.8386693597,-11.64443779
0.008158379059,0.838827014,-11.76026821
0.008158426494,0.8389891982,-11.71362495
0.008158503823,0.8392535448,-11.7357626
0.008158618205,0.8396440744,-11.72231579
0.008158837168,0.8403905034,-11.73371124
0.008159275093,0.8418786526,-11.72619915
0.008160150945,0.8448357582,-11.73809528
0.008161902647,0.8506730795,-11.73625565
0.008165406052,0.8620379567,-11.7566843
0.008172412862,0.8835092783,-11.77076912
0.008182412862,0.911177814,-11.80565834
0.008192412862,0.9352503419,-11.81968021
0.008202412862,0.9556319118,-11.84577274
0.008212412862,0.9722419381,-11.85268497
0.008222412862,0.9850150347,-11.87282276
0.008232412862,0.9939007163,-11.87495804
0.008242412862,0.9988639355,-11.89105892
0.008252412862,0.9998850822,-11.88999271
0.008252453487,0.9998812079,7.120345592
0.008252534737,0.9998731613,14.53496265
0.008252562163,0.9998704195,11.26424789
0.008252578532,0.9998687506,11.68360329
0.008252593554,0.9998672009,11.7203989
0.008252610053,0.9998655319,11.72566032
0.00825264305,0.9998621345,11.72641754
0.008252709045,0.9998551607,11.72647953
0.008252841035,0.9998406768,11.72711182
0.008253105015,0.9998096824,11.72803974
0.008253632975,0.9997394681,11.73015404
0.008254688894,0.9995660782,11.73407078
0.008256800733,0.9990872145,11.74189758
0.008261024412,0.9976019263,11.75639439
0.008269471768,0.9925252199,11.78227234
0.008279471768,0.9829037786,11.80770683
0.008289471768,0.9694032073,11.82873344
0.008299471768,0.9520769119,11.84586716
0.008309471768,0.9309931397,11.86007404
0.008319471768,0.906235218,11.87160778
0.008329471768,0.8779007792,11.88121605
0.008339471768,0.8461016417,11.88897228
0.008340721768,0.8418892622,11.88987064
0.008343221768,0.8333089352,11.89155293
0.008343846768,0.8311316371,11.89195728
0.008345096768,0.8267386556,11.89275837
0.008345409268,0.825632453,11.89295483
0.008346034268,0.8234104514,11.89334583
0.008346190518,0.8228529692,11.89344215
0.008346503018,0.8217356205,11.8936348
0.008346616474,0.8213291764,-8.234059334
0.008346685013,0.8210834265,-13.65981293
0.008346741819,0.8208796382,-10.78782749
0.008346765658,0.8207941055,-11.81605053
0.008346788651,0.8207115531,-11.71956348
0.008346812908,0.8206244707,-11.72733402
0.008346840215,0.8205264211,-11.72659874
0.008346894829,0.8203302026,-11.72698402
0.008347004058,0.8199375272,-11.72731495
0.008347222515,0.8191509843,-11.72823048
0.008347659428,0.8175733089,-11.72984886
0.008348533256,0.8143994808,-11.73322296
0.00835028091,0.8079782724,-11.73963451
0.008353776219,0.794844389,-11.75197792
0.008360766837,0.7674331069,-11.7741375
0.008370766837,0.7256619334,-11.80114269
0.008380766837,0.681026876,-11.82322598
0.008390766837,0.6337041259,-11.84145927
0.008400766837,0.5838804841,-11.8563385
0.008410766837,0.5317524672,-11.8686552
0.008420766837,0.4775258899,-11.87867546
0.008430766837,0.4214147329,-11.88700104
0.008440766837,0.3636404574,-11.89374256
0.008440923087,0.3627257645,-11.89386272
0.008441235587,0.3608952761,10.32643032
0.008441321769,0.3603902161,12.60538483
0.008441407716,0.3598864377,11.17512989
0.00844145202,0.3596267104,11.93899345
0.008441496753,0.35936445,11.64443779
0.008441542839,0.3590942025,11.76026821
0.008441590274,0.3588160276,11.71362495
0.008441667603,0.3583624661,11.7357626
0.008441781985,0.3576914072,11.72231579
0.008442000948,0.3564063013,11.73371124
0.008442438873,0.3538340926,11.72619915
0.008443314725,0.3486816287,11.73809528
0.008445066427,0.3383451998,11.73625565
0.008448569832,0.3175505996,11.7566843
0.008455576642,0.2755099833,11.77076912
0.008465576642,0.2146059275,11.80565834
0.008475576642,0.1528549045,11.81968021
0.008485576642,0.09050063789,11.84577274
0.008495576642,0.02778920159,11.85268497
0.008505576642,-0.03503190354,11.87282276
0.008515576642,-0.09771475196,11.87495804
0.008525576642,-0.160011977,11.89105892
0.008535576642,-0.2216776907,11.88999271
0.008535617267,-0.2219265848,-7.120345592
0.008535698517,-0.2224243432,-14.53496265
0.008535725943,-0.2225923389,-11.26424789
0.008535742312,-0.2226926088,-11.68360329
0.008535757334,-0.2227846235,-11.7203989
0.008535773833,-0.2228856832,-11.72566032
0.00853580683,-0.2230877876,-11.72641754
0.008535872825,-0.2234919816,-11.72647953
0.008536004815,-0.2243002504,-11.72711182
0.008536268795,-0.2259163111,-11.72803974
0.008536796755,-0.22914657,-11.73015404
0.008537852674,-0.235599488,-11.73407078
0.008539964513,-0.2484739125,-11.74189758
0.008544188192,-0.2740892768,-11.75639439
0.008552635548,-0.3247230649,-11.78227234
0.008562635548,-0.3834701478,-11.80770683
0.008572635548,-0.4407038391,-11.82873344
0.008582635548,-0.4961982667,-11.84586716
0.008592635548,-0.5497344732,-11.86007404
0.008602635548,-0.6011011004,-11.87160778
0.008612635548,-0.6500954032,-11.88121605
0.008622635548,-0.6965241432,-11.88897228
0.008623885548,-0.7021381259,-11.88987064
0.008626385548,-0.7132357359,-11.89155293
0.008627010548,-0.7159827352,-11.89195728
0.008628260548,-0.7214435935,-11.89275837
0.008628573048,-0.7228019238,-11.89295483
0.008629198048,-0.7255100608,-11.89334583
0.008629354298,-0.7261853814,-11.89344215
0.008629666798,-0.7275338769,-11.8936348
0.008629780254,-0.7280227542,8.234059334
0.008629848793,-0.7283179164,13.65981293
0.008629905599,-0.7285624743,10.78782749
0.008629929438,-0.7286650538,11.81605053
0.008629952431,-0.7287639976,11.71956348
0.008629976688,-0.7288683653,11.72733402
0.008630003995,-0.7289857864,11.72659874
0.008630058609,-0.7292206883,11.72698402
0.008630167838,-0.7296901345,11.72731495
0.008630386295,-0.7306280136,11.72823048
0.008630823208,-0.7324995995,11.72984886
0.008631697035,-0.7362262011,11.73322296
0.00863344469,-0.7436128259,11.73963451
0.008636939999,-0.7581161261,11.75197792
0.008643930617,-0.7860190272,11.7741375
0.008653930617,-0.8232852221,11.80114269
0.008663930617,-0.8573023081,11.82322598
0.008673930617,-0.8879359961,11.84145927
0.008683930617,-0.9150654674,11.8563385
0.008693930617,-0.9385834932,11.8686552
0.008703930617,-0.9583974481,11.87867546
0.008713930617,-0.9744290113,11.88700104
0.008723930617,-0.9866149426,11.89374256
0.008724086867,-0.9867745638,11.89386272
0.008724399367,-0.9870909452,-10.32643032
0.008724485549,-0.9871775508,-12.60538483
0.008724571495,-0.9872635603,-11.17512989
0.0087246158,-0.9873078465,-11.93899345
0.008724660532,-0.9873524308,-11.64443779
0.008724706619,-0.9873982668,-11.76026821
0.008724754054,-0.9874454141,-11.71362495
0.008724831383,-0.9875220656,-11.7357626
0.008724945765,-0.9876349568,-11.72231579
0.008725164728,-0.9878497124,-11.73371124
0.008725602653,-0.9882736206,-11.72619915
0.008726478504,-0.9890989065,-11.73809528
0.008728230207,-0.9906597137,-11.73625565
0.008731733612,-0.9934210181,-11.7566843
0.008738740422,-0.9974985719,-11.77076912
0.008748740422,-0.9999687076,-11.80565834
0.008758740422,-0.9984924197,-11.81968021
0.008768740422,-0.9930755496,-11.84577274
0.008778740422,-0.9837394357,-11.85268497
0.008788740422,-0.9705209732,-11.87282276
0.008798740422,-0.9534723163,-11.87495804
0.008808740422,-0.9326607585,-11.89105892
0.008818740422,-0.9081683755,-11.88999271
0.008818781047,-0.9080615044,7.120345592
0.008818862297,-0.9078475237,14.53496265
0.008818889723,-0.9077752829,11.26424789
0.008818906092,-0.9077321291,11.68360329
0.008818921114,-0.9076925516,11.7203989
0.008818937613,-0.9076490402,11.72566032
0.00881897061,-0.9075619578,11.72641754
0.008819036605,-0.9073877931,11.72647953
0.008819168595,-0.9070389271,11.72711182
0.008819432575,-0.9063392878,11.72803974
0.008819960535,-0.9049326181,11.73015404
0.008821016454,-0.9020893574,11.73407078
0.008823128293,-0.896283865,11.74189758
0.008827351971,-0.8842004538,11.75639439
0.008835799328,-0.8581746221,11.78227234
0.008845799328,-0.8242471814,11.80770683
0.008855799328,-0.7870668173,11.82873344
0.008865799328,-0.7467802763,11.84586716
0.008875799328,-0.7035465837,11.86007404
0.008885799328,-0.6575362682,11.87160778
0.008895799328,-0.6089309454,11.88121605
0.008905799328,-0.5579224229,11.88897228
0.008907049328,-0.55138731,11.88987064
0.008909549328,-0.538215518,11.89155293
0.008910174328,-0.5349016786,11.89195728
0.008911424328,-0.5282492638,11.89275837
0.008911736828,-0.5265811086,11.89295483
0.008912361828,-0.5232385993,11.89334583
0.008912518078,-0.5224016905,11.89344215
0.008912830578,-0.5207264423,11.8936348
0.008912944034,-0.5201177001,-8.234059334
0.008913012573,-0.5197498798,-13.65981293
0.008913069379,-0.5194448829,-10.78782749
0.008913093218,-0.5193169117,-11.81605053
0.008913116211,-0.5191934109,-11.71956348
0.008913140468,-0.5190631747,-11.72733402
0.008913167775,-0.5189164877,-11.72659874
0.008913222389,-0.5186231136,-11.72698402
0.008913331618,-0.5180362463,-11.72731495
0.008913550074,-0.5168616772,-11.72823048
0.008913986988,-0.5145096183,-11.72984886
0.008914860815,-0.5097939372,-11.73322296
0.00891660847,-0.5003166199,-11.73963451
0.008920103779,-0.481182158,-11.75197792
0.008927094397,-0.4422263503,-11.7741375
0.008937094397,-0.3850366771,-11.80114269
0.008947094397,-0.3263274431,-11.82322598
0.008957094397,-0.2663303316,-11.84145927
0.008967094397,-0.2052821666,-11.8563385
0.008977094397,-0.1434238255,-11.8686552
0.008987094397,-0.0809994638,-11.87867546
0.008997094397,-0.01825542748,-11.88700104
0.009007094397,0.04456065223,-11.89374256
0.009007250647,0.04554140195,-11.89386272
0.009007563147,0.04750277102,10.32643032
0.009007649329,0.04804364964,12.60538483
0.009007735275,0.04858303443,11.17512989
0.00900777958,0.04886107892,11.93899345
0.009007824312,0.04914180562,11.64443779
0.009007870399,0.04943102226,11.76026821
0.009007917834,0.04972869903,11.71362495
0.009007995163,0.05021396652,11.7357626
0.009008109545,0.05093172565,11.72231579
0.009008328507,0.05230567604,11.73371124
0.009008766433,0.05505327508,11.72619915
0.009009642284,0.06054720283,11.73809528
0.009011393987,0.07152939588,11.73625565
0.009014897392,0.0934664458,11.7566843
0.009021904201,0.1371940821,11.77076912
0.009031904201,0.199120149,11.80565834
0.009041904201,0.2602603734,11.81968021
0.009051904201,0.3203734756,11.84577274
0.009061904201,0.3792222142,11.85268497
0.009071904201,0.4365743101,11.87282276
0.009081904201,0.492203474,11.87495804
0.009091904201,0.5458901525,11.89105892
0.009101904201,0.597422421,11.88999271
0.009101944826,0.5976270437,-7.120345592
0.009102026077,0.5980362892,-14.53496265
0.009102053503,0.5981743932,-11.26424789
0.009102069872,0.5982568264,-11.68360329
0.009102084894,0.5983324647,-11.7203989
0.009102101393,0.598415494,-11.72566032
0.00910213439,0.5985816121,-11.72641754
0.009102200385,0.5989137292,-11.72647953
0.009102332375,0.5995776653,-11.72711182
0.009102596355,0.6009042859,-11.72803974
0.009103124315,0.6035525203,-11.73015404
0.009104180234,0.6088290811,-11.73407078
0.009106292073,0.6193015575,-11.74189758
0.009110515751,0.6399175525,-11.75639439
0.009118963108,0.6797834039,-11.78227234
0.009128963108,0.7244933844,-11.80770683
0.009138963108,0.76634413,-11.82873344
0.009148963108,0.8051704168,-11.84586716
0.009158963108,0.8408191204,-11.86007404
0.009168963108,0.8731495142,-11.87160778
0.009178963108,0.9020339251,-11.88121605
0.009188963108,0.9273584485,-11.88897228
0.009190213108,0.9302685857,-11.88987064
0.009192713108,0.9359164834,-11.89155293
0.009193338108,0.9372924566,-11.89195728
0.009194588108,0.9400009513,-11.89275837
0.009194900608,0.9406690598,-11.89295483
0.009195525608,0.9419943094,-11.89334583
0.009195681858,0.9423233867,-11.89344215
0.009195994358,0.9429787397,-11.8936348
0.009196107814,0.9432157874,8.234059334
0.009196176353,0.9433587193,13.65981293
0.009196233159,0.9434770942,10.78782749
0.009196256998,0.9435267448,11.81605053
0.009196279991,0.9435746074,11.71956348
0.009196304248,0.9436250329,11.72733402
0.009196331555,0.9436818361,11.72659874
0.009196386169,0.9437953234,11.72698402
0.009196495398,0.9440219402,11.72731495
0.009196713854,0.9444738626,11.72823048
0.009197150768,0.9453722835,11.72984886
0.009198024595,0.9471479058,11.73322296
0.00919977225,0.9506133199,11.73963451
0.009203267559,0.9571999907,11.75197792
0.009210258177,0.9689853191,11.7741375
0.009220258177,0.9825899005,11.80114269
0.009230258177,0.9923167229,11.82322598
0.009240258177,0.9981272817,11.84145927
0.009250258177,0.9999986887,11.8563385
0.009260258177,0.997923553,11.8686552
0.009270258177,0.9919101,11.87867546
0.009280258177,0.9819819927,11.88700104
0.009290258177,0.9681784511,11.89374256
0.009290414427,0.9679322839,11.89386272
0.009290726927,0.9674372077,-10.32643032
0.009290813109,0.9672999978,-12.60538483
0.009290899055,0.9671629071,-11.17512989
0.00929094336,0.9670920968,-11.93899345
0.009290988092,0.9670205712,-11.64443779
0.009291034179,0.9669467807,-11.76026821
0.009291081614,0.9668707252,-11.71362495
0.009291158943,0.9667465687,-11.7357626
0.009291273325,0.9665625095,-11.72231579
0.009291492287,0.9662088156,-11.73371124
0.009291930213,0.965495944,-11.72619915
0.009292806064,0.9640482068,-11.73809528
0.009294557767,0.9610651731,-11.73625565
0.009298061172,0.9547502995,-11.7566843
0.009305067981,0.9407359958,-11.77076912
0.009315067981,0.9175848961,-11.80565834
0.009325067981,0.8908125162,-11.81968021
0.009335067981,0.8605245352,-11.84577274
0.009345067981,0.8268404007,-11.85268497
0.009355067981,0.7898931503,-11.87282276
0.009365067981,0.7498285174,-11.87495804
0.009375067981,0.7068046927,-11.89105892
0.009385067981,0.6609914303,-11.88999271
0.009385108606,0.660799861,7.120345592
0.009385189856,0.6604166031,14.53496265
0.009385217282,0.6602872014,11.26424789
0.009385233652,0.6602099538,11.68360329
0.009385248674,0.6601390243,11.7203989
0.009385265172,0.6600611806,11.72566032
0.00938529817,0.6599054337,11.72641754
0.009385364165,0.6595938206,11.72647953
0.009385496155,0.6589702368,11.72711182
0.009385760135,0.6577217579,11.72803974
0.009386288094,0.6552193761,11.73015404
0.009387344014,0.650192976,11.73407078
0.009389455853,0.6400546432,11.74189758
0.009393679531,0.6194416285,11.75639439
0.009402126888,0.5769217014,11.78227234
0.009412126888,0.5244960189,11.80770683
0.009422126888,0.4700003564,11.82873344
0.009432126888,0.413649857,11.84586716
0.009442126888,0.3556668758,11.86007404
0.009452126888,0.2962802052,11.87160778
0.009462126888,0.2357242852,11.88121605
0.009472126888,0.1742380559,11.88897228
0.009473376888,0.1664989144,11.88987064
0.009475876888,0.1509903073,11.89155293
0.009476501888,0.1471071839,11.89195728
0.009477751888,0.1393341869,11.89275837
0.009478064388,0.1373895854,11.89295483
0.009478689388,0.133498773,11.89334583
0.009478845638,0.132525757,11.89344215
0.009479158138,0.1305793226,11.8936348
0.009479271594,0.1298725307,-8.234059334
0.009479340132,0.129445523,-13.65981293
0.009479396938,0.1290915906,-10.78782749
0.009479420777,0.1289430559,-11.81605053
0.009479443771,0.1287997961,-11.71956348
0.009479468028,0.1286486536,-11.72733402
0.009479495335,0.1284784973,-11.72659874
0.009479549949,0.1281381845,-11.72698402
0.009479659177,0.1274575144,-11.72731495
0.009479877634,0.1260959804,-11.72823048
0.009480314548,0.1233722121,-11.72984886
0.009481188375,0.1179219037,-11.73322296
0.00948293603,0.1070107892,-11.73963451
0.009486431339,0.08515117317,-11.75197792
0.009493421957,0.04131929949,-11.7741375
0.009503421957,-0.02149913274,-11.80114269
0.009513421957,-0.08423271775,-11.82322598
0.009523421957,-0.1466338634,-11.84145927
0.009533421957,-0.2084563226,-11.8563385
0.009543421957,-0.2694561183,-11.8686552
0.009553421957,-0.329392463,-11.87867546
0.009563421957,-0.3880288601,-11.88700104
0.009573421957,-0.4451338649,-11.89374256
0.009573578207,-0.446012795,-11.89386272
0.009573890707,-0.4477693141,10.32643032
0.009573976889,-0.448253423,12.60538483
0.009574062835,-0.4487360716,11.17512989
0.00957410714,-0.4489848316,11.93899345
0.009574151872,-0.4492359459,11.64443779
0.009574197959,-0.4494946301,11.76026821
0.009574245394,-0.4497608542,11.71362495
0.009574322723,-0.4501947463,11.7357626
0.009574437104,-0.4508363903,11.72231579
0.009574656067,-0.4520639777,11.73371124
0.009575093993,-0.4545166194,11.72619915
0.009575969844,-0.4594115615,11.73809528
0.009577721547,-0.4691595733,11.73625565
0.009581224951,-0.4884839058,11.7566843
0.009588231761,-0.5264132619,11.77076912
0.009598231761,-0.5787608624,11.80565834
0.009608231761,-0.6288242936,11.81968021
0.009618231761,-0.6764060855,11.84577274
0.009628231761,-0.7213183641,11.85268497
0.009638231761,-0.763383925,11.87282276
0.009648231761,-0.8024368286,11.87495804
0.009658231761,-0.8383228183,11.89105892
0.009668231761,-0.8709003329,11.88999271
0.009668272386,-0.8710257411,-7.120345592
0.009668353636,-0.8712764382,-14.53496265
0.009668381062,-0.8713610172,-11.26424789
0.009668397432,-0.8714114428,-11.68360329
0.009668412454,-0.8714577556,-11.7203989
0.009668428952,-0.8715085983,-11.72566032
0.00966846195,-0.8716102242,-11.72641754
0.009668527945,-0.8718134165,-11.72647953
0.009668659935,-0.8722193837,-11.72711182
0.009668923915,-0.8730294108,-11.72803974
0.009669451874,-0.8746423125,-11.73015404
0.009670507794,-0.8778392673,-11.73407078
0.009672619633,-0.8841171265,-11.74189758
0.009676843311,-0.89620471,-11.75639439
0.009685290668,-0.9184784293,-11.78227234
0.009695290668,-0.9414978623,-11.80770683
0.009705290668,-0.9608016014,-11.82873344
0.009715290668,-0.9763135314,-11.84586716
0.009725290668,-0.9879723787,-11.86007404
0.009735290668,-0.9957321882,-11.87160778
0.009745290668,-0.9995622635,-11.88121605
0.009755290668,-0.9994475245,-11.88897228
0.009756540668,-0.9991556406,-11.88987064
0.009759040668,-0.9983870983,-11.89155293
0.009759665668,-0.9981564283,-11.89195728
0.009760915668,-0.9976489544,-11.89275837
0.009761228168,-0.9975124598,-11.89295483
0.009761853168,-0.9972279668,-11.89334583
0.009762009418,-0.9971544147,-11.89344215
0.009762321918,-0.997004509,-11.8936348
0.009762435374,-0.9969491363,8.234059334
0.009762503912,-0.9969154,13.65981293
0.009762560718,-0.9968873262,10.78782749
0.009762584557,-0.9968755245,11.81605053
0.009762607551,-0.9968640804,11.71956348
0.009762631808,-0.9968520403,11.72733402
0.009762659115,-0.9968383908,11.72659874
0.009762713729,-0.9968110919,11.72698402
0.009762822957,-0.9967560768,11.72731495
0.009763041414,-0.9966446757,11.72823048
0.009763478328,-0.9964162111,11.72984886
0.009764352155,-0.995936811,11.73322296
0.00976609981,-0.9948878884,11.73963451
0.009769595119,-0.9924303293,11.75197792
0.009776585737,-0.9860807061,11.7741375
0.009786585737,-0.9736949205,11.80114269
0.009796585737,-0.9574663639,11.82322598
0.009806585737,-0.9374591112,11.84145927
0.009816585737,-0.9137521386,11.8563385
0.009826585737,-0.8864390254,11.8686552
0.009836585737,-0.8556275368,11.87867546
0.009846585737,-0.8214393258,11.88700104
0.009856585737,-0.7840092182,11.89374256
0.009856741987,-0.7833994031,11.89386272
0.009857054487,-0.7821775675,-10.32643032
0.009857140668,-0.781840086,-12.60538483
0.009857226615,-0.7815032601,-11.17512989
0.00985727092,-0.7813295722,-11.93899345
0.009857315652,-0.7811540961,-11.64443779
0.009857361738,-0.7809732556,-11.76026821
0.009857409174,-0.7807871103,-11.71362495
0.009857486503,-0.7804834247,-11.7357626
0.009857600884,-0.780033946,-11.72231579
0.009857819847,-0.7791723013,-11.73371124
0.009858257773,-0.7774446607,-11.72619915
0.009859133624,-0.7739716768,-11.73809528
0.009860885326,-0.7669555545,-11.73625565
0.009864388731,-0.7526454329,-11.7566843
0.009871395541,-0.7229382396,-11.77076912
0.009881395541,-0.6781289577,-11.80565834
0.009891395541,-0.6306433678,-11.81968021
0.009901395541,-0.5806689262,-11.84577274
0.009911395541,-0.5284028649,-11.85268497
0.009921395541,-0.4740514159,-11.87282276
0.009931395541,-0.4178290963,-11.87495804
0.009941395541,-0.3599578142,-11.89105892
0.009951395541,-0.3006659448,-11.88999271
0.009951436166,-0.3004224896,7.120345592
0.009951517416,-0.2999355197,14.53496265
0.009951544842,-0.2997711301,11.26424789
0.009951561212,-0.299672991,11.68360329
0.009951576233,-0.2995829582,11.7203989
0.009951592732,-0.2994840443,11.72566032
0.00995162573,-0.2992862165,11.72641754
0.009951691725,-0.2988905609,11.72647953
0.009951823715,-0.298099041,11.72711182
0.009952087695,-0.2965154052,11.72803974
0.009952615654,-0.2933456898,11.73015404
0.009953671574,-0.2869966328,11.73407078
0.009955783413,-0.2742608786,11.74189758
0.009960007091,-0.2486467361,11.75639439
0.009968454447,-0.1969113201,11.78227234
0.009978454447,-0.1349615902,11.80770683
0.009988454447,-0.0724792406,11.82873344
0.009998454447,-0.009710840881,11.84586716
0.01000845445,0.0530958809,11.86007404
0.01001845445,0.1156930551,11.87160778
0.01002845445,0.1778336465,11.88121605
0.01003845445,0.2392724007,11.88897228
0.01003970445,0.2468907833,11.88987064
0.01004220445,0.2620814145,11.89155293
0.01004282945,0.2658691108,11.89195728
0.01004407945,0.2734321356,11.89275837
0.01004439195,0.2753202617,11.89295483
0.01004501695,0.2790933549,11.89334583
0.0100451732,0.2800359726,11.89344215
0.0100454857,0.2819203436,11.8936348
0.01004559915,0.2826042473,-8.234059334
0.01004566769,0.2830173075,-13.65981293
0.0100457245,0.283359617,-10.78782749
0.01004574834,0.2835032642,-11.81605053
0.01004577133,0.2836417854,-11.71956348
0.01004579559,0.283787936,-11.72733402
0.01004582289,0.2839524448,-11.72659874
0.01004587751,0.2842814624,-11.72698402
0.01004598674,0.2849393785,-11.72731495
0.01004620519,0.2862548232,-11.72823048
0.01004664211,0.2888840735,-11.72984886
0.01004751593,0.2941360176,-11.73322296
0.01004926359,0.304613173,-11.73963451
0.0100527589,0.3254559934,-11.75197792
0.01005974952,0.3666607738,-11.7741375
0.01006974952,0.424354732,-11.80114269
0.01007974952,0.480373919,-11.82322598
0.01008974952,0.5344973207,-11.84145927
0.01009974952,0.5865112543,-11.8563385
0.01010974952,0.6362105608,-11.8686552
0.01011974952,0.683398962,-11.87867546
0.01012974952,0.7278903723,-11.88700104
0.01013974952,0.7695090771,-11.89374256
0.01013990577,0.7701357007,-11.89386272
0.01014021827,0.771386683,10.32643032
0.01014030445,0.7717311382,12.60538483
0.01014039039,0.772074461,11.17512989
0.0101404347,0.7722513676,11.93899345
0.01014047943,0.7724298835,11.64443779
0.01014052552,0.7726137638,11.76026821
0.01014057295,0.772802949,11.71362495
0.01014065028,0.7731112242,11.7357626
0.01014076466,0.7735668421,11.72231579
0.01014098363,0.774437964,11.73371124
0.01014142155,0.776175797,11.72619915
0.0101422974,0.7796338797,11.73809528
0.01014404911,0.7864790559,11.73625565
0.01014755251,0.79988271,11.7566843
0.01015455932,0.8255210519,11.77076912
0.01016455932,0.8593292832,11.80565834
0.01017455932,0.8897460699,11.81968021
0.01018455932,0.9166514874,11.84577274
0.01019455932,0.9399392605,11.85268497
0.01020455932,0.9595175385,11.87282276
0.01021455932,0.9753090143,11.87495804
0.01022455932,0.9872514009,11.89105892
0.01023455932,0.9952975512,11.88999271
0.01023459995,0.9953222871,-7.120345592
0.0102346812,0.9953714609,-14.53496265
0.01023470862,0.995388031,-11.26424789
0.01023472499,0.9953978658,-11.68360329
0.01023474001,0.9954069257,-11.7203989
0.01023475651,0.99541682,-11.72566032
0.01023478951,0.9954366088,-11.72641754
0.0102348555,0.9954761267,-11.72647953
0.01023498749,0.9955545664,-11.72711182
0.01023525147,0.9957094193,-11.72803974
0.01023577943,0.9960108995,-11.73015404
0.01023683535,0.996581018,-11.73407078
0.01023894719,0.9975895286,-11.74189758
0.01024317087,0.9990795851,-11.75639439
0.01025161823,0.9999483228,-11.78227234
0.01026161823,0.9973367453,-11.80770683
0.01027161823,0.9907891154,-11.82873344
0.01028161823,0.9803313017,-11.84586716
0.01029161823,0.9660045505,-11.86007404
0.01030161823,0.9478654265,-11.87160778
0.01031161823,0.9259855151,-11.88121605
0.01032161823,0.9004511833,-11.88897228
0.01032286823,0.8970072865,-11.88987064
0.01032536823,0.8899537921,-11.89155293
0.01032599323,0.8881559968,-11.89195728
0.01032724323,0.8845193982,-11.89275837
0.01032755573,0.8836017251,-11.89295483
0.01032818073,0.8817561269,-11.89334583
0.01032833698,0.8812926412,-11.89344215
0.01032864948,0.8803630471,-11.8936348
0.01032876293,0.8800247312,8.234059334
0.01032883147,0.8798201084,13.65981293
0.01032888828,0.879650414,10.78782749
0.01032891212,0.8795791268,11.81605053
0.01032893511,0.8795104027,11.71956348
0.01032895937,0.8794378638,11.72733402
0.01032898667,0.8793562055,11.72659874
0.01032904129,0.8791927099,11.72698402
0.01032915052,0.87886554,11.72731495
0.01032936897,0.8782098889,11.72823048
0.01032980589,0.87689358,11.72984886
0.01033067971,0.8742412329,11.73322296
0.01033242737,0.8688575029,11.73963451
0.01033592268,0.857776463,11.75197792
0.0103429133,0.8343788385,11.7741375
0.0103529133,0.7981227636,11.80114269
0.0103629133,0.7587168813,11.82322598
0.0103729133,0.7163167,11.84145927
0.0103829133,0.67108953,11.8563385
0.0103929133,0.6232138872,11.8686552
0.0104029133,0.5728787184,11.87867546
0.0104129133,0.5202826262,11.88700104
0.0104229133,0.4656332731,11.89374256
0.01042306955,0.4647642076,11.89386272
0.01042338205,0.4630247653,-10.32643032
0.01042346823,0.4625447392,-12.60538483
0.01042355417,0.4620659053,-11.17512989
0.01042359848,0.4618190229,-11.93899345
0.01042364321,0.4615696967,-11.64443779
0.0104236893,0.4613128006,-11.76026821
0.01042373673,0.4610483348,-11.71362495
0.01042381406,0.460617125,-11.7357626
0.01042392844,0.4599791169,-11.72231579
0.01042414741,0.4587570727,-11.73371124
0.01042458533,0.4563104212,-11.72619915
0.01042546118,0.4514067173,-11.73809528
0.01042721289,0.4415584803,-11.73625565
0.01043071629,0.4217027426,-11.7566843
0.0104377231,0.3813879788,-11.77076912
0.0104477231,0.3225908875,-11.80565834
0.0104577231,0.2625207007,-11.81968021
0.0104677231,0.2014144361,-11.84577274
0.0104777231,0.1395132989,-11.85268497
0.0104877231,0.07706155628,-11.87282276
0.0104977231,0.0143056903,-11.87495804
0.0105077231,-0.04850663245,-11.89105892
0.0105177231,-0.1111275256,-11.88999271
0.01051776373,-0.1113811955,7.120345592
0.01051784498,-0.111888513,14.53496265
0.0105178724,-0.1120597497,11.26424789
0.01051788877,-0.1121619493,11.68360329
0.01051790379,-0.1122557446,11.7203989
0.01051792029,-0.1123587489,11.72566032
0.01051795329,-0.1125647649,11.72641754
0.01051801928,-0.1129767746,11.72647953
0.01051815127,-0.1138007492,11.72711182
0.01051841525,-0.1154484451,11.72803974
0.01051894321,-0.1187428981,11.73015404
0.01051999913,-0.1253278255,11.73407078
0.01052211097,-0.1384808719,11.74189758
0.01052633465,-0.1647114754,11.75639439
0.01053478201,-0.2168063372,11.78227234
0.01054478201,-0.2776755393,11.80770683
0.01055478201,-0.337448895,11.82873344
0.01056478201,-0.3958904743,11.84586716
0.01057478201,-0.4527696669,11.86007404
0.01058478201,-0.5078619719,11.87160778
0.01059478201,-0.5609499812,11.88121605
0.01060478201,-0.6118242145,11.88897228
0.01060603201,-0.6180177331,11.88987064
0.01060853201,-0.6302900314,11.89155293
0.01060915701,-0.6333339214,11.89195728
0.01061040701,-0.6393923163,11.89275837
0.01061071951,-0.6409007907,11.89295483
0.01061134451,-0.6439102888,11.89334583
0.01061150076,-0.6446611285,11.89344215
0.01061181326,-0.6461609006,11.8936348
0.01061192671,-0.646704793,-8.234059334
0.01061199525,-0.6470332146,-13.65981293
0.01061205206,-0.6473053098,-10.78782749
0.0106120759,-0.6474194527,-11.81605053
0.01061209889,-0.6475296021,-11.71956348
0.01061212315,-0.6476457119,-11.72733402
0.01061215045,-0.6477764249,-11.72659874
0.01061220507,-0.6480377913,-11.72698402
0.0106123143,-0.6485603452,-11.72731495
0.01061253275,-0.6496044993,-11.72823048
0.01061296967,-0.6516891718,-11.72984886
0.01061384349,-0.6558437347,-11.73322296
0.01061559115,-0.6640934348,-11.73963451
0.01061908646,-0.680351615,-11.75197792
0.01062607708,-0.7118758559,-11.7741375
0.01063607708,-0.7545692921,-11.80114269
0.01064607708,-0.7942847013,-11.82322598
0.01065607708,-0.8308655024,-11.84145927
0.01066607708,-0.8641672134,-11.8563385
0.01067607708,-0.894058466,-11.8686552
0.01068607708,-0.9204213023,-11.87867546
0.01069607708,-0.9431515932,-11.88700104
0.01070607708,-0.9621597528,-11.89374256
0.01070623333,-0.9624267817,-11.89386272
0.01070654583,-0.9629580975,10.32643032
0.01070663201,-0.9631040096,12.60538483
0.01070671795,-0.9632492065,11.17512989
0.01070676226,-0.9633238912,11.93899345
0.01070680699,-0.963399291,11.64443779
0.01070685308,-0.9634768963,11.76026821
0.01070690051,-0.9635566473,11.71362495
0.01070697784,-0.9636865258,11.7357626
0.01070709222,-0.9638781548,11.72231579
0.01070731119,-0.96424371,11.73371124
0.01070774911,-0.9649692774,11.72619915
0.01070862496,-0.9663984776,11.73809528
0.01071037667,-0.9691690207,11.73625565
0.01071388007,-0.974357605,11.7566843
0.01072088688,-0.9833161831,11.77076912
0.01073088688,-0.9927977324,11.80565834
0.01074088688,-0.9983611107,11.81968021
0.01075088688,-0.9999845028,11.84577274
0.01076088688,-0.9976613522,11.85268497
0.01077088688,-0.9914008975,11.87282276
0.01078088688,-0.9812278152,11.87495804
0.01079088688,-0.9671823382,11.89105892
0.01080088688,-0.9493197799,11.88999271
0.01080092751,-0.9492394924,-7.120345592
0.01080100876,-0.9490787983,-14.53496265
0.01080103618,-0.9490244985,-11.26424789
0.01080105255,-0.9489920735,-11.68360329
0.01080106757,-0.9489623308,-11.7203989
0.01080108407,-0.9489296079,-11.72566032
0.01080111707,-0.9488642216,-11.72641754
0.01080118306,-0.9487332106,-11.72647953
0.01080131505,-0.9484707713,-11.72711182
0.01080157903,-0.9479438663,-11.72803974
0.01080210699,-0.9468823075,-11.73015404
0.01080316291,-0.9447279572,-11.73407078
0.01080527475,-0.9402946234,-11.74189758
0.01080949843,-0.9309319854,-11.75639439
0.01081794579,-0.9102470875,-11.78227234
0.01082794579,-0.8824515343,-11.80770683
0.01083794579,-0.8511733413,-11.82873344
0.01084794579,-0.8165359497,-11.84586716
0.01085794579,-0.7786760926,-11.86007404
0.01086794579,-0.7377431393,-11.87160778
0.01087794579,-0.6938986182,-11.88121605
0.01088794579,-0.6473156214,-11.88897228
0.01088919579,-0.6413092613,-11.88987064
0.01089169579,-0.6291781664,-11.89155293
0.01089232079,-0.6261210442,-11.89195728
0.01089357079,-0.6199778318,-11.89275837
0.01089388329,-0.6184360385,-11.89295483
0.01089450829,-0.6153452992,-11.89334583
0.01089466454,-0.6145711541,-11.89344215
0.01089497704,-0.6130210757,-11.8936348
0.01089509049,-0.6124576926,8.234059334
0.01089515903,-0.6121172309,13.65981293
0.01089521584,-0.6118349433,10.78782749
0.01089523968,-0.6117164493,11.81605053
0.01089526267,-0.6116021276,11.71956348
0.01089528693,-0.6114815474,11.72733402
0.01089531423,-0.611345768,11.72659874
0.01089536885,-0.6110742092,11.72698402
0.01089547808,-0.6105307937,11.72731495
0.01089569653,-0.6094431281,11.72823048
0.01089613345,-0.6072643399,11.72984886
0.01089700727,-0.6028930545,11.73322296
0.01089875493,-0.5940961242,11.73963451
0.01090225024,-0.5762884617,11.75197792
0.01090924086,-0.53984797,11.7741375
0.01091924086,-0.4859280288,11.80114269
0.01092924086,-0.4300903082,11.82322598
0.01093924086,-0.3725552261,11.84145927
0.01094924086,-0.3135498464,11.8563385
0.01095924086,-0.2533070147,11.8686552
0.01096924086,-0.1920645237,11.87867546
0.01097924086,-0.1300640255,11.88700104
0.01098924086,-0.06755021214,11.89374256
0.01098939711,-0.06657067686,11.89386272
0.01098970961,-0.06461141258,-10.32643032
0.01098979579,-0.06407103688,-12.60538483
0.01098988173,-0.06353212148,-11.17512989
0.01098992604,-0.06325430423,-11.93899345
0.01098997077,-0.06297380477,-11.64443779
0.01099001686,-0.0626848042,-11.76026821
0.01099006429,-0.0623873435,-11.71362495
0.01099014162,-0.06190241128,-11.7357626
0.010990256,-0.06118509173,-11.72231579
0.01099047497,-0.05981183052,-11.73371124
0.01099091289,-0.05706496537,-11.72619915
0.01099178874,-0.05156996101,-11.73809528
0.01099354045,-0.04057543352,-11.73625565
0.01099704385,-0.01857296377,-11.7566843
0.01100405066,0.02544830553,-11.77076912
0.01101405066,0.08816827089,-11.80565834
0.01102405066,0.1505402774,-11.81968021
0.01103405066,0.2123181671,-11.84577274
0.01104405066,0.2732581496,-11.85268497
0.01105405066,0.3331196904,-11.87282276
0.01106405066,0.3916665614,-11.87495804
0.01107405066,0.4486677051,-11.89105892
0.01108405066,0.5038981438,-11.88999271
0.01108409129,0.5041186213,7.120345592
0.01108417254,0.5045594573,14.53496265
0.01108419996,0.5047082305,11.26424789
0.01108421633,0.5047970414,11.68360329
0.01108423135,0.504878521,11.7203989
0.01108424785,0.5049679875,11.72566032
0.01108428085,0.5051469207,11.72641754
0.01108434684,0.5055047274,11.72647953
0.01108447883,0.5062201023,11.72711182
0.01108474281,0.5076498389,11.72803974
0.01108527077,0.5105050802,11.73015404
0.01108632669,0.5161986947,11.73407078
0.01108843853,0.5275174379,11.74189758
0.01109266221,0.5498743653,11.75639439
0.01110110957,0.593411088,11.78227234
0.01111110957,0.6427801847,11.80770683
0.01112110957,0.6896125078,11.82873344
0.01113110957,0.7337232828,11.84586716
0.01114110957,0.774938345,11.86007404
0.01115110957,0.8130950928,11.87160778
0.01116110957,0.8480429649,11.88121605
0.01117110957,0.8796439767,11.88897228
0.01117235957,0.8833523989,11.88987064
0.01117485957,0.8906055689,11.89155293
0.01117548457,0.8923846483,11.89195728
0.01117673457,0.895901382,11.89275837
0.01117704707,0.8967719078,11.89295483
0.01117767207,0.8985027075,11.89334583
0.01117782832,0.8989332318,11.89344215
0.01117814082,0.8997916579,11.8936348
0.01117825427,0.9001024365,-8.234059334
0.01117832281,0.9002900124,-13.65981293
0.01117837962,0.9004452825,-10.78782749
0.01117840346,0.9005104303,-11.81605053
0.01117842645,0.9005732536,-11.71956348
0.01117845071,0.9006394744,-11.72733402
0.01117847801,0.9007140398,-11.72659874
0.01117853263,0.9008630514,-11.72698402
0.01117864186,0.9011607766,-11.72731495
0.01117886031,0.9017549157,-11.72823048
0.01117929723,0.9029381275,-11.72984886
0.01118017105,0.9052841663,-11.73322296
0.01118191871,0.909894228,-11.73963451
0.01118541402,0.9187846184,-11.75197792
0.01119240464,0.9352320433,-11.7741375
0.01120240464,0.955616653,-11.80114269
0.01121240464,0.9722298384,-11.82322598
0.01122240464,0.9850061536,-11.84145927
0.01123240464,0.9938950539,-11.8563385
0.01124240464,0.9988614917,-11.8686552
0.01125240464,0.9998858571,-11.87867546
0.01126240464,0.9969641566,-11.88700104
0.01127240464,0.9901078939,-11.89374256
0.01127256089,0.9899696708,-11.89386272
0.01127287339,0.9896903634,10.32643032
0.01127295957,0.9896126986,12.60538483
0.01127304551,0.9895349145,11.17512989
0.01127308982,0.9894946814,11.93899345
0.01127313455,0.989454031,11.64443779
0.01127318064,0.9894120097,11.76026821
0.01127322807,0.9893687367,11.71362495
0.0112733054,0.9892979264,11.7357626
0.01127341978,0.9891928434,11.72231579
0.01127363875,0.9889901876,11.73371124
0.01127407667,0.9885792732,11.72619915
0.01127495252,0.9877349734,11.73809528
0.01127670423,0.9859566689,11.73625565
0.01128020763,0.982041955,11.7566843
0.01128721444,0.9727872014,11.77076912
0.01129721444,0.9563190341,11.80565834
0.01130721444,0.9360767603,11.81968021
0.01131721444,0.912140131,11.84577274
0.01132721444,0.8846037984,11.85268497
0.01133721444,0.8535762429,11.87282276
0.01134721444,0.8191800714,11.87495804
0.01135721444,0.7815510035,11.89105892
0.01136721444,0.7408374548,11.88999271
0.01136725507,0.7406659722,-7.120345592
0.01136733632,0.7403228879,-14.53496265
0.01136736374,0.7402070165,-11.26424789
0.01136738011,0.7401378751,-11.68360329
0.01136739513,0.7400743961,-11.7203989
0.01136741163,0.7400046587,-11.72566032
0.01136744463,0.7398651838,-11.72641754
0.01136751062,0.7395861745,-11.72647953
0.01136764261,0.7390277386,-11.72711182
0.01136790659,0.737909317,-11.72803974
0.01136843455,0.7356664538,-11.73015404
0.01136949047,0.7311564088,-11.73407078
0.01137160231,0.7220400572,-11.74189758
0.01137582599,0.7034274936,-11.75639439
0.01138427335,0.6647297144,-11.78227234
0.01139427335,0.6165082455,-11.80770683
0.01140427335,0.5658537149,-11.82873344
0.01141427335,0.5129659772,-11.84586716
0.01142427335,0.4580538273,-11.86007404
0.01143427335,0.4013339281,-11.87160778
0.01144427335,0.3430301547,-11.88121605
0.01145427335,0.283372581,-11.88897228
0.01145552335,0.2758318782,-11.88987064
0.01145802335,0.260699898,-11.89155293
0.01145864835,0.2569066882,-11.89195728
0.01145989835,0.2493084818,-11.89275837
0.01146021085,0.2474064976,-11.89295483
0.01146083585,0.2435996979,-11.89334583
0.0114609921,0.2426474094,-11.89344215
0.0114613046,0.2407421172,-11.8936348
0.01146141805,0.2400501519,8.234059334
0.01146148659,0.239632085,13.65981293
0.0114615434,0.2392855436,10.78782749
0.01146156724,0.2391401082,11.81605053
0.01146159023,0.2389998287,11.71956348
0.01146161449,0.2388518304,11.72733402
0.01146164179,0.2386852205,11.72659874
0.01146169641,0.2383519709,11.72698402
0.01146180564,0.2376853973,11.72731495
0.01146202409,0.2363519073,11.72823048
0.01146246101,0.2336835861,11.72984886
0.01146333483,0.2283416837,11.73322296
0.01146508249,0.2176374048,11.73963451
0.0114685778,0.1961513907,11.75197792
0.01147556842,0.1529059857,11.7741375
0.01148556842,0.0905521065,11.80114269
0.01149556842,0.02784086578,11.82322598
0.01150556842,-0.03498025239,11.84145927
0.01151556842,-0.0976633206,11.8563385
0.01152556842,-0.1599609554,11.8686552
0.01153556842,-0.221627295,11.87867546
0.01154556842,-0.2824189663,11.88700104
0.01155556842,-0.3420960605,11.89374256
0.01155572467,-0.3430184126,11.89386272
0.01155603717,-0.3448621333,-10.32643032
0.01155612335,-0.3453703523,-12.60538483
0.01155620929,-0.3458770812,-11.17512989
0.0115562536,-0.3461382687,-11.93899345
0.01155629833,-0.3464019597,-11.64443779
0.01155634442,-0.346673578,-11.76026821
0.01155639185,-0.3469531238,-11.71362495
0.01155646918,-0.3474087715,-11.7357626
0.01155658356,-0.348082602,-11.72231579
0.01155680253,-0.3493720293,-11.73371124
0.01155724045,-0.3519488573,-11.72619915
0.0115581163,-0.3570945561,-11.73809528
0.01155986801,-0.3673533201,-11.73625565
0.01156337141,-0.3877361417,-11.7566843
0.01157037822,-0.4279283583,-11.77076912
0.01158037822,-0.4838348031,-11.80565834
0.01159037822,-0.5378317833,-11.81968021
0.01160037822,-0.5897061825,-11.84577274
0.01161037822,-0.6392532587,-11.85268497
0.01162037822,-0.6862775087,-11.87282276
0.01163037822,-0.7305933237,-11.87495804
0.01164037822,-0.7720258832,-11.89105892
0.01165037822,-0.8104115129,-11.88999271
0.01165041885,-0.8105610609,7.120345592
0.0116505001,-0.8108599186,14.53496265
0.01165052752,-0.8109607697,11.26424789
0.01165054389,-0.8110209703,11.68360329
0.01165055891,-0.8110761642,11.7203989
0.01165057541,-0.8111367822,11.72566032
0.01165060841,-0.811258018,11.72641754
0.0116506744,-0.8115004301,11.72647953
0.01165080639,-0.8119847178,11.72711182
0.01165107037,-0.8129517436,11.72803974
0.01165159833,-0.8148790002,11.73015404
0.01165265425,-0.8187066317,11.73407078
0.01165476609,-0.826253593,11.74189758
0.01165898977,-0.8409097791,11.75639439
0.01166743713,-0.8684357405,11.78227234
0.01167743713,-0.8978537321,11.80770683
0.01168743713,-0.9237282872,11.82873344
0.01169743713,-0.945957303,11.84586716
0.01170743713,-0.9644531012,11.86007404
0.01171743713,-0.9791426063,11.87160778
0.01172743713,-0.9899679422,11.88121605
0.01173743713,-0.9968862534,11.88897228
0.01173868713,-0.9974747896,11.88987064
0.01174118713,-0.9984673262,11.89155293
0.01174181213,-0.9986769557,11.89195728
0.01174306213,-0.9990500212,11.89275837
0.01174337463,-0.9991336465,11.89295483
0.01174399963,-0.9992893934,11.89334583
0.01174415588,-0.9993259311,11.89344215
0.01174446838,-0.9993960857,11.8936348
0.01174458183,-0.9994205832,-8.234059334
0.01174465037,-0.9994351268,-13.65981293
0.01174470718,-0.9994470477,-10.78782749
0.01174473102,-0.9994520545,-11.81605053
0.01174475401,-0.9994568229,-11.71956348
0.01174477827,-0.9994618297,-11.72733402
0.01174480557,-0.9994674325,-11.72659874
0.01174486019,-0.9994785786,-11.72698402
0.01174496942,-0.9995005131,-11.72731495
0.01174518787,-0.9995429516,-11.72823048
0.01174562479,-0.9996221662,-11.72984886
0.01174649861,-0.9997580051,-11.73322296
0.01174824627,-0.9999392629,-11.73963451
0.01175174158,-0.9999401569,-11.75197792
0.0117587322,-0.9984952211,-11.7741375
0.0117687322,-0.9930815697,-11.80114269
0.0117787322,-0.983748734,-11.82322598
0.0117887322,-0.9705334306,-11.84145927
0.0117987322,-0.9534878731,-11.8563385
0.0118087322,-0.9326793551,-11.8686552
0.0118187322,-0.908190012,-11.87867546
0.0118287322,-0.8801164031,-11.88700104
0.0118387322,-0.8485693932,-11.89374256
0.01183888845,-0.8480495811,-11.89386272
0.01183920095,-0.8470074534,10.32643032
0.01183928713,-0.8467195034,12.60538483
0.01183937307,-0.8464320302,11.17512989
0.01183941738,-0.8462837934,11.93899345
0.01183946211,-0.846134007,11.64443779
0.0118395082,-0.8459796309,11.76026821
0.01183955563,-0.8458206654,11.71362495
0.01183963296,-0.8455613852,11.7357626
0.01183974734,-0.8451774716,11.72231579
0.01183996631,-0.8444413543,11.73371124
0.01184040423,-0.8429642916,11.72619915
0.01184128008,-0.8399910331,11.73809528
0.01184303179,-0.8339682221,11.73625565
0.01184653519,-0.8216204047,11.7566843
0.011853542,-0.7957365513,11.77076912
0.011863542,-0.7561377287,11.80565834
0.011873542,-0.71355474,11.81968021
0.011883542,-0.6681556702,11.84577274
0.011893542,-0.6201197505,11.85268497
0.011903542,-0.5696364641,11.87282276
0.011913542,-0.516905129,11.87495804
0.011923542,-0.4621337354,11.89105892
0.011933542,-0.405538559,11.88999271
0.01193358263,-0.4053052068,-7.120345592
0.01193366388,-0.4048384726,-14.53496265
0.0119336913,-0.4046808779,-11.26424789
0.01193370767,-0.4045868218,-11.68360329
0.01193372269,-0.4045005143,-11.7203989
0.01193373919,-0.4044057131,-11.72566032
0.01193377219,-0.4042160809,-11.72641754
0.01193383818,-0.4038367569,-11.72647953
0.01193397017,-0.40307796,-11.72711182
0.01193423415,-0.4015594721,-11.72803974
0.01193476211,-0.3985191882,-11.73015404
0.01193581803,-0.3924255371,-11.73407078
0.01193792987,-0.380186677,-11.74189758
0.01194215355,-0.3555102944,-11.75639439
0.01195060091,-0.305423975,-11.78227234
0.01196060091,-0.2450311333,-11.80770683
0.01197060091,-0.1836712509,-11.82873344
0.01198060091,-0.121586509,-11.84586716
0.01199060091,-0.05902192369,-11.86007404
0.01200060091,0.003775599413,-11.87160778
0.01201060091,0.06655821949,-11.88121605
0.01202060091,0.1290781647,-11.88897228
0.01202185091,0.1368623823,-11.88987064
0.01202435091,0.1524050087,-11.89155293
0.01202497591,0.1562849432,-11.89195728
0.01202622591,0.1640375108,-11.89275837
0.01202653841,0.1659740955,-11.89295483
0.01202716341,0.1698453277,-11.89334583
0.01202731966,0.170812726,-11.89344215
0.01202763216,0.1727470458,-11.8936348
0.01202774561,0.1734491438,8.234059334
0.01202781415,0.1738732457,13.65981293
0.01202787096,0.1742247194,10.78782749
0.0120278948,0.1743722111,11.81605053
0.01202791779,0.1745144725,11.71956348
0.01202794205,0.1746645421,11.72733402
0.01202796935,0.1748334765,11.72659874
0.01202802397,0.1751713306,11.72698402
0.0120281332,0.175846979,11.72731495
0.01202835165,0.1771980226,11.72823048
0.01202878857,0.1798991263,11.72984886
0.01202966239,0.1852972209,11.73322296
0.01203141005,0.1960765123,11.73963451
0.01203490536,0.2175628692,11.75197792
0.01204189598,0.2602104843,11.7741375
0.01205189598,0.3203245103,11.80114269
0.01206189598,0.3791743815,11.82322598
0.01207189598,0.4365278184,11.84145927
0.01208189598,0.4921584725,11.8563385
0.01209189598,0.5458468199,11.8686552
0.01210189598,0.5973809361,11.87867546
0.01211189598,0.6465575099,11.88700104
0.01212189598,0.6931823492,11.89374256
0.01212205223,0.6938896179,11.89386272
0.01212236473,0.6953021884,-10.32643032
0.01212245091,0.6956912279,-12.60538483
0.01212253685,0.6960790753,-11.17512989
0.01212258116,0.6962789297,-11.93899345
0.01212262589,0.6964806318,-11.64443779
0.01212267198,0.696688354,-11.76026821
0.01212271941,0.6969021559,-11.71362495
0.01212279674,0.697250545,-11.7357626
0.01212291112,0.6977655292,-11.72231579
0.01212313009,0.6987503767,-11.73371124
0.01212356801,0.7007160783,-11.72619915
0.01212444386,0.7046316266,-11.73809528
0.01212619557,0.7123985291,-11.73625565
0.01212969897,0.7276725769,-11.7566843
0.01213670578,0.7571555972,-11.77076912
0.01214670578,0.7966784835,-11.80565834
0.01215670578,0.8330572248,-11.81968021
0.01216670578,0.8661482334,-11.84577274
0.01217670578,0.8958210349,-11.85268497
0.01218670578,0.9219583869,-11.87282276
0.01219670578,0.9444571733,-11.87495804
0.01220670578,0.9632286429,-11.89105892
0.01221670578,0.9781986475,-11.88999271
0.01221674641,0.978251636,7.120345592
0.01221682766,0.9783574343,14.53496265
0.01221685508,0.9783930779,11.26424789
0.01221687145,0.9784142971,11.68360329
0.01221688647,0.9784337878,11.7203989
0.01221690297,0.9784552455,11.72566032
0.01221693597,0.978497982,11.72641754
0.01221700196,0.9785834551,11.72647953
0.01221713395,0.9787538052,11.72711182
0.01221739793,0.9790925384,11.72803974
0.01221792589,0.9797619581,11.73015404
0.01221898181,0.9810683727,11.73407078
0.01222109365,0.983551681,11.74189758
0.01222531733,0.9879983068,11.75639439
0.01223376469,0.9948015213,11.78227234
0.01224376469,0.9992326498,11.80770683
0.01225376469,0.9997202754,11.82873344
0.01226376469,0.9962624311,11.84586716
0.01227376469,0.9888727665,11.86007404
0.01228376469,0.9775804877,11.87160778
0.01229376469,0.9624301791,11.88121605
0.01230376469,0.9434815645,11.88897228
0.01230501469,0.940849483,11.88987064
0.01230751469,0.9354113936,11.89155293
0.01230813969,0.9340157509,11.89195728
0.01230938969,0.9311813116,11.89275837
0.01230970219,0.9304636717,11.89295483
0.01231032719,0.9290177226,11.89334583
0.01231048344,0.9286540151,11.89344215
0.01231079594,0.9279238582,11.8936348
0.01231090939,0.9276579022,-8.234059334
0.01231097793,0.9274969697,-13.65981293
0.01231103474,0.9273635149,-10.78782749
0.01231105858,0.9273074269,-11.81605053
0.01231108157,0.9272533655,-11.71956348
0.01231110583,0.9271962643,-11.72733402
0.01231113313,0.9271320105,-11.72659874
0.01231118775,0.9270033836,-11.72698402
0.01231129698,0.9267457724,-11.72731495
0.01231151543,0.9262291789,-11.72823048
0.01231195235,0.925190866,-11.72984886
0.01231282617,0.9230933189,-11.73322296
0.01231457383,0.9188147783,-11.73963451
0.01231806914,0.909925878,-11.75197792
0.01232505976,0.8908360004,-11.7741375
0.01233505976,0.8605508208,-11.80114269
0.01234505976,0.8268694878,-11.82322598
0.01235505976,0.78992486,-11.84145927
0.01236505976,0.7498627305,-11.8563385
0.01237505976,0.7068412304,-11.8686552
0.01238505976,0.6610301733,-11.87867546
0.01239505976,0.6126103401,-11.88700104
0.01240505976,0.5617728233,-11.89374256
0.01240521601,0.5609603524,-11.89386272
0.01240552851,0.5593338013,10.32643032
0.01240561469,0.5588848591,12.60538483
0.01240570063,0.5584369302,11.17512989
0.01240574494,0.5582060218,11.93899345
0.01240578967,0.5579727888,11.64443779
0.01240583576,0.5577324629,11.76026821
0.01240588319,0.557485044,11.71362495
0.01240596052,0.5570816398,11.7357626
0.0124060749,0.5564846396,11.72231579
0.01240629387,0.5553410649,11.73371124
0.01240673179,0.5530506968,11.72619915
0.01240760764,0.5484573841,11.73809528
0.01240935935,0.5392211676,11.73625565
0.01241286275,0.5205538273,11.7566843
0.01241986956,0.4824717045,11.77076912
0.01242986956,0.426520735,11.80565834
0.01243986956,0.368886441,11.81968021
0.01244986956,0.3097963631,11.84577274
0.01245986956,0.2494836301,11.85268497
0.01246986956,0.1881863177,11.87282276
0.01247986956,0.1261463016,11.87495804
0.01248986956,0.06360846013,11.89105892
0.01249986956,0.0008195766713,11.88999271
0.01249991019,0.0005643221084,-7.120345592
0.01249999144,5.381290612e-05,-14.53496265
0.01250001886,-0.0001185096116,-11.26424789
0.01250003523,-0.000221361217,-11.68360329
0.01250005025,-0.0003157464962,-11.7203989
0.01250006675,-0.0004194111389,-11.72566032
0.01250009975,-0.0006267404533,-11.72641754
0.01250016574,-0.001041398966,-11.72647953
0.01250029773,-0.001870715292,-11.72711182
0.01250056171,-0.003529343521,-11.72803974
0.01250108967,-0.006846566685,-11.73015404
0.01250214559,-0.01348074991,-11.73407078
0.01250425743,-0.02674704418,-11.74189758
0.01250848111,-0.05326316878,-11.75639439
0.01251692847,-0.1061642468,-11.78227234
0.01252692847,-0.1683904231,-11.80770683
0.01253692847,-0.2299520373,-11.82873344
0.01254692847,-0.2906061411,-11.84586716
0.01255692847,-0.3501133323,-11.86007404
0.01256692847,-0.4082388282,-11.87160778
0.01257692847,-0.4647531509,-11.88121605
0.01258692847,-0.5194333196,-11.88897228
0.01258817847,-0.5261285305,-11.88987064
0.01259067847,-0.5394212008,-11.89155293
0.01259130347,-0.5427237153,-11.89195728
0.01259255347,-0.5493035913,-11.89275837
0.01259286597,-0.5509432554,-11.89295483
0.01259349097,-0.5542162061,-11.89334583
0.01259364722,-0.5550331473,-11.89344215
0.01259395972,-0.5566653609,-11.8936348
0.01259407317,-0.5572574139,8.234059334
0.01259414171,-0.5576149821,13.65981293
0.01259419852,-0.5579112172,10.78782749
0.01259422236,-0.5580354929,11.81605053
0.01259424535,-0.5581553578,11.71956348
0.01259426961,-0.5582818389,11.72733402
0.01259429691,-0.5584241748,11.72659874
0.01259435153,-0.558708787,11.72698402
0.01259446076,-0.5592778921,11.72731495
0.01259467921,-0.5604152083,11.72823048
0.01259511613,-0.5626866817,11.72984886
0.01259598995,-0.5672169924,11.73322296
0.01259773761,-0.5762260556,11.73963451
0.01260123292,-0.5940347314,11.75197792
0.01260822354,-0.6287841201,11.7741375
0.01261822354,-0.6763679981,11.80114269
0.01262822354,-0.7212825418,11.82322598
0.01263822354,-0.7633505464,11.84145927
0.01264822354,-0.8024059534,11.8563385
0.01265822354,-0.8382946253,11.8686552
0.01266822354,-0.8708749413,11.87867546
0.01267822354,-0.9000182748,11.88700104
0.01268822354,-0.9256097078,11.89374256
0.01268837979,-0.9259808064,11.89386272
0.01268869229,-0.9267203808,-10.32643032
0.01268877847,-0.9269237518,-12.60538483
0.01268886441,-0.9271262288,-11.17512989
0.01268890872,-0.9272305369,-11.93899345
0.01268895345,-0.9273357391,-11.64443779
0.01268899954,-0.9274440408,-11.76026821
0.01268904697,-0.9275555015,-11.71362495
0.0126891243,-0.927736938,-11.7357626
0.01268923868,-0.9280049205,-11.72231579
0.01268945765,-0.9285166264,-11.73371124
0.01268989557,-0.9295347333,-11.72619915
0.01269077142,-0.9315498471,-11.73809528
0.01269252313,-0.9354953766,-11.73625565
0.01269602653,-0.9430459738,-11.7566843
0.01270303334,-0.9567729831,-11.77076912
0.01271303334,-0.9731467366,-11.80565834
0.01272303334,-0.9856799245,-11.81968021
0.01273303334,-0.9943230748,-11.84577274
0.01274303334,-0.9990420938,-11.85268497
0.01275303334,-0.9998183846,-11.87282276
0.01276303334,-0.9966487885,-11.87495804
0.01277303334,-0.9895459414,-11.89105892
0.01278303334,-0.9785377383,-11.88999271
0.01278307397,-0.9784851074,7.120345592
0.01278315522,-0.9783796668,14.53496265
0.01278318264,-0.9783440232,11.26424789
0.01278319901,-0.9783227444,11.68360329
0.01278321403,-0.978303194,11.7203989
0.01278323053,-0.9782816768,11.72566032
0.01278326353,-0.9782387018,11.72641754
0.01278332952,-0.9781525731,11.72647953
0.01278346151,-0.9779798388,11.72711182
0.01278372549,-0.9776323438,11.72803974
0.01278425345,-0.9769292474,11.73015404
0.01278530937,-0.9754908681,11.73407078
0.01278742121,-0.9724853635,11.74189758
0.01279164489,-0.9659612179,11.75639439
0.01280009225,-0.9508772492,11.78227234
0.01281009225,-0.9295629859,11.80770683
0.01282009225,-0.9045801163,11.82873344
0.01283009225,-0.8760272861,11.84586716
0.01284009225,-0.8440172076,11.86007404
0.01285009225,-0.8086761832,11.87160778
0.01286009225,-0.7701436877,11.88121605
0.01287009225,-0.728571713,11.88897228
0.01287134225,-0.7231695652,11.88987064
0.01287384225,-0.7122318149,11.89155293
0.01287446725,-0.7094697952,11.89195728
0.01287571725,-0.7039129734,11.89275837
0.01287602975,-0.702516973,11.89295483
0.01287665475,-0.699716866,11.89334583
0.012876811,-0.6990151405,11.89344215
0.0128771235,-0.697609663,11.8936348
0.01287723695,-0.697098732,-8.234059334
0.01287730549,-0.6967899203,-13.65981293
0.0128773623,-0.6965338588,-10.78782749
0.01287738614,-0.6964263916,-11.81605053
0.01287740913,-0.6963226795,-11.71956348
0.01287743339,-0.696213305,-11.72733402
0.01287746069,-0.6960901022,-11.72659874
0.01287751531,-0.6958436966,-11.72698402
0.01287762454,-0.695350647,-11.72731495
0.01287784299,-0.6943635345,-11.72823048
0.01287827991,-0.6923854351,-11.72984886
0.01287915373,-0.6884135008,-11.73322296
0.01288090139,-0.6804075837,-11.73963451
0.0128843967,-0.6641505361,-11.75197792
0.01289138732,-0.6306834817,-11.7741375
0.01290138732,-0.5807110071,-11.80114269
0.01291138732,-0.528446734,-11.82322598
0.01292138732,-0.4740969241,-11.84145927
0.01293138732,-0.4178760648,-11.8563385
0.01294138732,-0.3600060344,-11.8686552
0.01295138732,-0.3007152379,-11.87867546
0.01296138732,-0.2402376384,-11.88700104
0.01297138732,-0.1788119376,-11.89374256
0.01297154357,-0.1778459251,-11.89386272
0.01297185607,-0.1759133935,10.32643032
0.01297194225,-0.1753803194,12.60538483
0.01297202819,-0.1748486459,11.17512989
0.0129720725,-0.174574554,11.93899345
0.01297211723,-0.1742977947,11.64443779
0.01297216332,-0.1740126461,11.76026821
0.01297221075,-0.1737191528,11.71362495
0.01297228808,-0.1732406467,11.7357626
0.01297240246,-0.172532782,11.72231579
0.01297262143,-0.1711774617,11.73371124
0.01297305935,-0.1684658676,11.72619915
0.0129739352,-0.1630388647,11.73809528
0.01297568691,-0.1521702111,11.73625565
0.01297919031,-0.130378902,11.7566843
0.01298619712,-0.08661737293,11.77076912
0.01299619712,-0.02389192581,11.80565834
0.01300619712,0.03892781585,11.81968021
0.01301619712,0.1015939265,11.84577274
0.01302619712,0.1638590991,11.85268497
0.01303619712,0.2254775763,11.87282276
0.01304619712,0.2862062156,11.87495804
0.01305619712,0.3458053172,11.89105892
0.01306619712,0.404039681,11.88999271
0.01306623775,0.4042731822,-7.120345592
0.013066319,0.4047400355,-14.53496265
0.01306634642,0.4048976302,-11.26424789
0.01306636279,0.4049916565,-11.68360329
0.01306637781,0.4050779641,-11.7203989
0.01306639431,0.4051727355,-11.72566032
0.01306642731,0.4053622782,-11.72641754
0.0130664933,0.4057413042,-11.72647953
0.01306662529,0.4064991474,-11.72711182
0.01306688927,0.4080139995,-11.72803974
0.01306741723,0.4110403359,-11.73015404
0.01306847315,0.4170794189,-11.73407078
0.01307058499,0.4291022122,-11.74189758
0.01307480867,0.4529190361,-11.75639439
0.01308325603,0.4995792806,-11.78227234
0.01309325603,0.5529869199,-11.80770683
0.01310325603,0.6042121649,-11.82873344
0.01311325603,0.6530528069,-11.84586716
0.01312325603,0.6993162036,-11.86007404
0.01313325603,0.7428197265,-11.87160778
0.01314325603,0.7833916545,-11.88121605
0.01315325603,0.8208718896,-11.88897228
0.01315450603,0.8253320456,-11.88987064
0.01315700603,0.8340992928,-11.89155293
0.01315763103,0.8362590671,-11.89195728
0.01315888103,0.840539813,-11.89275837
0.01315919353,0.8416019678,-11.89295483
0.01315981853,0.843716383,-11.89334583
0.01315997478,0.84424299,-11.89344215
0.01316028728,0.8452937007,-11.8936348
0.01316040073,0.8456743956,8.234059334
0.01316046927,0.8459041715,13.65981293
0.01316052608,0.8460944295,10.78782749
0.01316054992,0.8461742997,11.81605053
0.01316057291,0.8462512493,11.71956348
0.01316059717,0.8463324308,11.72733402
0.01316062447,0.8464238644,11.72659874
0.01316067909,0.846606493,11.72698402
0.01316078832,0.8469715714,11.72731495
0.01316100677,0.8477005363,11.72823048
0.01316144369,0.8491535783,11.72984886
0.01316231751,0.8520405293,11.73322296
0.01316406517,0.8577372432,11.73963451
0.01316756048,0.8688197136,11.75197792
0.0131745511,0.8897224665,11.7741375
0.0131845511,0.9166308045,11.80114269
0.0131945511,0.9399216175,11.82322598
0.0132045511,0.9595029354,11.84145927
0.0132145511,0.9752975702,11.8563385
0.0132245511,0.9872431755,11.8686552
0.0132345511,0.9952925444,11.87867546
0.0132445511,0.9994139671,11.88700104
0.0132545511,0.9995911717,11.89374256
0.01325470735,0.9995626211,11.89386272
0.01325501985,0.9995026588,-10.32643032
0.01325510603,0.9994854331,-12.60538483
0.01325519197,0.9994679689,-11.17512989
0.01325523628,0.9994588494,-11.93899345
0.01325528101,0.9994495511,-11.64443779
0.0132553271,0.9994398952,-11.76026821
0.01325537453,0.9994298816,-11.71362495
0.01325545186,0.9994133711,-11.7357626
0.01325556624,0.9993884563,-11.72231579
0.01325578521,0.9993394017,-11.73371124
0.01325622313,0.99923563,-11.72619915
0.01325709898,0.9990053773,-11.73809528
0.01325885069,0.9984541535,-11.73625565
0.01326235409,0.996988833,-11.7566843
0.0132693609,0.9926099777,-11.77076912
0.0132793609,0.9830317497,-11.80565834
0.0132893609,0.9695739746,-11.81968021
0.0132993609,0.9522897005,-11.84577274
0.0133093609,0.9312472343,-11.85268497
0.0133193609,0.9065294862,-11.87282276
0.0133293609,0.878234148,-11.87495804
0.0133393609,0.8464727402,-11.89105892
0.0133493609,0.81137079,-11.88999271
0.01334940153,0.81122154,7.120345592
0.01334948278,0.8109229207,14.53496265
0.0133495102,0.8108220696,11.26424789
0.01334952657,0.810761869,11.68360329
0.01334954159,0.8107066154,11.7203989
0.01334955809,0.8106459379,11.72566032
0.01334959109,0.8105245233,11.72641754
0.01334965708,0.8102815747,11.72647953
0.01334978907,0.8097952604,11.72711182
0.01335005305,0.8088210225,11.72803974
0.01335058101,0.8068658113,11.73015404
0.01335163693,0.802928865,11.73407078
0.01335374877,0.7949490547,11.74189758
0.01335797245,0.77857095,11.75639439
0.01336641981,0.7441818118,11.78227234
0.01337641981,0.7007706761,11.80770683
0.01338641981,0.6545939445,11.82873344
0.01339641981,0.6058338881,11.84586716
0.01340641981,0.5546827912,11.86007404
0.01341641981,0.5013426542,11.87160778
0.01342641981,0.446023941,11.88121605
0.01343641981,0.3889449835,11.88897228
0.01343766981,0.3816975057,11.88987064
0.01344016981,0.3671323359,11.89155293
0.01344079481,0.3634767532,11.89195728
0.01344204481,0.356148839,11.89275837
0.01344235731,0.3543134034,11.89295483
0.01344298231,0.3506384492,11.89334583
0.01344313856,0.3497188389,11.89344215
0.01344345106,0.3478786647,11.8936348
0.01344356451,0.3472102284,-8.234059334
0.01344363305,0.3468063474,-13.65981293
0.01344368986,0.3464715779,-10.78782749
0.0134437137,0.3463310599,-11.81605053
0.01344373669,0.346195519,-11.71956348
0.01344376095,0.3460525274,-11.72733402
0.01344378825,0.3458915353,-11.72659874
0.01344384287,0.345569551,-11.72698402
0.0134439521,0.3449254632,-11.72731495
0.01344417055,0.3436367512,-11.72823048
0.01344460747,0.3410574496,-11.72984886
0.01344548129,0.3358910978,-11.73322296
0.01344722895,0.3255282044,-11.73963451
0.01345072426,0.3046858907,-11.75197792
0.01345771488,0.26257056,-11.7741375
0.01346771488,0.2014650553,-11.80114269
0.01347771488,0.1395644695,-11.82322598
0.01348771488,0.0771130845,-11.84145927
0.01349771488,0.01435736753,-11.8563385
0.01350771488,-0.0484550111,-11.8686552
0.01351771488,-0.1110761613,-11.87867546
0.01352771488,-0.1732589453,-11.88700104
0.01353771488,-0.2347579449,-11.89374256
0.01353787113,-0.2357121408,-11.89386272
0.01353818363,-0.237619862,10.32643032
0.01353826981,-0.2381458133,12.60538483
0.01353835575,-0.2386702597,11.17512989
0.01353840006,-0.2389405817,11.93899345
0.01353844479,-0.2392134964,11.64443779
0.01353849088,-0.2394946516,11.76026821
0.01353853831,-0.2397840023,11.71362495
0.01353861564,-0.2402556688,11.7357626
0.01353873002,-0.2409532368,11.72231579
0.01353894899,-0.2422882617,11.73371124
0.01353938691,-0.2449569255,11.72619915
0.01354026276,-0.2502886653,11.73809528
0.01354201447,-0.2609292567,11.73625565
0.01354551787,-0.2821142972,11.7566843
0.01355252468,-0.3240641356,11.77076912
0.01356252468,-0.3828266859,11.80565834
0.01357252468,-0.4400784075,11.81968021
0.01358252468,-0.495593369,11.84577274
0.01359252468,-0.5491524339,11.85268497
0.01360252468,-0.6005442142,11.87282276
0.01361252468,-0.6495659351,11.87495804
0.01362252468,-0.6960241199,11.89105892
0.01363252468,-0.7397354245,11.88999271
0.0136325653,-0.7399072051,-7.120345592
0.01363264656,-0.7402505279,-14.53496265
0.01363267398,-0.7403663397,-11.26424789
0.01363269035,-0.7404354811,-11.68360329
0.01363270537,-0.7404989004,-11.7203989
0.01363272187,-0.7405685782,-11.72566032
0.01363275487,-0.7407078743,-11.72641754
0.01363282086,-0.7409864068,-11.72647953
0.01363295285,-0.7415430546,-11.72711182
0.01363321683,-0.7426548004,-11.72803974
0.01363374479,-0.7448722124,-11.73015404
0.01363480071,-0.7492824197,-11.73407078
0.01363691255,-0.7580036521,-11.74189758
0.01364113623,-0.7750442028,-11.75639439
0.01364958359,-0.8074763417,-11.78227234
0.01365958359,-0.8429231048,-11.80770683
0.01366958359,-0.8750432134,-11.82873344
0.01367958359,-0.9037099481,-11.84586716
0.01368958359,-0.9288101196,-11.86007404
0.01369958359,-0.9502447248,-11.87160778
0.01370958359,-0.9679291844,-11.88121605
0.01371958359,-0.981793642,-11.88897228
0.01372083359,-0.9832552075,-11.88987064
0.01372333359,-0.9859963059,-11.89155293
0.01372395859,-0.9866436124,-11.89195728
0.01372520859,-0.9878925085,-11.89275837
0.01372552109,-0.9881952405,-11.89295483
0.01372614609,-0.9887892008,-11.89334583
0.01372630234,-0.9889353514,-11.89344215
0.01372661484,-0.9892247319,-11.8936348
0.01372672829,-0.9893288016,8.234059334
0.01372679683,-0.9893914461,13.65981293
0.01372685364,-0.9894432425,10.78782749
0.01372687748,-0.9894649386,11.81605053
0.01372690047,-0.9894858599,11.71956348
0.01372692473,-0.9895079136,11.72733402
0.01372695203,-0.9895326495,11.72659874
0.01372700665,-0.9895821214,11.72698402
0.01372711588,-0.9896807075,11.72731495
0.01372733433,-0.9898764491,11.72823048
0.01372777125,-0.9902623296,11.72984886
0.01372864507,-0.9910117984,11.73322296
0.01373039273,-0.9924209714,11.73963451
0.01373388804,-0.9948801398,11.75197792
0.01374087866,-0.9983581901,11.7741375
0.01375087866,-0.9999847412,11.80114269
0.01376087866,-0.9976648688,11.82322598
0.01377087866,-0.9914076328,11.84145927
0.01378087866,-0.9812378287,11.8563385
0.01379087866,-0.9671954513,11.8686552
0.01380087866,-0.9493360519,11.87867546
0.01381087866,-0.9277300239,11.88700104
0.01382087866,-0.9024626613,11.89374256
0.01382103491,-0.9020392895,11.89386272
0.01382134741,-0.9011900425,-10.32643032
0.01382143359,-0.9009552002,-12.60538483
0.01382151953,-0.9007207155,-11.17512989
0.01382156384,-0.9005997777,-11.93899345
0.01382160857,-0.9004775882,-11.64443779
0.01382165466,-0.900351584,-11.76026821
0.01382170209,-0.9002218843,-11.71362495
0.01382177942,-0.9000102282,-11.7357626
0.0138218938,-0.8996967077,-11.72231579
0.01382211277,-0.8990952969,-11.73371124
0.01382255069,-0.8978874087,-11.72619915
0.01382342654,-0.8954511881,-11.73809528
0.01382517825,-0.8904975057,-11.73625565
0.01382868165,-0.8802671432,-11.7566843
0.01383568846,-0.8585320115,-11.77076912
0.01384568846,-0.8246414065,-11.80565834
0.01385568846,-0.787496388,-11.81968021
0.01386568846,-0.7472434044,-11.84577274
0.01387568846,-0.7040414214,-11.85268497
0.01388568846,-0.6580609083,-11.87282276
0.01389568846,-0.6094833612,-11.87495804
0.01390568846,-0.5585004091,-11.89105892
0.01391568846,-0.5053133368,-11.88999271
0.01391572908,-0.5050930381,7.120345592
0.01391581033,-0.5046523809,14.53496265
0.01391583776,-0.5045036077,11.26424789
0.01391585413,-0.5044147968,11.68360329
0.01391586915,-0.5043333173,11.7203989
0.01391588565,-0.5042437911,11.72566032
0.01391591865,-0.5040647388,11.72641754
0.01391598464,-0.5037065744,11.72647953
0.01391611663,-0.5029899478,11.72711182
0.01391638061,-0.5015557408,11.72803974
0.01391690857,-0.4986831248,11.73015404
0.01391796449,-0.4929214716,11.73407078
0.01392007633,-0.4813333452,11.74189758
0.01392430001,-0.4579049051,11.75639439
0.01393274737,-0.4100973308,11.78227234
0.01394274737,-0.3520205021,11.80770683
0.01395274737,-0.2925544381,11.82873344
0.01396274737,-0.2319337726,11.84586716
0.01397274737,-0.1703977883,11.86007404
0.01398274737,-0.1081893221,11.87160778
0.01399274737,-0.04555387422,11.88121605
0.01400274737,0.01726135239,11.88897228
0.01400399737,0.02511355095,11.88987064
0.01400649737,0.04081281647,11.89155293
0.01400712237,0.04473621026,11.89195728
0.01400837237,0.05258086696,11.89275837
0.01400868487,0.05454154685,11.89295483
0.01400930987,0.05846225843,11.89334583
0.01400946612,0.05944230035,11.89344215
0.01400977862,0.0614022091,11.8936348
0.01400989207,0.06211371347,-8.234059334
0.01400996061,0.06254351884,-13.65981293
0.01401001742,0.06289973855,-10.78782749
0.01401004126,0.063049227,-11.81605053
0.01401006425,0.06319341063,-11.71956348
0.01401008851,0.06334551424,-11.72733402
0.01401011581,0.06351674348,-11.72659874
0.01401017043,0.06385919452,-11.72698402
0.01401027966,0.06454408169,-11.72731495
0.01401049811,0.06591376662,-11.72823048
0.01401093503,0.06865275651,-11.72984886
0.01401180885,0.07412915677,-11.73322296
0.01401355651,0.08507508785,-11.73963451
0.01401705182,0.1069348678,-11.75197792
0.01402404244,0.1504891813,-11.7741375
0.01403404244,0.2122676671,-11.80114269
0.01404404244,0.2732084394,-11.82322598
0.01405404244,0.3330709636,-11.84145927
0.01406404244,0.3916190267,-11.8563385
0.01407404244,0.4486215115,-11.8686552
0.01408404244,0.5038535595,-11.87867546
0.01409404244,0.5570970774,-11.88700104
0.01410404244,0.6081419587,-11.89374256
0.01410419869,0.608921051,-11.89386272
0.01410451119,0.6104773283,10.32643032
0.01410459737,0.6109061241,12.60538483
0.01410468331,0.6113336086,11.17512989
0.01410472762,0.6115538478,11.93899345
0.01410477235,0.6117762327,11.64443779
0.01410481844,0.6120052338,11.76026821
0.01410486587,0.6122409105,11.71362495
0.0141049432,0.6126250029,11.7357626
0.01410505758,0.6131929159,11.72231579
0.01410527655,0.6142790914,11.73371124
0.01410571447,0.6164479852,11.72619915
0.01410659032,0.6207717657,11.73809528
0.01410834203,0.6293628216,11.73625565
0.01411184543,0.6463151574,11.7566843
0.01411885224,0.6792723536,11.77076912
0.01412885224,0.7240130305,11.80565834
0.01413885224,0.7658963799,11.81968021
0.01414885224,0.8047571182,11.84577274
0.01415885224,0.840441823,11.85268497
0.01416885224,0.8728097081,11.87282276
0.01417885224,0.9017329812,11.87495804
0.01418885224,0.927097559,11.89105892
0.01419885224,0.9488033056,11.88999271
0.01419889286,0.9488838911,-7.120345592
0.01419897411,0.9490448833,-14.53496265
0.01419900154,0.9490991831,-11.26424789
0.01419901791,0.949131608,-11.68360329
0.01419903293,0.9491612911,-11.7203989
0.01419904943,0.9491939545,-11.72566032
0.01419908243,0.9492591619,-11.72641754
0.01419914842,0.9493894577,-11.72647953
0.01419928041,0.949649632,-11.72711182
0.01419954439,0.9501680136,-11.72803974
0.01420007235,0.951196909,-11.73015404
0.01420112827,0.9532232881,-11.73407078
0.01420324011,0.9571500421,-11.74189758
0.01420746379,0.9644973874,-11.75639439
0.01421591115,0.9771496058,-11.78227234
0.01422591115,0.9885677099,-11.80770683
0.01423591115,0.9960843921,-11.82873344
0.01424591115,0.9996700287,-11.84586716
0.01425591115,0.9993103743,-11.86007404
0.01426591115,0.9950069189,-11.87160778
0.01427591115,0.9867765903,-11.88121605
0.01428591115,0.9746519327,-11.88897228
0.01428716115,0.972864747,-11.88987064
0.01428966115,0.9691104293,-11.89155293
0.01429028615,0.9681344628,-11.89195728
0.01429153615,0.9661377668,-11.89275837
0.01429184865,0.9656292796,-11.89295483
0.01429247365,0.9646010995,-11.89334583
0.0142926299,0.9643417597,-11.89344215
0.0142929424,0.963820219,-11.8936348
0.01429305585,0.963629961,8.234059334
0.01429312439,0.9635148048,13.65981293
0.0142931812,0.963419199,10.78782749
0.01429320504,0.9633790255,11.81605053
0.01429322803,0.9633402824,11.71956348
0.01429325229,0.9632993937,11.72733402
0.01429327959,0.9632533193,11.72659874
0.01429333421,0.9631611109,11.72698402
0.01429344344,0.9629762769,11.72731495
0.01429366189,0.9626053572,11.72823048
0.01429409881,0.9618580341,11.72984886
0.01429497263,0.9603416324,11.73322296
0.01429672029,0.9572220445,11.73963451
0.0143002156,0.9506370425,11.75197792
0.01430720622,0.9360949397,11.7741375
0.01431720622,0.9121613503,11.80114269
0.01432720622,0.8846278787,11.82322598
0.01433720622,0.8536031842,11.84145927
0.01434720622,0.8192097545,11.8563385
0.01435720622,0.78158319,11.8686552
0.01436720622,0.7408721447,11.87867546
0.01437720622,0.6972371936,11.88700104
0.01438720622,0.650850594,11.89374256
0.01438736247,0.6501049399,11.89386272
0.01438767497,0.6486117244,-10.32643032
0.01438776115,0.6481994987,-12.60538483
0.01438784709,0.647788167,-11.17512989
0.0143878914,0.6475760937,-11.93899345
0.01438793613,0.6473618746,-11.64443779
0.01438798222,0.6471411586,-11.76026821
0.01438802965,0.6469138861,-11.71362495
0.01438810698,0.646543324,-11.7357626
0.01438822136,0.6459949017,-11.72231579
0.01438844033,0.6449440718,-11.73371124
0.01438887825,0.6428388357,-11.72619915
0.0143897541,0.6386137009,-11.73809528
0.0143915058,0.6301055551,-11.73625565
0.01439500921,0.6128613353,-11.7566843
0.01440201602,0.5774905086,-11.77076912
0.01441201602,0.5250889659,-11.80565834
0.01442201602,0.4706151187,-11.81968021
0.01443201602,0.4142839611,-11.84577274
0.01444201602,0.3563178182,-11.85268497
0.01445201602,0.2969454825,-11.87282276
0.01446201602,0.2364012003,-11.87495804
0.01447201602,0.1749239564,-11.89105892
0.01448201602,0.1127563715,-11.88999271
0.01448205664,0.1125027388,7.120345592
0.01448213789,0.1119954586,14.53496265
0.01448216532,0.1118242219,11.26424789
0.01448218169,0.1117220148,11.68360329
0.01448219671,0.1116282195,11.7203989
0.01448221321,0.1115252003,11.72566032
0.01448224621,0.111319162,11.72641754
0.0144823122,0.1109070703,11.72647953
0.01448244419,0.110082835,11.72711182
0.01448270817,0.1084341258,11.72803974
0.01448323613,0.1051358283,11.73015404
0.01448429205,0.09853579104,11.73407078
0.01448640389,0.08532300591,11.74189758
0.01449062757,0.05885468796,11.75639439
0.01449907493,0.005812379532,11.78227234
0.01450907493,-0.05698854849,11.80770683
0.01451907493,-0.1195645705,11.82873344
0.01452907493,-0.1816687286,11.84586716
0.01453907493,-0.2430559099,11.86007404
0.01454907493,-0.3034838736,11.87160778
0.01455907493,-0.3627141118,11.88121605
0.01456907493,-0.4205129147,11.88897228
0.01457032493,-0.4276256561,11.88987064
0.01457282493,-0.4417716265,11.89155293
0.01457344993,-0.4452912211,11.89195728
0.01457469993,-0.4523097575,11.89275837
0.01457501243,-0.4540600777,11.89295483
0.01457563743,-0.4575553834,11.89334583
0.01457579368,-0.4584281147,11.89344215
0.01457610618,-0.4601722658,11.8936348
0.01457621963,-0.4608050287,-8.234059334
0.01457628817,-0.4611871839,-13.65981293
0.01457634498,-0.4615038633,-10.78782749
0.01457636882,-0.4616367221,-11.81605053
0.01457639181,-0.4617649019,-11.71956348
0.01457641607,-0.4619000852,-11.72733402
0.01457644337,-0.4620522261,-11.72659874
0.01457649799,-0.4623565376,-11.72698402
0.01457660722,-0.4629649818,-11.72731495
0.01457682567,-0.4641811848,-11.72823048
0.01457726259,-0.4666109681,-11.72984886
0.01457813641,-0.4714599848,-11.73322296
0.01457988407,-0.481115222,-11.73963451
0.01458337938,-0.5002505183,-11.75197792
0.01459037,-0.5377882123,-11.7741375
0.01460037,-0.5896643996,-11.80114269
0.01461037,-0.6392135024,-11.82322598
0.01462037,-0.6862398982,-11.84145927
0.01463037,-0.7305580378,-11.8563385
0.01464037,-0.7719929814,-11.8686552
0.01465037,-0.8103812337,-11.87867546
0.01466037,-0.8455712795,-11.88700104
0.01467037,-0.8774242401,-11.89374256
0.01467052625,-0.8778948188,-11.89386272
0.01467083875,-0.8788333535,10.32643032
0.01467092493,-0.8790915608,12.60538483
0.01467101087,-0.8793488741,11.17512989
0.01467105518,-0.8794813752,11.93899345
0.01467109991,-0.8796150684,11.64443779
0.014671146,-0.8797528148,11.76026821
0.01467119343,-0.879894495,11.71362495
0.01467127076,-0.8801252246,11.7357626
0.01467138514,-0.8804662228,11.72231579
0.01467160411,-0.8811176419,11.73371124
0.01467204203,-0.8824155331,11.72619915
0.01467291788,-0.884991169,11.73809528
0.01467466958,-0.8900620937,11.73625565
0.01467817299,-0.8998798132,11.7566843
0.0146851798,-0.9182026982,11.77076912
0.0146951798,-0.9412628412,11.80565834
0.0147051798,-0.9606082439,11.81968021
0.0147151798,-0.9761625528,11.84577274
0.0147251798,-0.9878644347,11.85268497
0.0147351798,-0.9956676364,11.87282276
0.0147451798,-0.9995414019,11.87495804
0.0147551798,-0.9994704127,11.89105892
0.0147651798,-0.9954550266,11.88999271
0.01476522042,-0.9954306483,-7.120345592
0.01476530167,-0.9953817725,-14.53496265
0.0147653291,-0.995365262,-11.26424789
0.01476534547,-0.9953553677,-11.68360329
0.01476536049,-0.9953462481,-11.7203989
0.01476537699,-0.9953362346,-11.72566032
0.01476540999,-0.9953162074,-11.72641754
0.01476547598,-0.9952760935,-11.72647953
0.01476560797,-0.99519521,-11.72711182
0.01476587195,-0.9950314164,-11.72803974
0.01476639991,-0.9946957231,-11.73015404
0.01476745583,-0.993991375,-11.73407078
0.01476956767,-0.992451489,-11.74189758
0.01477379135,-0.9888478518,-11.75639439
0.01478223871,-0.9795544147,-11.78227234
0.01479223871,-0.9649893641,-11.80770683
0.01480223871,-0.9466158748,-11.82873344
0.01481223871,-0.9245065451,-11.84586716
0.01482223871,-0.8987486362,-11.86007404
0.01483223871,-0.8694437742,-11.87160778
0.01484223871,-0.836707592,-11.88121605
0.01485223871,-0.8006693125,-11.88897228
0.01485348871,-0.7959393263,-11.88987064
0.01485598871,-0.7863322496,-11.89155293
0.01485661371,-0.7839000821,-11.89195728
0.01485786371,-0.778999567,-11.89275837
0.01485817621,-0.7777668834,-11.89295483
0.01485880121,-0.7752925754,-11.89334583
0.01485895746,-0.7746721506,-11.89344215
0.01485926996,-0.7734289765,-11.8936348
0.01485938341,-0.7729769349,8.234059334
0.01485945195,-0.7727036476,13.65981293
0.01485950876,-0.7724770308,10.78782749
0.0148595326,-0.7723819017,11.81605053
0.01485955559,-0.7722901106,11.71956348
0.01485957985,-0.7721933126,11.72733402
0.01485960715,-0.7720842957,11.72659874
0.01485966177,-0.7718661427,11.72698402
0.014859771,-0.7714295983,11.72731495
0.01485998945,-0.7705554962,11.72823048
0.01486042637,-0.7688028812,11.72984886
0.01486130019,-0.7652802467,11.73322296
0.01486304785,-0.7581658959,11.73963451
0.01486654316,-0.7436638474,11.75197792
0.01487353377,-0.71359092,11.7741375
0.01488353377,-0.6681941748,11.80114269
0.01489353377,-0.6201602817,11.82322598
0.01490353377,-0.5696789622,11.84145927
0.01491353377,-0.5169493556,11.8563385
0.01492353377,-0.4621795714,11.8686552
0.01493353377,-0.4055857956,11.87867546
0.01494353377,-0.3473913372,11.88700104
0.01495353377,-0.2878259122,11.89374256
0.01495369002,-0.2868855596,11.89386272
0.01495400252,-0.2850040495,-10.32643032
0.01495408871,-0.2844849825,-12.60538483
0.01495417465,-0.2839672267,-11.17512989
0.01495421896,-0.2837003171,-11.93899345
0.01495426369,-0.2834307849,-11.64443779
0.01495430978,-0.2831530571,-11.76026821
0.01495435721,-0.282867223,-11.71362495
0.01495443454,-0.2824011445,-11.7357626
0.01495454892,-0.281711638,-11.72231579
0.01495476789,-0.2803913057,-11.73371124
0.01495520581,-0.2777490616,-11.72619915
0.01495608166,-0.2724582851,-11.73809528
0.01495783336,-0.2618521154,-11.73625565
0.01496133677,-0.2405459136,-11.7566843
0.01496834358,-0.1975942254,-11.77076912
0.01497834358,-0.1356517822,-11.80565834
0.01498834358,-0.07317399234,-11.81968021
0.01499834358,-0.01040740963,-11.84577274
0.01500834358,0.05240024626,-11.85268497
0.01501834358,0.1150011048,-11.87282276
0.01502834358,0.1771481037,-11.87495804
0.01503834358,0.2385959774,-11.89105892
0.01504834358,0.299102217,-11.88999271
0.0150483842,0.2993457913,7.120345592
0.01504846545,0.2998328507,14.53496265
0.01504849288,0.2999972403,11.26424789
0.01504850925,0.3000953496,11.68360329
0.01504852427,0.3001853824,11.7203989
0.01504854077,0.3002842665,11.72566032
0.01504857377,0.3004820049,11.72641754
0.01504863976,0.3008774817,11.72647953
0.01504877175,0.3016682863,11.72711182
0.01504903573,0.3032492101,11.72803974
0.01504956369,0.3064086139,11.73015404
0.01505061961,0.3127172291,11.73407078
0.01505273145,0.3252929151,11.74189758
0.01505695513,0.3502702713,11.75639439
0.01506540249,0.3994675279,11.78227234
0.01507540249,0.4562422931,11.80770683
0.01508540249,0.5112165213,11.82873344
0.01509540249,0.564173162,11.84586716
0.01510540249,0.6149033308,11.86007404
0.01511540249,0.6632066965,11.87160778
0.01512540249,0.7088927031,11.88121605
0.01513540249,0.7517810464,11.88897228
0.01513665249,0.7569368482,11.88987064
0.01513915249,0.7671080232,11.89155293
0.01513977749,0.7696213126,11.89195728
0.01514102749,0.7746123075,11.89275837
0.01514133999,0.775852561,11.89295483
0.01514196499,0.7783241868,11.89334583
0.01514212124,0.7789402008,11.89344215
0.01514243374,0.7801700234,11.8936348
0.01514254719,0.780615747,-8.234059334
0.01514261573,0.7808848619,-13.65981293
0.01514267254,0.7811077833,-10.78782749
0.01514269638,0.781201303,-11.81605053
0.01514271937,0.7812914848,-11.71956348
0.01514274363,0.7813865542,-11.72733402
0.01514277093,0.7814936638,-11.72659874
0.01514282555,0.7817077041,-11.72698402
0.01514293478,0.7821354866,-11.72731495
0.01514315323,0.7829900384,-11.72823048
0.01514359015,0.7846947312,-11.72984886
0.01514446397,0.7880862951,-11.73322296
0.01514621163,0.7947980762,-11.73963451
0.01514970694,0.8079332709,-11.75197792
0.01515669755,0.8330286145,-11.7741375
0.01516669755,0.8661224246,-11.80114269
0.01517669755,0.8957980275,-11.82322598
0.01518669755,0.9219383597,-11.84145927
0.01519669755,0.944440186,-11.8563385
0.01520669755,0.9632147551,-11.8686552
0.01521669755,0.9781879187,-11.87867546
0.01522669755,0.9893006682,-11.88700104
0.01523669755,0.9965090752,-11.89374256
0.0152368538,0.9965905547,-11.89386272
0.0152371663,0.9967506528,10.32643032
0.01523725249,0.9967941046,12.60538483
0.01523733843,0.9968371987,11.17512989
0.01523738274,0.9968592525,11.93899345
0.01523742747,0.996881485,11.64443779
0.01523747356,0.9969043136,11.76026821
0.01523752099,0.9969276786,11.71362495
0.01523759832,0.9969655871,11.7357626
0.0152377127,0.9970213175,11.72231579
0.01523793167,0.9971264601,11.73371124
0.01523836959,0.9973311424,11.72619915
0.01523924544,0.9977177978,11.73809528
0.01524099714,0.9984005094,11.73625565
0.01524450055,0.9994030595,11.7566843
0.01525150736,0.9999551773,11.77076912
0.01526150736,0.99738729,11.80565834
0.01527150736,0.9908831716,11.81968021
0.01528150736,0.9804685116,11.84577274
0.01529150736,0.9661844373,11.85268497
0.01530150736,0.9480872154,11.87282276
0.01531150736,0.926248312,11.87495804
0.01532150736,0.9007539749,11.89105892
0.01533150736,0.8717047572,11.88999271
0.01533154798,0.8715796471,-7.120345592
0.01533162923,0.871329248,-14.53496265
0.01533165666,0.871244669,-11.26424789
0.01533167303,0.8711941838,-11.68360329
0.01533168805,0.871147871,-11.7203989
0.01533170455,0.871096909,-11.72566032
0.01533173755,0.8709951043,-11.72641754
0.01533180354,0.870791316,-11.72647953
0.01533193553,0.8703832626,-11.72711182
0.01533219951,0.8695654273,-11.72803974
0.01533272747,0.8679224849,-11.73015404
0.01533378339,0.8646080494,-11.73407078
0.01533589523,0.8578650951,-11.74189758
0.01534011891,0.8439273834,-11.75639439
0.01534856627,0.814279139,-11.78227234
0.01535856627,0.7762240767,-11.80770683
0.01536856627,0.7351056337,-11.82873344
0.01537856627,0.6910861135,-11.84586716
0.01538856627,0.6443391442,-11.86007404
0.01539856627,0.595049262,-11.87160778
0.01540856627,0.5434110165,-11.88121605
0.01541856627,0.489628166,-11.88897228
0.01541981627,0.4827649891,-11.88987064
0.01542231627,0.468949765,-11.89155293
0.01542294127,0.4654777348,-11.89195728
0.01542419127,0.4585122168,-11.89275837
0.01542450377,0.4567663968,-11.89295483
0.01542512877,0.4532694817,-11.89334583
0.01542528502,0.4523941576,-11.89344215
0.01542559752,0.4506421983,-11.8936348
0.01542571097,0.4500057101,8.234059334
0.01542577951,0.4496210814,13.65981293
0.01542583632,0.4493022561,10.78782749
0.01542586016,0.4491684437,11.81605053
0.01542588315,0.44903934,11.71956348
0.01542590741,0.4489031732,11.72733402
0.01542593471,0.4487498403,11.72659874
0.01542598933,0.4484431446,11.72698402
0.01542609856,0.447829634,11.72731495
0.01542631701,0.4466019273,11.72823048
0.01542675393,0.4441440105,11.72984886
0.01542762775,0.4392181933,11.73322296
0.01542937541,0.4293269217,11.73963451
0.01543287072,0.4093903303,11.75197792
0.01543986133,0.3689344823,11.7741375
0.01544986133,0.3098455071,11.80114269
0.01545986133,0.2495336831,11.82322598
0.01546986133,0.188237071,11.84145927
0.01547986133,0.1261975765,11.8563385
0.01548986133,0.06366003305,11.8686552
0.01549986133,0.0008712592535,11.87867546
0.01550986133,-0.06192095578,11.88700104
0.01551986133,-0.124468796,11.89374256
0.01552001758,-0.1254428476,11.89386272
0.01552033008,-0.1273905933,-10.32643032
0.01552041627,-0.1279276609,-12.60538483
0.01552050221,-0.1284632236,-11.17512989
0.01552054652,-0.1287392825,-11.93899345
0.01552059125,-0.1290179938,-11.64443779
0.01552063734,-0.1293051392,-11.76026821
0.01552068477,-0.1296006888,-11.71362495
0.0155207621,-0.1300824434,-11.7357626
0.01552087648,-0.1307949871,-11.72231579
0.01552109545,-0.1321588159,-11.73371124
0.01552153337,-0.1348857582,-11.72619915
0.01552240922,-0.1403365284,-11.73809528
0.01552416092,-0.1512251496,-11.73625565
0.01552766433,-0.1729461402,-11.7566843
0.01553467114,-0.2161262482,-11.77076912
0.01554467114,-0.2770062685,-11.80565834
0.01555467114,-0.3367930651,-11.81968021
0.01556467114,-0.3952507079,-11.84577274
0.01557467114,-0.4521484375,-11.85268497
0.01558467114,-0.5072618127,-11.87282276
0.01559467114,-0.5603731871,-11.87495804
0.01560467114,-0.6112730503,-11.89105892
0.01561467114,-0.6597605348,-11.88999271
0.01561471176,-0.6599522829,7.120345592
0.01561479301,-0.6603357792,14.53496265
0.01561482044,-0.6604651809,11.26424789
0.01561483681,-0.6605423689,11.68360329
0.01561485183,-0.6606132388,11.7203989
0.01561486833,-0.6606910825,11.72566032
0.01561490133,-0.6608467102,11.72641754
0.01561496732,-0.6611578465,11.72647953
0.01561509931,-0.6617798209,11.72711182
0.01561536329,-0.6630223989,11.72803974
0.01561589125,-0.6655020118,11.73015404
0.01561694717,-0.6704393625,11.73407078
0.01561905901,-0.6802251935,11.74189758
0.01562328269,-0.6994359493,11.75639439
0.01563173005,-0.73636657,11.78227234
0.01564173005,-0.7773965001,11.80770683
0.01565173005,-0.8153584003,11.82873344
0.01566173005,-0.8501024842,11.84586716
0.01567173005,-0.8814915419,11.86007404
0.01568173005,-0.909401834,11.87160778
0.01569173005,-0.9337230325,11.88121605
0.01570173005,-0.9543593526,11.88897228
0.01570298005,-0.9566755295,11.88987064
0.01570548005,-0.9611307979,11.89155293
0.01570610505,-0.9622076154,11.89195728
0.01570735505,-0.9643166661,11.89275837
0.01570766755,-0.9648346901,11.89295483
0.01570829255,-0.9658594728,11.89334583
0.0157084488,-0.9661133289,11.89344215
0.0157087613,-0.9666182995,11.8936348
0.01570887475,-0.9668006897,-8.234059334
0.01570894329,-0.9669106603,-13.65981293
0.0157090001,-0.967001617,-10.78782749
0.01570902394,-0.9670397639,-11.81605053
0.01570904693,-0.96707654,-11.71956348
0.01570907119,-0.9671153426,-11.72733402
0.01570909849,-0.9671589732,-11.72659874
0.01570915311,-0.9672461152,-11.72698402
0.01570926234,-0.9674201012,-11.72731495
0.01570948079,-0.9677667022,-11.72823048
0.01570991771,-0.9684544206,-11.72984886
0.01571079153,-0.9698079824,-11.73322296
0.01571253919,-0.9724273682,-11.73963451
0.0157160345,-0.977314055,-11.75197792
0.01572302511,-0.9856712222,-11.7741375
0.01573302511,-0.9943175912,-11.80114269
0.01574302511,-0.9990398884,-11.82322598
0.01575302511,-0.9998193383,-11.84145927
0.01576302511,-0.9966530204,-11.8563385
0.01577302511,-0.9895533919,-11.8686552
0.01578302511,-0.9785484076,-11.87867546
0.01579302511,-0.9636815786,-11.88700104
0.01580302511,-0.9450114965,-11.89374256
0.01580318136,-0.9446899295,-11.89386272
0.01580349386,-0.9440441728,10.32643032
0.01580358005,-0.9438654184,12.60538483
0.01580366599,-0.9436869025,11.17512989
0.0158037103,-0.9435948133,11.93899345
0.01580375503,-0.9435017109,11.64443779
0.01580380112,-0.9434056878,11.76026821
0.01580384855,-0.9433068037,11.71362495
0.01580392588,-0.9431454539,11.7357626
0.01580404026,-0.9429063201,11.72231579
0.01580425923,-0.9424471855,11.73371124
0.01580469715,-0.9415236115,11.72619915
0.015805573,-0.9396551251,11.73809528
0.0158073247,-0.9358327985,11.73625565
0.01581082811,-0.9278485179,11.7566843
0.01581783492,-0.9105352759,11.77076912
0.01582783492,-0.8827790022,11.80565834
0.01583783492,-0.8515387774,11.81968021
0.01584783492,-0.8169378638,11.84577274
0.01585783492,-0.7791129351,11.85268497
0.01586783492,-0.7382131815,11.87282276
0.01587783492,-0.6944000721,11.87495804
0.01588783492,-0.6478464603,11.89105892
0.01589783492,-0.5987360477,11.88999271
0.01589787554,-0.5985316038,-7.120345592
0.01589795679,-0.5981225371,-14.53496265
0.01589798422,-0.5979844332,-11.26424789
0.01589800059,-0.597902,-11.68360329
0.01589801561,-0.5978263617,-11.7203989
0.01589803211,-0.5977432728,-11.72566032
0.01589806511,-0.5975770354,-11.72641754
0.0158981311,-0.5972445011,-11.72647953
0.01589826309,-0.5965791345,-11.72711182
0.01589852707,-0.5952471495,-11.72803974
0.01589905503,-0.5925783515,-11.73015404
0.01590011095,-0.5872211456,-11.73407078
0.01590222279,-0.5764293671,-11.74189758
0.01590644647,-0.554543376,-11.75639439
0.01591489383,-0.5096155405,-11.78227234
0.01592489383,-0.4545848072,-11.80770683
0.01593489383,-0.3977600634,-11.82873344
0.01594489383,-0.3393655121,-11.84586716
0.01595489383,-0.2796316743,-11.86007404
0.01596489383,-0.2187942415,-11.87160778
0.01597489383,-0.1570933312,-11.88121605
0.01598489383,-0.09477244318,-11.88897228
0.01598614383,-0.08695097268,-11.88987064
0.01598864383,-0.07129241526,-11.89155293
0.01598926883,-0.06737487763,-11.89195728
0.01599051883,-0.05953674763,-11.89275837
0.01599083133,-0.05757662281,-11.89295483
0.01599145633,-0.0536557138,-11.89334583
0.01599161258,-0.0526753515,-11.89344215
0.01599192508,-0.05071448162,-11.8936348
0.01599203853,-0.05000251904,8.234059334
0.01599210707,-0.04957241565,13.65981293
0.01599216388,-0.04921592772,10.78782749
0.01599218772,-0.04906632379,11.81605053
0.01599221071,-0.04892202467,11.71956348
0.01599223497,-0.04876979813,11.72733402
0.01599226227,-0.0485984236,11.72659874
0.01599231689,-0.04825567454,11.72698402
0.01599242612,-0.04757016152,11.72731495
0.01599264457,-0.04619906843,11.72823048
0.01599308149,-0.04345661774,11.72984886
0.01599395531,-0.03797075897,11.73322296
0.01599570297,-0.0269957725,11.73963451
0.01599919828,-0.005037356168,11.75197792
0.01600618889,0.03887617216,11.7741375
0.01601618889,0.1015425101,11.80114269
0.01602618889,0.1638081074,11.82322598
0.01603618889,0.2254272252,11.84145927
0.01604618889,0.2861566842,11.8563385
0.01605618889,0.3457568288,11.8686552
0.01606618889,0.4039924145,11.87867546
0.01607618889,0.4606336355,11.88700104
0.01608618889,0.5154569149,11.89374256
0.01608634514,0.5162979364,11.89386272
0.01608665764,0.517978549,-10.32643032
0.01608674383,0.5184416175,-12.60538483
0.01608682977,0.5189033151,-11.17512989
0.01608687408,0.5191412568,-11.93899345
0.01608691881,0.5193814635,-11.64443779
0.0160869649,0.5196288824,-11.76026821
0.01608701233,0.5198835135,-11.71362495
0.01608708966,0.5202985406,-11.7357626
0.01608720404,0.5209121108,-11.72231579
0.01608742301,0.5220860243,-11.73371124
0.01608786093,0.5244308114,-11.72619915
0.01608873678,0.5291085243,-11.73809528
0.01609048848,0.53841573,-11.73625565
0.01609399189,0.5568332672,-11.7566843
0.0161009987,0.5928502083,-11.77076912
0.0161109987,0.6422463655,-11.80565834
0.0161209987,0.6891078949,-11.81968021
0.0161309987,0.7332497835,-11.84577274
0.0161409987,0.7744978666,-11.85268497
0.0161509987,0.8126894236,-11.87282276
0.0161609987,0.847673595,-11.87495804
0.0161709987,0.879312396,-11.89105892
0.0161809987,0.9074810147,-11.88999271
0.01618103932,0.9075881839,7.120345592
0.01618112057,0.907802403,14.53496265
0.016181148,0.9078747034,11.26424789
0.01618116437,0.9079177976,11.68360329
0.01618117939,0.907957375,11.7203989
0.01618119589,0.9080007672,11.72566032
0.01618122889,0.9080876112,11.72641754
0.01618129488,0.9082611799,11.72647953
0.01618142687,0.9086079001,11.72711182
0.01618169085,0.9092993736,11.72803974
0.01618221881,0.9106748104,11.73015404
0.01618327473,0.9133956432,11.73407078
0.01618538657,0.9187165499,11.74189758
0.01618961025,0.9288722277,11.75639439
0.01619805761,0.9472144246,11.78227234
0.01620805761,0.9654759765,11.80770683
0.01621805761,0.9799273014,11.82873344
0.01622805761,0.9905112386,11.84586716
0.01623805761,0.9971861243,11.86007404
0.01624805761,0.9999255538,11.87160778
0.01625805761,0.998718679,11.88121605
0.01626805761,0.9935703874,11.88897228
0.01626930761,0.9926505685,11.88987064
0.01627180761,0.9906272888,11.89155293
0.01627243261,0.9900832176,11.89195728
0.01627368261,0.9889493585,11.89275837
0.01627399511,0.988656342,11.89295483
0.01627462011,0.9880589247,11.89334583
0.01627477636,0.9879071712,11.89344215
0.01627508886,0.987600863,11.8936348
0.01627520231,0.987488687,-8.234059334
0.01627527085,0.9874206781,-13.65981293
0.01627532766,0.9873641729,-10.78782749
0.0162753515,0.9873404503,-11.81605053
0.01627537449,0.9873175025,-11.71956348
0.01627539875,0.987293303,-11.72733402
0.01627542605,0.9872660041,-11.72659874
0.01627548067,0.9872114062,-11.72698402
0.0162755899,0.9871017337,-11.72731495
0.01627580835,0.9868810773,-11.72823048
0.01627624527,0.9864341617,-11.72984886
0.01627711909,0.9855179787,-11.73322296
0.01627886675,0.9835965633,-11.73963451
0.01628236206,0.979398191,-11.75197792
0.01628935267,0.9695866108,-11.7741375
0.01629935267,0.9523054957,-11.80114269
0.01630935267,0.9312660694,-11.82322598
0.01631935267,0.9065513015,-11.84145927
0.01632935267,0.8782588243,-11.8563385
0.01633935267,0.8465002775,-11.8686552
0.01634935267,0.81140095,-11.87867546
0.01635935267,0.7730994225,-11.88700104
0.01636935267,0.7317468524,-11.89374256
0.01636950892,0.7310773134,-11.89386272
0.01636982142,0.7297362685,10.32643032
0.01636990761,0.7293658853,12.60538483
0.01636999355,0.7289963365,11.17512989
0.01637003786,0.7288057804,11.93899345
0.01637008259,0.728613317,11.64443779
0.01637012868,0.7284149528,11.76026821
0.01637017611,0.7282106876,11.71362495
0.01637025344,0.7278776169,11.7357626
0.01637036782,0.7273846269,11.72231579
0.01637058678,0.7264398336,11.73371124
0.01637102471,0.7245461345,11.72619915
0.01637190056,0.7207422853,11.73809528
0.01637365226,0.7130692005,11.73625565
0.01637715567,0.6974648237,11.7566843
0.01638416248,0.6652500033,11.77076912
0.01639416248,0.6170566082,11.80565834
0.01640416248,0.5664279461,11.81968021
0.01641416248,0.5135638118,11.84577274
0.01642416248,0.4586729407,11.85268497
0.01643416248,0.4019718766,11.87282276
0.01644416248,0.3436844051,11.87495804
0.01645416248,0.2840405703,11.89105892
0.01646416248,0.2232757658,11.88999271
0.0164642031,0.2230269462,-7.120345592
0.01646428435,0.2225292623,-14.53496265
0.01646431178,0.2223612666,-11.26424789
0.01646432815,0.2222609818,-11.68360329
0.01646434317,0.2221689522,-11.7203989
0.01646435967,0.2220678777,-11.72566032
0.01646439267,0.2218657285,-11.72641754
0.01646445866,0.2214613855,-11.72647953
0.01646459065,0.2206525803,-11.72711182
0.01646485463,0.2190345228,-11.72803974
0.01646538259,0.2157966048,-11.73015404
0.01646643851,0.2093136907,-11.73407078
0.01646855035,0.196320504,-11.74189758
0.01647277403,0.1702327132,-11.75639439
0.01648122139,0.1177159399,-11.78227234
0.01649122139,0.05512969941,-11.80770683
0.01650122139,-0.007674114313,-11.82873344
0.01651122139,-0.07044763863,-11.84586716
0.01652122139,-0.1329431385,-11.86007404
0.01653122139,-0.1949139833,-11.87160778
0.01654122139,-0.2561155856,-11.88121605
0.01655122139,-0.3163064122,-11.88897228
0.01655247139,-0.3237473071,-11.88987064
0.01655497139,-0.338568747,-11.89155293
0.01655559639,-0.3422611952,-11.89195728
0.01655684639,-0.3496302068,-11.89275837
0.01655715889,-0.3514690995,-11.89295483
0.01655778389,-0.3551428318,-11.89334583
0.01655794014,-0.3560604155,-11.89344215
0.01655825264,-0.3578945398,-11.8936348
0.01655836609,-0.3585600853,8.234059334
0.01655843463,-0.358962059,13.65981293
0.01655849144,-0.3592951894,10.78782749
0.01655851528,-0.3594349623,11.81605053
0.01655853827,-0.3595697582,11.71956348
0.01655856253,-0.3597119749,11.72733402
0.01655858983,-0.3598720729,11.72659874
0.01655864445,-0.3601922095,11.72698402
0.01655875368,-0.3608323634,11.72731495
0.01655897213,-0.3621121645,11.72823048
0.01655940905,-0.3646696806,11.72984886
0.01656028287,-0.3697764874,11.73322296
0.01656203053,-0.3799565136,11.73963451
0.01656552584,-0.4001779258,11.75197792
0.01657251645,-0.4400320053,11.7741375
0.01658251645,-0.4955484569,11.80114269
0.01659251645,-0.5491092205,11.82322598
0.01660251645,-0.6005029082,11.84145927
0.01661251645,-0.6495266557,11.8563385
0.01662251645,-0.6959870458,11.8686552
0.01663251645,-0.739700675,11.87867546
0.01664251645,-0.7804950476,11.88700104
0.01665251645,-0.8182091713,11.89374256
0.0166526727,-0.81877321,11.89386272
0.0166529852,-0.8198989034,-10.32643032
0.01665307139,-0.8202087879,-12.60538483
0.01665315733,-0.8205175996,-11.17512989
0.01665320164,-0.8206766844,-11.93899345
0.01665324637,-0.8208372593,-11.64443779
0.01665329246,-0.8210026026,-11.76026821
0.01665333989,-0.8211727142,-11.71362495
0.01665341722,-0.8214499354,-11.7357626
0.0166535316,-0.8218595386,-11.72231579
0.01665375056,-0.8226425648,-11.73371124
0.01665418849,-0.8242038488,-11.72619915
0.01665506434,-0.8273077607,-11.73809528
0.01665681604,-0.8334402442,-11.73625565
0.01666031945,-0.8454017043,-11.7566843
0.01666732626,-0.8680901527,-11.77076912
0.01667732626,-0.8975467682,-11.80565834
0.01668732626,-0.9234611988,-11.81968021
0.01669732626,-0.945731163,-11.84577274
0.01670732626,-0.9642688036,-11.85268497
0.01671732626,-0.9790008664,-11.87282276
0.01672732626,-0.9898692369,-11.87495804
0.01673732626,-0.9968311191,-11.89105892
0.01674732626,-0.9998589158,-11.88999271
0.01674736688,-0.9998631477,7.120345592
0.01674744813,-0.9998714328,14.53496265
0.01674747556,-0.9998742342,11.26424789
0.01674749193,-0.9998758435,11.68360329
0.01674750695,-0.9998773336,11.7203989
0.01674752345,-0.999878943,11.72566032
0.01674755645,-0.9998821616,11.72641754
0.01674762244,-0.9998884201,11.72647953
0.01674775443,-0.9999004602,11.72711182
0.01674801841,-0.999922514,11.72803974
0.01674854637,-0.9999582767,11.73015404
0.01674960229,-0.9999969006,11.73407078
0.01675171413,-0.9999420047,11.74189758
0.01675593781,-0.9993041158,11.75639439
0.01676438517,-0.9959180951,11.78227234
0.01677438517,-0.9882853031,11.80770683
0.01678438517,-0.976752162,11.82873344
0.01679438517,-0.9613642693,11.84586716
0.01680438517,-0.9421823025,11.86007404
0.01681438517,-0.9192820191,11.87160778
0.01682438517,-0.8927537203,11.88121605
0.01683438517,-0.8627020717,11.88897228
0.01683563517,-0.8587036729,11.88987064
0.01683813517,-0.8505481482,11.89155293
0.01683876017,-0.8484764099,11.89195728
0.01684001017,-0.8442937136,11.89275837
0.01684032267,-0.8432399035,11.89295483
0.01684094767,-0.8411224484,11.89334583
0.01684110392,-0.840591073,11.89344215
0.01684141642,-0.839525938,11.8936348
0.01684152987,-0.8391383886,-8.234059334
0.01684159841,-0.8389040828,-13.65981293
0.01684165522,-0.8387097716,-10.78782749
0.01684167905,-0.8386281729,-11.81605053
0.01684170205,-0.8385494947,-11.71956348
0.01684172631,-0.8384664059,-11.72733402
0.01684175361,-0.8383728862,-11.72659874
0.01684180823,-0.8381857872,-11.72698402
0.01684191745,-0.8378112912,-11.72731495
0.01684213591,-0.8370611072,-11.72823048
0.01684257283,-0.8355560303,-11.72984886
0.01684344665,-0.8325269818,-11.73322296
0.01684519431,-0.8263937235,-11.73963451
0.01684868962,-0.8138290048,-11.75197792
0.01685568023,-0.7875282168,-11.7741375
0.01686568023,-0.7472777367,-11.80114269
0.01687568023,-0.7040781379,-11.82322598
0.01688568023,-0.6580998302,-11.84145927
0.01689568023,-0.6095243096,-11.8563385
0.01690568023,-0.5585432649,-11.8686552
0.01691568023,-0.5053579211,-11.87867546
0.01692568023,-0.4501781762,-11.88700104
0.01693568023,-0.3932217658,-11.89374256
0.01693583648,-0.3923189044,-11.89386272
0.01693614898,-0.390512079,10.32643032
0.01693623517,-0.3900135159,12.60538483
0.01693632111,-0.3895162046,11.17512989
0.01693636542,-0.3892597854,11.93899345
0.01693641015,-0.3890008926,11.64443779
0.01693645624,-0.3887341022,11.76026821
0.01693650367,-0.3884595037,11.71362495
0.016936581,-0.3880117238,11.7357626
0.01693669538,-0.3873492479,11.72231579
0.01693691434,-0.3860805035,11.73371124
0.01693735227,-0.3835408092,11.72619915
0.01693822812,-0.3784527779,11.73809528
0.01693997982,-0.3682424128,11.73625565
0.01694348323,-0.3476891518,11.7566843
0.01695049004,-0.3060872257,11.77076912
0.01696049004,-0.245706439,11.80565834
0.01697049004,-0.1843559593,11.81968021
0.01698049004,-0.1222779155,11.84577274
0.01699049004,-0.05971729755,11.85268497
0.01700049004,0.003078999696,11.87282276
0.01701049004,0.06586314738,11.87495804
0.01702049004,0.1283873618,11.89105892
0.01703049004,0.190404892,11.88999271
0.01703053066,0.1906554699,-7.120345592
0.01703061191,0.191156581,-14.53496265
0.01703063934,0.1913257241,-11.26424789
0.01703065571,0.1914266795,-11.68360329
0.01703067073,0.19151932,-11.7203989
0.01703068723,0.1916210651,-11.72566032
0.01703072023,0.1918245405,-11.72641754
0.01703078622,0.1922314912,-11.72647953
0.01703091821,0.1930452734,-11.72711182
0.01703118219,0.1946724355,-11.72803974
0.01703171015,0.1979251653,-11.73015404
0.01703276607,0.2044240534,-11.73407078
0.01703487791,0.2173945457,-11.74189758
0.01703910159,0.243218407,-11.75639439
0.01704754895,0.2943342328,-11.78227234
0.01705754895,0.3537625074,-11.80770683
0.01706754895,0.4117946327,-11.82873344
0.01707754895,0.4682015777,-11.84586716
0.01708754895,0.5227607489,-11.86007404
0.01709754895,0.5752568245,-11.87160778
0.01710754895,0.6254826188,-11.88121605
0.01711754895,0.6732399464,-11.88897228
0.01711879895,0.6790265441,-11.88987064
0.01712129895,0.6904737353,-11.89155293
0.01712192395,0.6933090091,-11.89195728
0.01712317395,0.6989474893,-11.89275837
0.01712348645,0.7003503442,-11.89295483
0.01712411145,0.7031480074,-11.89334583
0.0171242677,0.7038457394,-11.89344215
0.0171245802,0.7052391768,-11.8936348
0.01712469365,0.7057443857,8.234059334
0.01712476219,0.7060494423,13.65981293
0.017124819,0.706302166,10.78782749
0.01712484283,0.706408143,11.81605053
0.01712486583,0.7065104246,11.71956348
0.01712489009,0.7066182494,11.72733402
0.01712491739,0.7067396641,11.72659874
0.01712497201,0.7069823742,11.72698402
0.01712508123,0.7074676156,11.72731495
0.01712529969,0.7084370255,11.72823048
0.01712573661,0.7103718519,11.72984886
0.01712661043,0.7142254114,11.73322296
0.01712835809,0.7218678594,11.73963451
0.0171318534,0.7368907332,11.75197792
0.01713884401,0.7658631802,11.7741375
0.01714884401,0.8047264218,11.80114269
0.01715884401,0.8404138088,11.82322598
0.01716884401,0.8727844954,11.84145927
0.01717884401,0.9017106891,11.8563385
0.01718884401,0.9270781875,11.8686552
0.01719884401,0.948786974,11.87867546
0.01720884401,0.9667513371,11.88700104
0.01721884401,0.9809003472,11.89374256
0.01721900026,0.9810908437,11.89386272
0.01721931276,0.9814689755,-10.32643032
0.01721939895,0.9815725684,-12.60538483
0.01721948489,0.9816756248,-11.17512989
0.0172195292,0.981728673,-11.93899345
0.01721957393,0.9817820787,-11.64443779
0.01721962002,0.9818370938,-11.76026821
0.01721966745,0.981893599,-11.71362495
0.01721974478,0.9819855094,-11.7357626
0.01721985916,0.9821210504,-11.72231579
0.01722007812,0.9823791385,-11.73371124
0.01722051605,0.9828896523,-11.72619915
0.0172213919,0.9838884473,-11.73809528
0.0172231436,0.9857965112,-11.73625565
0.01722664701,0.9892542958,-11.7566843
0.01723365382,0.9947303534,-11.77076912
0.01724365382,0.9992051125,-11.80565834
0.01725365382,0.9997364879,-11.81968021
0.01726365382,0.9963223338,-11.84577274
0.01727365382,0.9889761806,-11.85268497
0.01728365382,0.9777269363,-11.87282276
0.01729365382,0.9626191258,-11.87495804
0.01730365382,0.9437122345,-11.89105892
0.01731365382,0.9210809469,-11.88999271
0.01731369444,0.9209815264,7.120345592
0.01731377569,0.9207825065,14.53496265
0.01731380312,0.9207152724,11.26424789
0.01731381949,0.9206751585,11.68360329
0.01731383451,0.9206383228,11.7203989
0.01731385101,0.9205978513,11.72566032
0.01731388401,0.9205168486,11.72641754
0.01731395,0.9203547239,11.72647953
0.01731408199,0.920030117,11.72711182
0.01731434597,0.9193788767,11.72803974
0.01731487393,0.9180689454,11.73015404
0.01731592985,0.9154186845,11.73407078
0.01731804169,0.9099974036,11.74189758
0.01732226537,0.8986751437,11.75639439
0.01733071272,0.874140501,11.78227234
0.01734071272,0.8419199586,11.80770683
0.01735071272,0.8063766956,11.82873344
0.01736071272,0.7676510215,11.84586716
0.01737071272,0.725895822,11.86007404
0.01738071272,0.681275785,11.87160778
0.01739071272,0.6339671016,11.88121605
0.01740071272,0.5841564536,11.88897228
0.01740196272,0.5777638555,11.88987064
0.01740446272,0.5648722053,11.89155293
0.01740508772,0.561627388,11.89195728
0.01740633772,0.5551118255,11.89275837
0.01740665022,0.5534775853,11.89295483
0.01740727522,0.5502026677,11.89334583
0.01740743147,0.549382627,11.89344215
0.01740774397,0.5477409363,11.8936348
0.01740785743,0.5471443534,-8.234059334
0.01740792597,0.5467838645,-13.65981293
0.01740798278,0.5464850068,-10.78782749
0.01740800661,0.546359539,-11.81605053
0.01740802961,0.5462385416,-11.71956348
0.01740805387,0.5461108685,-11.72733402
0.01740808117,0.5459671021,-11.72659874
0.01740813579,0.5456795692,-11.72698402
0.01740824501,0.5451043248,-11.72731495
0.01740846347,0.5439530611,-11.72823048
0.01740890039,0.5416474938,-11.72984886
0.01740977421,0.5370240808,-11.73322296
0.01741152187,0.527728796,-11.73963451
0.01741501718,0.5089485049,-11.75197792
0.01742200779,0.4706607163,-11.7741375
0.01743200779,0.4143310189,-11.80114269
0.01744200779,0.3563661277,-11.82322598
0.01745200779,0.2969948053,-11.84145927
0.01746200779,0.2364514172,-11.8563385
0.01747200779,0.1749748439,-11.8686552
0.01748200779,0.1128077284,-11.87867546
0.01749200779,0.05019540712,-11.88700104
0.01750200779,-0.01261500735,-11.89374256
0.01750216404,-0.0135966707,-11.89386272
0.01750247654,-0.01555995736,10.32643032
0.01750256273,-0.0161013864,12.60538483
0.01750264867,-0.01664133184,11.17512989
0.01750269298,-0.0169196669,11.93899345
0.01750273771,-0.0172006879,11.64443779
0.0175027838,-0.01749021374,11.76026821
0.01750283123,-0.01778821275,11.71362495
0.01750290856,-0.0182740055,11.7357626
0.01750302294,-0.01899256185,11.72231579
0.0175032419,-0.02036807872,11.73371124
0.01750367983,-0.02311899513,11.72619915
0.01750455568,-0.02862028219,11.73809528
0.01750630738,-0.03962009028,11.73625565
0.01750981079,-0.06160397083,11.7566843
0.0175168176,-0.1054715514,11.77076912
0.0175268176,-0.1677037179,11.80565834
0.0175368176,-0.2292740494,11.81968021
0.0175468176,-0.2899395227,11.84577274
0.0175568176,-0.3494607508,11.85268497
0.0175668176,-0.4076028168,11.87282276
0.0175768176,-0.4641362429,11.87495804
0.0175868176,-0.5188379288,11.89105892
0.0175968176,-0.5714920163,11.88999271
0.01759685822,-0.571701467,-7.120345592
0.01759693947,-0.5721202493,-14.53496265
0.0175969669,-0.5722615719,-11.26424789
0.01759698327,-0.5723459125,-11.68360329
0.01759699829,-0.5724233389,-11.7203989
0.01759701479,-0.5725083351,-11.72566032
0.01759704779,-0.572678268,-11.72641754
0.01759711378,-0.5730181932,-11.72647953
0.01759724577,-0.5736976266,-11.72711182
0.01759750975,-0.5750553608,-11.72803974
0.01759803771,-0.5777661204,-11.73015404
0.01759909363,-0.5831685066,-11.73407078
0.01760120547,-0.5938959718,-11.74189758
0.01760542915,-0.6150354147,-11.75639439
0.0176138765,-0.6560003161,-11.78227234
0.0176238765,-0.7020976543,-11.80770683
0.0176338765,-0.7454241514,-11.82873344
0.0176438765,-0.785808742,-11.84586716
0.0176538765,-0.8230921626,-11.86007404
0.0176638765,-0.8571272492,-11.87160778
0.0176738765,-0.8877795935,-11.88121605
0.0176838765,-0.9149282575,-11.88897228
0.0176851265,-0.9180700183,-11.88987064
0.0176876265,-0.9241834283,-11.89155293
0.0176882515,-0.9256762266,-11.89195728
0.0176895015,-0.9286189079,-11.89275837
0.017689814,-0.9293456674,-11.89295483
0.017690439,-0.9307883382,-11.89334583
0.01769059525,-0.9311468005,-11.89344215
0.01769090775,-0.9318609834,-11.8936348
0.01769102121,-0.9321193695,8.234059334
0.01769108975,-0.9322752357,13.65981293
0.01769114656,-0.9324043393,10.78782749
0.01769117039,-0.9324584603,11.81605053
0.01769119339,-0.9325106144,11.71956348
0.01769121764,-0.9325656295,11.72733402
0.01769124495,-0.9326275587,11.72659874
0.01769129957,-0.9327513576,11.72698402
0.01769140879,-0.932998538,11.72731495
0.01769162725,-0.9334916472,11.72823048
0.01769206417,-0.9344725609,11.72984886
0.01769293799,-0.9364132285,11.73322296
0.01769468565,-0.9402098656,11.73963451
0.01769818096,-0.9474626184,11.75197792
0.01770517157,-0.9605938792,11.7741375
0.01771517157,-0.9761513472,11.80114269
0.01772517157,-0.9878563881,11.82322598
0.01773517157,-0.9956628084,11.84145927
0.01774517157,-0.9995398521,11.8563385
0.01775517157,-0.9994721413,11.8686552
0.01776517157,-0.9954599142,11.87867546
0.01777517157,-0.987519145,11.88700104
0.01778517157,-0.9756810069,11.89374256
0.01778532782,-0.9754653573,11.89386272
0.01778564032,-0.9750311971,-10.32643032
0.01778572651,-0.9749107957,-12.60538483
0.01778581245,-0.9747904539,-11.17512989
0.01778585676,-0.9747283459,-11.93899345
0.01778590149,-0.9746655226,-11.64443779
0.01778594758,-0.9746006727,-11.76026821
0.01778599501,-0.9745339155,-11.71362495
0.01778607234,-0.974424839,-11.7357626
0.01778618672,-0.974263072,-11.72231579
0.01778640568,-0.973952055,-11.73371124
0.01778684361,-0.9733244181,-11.72619915
0.01778771946,-0.9720470905,-11.73809528
0.01778947116,-0.969404161,-11.73625565
0.01779297457,-0.9637663364,-11.7566843
0.01779998138,-0.9510926604,-11.77076912
0.01780998138,-0.9298195243,-11.80565834
0.01781998138,-0.9048768878,-11.81968021
0.01782998138,-0.876363039,-11.84577274
0.01783998138,-0.8443906307,-11.85268497
0.01784998138,-0.8090857863,-11.87282276
0.01785998138,-0.7705878019,-11.87495804
0.01786998138,-0.7290487289,-11.89105892
0.01787998138,-0.6846324205,-11.88999271
0.017880022,-0.6844463348,7.120345592
0.01788010325,-0.6840740442,14.53496265
0.01788013068,-0.683948338,11.26424789
0.01788014705,-0.6838732958,11.68360329
0.01788016207,-0.6838044524,11.7203989
0.01788017857,-0.6837287545,11.72566032
0.01788021157,-0.6835774779,11.72641754
0.01788027756,-0.6832747459,11.72647953
0.01788040955,-0.6826689839,11.72711182
0.01788067353,-0.6814560294,11.72803974
0.01788120149,-0.6790245175,11.73015404
0.01788225741,-0.6741390824,11.73407078
0.01788436925,-0.6642794609,11.74189758
0.01788859293,-0.6442109942,11.75639439
0.01789704028,-0.602727592,11.78227234
0.01790704028,-0.5514347553,11.80770683
0.01791704028,-0.4979656339,11.82873344
0.01792704028,-0.4425312579,11.84586716
0.01793704028,-0.385350436,11.86007404
0.01794704028,-0.3266488016,11.87160778
0.01795704028,-0.2666580379,11.88121605
0.01796704028,-0.2056149095,11.88897228
0.01796829028,-0.1979224831,11.88987064
0.01797079028,-0.1825014651,11.89155293
0.01797141528,-0.1786390394,11.89195728
0.01797266528,-0.1709059626,11.89275837
0.01797297778,-0.168971017,11.89295483
0.01797360278,-0.1650992036,11.89334583
0.01797375903,-0.1641308516,11.89344215
0.01797407153,-0.1621936709,11.8936348
0.01797418499,-0.161490202,-8.234059334
0.01797425353,-0.161065191,-13.65981293
0.01797431034,-0.1607129276,-10.78782749
0.01797433417,-0.1605650783,-11.81605053
0.01797435717,-0.160422489,-11.71956348
0.01797438142,-0.1602720469,-11.72733402
0.01797440873,-0.1601026803,-11.72659874
0.01797446335,-0.1597639471,-11.72698402
0.01797457257,-0.1590864211,-11.72731495
0.01797479103,-0.1577311605,-11.72823048
0.01797522794,-0.1550197154,-11.72984886
0.01797610177,-0.1495933682,-11.73322296
0.01797784943,-0.1387272775,-11.73963451
0.01798134474,-0.1169462577,-11.75197792
0.01798833535,-0.07322553545,-11.7741375
0.01799833535,-0.01045908965,-11.80114269
0.01800833535,0.05234863609,-11.82322598
0.01801833535,0.1149497628,-11.84145927
0.01802833535,0.1770972311,-11.8563385
0.01803833535,0.2385457903,-11.8686552
0.01804833535,0.2990528941,-11.87867546
0.01805833535,0.358379811,-11.88700104
0.01806833535,0.4162923396,-11.89374256
0.0180684916,0.4171847701,-11.89386272
0.0180688041,0.4189684391,10.32643032
0.01806889029,0.4194600582,12.60538483
0.01806897623,0.419950217,11.17512989
0.01806902054,0.4202028215,11.93899345
0.01806906527,0.42045784,11.64443779
0.01806911136,0.4207205772,11.76026821
0.01806915879,0.4209909141,11.71362495
0.01806923612,0.421431601,11.7357626
0.0180693505,0.4220832288,11.72231579
0.01806956946,0.4233300686,11.73371124
0.01807000739,0.4258213043,11.72619915
0.01807088324,0.4307941198,11.73809528
0.01807263494,0.4407004416,11.73625565
0.01807613835,0.4603517056,11.7566843
0.01808314516,0.498975724,11.77076912
0.01809314516,0.5524063706,11.80565834
0.01810314516,0.6036569476,11.81968021
0.01811314516,0.6525251269,11.84577274
0.01812314516,0.6988180876,11.85268497
0.01813314516,0.7423531413,11.87282276
0.01814314516,0.7829585075,11.87495804
0.01815314516,0.8204738498,11.89105892
0.01816314516,0.8547511697,11.88999271
0.01816318578,0.8548836112,-7.120345592
0.01816326703,0.855148375,-14.53496265
0.01816329446,0.8552377224,-11.26424789
0.01816331083,0.8552910089,-11.68360329
0.01816332585,0.8553398848,-11.7203989
0.01816334235,0.8553935885,-11.72566032
0.01816337535,0.8555009961,-11.72641754
0.01816344134,0.8557156324,-11.72647953
0.01816357333,0.8561444283,-11.72711182
0.01816383731,0.857000351,-11.72803974
0.01816436527,0.8587050438,-11.73015404
0.01816542119,0.8620861769,-11.73407078
0.01816753303,0.8687343001,-11.74189758
0.01817175671,0.8815706372,-11.75639439
0.01818020406,0.905372262,-11.78227234
0.01819020406,0.9302477241,-11.80770683
0.01820020406,0.9514519572,-11.82873344
0.01821020406,0.968901217,-11.84586716
0.01822020406,0.9825267196,-11.86007404
0.01823020406,0.9922745824,-11.87160778
0.01824020406,0.99810642,-11.88121605
0.01825020406,0.9999991655,-11.88897228
0.01825145406,0.9999582767,-11.88987064
0.01825395406,0.9996914268,-11.89155293
0.01825457906,0.999586165,-11.89195728
0.01825582906,0.9993293881,-11.89275837
0.01825614156,0.999255538,-11.89295483
0.01825676656,0.999096334,-11.89334583
0.01825692281,0.9990541339,-11.89344215
0.01825723531,0.9989668131,-11.8936348
0.01825734877,0.9989342093,8.234059334
0.01825741731,0.9989142418,13.65981293
0.01825747412,0.9988975525,10.78782749
0.01825749795,0.9988904595,11.81605053
0.01825752095,0.9988836646,11.71956348
0.0182575452,0.9988764524,11.72733402
0.01825757251,0.9988682866,11.72659874
0.01825762713,0.9988519549,11.72698402
0.01825773635,0.9988188148,11.72731495
0.01825795481,0.9987511635,11.72823048
0.01825839172,0.9986102581,11.72984886
0.01825926555,0.9983058572,11.73322296
0.01826101321,0.9976067543,11.73963451
0.01826450852,0.9958478212,11.75197792
0.01827149913,0.9908901453,11.7741375
0.01828149913,0.980478704,11.80114269
0.01829149913,0.9661977291,11.82322598
0.01830149913,0.9481036067,11.84145927
0.01831149913,0.9262678027,11.8563385
0.01832149913,0.9007763863,11.8686552
0.01833149913,0.8717300892,11.87867546
0.01834149913,0.839243412,11.88700104
0.01835149913,0.8034446239,11.89374256
0.01835165538,0.8028597236,11.89386272
0.01835196788,0.8016875982,-10.32643032
0.01835205407,0.8013638258,-12.60538483
0.01835214001,0.801040709,-11.17512989
0.01835218432,0.8008739948,-11.93899345
0.01835222905,0.8007056713,-11.64443779
0.01835227514,0.8005321622,-11.76026821
0.01835232257,0.8003535271,-11.71362495
0.0183523999,0.80006212,-11.7357626
0.01835251428,0.7996307611,-11.72231579
0.01835273324,0.7988038659,-11.73371124
0.01835317117,0.7971455455,-11.72619915
0.01835404702,0.7938107848,-11.73809528
0.01835579872,0.7870692015,-11.73625565
0.01835930213,0.7733008265,-11.7566843
0.01836630894,0.7446469069,-11.77076912
0.01837630894,0.7012674809,-11.80565834
0.01838630894,0.6551204324,-11.81968021
0.01839630894,0.6063879132,-11.84577274
0.01840630894,0.5552622676,-11.85268497
0.01841630894,0.5019452572,-11.87282276
0.01842630894,0.4466473162,-11.87495804
0.01843630894,0.3895866573,-11.89105892
0.01844630894,0.3309884667,-11.88999271
0.01844634956,0.3307475746,7.120345592
0.01844643081,0.3302657604,14.53496265
0.01844645824,0.3301030993,11.26424789
0.01844647461,0.3300060332,11.68360329
0.01844648963,0.3299169242,11.7203989
0.01844650613,0.3298190534,11.72566032
0.01844653913,0.3296233118,11.72641754
0.01844660512,0.3292317986,11.72647953
0.01844673711,0.3284486234,11.72711182
0.01844700109,0.3268815577,11.72803974
0.01844752905,0.3237447143,11.73015404
0.01844858497,0.3174604177,11.73407078
0.01845069681,0.3048501313,11.74189758
0.01845492049,0.2794708312,11.75639439
0.01846336784,0.2281397581,11.78227234
0.01847336784,0.1665549427,11.80770683
0.01848336784,0.1043128073,11.82873344
0.01849336784,0.04165900126,11.84586716
0.01850336784,-0.02115921304,11.86007404
0.01851336784,-0.0838939175,11.87160778
0.01852336784,-0.1462975442,11.88121605
0.01853336784,-0.2081237882,11.88897228
0.01853461784,-0.215799287,11.88987064
0.01853711784,-0.2311098874,11.89155293
0.01853774284,-0.2349287719,11.89195728
0.01853899284,-0.2425556183,11.89275837
0.01853930534,-0.2444600016,11.89295483
0.01853993034,-0.2482659519,11.89334583
0.01854008659,-0.2492168397,11.89344215
0.01854039909,-0.2511179149,11.8936348
0.01854051255,-0.2518078685,-8.234059334
0.01854058109,-0.2522245944,-13.65981293
0.0185406379,-0.2525699735,-10.78782749
0.01854066173,-0.2527149022,-11.81605053
0.01854068473,-0.2528546751,-11.71956348
0.01854070898,-0.2530021369,-11.72733402
0.01854073629,-0.2531681359,-11.72659874
0.01854079091,-0.2535000741,-11.72698402
0.01854090013,-0.2541639209,-11.72731495
0.01854111859,-0.2554911971,-11.72823048
0.0185415555,-0.2581443191,-11.72984886
0.01854242933,-0.2634447515,-11.73322296
0.01854417699,-0.2740215659,-11.73963451
0.0185476723,-0.2950748503,-11.75197792
0.01855466291,-0.3367443979,-11.7741375
0.01856466291,-0.3952032328,-11.80114269
0.01857466291,-0.4521023631,-11.82322598
0.01858466291,-0.5072172284,-11.84145927
0.01859466291,-0.5603303909,-11.8563385
0.01860466291,-0.6112321615,-11.8686552
0.01861466291,-0.6597216725,-11.87867546
0.01862466291,-0.7056075335,-11.88700104
0.01863466291,-0.748708725,-11.89374256
0.01863481916,-0.7493591905,-11.89386272
0.01863513166,-0.7506579161,10.32643032
0.01863521785,-0.7510155439,12.60538483
0.01863530379,-0.7513719797,11.17512989
0.0186353481,-0.7515556812,11.93899345
0.01863539283,-0.7517410517,11.64443779
0.01863543892,-0.7519319654,11.76026821
0.01863548635,-0.7521284223,11.71362495
0.01863556368,-0.7524485588,11.7357626
0.01863567806,-0.7529217005,11.72231579
0.01863589702,-0.7538263798,11.73371124
0.01863633495,-0.7556315064,11.72619915
0.0186372108,-0.7592245936,11.73809528
0.0186389625,-0.7663416862,11.73625565
0.01864246591,-0.7802964449,11.7566843
0.01864947272,-0.8070652485,11.77076912
0.01865947272,-0.8425480723,11.80565834
0.01866947272,-0.8747057915,11.81968021
0.01867947272,-0.9034115076,11.84577274
0.01868947272,-0.9285517931,11.85268497
0.01869947272,-0.9500275254,11.87282276
0.01870947272,-0.9677539468,11.87495804
0.01871947272,-0.9816610813,11.89105892
0.01872947272,-0.9916940331,11.88999271
0.01872951334,-0.9917268157,-7.120345592
0.01872959459,-0.991792202,-14.53496265
0.01872962202,-0.9918142557,-11.26424789
0.01872963839,-0.9918273687,-11.68360329
0.01872965341,-0.9918394089,-11.7203989
0.01872966991,-0.9918526411,-11.72566032
0.01872970291,-0.9918789864,-11.72641754
0.0187297689,-0.9919316769,-11.72647953
0.01872990089,-0.9920364618,-11.72711182
0.01873016487,-0.9922440052,-11.72803974
0.01873069283,-0.9926509261,-11.73015404
0.01873174875,-0.9934319258,-11.73407078
0.01873386059,-0.9948627353,-11.74189758
0.01873808427,-0.9971986413,-11.75639439
0.01874653162,-0.9997625351,-11.78227234
0.01875653162,-0.9991580248,-11.80770683
0.01876653162,-0.99461025,-11.82873344
0.01877653162,-0.9861372113,-11.84586716
0.01878653162,-0.9737722874,-11.86007404
0.01879653162,-0.9575644135,-11.87160778
0.01880653162,-0.9375774264,-11.88121605
0.01881653162,-0.9138902426,-11.88897228
0.01881778162,-0.9106736779,-11.88987064
0.01882028162,-0.9040722251,-11.89155293
0.01882090662,-0.9023869634,-11.89195728
0.01882215662,-0.8989746571,-11.89275837
0.01882246912,-0.8981128931,-11.89295483
0.01882309412,-0.8963790536,-11.89334583
0.01882325037,-0.8959434032,-11.89344215
0.01882356287,-0.8950695395,-11.8936348
0.01882367633,-0.8947514296,8.234059334
0.01882374487,-0.8945590258,13.65981293
0.01882380168,-0.8943994641,10.78782749
0.01882382551,-0.8943324685,11.81605053
0.01882384851,-0.8942677975,11.71956348
0.01882387276,-0.8941996098,11.72733402
0.01882390007,-0.8941227794,11.72659874
0.01882395469,-0.893969059,11.72698402
0.01882406391,-0.8936612606,11.72731495
0.01882428237,-0.8930444717,11.72823048
0.01882471928,-0.8918058872,11.72984886
0.01882559311,-0.8893085122,11.73322296
0.01882734077,-0.8842333555,11.73963451
0.01883083608,-0.8737638593,11.75197792
0.01883782669,-0.8515658379,11.7741375
0.01884782669,-0.8169676661,11.80114269
0.01885782669,-0.77914536,11.82322598
0.01886782669,-0.7382480502,11.84145927
0.01887782669,-0.6944372654,11.8563385
0.01888782669,-0.6478857994,11.8686552
0.01889782669,-0.598777473,11.87867546
0.01890782669,-0.5473060012,11.88700104
0.01891782669,-0.4936746061,11.89374256
0.01891798294,-0.4928205907,11.89386272
0.01891829544,-0.4911111593,-10.32643032
0.01891838163,-0.4906393886,-12.60538483
0.01891846757,-0.4901687503,-11.17512989
0.01891851188,-0.4899260998,-11.93899345
0.01891855661,-0.4896810651,-11.64443779
0.0189186027,-0.48942855,-11.76026821
0.01891865013,-0.489168644,-11.71362495
0.01891872746,-0.4887447953,-11.7357626
0.01891884184,-0.4881176949,-11.72231579
0.0189190608,-0.4869164526,-11.73371124
0.01891949873,-0.484511286,-11.72619915
0.01892037458,-0.4796898961,-11.73809528
0.01892212628,-0.4700037241,-11.73625565
0.01892562969,-0.4504617453,-11.7566843
0.0189326365,-0.4107325375,-11.77076912
0.0189426365,-0.3526724279,-11.80565834
0.0189526365,-0.2932204902,-11.81968021
0.0189626365,-0.2326113284,-11.84577274
0.0189726365,-0.1710841656,-11.85268497
0.0189826365,-0.1088818088,-11.87282276
0.0189926365,-0.04624974355,-11.87495804
0.0190026365,0.0165648479,-11.89105892
0.0190126365,0.07931406796,-11.88999271
0.01901267712,0.07956851274,7.120345592
0.01901275837,0.08007739484,14.53496265
0.0190127858,0.08024916053,11.26424789
0.01901280217,0.08035168052,11.68360329
0.01901281719,0.080445759,11.7203989
0.01901283369,0.0805490911,11.72566032
0.01901286669,0.0807557404,11.72641754
0.01901293268,0.08116903901,11.72647953
0.01901306467,0.08199559152,11.72711182
0.01901332865,0.08364853263,11.72803974
0.01901385661,0.08695370704,11.73015404
0.01901491253,0.09356115013,11.73407078
0.01901702437,0.1067634001,11.74189758
0.01902124805,0.1331091821,11.75639439
0.0190296954,0.185501039,11.78227234
0.0190396954,0.2468357235,11.80770683
0.0190496954,0.3071962595,11.82873344
0.0190596954,0.3663444519,11.84586716
0.0190696954,0.4240468144,11.86007404
0.0190796954,0.4800756872,11.87160778
0.0190896954,0.5342099071,11.88121605
0.0190996954,0.5862358809,11.88897228
0.0191009454,0.5925805569,11.88987064
0.0191034454,0.6051598787,11.89155293
0.0191040704,0.6082814932,11.89195728
0.0191053204,0.6144965291,11.89275837
0.0191056329,0.6160444021,11.89295483
0.0191062579,0.619132936,11.89334583
0.01910641415,0.6199036241,11.89344215
0.01910672665,0.6214430928,11.8936348
0.01910684011,0.6220014691,-8.234059334
0.01910690865,0.622338593,-13.65981293
0.01910696546,0.62261796,-10.78782749
0.01910698929,0.6227351427,-11.81605053
0.01910701229,0.6228481531,-11.71956348
0.01910703654,0.622967422,-11.72733402
0.01910706385,0.6231015921,-11.72659874
0.01910711847,0.6233699918,-11.72698402
0.01910722769,0.6239064932,-11.72731495
0.01910744615,0.6249785423,-11.72823048
0.01910788306,0.6271192431,-11.72984886
0.01910875689,0.6313863993,-11.73322296
0.01911050455,0.6398634315,-11.73963451
0.01911399986,0.6565850973,-11.75197792
0.01912099047,0.6890704036,-11.7741375
0.01913099047,0.7332146168,-11.80114269
0.01914099047,0.7744652033,-11.82322598
0.01915099047,0.8126592636,-11.84145927
0.01916099047,0.8476461768,-11.8563385
0.01917099047,0.8792877793,-11.8686552
0.01918099047,0.907459259,-11.87867546
0.01919099047,0.9320494533,-11.88700104
0.01920099047,0.9529612064,-11.89374256
0.01920114672,0.953258276,-11.89386272
0.01920145922,0.9538497329,10.32643032
0.01920154541,0.9540122151,12.60538483
0.01920163135,0.9541739225,11.17512989
0.01920167566,0.9542571902,11.93899345
0.01920172039,0.9543412328,11.64443779
0.01920176648,0.9544276595,11.76026821
0.01920181391,0.9545165896,11.71362495
0.01920189124,0.9546613097,11.7357626
0.01920200562,0.954875052,11.72231579
0.01920222458,0.9552827477,11.73371124
0.01920266251,0.9560927749,11.72619915
0.01920353836,0.9576910138,11.73809528
0.01920529006,0.9608005285,11.73625565
0.01920879347,0.9666700363,11.7566843
0.01921580028,0.9770013094,11.77076912
0.01922580028,0.9884624481,11.80565834
0.01923580028,0.9960225821,11.81968021
0.01924580028,0.9996518493,11.84577274
0.01925580028,0.9993360043,11.85268497
0.01926580028,0.9950761795,11.87282276
0.01927580028,0.9868892431,11.87495804
0.01928580028,0.9748075604,11.89105892
0.01929580028,0.958878696,11.88999271
0.0192958409,0.9588062167,-7.120345592
0.01929592215,0.9586610794,-14.53496265
0.01929594958,0.9586120248,-11.26424789
0.01929596595,0.9585827589,-11.68360329
0.01929598097,0.9585558772,-11.7203989
0.01929599747,0.9585263133,-11.72566032
0.01929603047,0.9584671855,-11.72641754
0.01929609646,0.9583488703,-11.72647953
0.01929622845,0.9581117034,-11.72711182
0.01929649243,0.9576353431,-11.72803974
0.01929702039,0.9566747546,-11.73015404
0.01929807631,0.9547219872,-11.73407078
0.01930018815,0.9506905675,-11.74189758
0.01930441183,0.9421261549,-11.75639439
0.01931285918,0.9230135083,-11.78227234
0.01932285918,0.8970324397,-11.80770683
0.01933285918,0.8675111532,-11.82873344
0.01934285918,0.8345661759,-11.84586716
0.01935285918,0.7983275652,-11.86007404
0.01936285918,0.7589383125,-11.87160778
0.01937285918,0.7165539265,-11.88121605
0.01938285918,0.671341598,-11.88897228
0.01938410918,0.6654999852,-11.88987064
0.01938660918,0.653693974,-11.89155293
0.01938723418,0.6507171392,-11.89195728
0.01938848418,0.644733429,-11.89275837
0.01938879668,0.6432312727,-11.89295483
0.01938942168,0.6402195692,-11.89334583
0.01938957793,0.6394650936,-11.89344215
0.01938989043,0.6379542947,-11.8936348
0.01939000389,0.6374051571,8.234059334
0.01939007243,0.6370732784,13.65981293
0.01939012924,0.6367981434,10.78782749
0.01939015307,0.6366826296,11.81605053
0.01939017607,0.6365712285,11.71956348
0.01939020032,0.6364536881,11.72733402
0.01939022763,0.6363213062,11.72659874
0.01939028225,0.6360565424,11.72698402
0.01939039147,0.6355268359,11.72731495
0.01939060993,0.6344664693,11.72823048
0.01939104684,0.6323421597,11.72984886
0.01939192067,0.6280792952,11.73322296
0.01939366833,0.619496882,11.73963451
0.01939716364,0.6021089554,11.75197792
0.01940415425,0.5664705038,11.7741375
0.01941415425,0.5136081576,11.80114269
0.01942415425,0.4587188661,11.82322598
0.01943415425,0.4020192027,11.84145927
0.01944415425,0.3437329233,11.8563385
0.01945415425,0.2840901315,11.8686552
0.01946415425,0.2233261466,11.87867546
0.01947415425,0.1616807878,11.88700104
0.01948415425,0.09939736128,11.89374256
0.0194843105,0.09842042625,11.89386272
0.019484623,0.09646627307,-10.32643032
0.01948470919,0.09592729062,-12.60538483
0.01948479513,0.09538974613,-11.17512989
0.01948483944,0.09511263669,-11.93899345
0.01948488417,0.09483284503,-11.64443779
0.01948493026,0.09454458207,-11.76026821
0.01948497769,0.0942478627,-11.71362495
0.01948505502,0.0937641412,-11.7357626
0.0194851694,0.09304860234,-11.72231579
0.01948538836,0.09167870134,-11.73371124
0.01948582629,0.0889383778,-11.72619915
0.01948670214,0.08345573395,-11.73809528
0.01948845384,0.07248302549,-11.73625565
0.01949195725,0.05051259324,-11.7566843
0.01949896406,0.006508970167,-11.77076912
0.01950896406,-0.05629306287,-11.80565834
0.01951896406,-0.1188729331,-11.81968021
0.01952896406,-0.1809836626,-11.84577274
0.01953896406,-0.2423801422,-11.85268497
0.01954896406,-0.3028200567,-11.87282276
0.01955896406,-0.3620648682,-11.87495804
0.01956896406,-0.4198807776,-11.89105892
0.01957896406,-0.4760396183,-11.88999271
0.01957900468,-0.4762640893,7.120345592
0.01957908593,-0.4767129123,14.53496265
0.01957911336,-0.4768643677,11.26424789
0.01957912973,-0.476954788,11.68360329
0.01957914475,-0.4770377278,11.7203989
0.01957916125,-0.4771288335,11.72566032
0.01957919425,-0.4773110449,11.72641754
0.01957926024,-0.4776753783,11.72647953
0.01957939223,-0.4784038067,11.72711182
0.01957965621,-0.4798596501,11.72803974
0.01958018417,-0.4827674031,11.73015404
0.01958124009,-0.4885669053,11.73407078
0.01958335193,-0.5001012087,11.74189758
0.01958757561,-0.5229035616,11.75639439
0.01959602296,-0.5673877597,11.78227234
0.01960602296,-0.6179730296,11.80770683
0.01961602296,-0.6661195159,11.82873344
0.01962602296,-0.7116370797,11.84586716
0.01963602296,-0.7543461323,11.86007404
0.01964602296,-0.7940781116,11.87160778
0.01965602296,-0.8306762576,11.88121605
0.01966602296,-0.8639960885,11.88897228
0.01966727296,-0.8679238558,11.88987064
0.01966977296,-0.875618577,11.89155293
0.01967039796,-0.8775085807,11.89195728
0.01967164796,-0.8812479377,11.89275837
0.01967196046,-0.8821742535,11.89295483
0.01967258546,-0.8840167522,11.89334583
0.01967274171,-0.8844752908,11.89344215
0.01967305421,-0.8853896856,11.8936348
0.01967316767,-0.885720849,-8.234059334
0.01967323621,-0.8859207034,-13.65981293
0.01967329302,-0.8860861659,-10.78782749
0.01967331685,-0.8861556053,-11.81605053
0.01967333985,-0.8862225413,-11.71956348
0.0196733641,-0.8862931132,-11.72733402
0.01967339141,-0.8863725662,-11.72659874
0.01967344603,-0.8865314126,-11.72698402
0.01967355525,-0.8868487477,-11.72731495
0.01967377371,-0.8874821067,-11.72823048
0.01967421062,-0.8887438774,-11.72984886
0.01967508445,-0.8912472725,-11.73322296
0.01967683211,-0.8961734772,-11.73963451
0.01968032742,-0.9057010412,-11.75197792
0.01968731803,-0.9234414101,-11.7741375
0.01969731803,-0.9457144141,-11.80114269
0.01970731803,-0.9642550945,-11.82322598
0.01971731803,-0.9789903164,-11.84145927
0.01972731803,-0.9898619056,-11.8563385
0.01973731803,-0.9968270063,-11.8686552
0.01974731803,-0.9998580217,-11.87867546
0.01975731803,-0.9989430904,-11.88700104
0.01976731803,-0.9940857887,-11.89374256
0.01976747428,-0.9939786792,-11.89386272
0.01976778678,-0.9937615991,10.32643032
0.01976787297,-0.9937011003,12.60538483
0.01976795891,-0.9936404228,11.17512989
0.01976800322,-0.9936090112,11.93899345
0.01976804795,-0.9935772419,11.64443779
0.01976809404,-0.9935444593,11.76026821
0.01976814147,-0.9935106039,11.71362495
0.0197682188,-0.9934552312,11.7357626
0.01976833318,-0.9933728576,11.72231579
0.01976855214,-0.9932138324,11.73371124
0.01976899007,-0.9928900599,11.72619915
0.01976986592,-0.9922199249,11.73809528
0.01977161762,-0.9907895923,11.73625565
0.01977512103,-0.9875690937,11.7566843
0.01978212784,-0.9796943069,11.77076912
0.01979212784,-0.965171814,11.80565834
0.01980212784,-0.9468402267,11.81968021
0.01981212784,-0.9247718453,11.84577274
0.01982212784,-0.8990538716,11.85268497
0.01983212784,-0.869787693,11.87282276
0.01984212784,-0.8370888829,11.87495804
0.01985212784,-0.8010864854,11.89105892
0.01986212784,-0.7619225383,11.88999271
0.01986216846,-0.761757195,-7.120345592
0.01986224971,-0.7614263296,-14.53496265
0.01986227714,-0.7613146305,-11.26424789
0.01986229351,-0.7612479329,-11.68360329
0.01986230853,-0.7611867189,-11.7203989
0.01986232503,-0.7611194849,-11.72566032
0.01986235803,-0.7609850168,-11.72641754
0.01986242402,-0.7607159019,-11.72647953
0.01986255601,-0.7601773739,-11.72711182
0.01986281999,-0.759098649,-11.72803974
0.01986334795,-0.75693506,-11.73015404
0.01986440387,-0.7525827885,-11.73407078
0.01986651571,-0.7437791824,-11.74189758
0.01987073939,-0.7257805467,-11.75639439
0.01987918674,-0.6882630587,-11.78227234
0.01988918674,-0.6413528323,-11.80770683
0.01989918674,-0.5919114947,-11.82873344
0.01990918674,-0.5401341319,-11.84586716
0.01991918674,-0.486225158,-11.86007404
0.01992918674,-0.4303972423,-11.87160778
0.01993918674,-0.3728707433,-11.88121605
0.01994918674,-0.313872695,-11.88897228
0.01995043674,-0.3064059913,-11.88987064
0.01995293674,-0.2914163768,-11.89155293
0.01995356174,-0.2876576185,-11.89195728
0.01995481174,-0.2801267803,-11.89275837
0.01995512424,-0.2782413661,-11.89295483
0.01995574924,-0.2744673193,-11.89334583
0.01995590549,-0.2735231519,-11.89344215
0.01995621799,-0.2716339827,-11.8936348
0.01995633145,-0.2709478736,8.234059334
0.01995639999,-0.2705332935,13.65981293
0.01995645679,-0.2701896727,10.78782749
0.01995648063,-0.2700454593,11.81605053
0.01995650363,-0.269906342,11.71956348
0.01995652788,-0.2697595954,11.72733402
0.01995655519,-0.2695943713,11.72659874
0.01995660981,-0.2692639232,11.72698402
0.01995671903,-0.2686029077,11.72731495
0.01995693749,-0.2672804892,11.72823048
0.0199573744,-0.2646341324,11.72984886
0.01995824823,-0.2593354881,11.73322296
0.01995999589,-0.2487149239,11.73963451
0.0199634912,-0.2273850888,11.75197792
0.01997048181,-0.1844067574,11.7741375
0.01998048181,-0.1223292127,11.80114269
0.01999048181,-0.0597688891,11.82322598
0.02000048181,0.003027317114,11.84145927
0.02001048181,0.06581157446,11.8563385
0.02002048181,0.1283361018,11.8686552
0.02003048181,0.1903541535,11.87867546
0.02004048181,0.2516209483,11.88700104
0.02005048181,0.3118947148,11.89374256
0.02005063806,0.3128273487,11.89386272
0.02005095056,0.3146916926,-10.32643032
0.02005103675,0.3152056336,-12.60538483
0.02005112269,0.3157180846,-11.17512989
0.020051167,0.3159821928,-11.93899345
0.02005121173,0.3162488639,-11.64443779
0.02005125782,0.3165235519,-11.76026821
0.02005130525,0.3168062568,-11.71362495
0.02005138258,0.3172670603,-11.7357626
0.02005149696,0.3179485202,-11.72231579
0.02005171592,0.3192526102,-11.73371124
0.02005215385,0.3218589723,-11.72619915
0.0200530297,0.327064395,-11.73809528
0.0200547814,0.3374453187,-11.73625565
0.02005828481,0.3580832779,-11.7566843
0.02006529162,0.3988288045,-11.77076912
0.02007529162,0.4556223154,-11.80565834
0.02008529162,0.5106176734,-11.81968021
0.02009529162,0.563597858,-11.84577274
0.02010529162,0.6143538356,-11.85268497
0.02011529162,0.6626851559,-11.87282276
0.02012529162,0.7084012032,-11.87495804
0.02013529162,0.7513214946,-11.89105892
0.02014529162,0.7912766933,-11.88999271
0.02014533224,0.7914327383,7.120345592
0.02014541349,0.791744709,14.53496265
0.02014544092,0.7918499708,11.26424789
0.02014545729,0.7919127941,11.68360329
0.02014547231,0.7919703722,11.7203989
0.02014548881,0.7920336723,11.72566032
0.02014552181,0.792160213,11.72641754
0.0201455878,0.7924132347,11.72647953
0.02014571979,0.7929188609,11.72711182
0.02014598377,0.7939283848,11.72803974
0.02014651173,0.7959409952,11.73015404
0.02014756765,0.7999398112,11.73407078
0.02014967949,0.807831645,11.74189758
0.02015390317,0.8231872916,11.75639439
0.02016235052,0.8521490693,11.78227234
0.02017235052,0.8833257556,11.80770683
0.02018235052,0.9110164046,11.82873344
0.02019235052,0.9351116419,11.84586716
0.02020235052,0.9555164576,11.86007404
0.02021235052,0.9721502662,11.87160778
0.02022235052,0.984947443,11.88121605
0.02023235052,0.9938574433,11.88897228
0.02023360052,0.9946959615,11.88987064
0.02023610052,0.996188879,11.89155293
0.02023672552,0.9965237379,11.89195728
0.02023797552,0.9971473217,11.89275837
0.02023828802,0.9972935915,11.89295483
0.02023891302,0.9975746274,11.89334583
0.02023906927,0.9976424575,11.89344215
0.02023938177,0.9977753162,11.8936348
0.02023949523,0.9978225827,-8.234059334
0.02023956377,0.9978508949,-13.65981293
0.02023962057,0.9978742003,-10.78782749
0.02023964441,0.9978839755,-11.81605053
0.02023966741,0.9978933334,-11.71956348
0.02023969166,0.9979032278,-11.72733402
0.02023971897,0.9979143143,-11.72659874
0.02023977359,0.997936368,-11.72698402
0.02023988281,0.997980237,-11.72731495
0.02024010127,0.9980664849,-11.72823048
0.02024053818,0.9982333779,-11.72984886
0.02024141201,0.9985445142,-11.73322296
0.02024315967,0.9990765452,-11.73963451
0.02024665498,0.9997791648,-11.75197792
0.02025364559,0.99973768,-11.7741375
0.02026364559,0.9963267446,-11.80114269
0.02027364559,0.9889838099,-11.82322598
0.02028364559,0.9777377844,-11.84145927
0.02029364559,0.9626330733,-11.8563385
0.02030364559,0.943729341,-11.8686552
0.02031364559,0.9211010933,-11.87867546
0.02032364559,0.8948376775,-11.88700104
0.02033364559,0.8650427461,-11.89374256
0.02033380184,0.8645498157,-11.89386272
0.02033411434,0.8635613918,10.32643032
0.02033420052,0.8632882237,12.60538483
0.02033428647,0.8630155325,11.17512989
0.02033433078,0.8628748655,11.93899345
0.02033437551,0.8627327681,11.64443779
0.02033442159,0.8625863194,11.76026821
0.02033446903,0.8624354601,11.71362495
0.02033454636,0.8621894717,11.7357626
0.02033466074,0.8618251681,11.72231579
0.0203348797,0.8611265421,11.73371124
0.02033531763,0.8597244024,11.72619915
0.02033619348,0.8569006324,11.73809528
0.02033794518,0.8511753082,11.73625565
0.02034144859,0.8394160867,11.7566843
0.0203484554,0.8146832585,11.77076912
0.0203584554,0.776663065,11.80565834
0.0203684554,0.7355777621,11.81968021
0.0203784554,0.6915894151,11.84577274
0.0203884554,0.6448717117,11.85268497
0.0203984554,0.5956089497,11.87282276
0.0204084554,0.5439956784,11.87495804
0.0204184554,0.4902354181,11.89105892
0.0204284554,0.4345404804,11.88999271
0.02042849602,0.4343105555,-7.120345592
0.02042857727,0.433850646,-14.53496265
0.0204286047,0.4336953759,-11.26424789
0.02042862107,0.4336027205,-11.68360329
0.02042863609,0.4335176647,-11.7203989
0.02042865259,0.4334242344,-11.72566032
0.02042868559,0.4332373738,-11.72641754
0.02042875158,0.4328636229,-11.72647953
0.02042888357,0.4321158826,-11.72711182
0.02042914755,0.430619508,-11.72803974
0.02042967551,0.4276231825,-11.73015404
0.02043073143,0.4216164947,-11.73407078
0.02043284327,0.4095476568,-11.74189758
0.02043706695,0.3851958513,-11.75639439
0.0204455143,0.3356957436,-11.78227234
0.0204555143,0.2758865058,-11.80770683
0.0204655143,0.2149884701,-11.82873344
0.0204755143,0.1532419771,-11.84586716
0.0204855143,0.09089070559,-11.86007404
0.0204955143,0.0281807296,-11.87160778
0.0205055143,-0.03464046121,-11.88121605
0.0205155143,-0.09732494503,-11.88897228
0.0205167643,-0.1051385552,-11.88987064
0.0205192643,-0.1207458451,-11.89155293
0.0205198893,-0.1246431619,-11.89195728
0.0205211393,-0.132431969,-11.89275837
0.0205214518,-0.1343779117,-11.89295483
0.0205220768,-0.1382682472,-11.89334583
0.02052223305,-0.1392404884,-11.89344215
0.02052254555,-0.1411845982,-11.8936348
0.02052265901,-0.1418902874,8.234059334
0.02052272755,-0.14231655,13.65981293
0.02052278435,-0.1426698416,10.78782749
0.02052280819,-0.1428180933,11.81605053
0.02052283119,-0.1429610699,11.71956348
0.02052285544,-0.1431119144,11.72733402
0.02052288275,-0.143281728,11.72659874
0.02052293737,-0.1436213255,11.72698402
0.02052304659,-0.1443004757,11.72731495
0.02052326505,-0.1456585824,11.72823048
0.02052370196,-0.1483739614,11.72984886
0.02052457579,-0.1538013518,11.73322296
0.02052632345,-0.164642036,11.73963451
0.02052981875,-0.1862625629,11.75197792
0.02053680937,-0.2292237431,11.7741375
0.02054680937,-0.2898900509,11.80114269
0.02055680937,-0.349412322,11.82322598
0.02056680937,-0.4075556099,11.84145927
0.02057680937,-0.4640904665,11.8563385
0.02058680937,-0.5187937617,11.8686552
0.02059680937,-0.5714496374,11.87867546
0.02060680937,-0.6218502522,11.88700104
0.02061680937,-0.6697967052,11.89374256
0.02061696562,-0.670525372,11.89386272
0.02061727812,-0.6719807386,-10.32643032
0.0206173643,-0.6723816395,-12.60538483
0.02061745025,-0.6727812886,-11.17512989
0.02061749456,-0.6729872227,-11.93899345
0.02061753929,-0.6731950641,-11.64443779
0.02061758537,-0.673409164,-11.76026821
0.02061763281,-0.6736294627,-11.71362495
0.02061771014,-0.6739885211,-11.7357626
0.02061782452,-0.6745192409,-11.72231579
0.02061804348,-0.675534308,-11.73371124
0.02061848141,-0.6775605083,-11.72619915
0.02061935726,-0.6815976501,-11.73809528
0.02062110896,-0.689609766,-11.73625565
0.02062461237,-0.7053824663,-11.7566843
0.02063161918,-0.7358950973,-11.77076912
0.02064161918,-0.7769581676,-11.80565834
0.02065161918,-0.8149549365,-11.81968021
0.02066161918,-0.8497354388,-11.84577274
0.02067161918,-0.881162405,-11.85268497
0.02068161918,-0.9091118574,-11.87282276
0.02069161918,-0.9334734678,-11.87495804
0.02070161918,-0.9541510344,-11.89105892
0.02071161918,-0.9710630774,-11.88999271
0.0207116598,-0.9711239934,7.120345592
0.02071174105,-0.9712456465,14.53496265
0.02071176848,-0.9712866545,11.26424789
0.02071178485,-0.971311152,11.68360329
0.02071179987,-0.9713335633,11.7203989
0.02071181637,-0.9713582397,11.72566032
0.02071184937,-0.9714074731,11.72641754
0.02071191536,-0.9715058208,11.72647953
0.02071204735,-0.9717020392,11.72711182
0.02071231133,-0.9720925093,11.72803974
0.02071283929,-0.9728654027,11.73015404
0.02071389521,-0.974379003,11.73407078
0.02071600705,-0.9772775173,11.74189758
0.02072023073,-0.9825578928,11.75639439
0.02072867808,-0.9910395145,11.78227234
0.02073867808,-0.9974707961,11.80770683
0.02074867808,-0.9999654889,11.82873344
0.02075867808,-0.9985138178,11.84586716
0.02076867808,-0.9931214452,11.86007404
0.02077867808,-0.9838097095,11.87160778
0.02078867808,-0.9706153274,11.88121605
0.02079867808,-0.9535903335,11.88897228
0.02079992808,-0.9511960745,11.88987064
0.02080242808,-0.9462316036,11.89155293
0.02080305308,-0.9449539781,11.89195728
0.02080430308,-0.9423550367,11.89275837
0.02080461558,-0.9416962266,11.89295483
0.02080524058,-0.9403676391,11.89334583
0.02080539683,-0.940033257,11.89344215
0.02080570933,-0.9393616915,11.8936348
0.02080582279,-0.9391170144,-8.234059334
0.02080589133,-0.9389689565,-13.65981293
0.02080594813,-0.9388461113,-10.78782749
0.02080597197,-0.9387945533,-11.81605053
0.02080599497,-0.9387447834,-11.71956348
0.02080601922,-0.9386922121,-11.72733402
0.02080604653,-0.9386330843,-11.72659874
0.02080610115,-0.9385146499,-11.72698402
0.02080621037,-0.938277483,-11.72731495
0.02080642883,-0.9378018379,-11.72823048
0.02080686574,-0.936845243,-11.72984886
0.02080773957,-0.9349108934,-11.73322296
0.02080948723,-0.930957675,-11.73963451
0.02081298253,-0.9227150679,-11.75197792
0.02081997315,-0.9048988819,-11.7741375
0.02082997315,-0.8763879538,-11.80114269
0.02083997315,-0.8444182873,-11.82322598
0.02084997315,-0.8091161251,-11.84145927
0.02085997315,-0.7706207633,-11.8563385
0.02086997315,-0.7290840745,-11.8686552
0.02087997315,-0.6846700907,-11.87867546
0.02088997315,-0.6375539303,-11.88700104
0.02089997315,-0.5879217386,-11.89374256
0.0209001294,-0.5871272683,-11.89386272
0.0209004419,-0.5855367184,10.32643032
0.02090052808,-0.5850976706,12.60538483
0.02090061403,-0.584659636,11.17512989
0.02090065834,-0.584433794,11.93899345
0.02090070307,-0.584205687,11.64443779
0.02090074915,-0.5839706659,11.76026821
0.02090079659,-0.5837286711,11.71362495
0.02090087392,-0.5833340883,11.7357626
0.0209009883,-0.5827502012,11.72231579
0.02090120726,-0.5816316605,11.73371124
0.02090164519,-0.5793911815,11.72619915
0.02090252104,-0.5748971105,11.73809528
0.02090427274,-0.5658568144,11.73625565
0.02090777615,-0.5475717783,11.7566843
0.02091478296,-0.510214746,11.77076912
0.02092478296,-0.4552051723,11.80565834
0.02093478296,-0.3983990848,11.81968021
0.02094478296,-0.3400207162,11.84577274
0.02095478296,-0.2803004086,11.85268497
0.02096478296,-0.2194739133,11.87282276
0.02097478296,-0.1577812433,11.87495804
0.02098478296,-0.09546589106,11.89105892
0.02099478296,-0.03277377412,11.88999271
0.02099482358,-0.03251865506,-7.120345592
0.02099490483,-0.03200841323,-14.53496265
0.02099493226,-0.03183617815,-11.26424789
0.02099494863,-0.03173337877,-11.68360329
0.02099496365,-0.03163903952,-11.7203989
0.02099498015,-0.03153542802,-11.72566032
0.02099501315,-0.03132820129,-11.72641754
0.02099507914,-0.03091374412,-11.72647953
0.02099521113,-0.03008481115,-11.72711182
0.02099547511,-0.02842688747,-11.72803974
0.02099600307,-0.02511080913,-11.73015404
0.02099705899,-0.01847785898,-11.73407078
0.02099917083,-0.005209810566,-11.74189758
0.02100339451,0.02132670209,-11.75639439
0.02101184186,0.07433599234,-11.78227234
0.02102184186,0.1368061006,-11.80770683
0.02103184186,0.1987362951,-11.82873344
0.02104184186,0.2598821819,-11.84586716
0.02105184186,0.3200024068,-11.86007404
0.02106184186,0.3788597584,-11.87160778
0.02107184186,0.4362218976,-11.88121605
0.02108184186,0.4918624759,-11.88897228
0.02108309186,0.4986854792,-11.88987064
0.02108559186,0.5122388005,-11.89155293
0.02108621686,0.5156075358,-11.89195728
0.02108746686,0.5223210454,-11.89275837
0.02108777936,0.5239943862,-11.89295483
0.02108840436,0.5273350477,-11.89334583
0.02108856061,0.5281689167,-11.89344215
0.02108887311,0.5298352242,-11.8936348
0.02108898657,0.5304396749,8.234059334
0.02108905511,0.5308046937,13.65981293
0.02108911191,0.5311071277,10.78782749
0.02108913575,0.531234026,11.81605053
0.02108915875,0.5313564539,11.71956348
0.021089183,0.5314855576,11.72733402
0.02108921031,0.5316308737,11.72659874
0.02108926493,0.5319214463,11.72698402
0.02108937415,0.5325024724,11.72731495
0.02108959261,0.5336638093,11.72823048
0.02109002952,0.5359833837,11.72984886
0.02109090335,0.5406104922,11.73322296
0.02109265101,0.5498155951,11.73963451
0.02109614631,0.5680258274,11.75197792
0.02110313693,0.6036157012,11.7741375
0.02111313693,0.6524859667,11.80114269
0.02112313693,0.6987811327,11.82322598
0.02113313693,0.742318511,11.84145927
0.02114313693,0.7829263806,11.8563385
0.02115313693,0.8204442859,11.8686552
0.02116313693,0.8547243476,11.87867546
0.02117313693,0.8856312037,11.88700104
0.02118313693,0.9130428433,11.89374256
0.02118329318,0.9134427905,11.89386272
0.02118360568,0.9142401218,-10.32643032
0.02118369186,0.9144594073,-12.60538483
0.02118377781,0.9146777987,-11.17512989
0.02118382212,0.9147902727,-11.93899345
0.02118386685,0.91490376,-11.64443779
0.02118391293,0.9150206447,-11.76026821
0.02118396037,0.9151408076,-11.71362495
0.0211840377,0.9153366089,-11.7357626
0.02118415208,0.915625751,-11.72231579
0.02118437104,0.9161779881,-11.73371124
0.02118480897,0.9172772765,-11.72619915
0.02118568482,0.9194549918,-11.73809528
0.02118743652,0.9237268567,-11.73625565
0.02119093993,0.9319342971,-11.7566843
0.02119794674,0.9469908476,-11.77076912
0.02120794674,0.9652943015,-11.80565834
0.02121794674,0.9797881842,-11.81968021
0.02122794674,0.9904152751,-11.84577274
0.02123794674,0.9971336126,-11.85268497
0.02124794674,0.9999167919,-11.87282276
0.02125794674,0.9987537265,-11.87495804
0.02126794674,0.9936490059,-11.89105892
0.02127794674,0.9846228361,-11.88999271
0.02127798736,0.9845782518,7.120345592
0.02127806861,0.9844887853,14.53496265
0.02127809604,0.9844585657,11.26424789
0.02127811241,0.9844404459,11.68360329
0.02127812743,0.9844238758,11.7203989
0.02127814393,0.9844056368,11.72566032
0.02127817693,0.9843691587,11.72641754
0.02127824292,0.9842960238,11.72647953
0.02127837491,0.9841493368,11.72711182
0.02127863889,0.983853817,11.72803974
0.02127916685,0.9832546711,11.73015404
0.02128022277,0.982024014,11.73407078
0.02128233461,0.9794330001,11.74189758
0.02128655829,0.9737342,11.75639439
0.02129500564,0.9602838159,11.78227234
0.02130500564,0.9408687353,11.80770683
0.02131500564,0.9177405238,11.82873344
0.02132500564,0.8909904361,11.84586716
0.02133500564,0.8607239723,11.86007404
0.02134500564,0.8270606399,11.87160778
0.02135500564,0.7901332974,11.88121605
0.02136500564,0.7500876188,11.88897228
0.02136625564,0.7448704243,11.88987064
0.02136875564,0.7342984676,11.89155293
0.02136938064,0.7316270471,11.89195728
0.02137063064,0.7262504101,11.89275837
0.02137094314,0.724899292,11.89295483
0.02137156814,0.7221885324,11.89334583
0.02137172439,0.7215091586,11.89344215
0.02137203689,0.7201482058,11.8936348
0.02137215035,0.7196534276,-8.234059334
0.02137221889,0.7193543315,-13.65981293
0.02137227569,0.7191063762,-10.78782749
0.02137229953,0.7190023065,-11.81605053
0.02137232253,0.7189018726,-11.71956348
0.02137234678,0.7187958956,-11.72733402
0.02137237409,0.7186766267,-11.72659874
0.0213724287,0.7184379697,-11.72698402
0.02137253793,0.7179604173,-11.72731495
0.02137275639,0.7170042992,-11.72823048
0.0213731933,0.7150880098,-11.72984886
0.02137406713,0.7112392187,-11.73322296
0.02137581479,0.7034775615,-11.73963451
0.02137931009,0.6877006292,-11.75197792
0.02138630071,0.6551594734,-11.7741375
0.02139630071,0.6064290404,-11.80114269
0.02140630071,0.5553052425,-11.82322598
0.02141630071,0.5019899607,-11.84145927
0.02142630071,0.4466935694,-11.8563385
0.02143630071,0.3896342516,-11.8686552
0.02144630071,0.3310372233,-11.87867546
0.02145630071,0.2711337507,-11.88700104
0.02146630071,0.2101602554,-11.89374256
0.02146645696,0.2092003226,-11.89386272
0.02146676946,0.2072798759,10.32643032
0.02146685564,0.2067501098,12.60538483
0.02146694159,0.2062217295,11.17512989
0.0214669859,0.2059493363,11.93899345
0.02146703063,0.2056742907,11.64443779
0.02146707671,0.2053909004,11.76026821
0.02146712415,0.2050991952,11.71362495
0.02146720148,0.2046236247,11.7357626
0.02146731586,0.2039200962,11.72231579
0.02146753482,0.2025730312,11.73371124
0.02146797275,0.1998777539,11.72619915
0.0214688486,0.1944826692,11.73809528
0.0214706003,0.1836749911,11.73625565
0.02147410371,0.161994189,11.7566843
0.02148111052,0.1184076741,11.77076912
0.02149111052,0.05582522973,11.80565834
0.02150111052,-0.006977528799,11.81968021
0.02151111052,-0.06975275278,11.84577274
0.02152111052,-0.1322526932,11.85268497
0.02153111052,-0.1942306906,11.87282276
0.02154111052,-0.2554421425,11.87495804
0.02155111052,-0.3156454861,11.89105892
0.02156111052,-0.3746031225,11.88999271
0.02156115114,-0.3748397827,-7.120345592
0.02156123239,-0.3753130436,-14.53496265
0.02156125982,-0.3754727542,-11.26424789
0.02156127619,-0.3755680621,-11.68360329
0.02156129121,-0.3756555617,-11.7203989
0.02156130771,-0.3757516146,-11.72566032
0.02156134071,-0.3759437501,-11.72641754
0.0215614067,-0.3763279617,-11.72647953
0.02156153869,-0.3770961761,-11.72711182
0.02156180267,-0.3786318302,-11.72803974
0.02156233063,-0.3817000389,-11.73015404
0.02156338655,-0.3878238201,-11.73407078
0.02156549839,-0.4000198543,-11.74189758
0.02156972207,-0.4241985381,-11.75639439
0.02157816942,-0.4716428816,-11.78227234
0.02158816942,-0.5260802507,-11.80770683
0.02159816942,-0.5784413815,-11.82873344
0.02160816942,-0.6285197139,-11.84586716
0.02161816942,-0.6761175394,-11.86007404
0.02162816942,-0.7210470438,-11.87160778
0.02163816942,-0.7631309032,-11.88121605
0.02164816942,-0.8022029996,-11.88897228
0.02164941942,-0.8068674803,-11.88987064
0.02165191942,-0.8160467148,-11.89155293
0.02165254442,-0.8183102012,-11.89195728
0.02165379442,-0.8227992058,-11.89275837
0.02165410692,-0.8239135146,-11.89295483
0.02165473192,-0.8261326551,-11.89334583
0.02165488817,-0.8266854286,-11.89344215
0.02165520067,-0.827788651,-11.8936348
0.02165531413,-0.8281883597,8.234059334
0.02165538267,-0.8284296393,13.65981293
0.02165543947,-0.8286294937,10.78782749
0.02165546331,-0.8287133574,11.81605053
0.02165548631,-0.8287941813,11.71956348
0.02165551056,-0.8288794756,11.72733402
0.02165553787,-0.8289754391,11.72659874
0.02165559248,-0.8291673064,11.72698402
0.02165570171,-0.8295507431,11.72731495
0.02165592017,-0.830316484,11.72823048
0.02165635708,-0.8318431973,11.72984886
0.02165723091,-0.8348779082,11.73322296
0.02165897857,-0.8408716917,11.73963451
0.02166247387,-0.8525543809,11.75197792
0.02166946449,-0.8746807575,11.7741375
0.02167946449,-0.9033893347,11.80114269
0.02168946449,-0.9285326004,11.82322598
0.02169946449,-0.9500113726,11.84145927
0.02170946449,-0.9677408934,11.8563385
0.02171946449,-0.9816511869,11.8686552
0.02172946449,-0.9916873574,11.87867546
0.02173946449,-0.9978098273,11.88700104
0.02174946449,-0.9999943376,11.89374256
0.02174962074,-0.999997139,11.89386272
0.02174993324,-0.9999999404,-10.32643032
0.02175001942,-1,-12.60538483
0.02175010537,-0.9999997616,-11.17512989
0.02175014968,-0.9999995828,-11.93899345
0.02175019441,-0.9999992251,-11.64443779
0.02175024049,-0.9999988675,-11.76026821
0.02175028793,-0.9999983907,-11.71362495
0.02175036526,-0.9999973774,-11.7357626
0.02175047964,-0.99999547,-11.72231579
0.0217506986,-0.999990344,-11.73371124
0.02175113653,-0.9999744892,-11.72619915
0.02175201238,-0.9999200702,-11.73809528
0.02175376408,-0.999720335,-11.73625565
0.02175726749,-0.998957634,-11.7566843
0.0217642743,-0.9959807396,-11.77076912
0.0217742743,-0.9883913398,-11.80565834
0.0217842743,-0.9769012928,-11.81968021
0.0217942743,-0.9615558386,-11.84577274
0.0218042743,-0.9424155354,-11.85268497
0.0218142743,-0.9195559621,-11.87282276
0.0218242743,-0.8930673003,-11.87495804
0.0218342743,-0.8630541563,-11.89105892
0.0218442743,-0.8296349049,-11.88999271
0.02184431492,-0.8294923902,7.120345592
0.02184439617,-0.8292071223,14.53496265
0.0218444236,-0.8291108012,11.26424789
0.02184443997,-0.8290532827,11.68360329
0.02184445499,-0.8290005326,11.7203989
0.02184447149,-0.8289425373,11.72566032
0.02184450449,-0.8288265467,11.72641754
0.02184457048,-0.8285945058,11.72647953
0.02184470247,-0.8281298876,11.72711182
0.02184496645,-0.8271990418,11.72803974
0.02184549441,-0.8253304958,11.73015404
0.02184655033,-0.8215661645,11.73407078
0.02184866217,-0.8139292002,11.74189758
0.02185288585,-0.7982266545,11.75639439
0.0218613332,-0.7651467323,11.78227234
0.0218713332,-0.7232088447,11.80770683
0.0218813332,-0.6784167886,11.82873344
0.0218913332,-0.6309472919,11.84586716
0.0219013332,-0.5809877515,11.86007404
0.0219113332,-0.5287353396,11.87160778
0.0219213332,-0.4743962288,11.88121605
0.0219313332,-0.4181849062,11.88897228
0.0219325832,-0.4110378325,11.88987064
0.0219350832,-0.3966680467,11.89155293
0.0219357082,-0.3930601776,11.89195728
0.0219369582,-0.3858262897,11.89275837
0.0219372707,-0.38401407,11.89295483
0.0219378957,-0.3803852201,11.89334583
0.02193805195,-0.3794771135,11.89344215
0.02193836445,-0.3776597381,11.8936348
0.02193847791,-0.376999557,-8.234059334
0.02193854645,-0.3766006827,-13.65981293
0.02193860325,-0.3762699962,-10.78782749
0.02193862709,-0.3761312068,-11.81605053
0.02193865009,-0.3759973645,-11.71956348
0.02193867434,-0.3758561313,-11.72733402
0.02193870165,-0.3756971359,-11.72659874
0.02193875626,-0.3753790855,-11.72698402
0.02193886549,-0.3747428954,-11.72731495
0.02193908395,-0.3734699488,-11.72823048
0.02193952086,-0.3709219694,-11.72984886
0.02194039469,-0.3658176661,-11.73322296
0.02194214235,-0.355576098,-11.73963451
0.02194563765,-0.3349655569,-11.75197792
0.02195262827,-0.2932699025,-11.7741375
0.02196262827,-0.23266159,-11.80114269
0.02197262827,-0.1711350828,-11.82322598
0.02198262827,-0.1089331806,-11.84145927
0.02199262827,-0.04630136862,-11.8563385
0.02200262827,0.01651317254,-11.8686552
0.02201262827,0.07926254719,-11.87867546
0.02202262827,0.1416991055,-11.88700104
0.02203262827,0.2035764456,-11.89374256
0.02203278452,0.2045375407,-11.89386272
0.02203309702,0.2064591199,10.32643032
0.0220331832,0.2069889307,12.60538483
0.02203326915,0.2075172216,11.17512989
0.02203331346,0.2077895254,11.93899345
0.02203335819,0.2080644369,11.64443779
0.02203340427,0.2083476633,11.76026821
0.02203345171,0.2086391598,11.71362495
0.02203352904,0.2091143131,11.7357626
0.02203364342,0.2098170519,11.72231579
0.02203386238,0.2111620158,11.73371124
0.02203430031,0.2138507366,11.72619915
0.02203517616,0.2192232907,11.73809528
0.02203692786,0.2299483418,11.73625565
0.02204043127,0.2513135672,11.7566843
0.02204743808,0.2936684191,11.77076912
0.02205743808,0.3531108499,11.80565834
0.02206743808,0.411159724,11.81968021
0.02207743808,0.4675859213,11.84577274
0.02208743808,0.5221667886,11.85268497
0.02209743808,0.5746868849,11.87282276
0.02210743808,0.6249389648,11.87495804
0.02211743808,0.6727246642,11.89105892
0.02212743808,0.7178554535,11.88999271
0.0221274787,0.7180331945,-7.120345592
0.02212755995,0.7183883786,-14.53496265
0.02212758738,0.7185082436,-11.26424789
0.02212760375,0.7185797691,-11.68360329
0.02212761877,0.7186453938,-11.7203989
0.02212763527,0.7187175155,-11.72566032
0.02212766827,0.7188616395,-11.72641754
0.02212773426,0.719149828,-11.72647953
0.02212786625,0.7197258472,-11.72711182
0.02212813023,0.7208763957,-11.72803974
0.02212865819,0.7231714725,-11.73015404
0.02212971411,0.7277377844,-11.73407078
0.02213182595,0.7367741466,-11.74189758
0.02213604963,0.7544561028,-11.75639439
0.02214449698,0.7882139683,-11.78227234
0.02215449698,0.8252999783,-11.80770683
0.02216449698,0.8591288924,-11.82873344
0.02217449698,0.8895671964,-11.84586716
0.02218449698,0.9164948463,-11.86007404
0.02219449698,0.9398054481,-11.87160778
0.02220449698,0.9594071507,-11.88121605
0.02221449698,0.9752224088,-11.88897228
0.02221574698,0.9769298434,-11.88987064
0.02221824698,0.9801638126,-11.89155293
0.02221887198,0.9809345007,-11.89195728
0.02222012198,0.9824305773,-11.89275837
0.02222043448,0.9827951193,-11.89295483
0.02222105948,0.9835128784,-11.89334583
0.02222121573,0.9836899042,-11.89344215
0.02222152823,0.984041214,-11.8936348
0.02222164169,0.9841678143,8.234059334
0.02222171023,0.9842440486,13.65981293
0.02222176703,0.9843071103,10.78782749
0.02222179087,0.9843335152,11.81605053
0.02222181387,0.9843589664,11.71956348
0.02222183812,0.9843857884,11.72733402
0.02222186543,0.984416008,11.72659874
0.02222192004,0.9844762683,11.72698402
0.02222202927,0.9845964909,11.72731495
0.02222224773,0.9848355651,11.72823048
0.02222268464,0.9853081107,11.72984886
0.02222355847,0.9862309694,11.73322296
0.02222530613,0.9879873991,11.73963451
0.02222880143,0.9911426902,11.75197792
0.02223579205,0.9960179925,11.7741375
0.02224579205,0.9996504784,11.80114269
0.02225579205,0.999337852,11.82322598
0.02226579205,0.9950813055,11.84145927
0.02227579205,0.9868975878,11.8563385
0.02228579205,0.9748190641,11.8686552
0.02229579205,0.9588933587,11.87867546
0.02230579205,0.9391833544,11.88700104
0.02231579205,0.9157668352,11.89374256
0.0223159483,0.915372014,11.89386272
0.0223162608,0.9145796895,-10.32643032
0.02231634698,0.9143605828,-12.60538483
0.02231643293,0.9141418338,-11.17512989
0.02231647724,0.9140289426,-11.93899345
0.02231652197,0.9139148593,-11.64443779
0.02231656805,0.9137973189,-11.76026821
0.02231661549,0.9136762023,-11.71362495
0.02231669282,0.9134786129,-11.7357626
0.0223168072,0.9131859541,-11.72231579
0.02231702616,0.9126244187,-11.73371124
0.02231746409,0.9114961028,-11.72619915
0.02231833994,0.9092188478,-11.73809528
0.02232009164,0.9045817256,-11.73625565
0.02232359505,0.8949794173,-11.7566843
0.02233060186,0.8744786382,-11.77076912
0.02234060186,0.8422956467,-11.80565834
0.02235060186,0.8067884445,-11.81968021
0.02236060186,0.7680972815,-11.84577274
0.02237060186,0.7263747454,-11.85268497
0.02238060186,0.6817855835,-11.87282276
0.02239060186,0.6345056891,-11.87495804
0.02240060186,0.5847216845,-11.89105892
0.02241060186,0.5326300859,-11.88999271
0.02241064248,0.5324140191,7.120345592
0.02241072373,0.5319818258,14.53496265
0.02241075116,0.5318359137,11.26424789
0.02241076753,0.5317487717,11.68360329
0.02241078255,0.5316688418,11.7203989
0.02241079905,0.5315810442,11.72566032
0.02241083205,0.5314054489,11.72641754
0.02241089804,0.5310541391,11.72647953
0.02241103003,0.5303512216,11.72711182
0.02241129401,0.5289443731,11.72803974
0.02241182197,0.5261262059,11.73015404
0.02241287789,0.5204726458,11.73407078
0.02241498973,0.5090969801,11.74189758
0.02241921341,0.4860787392,11.75639439
0.02242766076,0.4390318394,11.78227234
0.02243766076,0.3817500174,11.80770683
0.02244766076,0.3229615986,11.82873344
0.02245766076,0.2628986239,11.84586716
0.02246766076,0.2017980814,11.86007404
0.02247766076,0.1399011314,11.87160778
0.02248766076,0.07745206356,11.88121605
0.02249766076,0.01469732914,11.88897228
0.02249891076,0.006843823008,11.88987064
0.02250141076,-0.008863970637,11.89155293
0.02250203576,-0.01279072836,11.89195728
0.02250328576,-0.02064359188,11.89275837
0.02250359826,-0.02260662802,11.89295483
0.02250422326,-0.02653243206,11.89334583
0.02250437951,-0.02751382068,11.89344215
0.02250469201,-0.02947651781,11.8936348
0.02250480547,-0.03018906899,-8.234059334
0.02250487401,-0.03061950952,-13.65981293
0.02250493081,-0.03097626194,-10.78782749
0.02250495465,-0.03112597577,-11.81605053
0.02250497765,-0.03127037734,-11.71956348
0.0225050019,-0.03142271191,-11.72733402
0.02250502921,-0.03159420192,-11.72659874
0.02250508382,-0.03193718195,-11.72698402
0.02250519305,-0.03262312338,-11.72731495
0.02250541151,-0.03399496898,-11.72823048
0.02250584842,-0.03673845902,-11.72984886
0.02250672225,-0.04222458974,-11.73322296
0.02250846991,-0.05319286883,-11.73963451
0.02251196521,-0.07510885596,-11.75197792
0.02251895583,-0.1188216209,-11.7741375
0.02252895583,-0.1809328347,-11.80114269
0.02253895583,-0.2423299998,-11.82322598
0.02254895583,-0.3027707934,-11.84145927
0.02255895583,-0.3620166779,-11.8563385
0.02256895583,-0.4198338687,-11.8686552
0.02257895583,-0.4759941697,-11.87867546
0.02258895583,-0.5302759409,-11.88700104
0.02259895583,-0.5824649334,-11.89374256
0.02259911208,-0.583262682,-11.89386272
0.02259942458,-0.5848564506,10.32643032
0.02259951076,-0.5852956176,12.60538483
0.02259959671,-0.5857333541,11.17512989
0.02259964102,-0.5859589577,11.93899345
0.02259968575,-0.586186707,11.64443779
0.02259973183,-0.5864212513,11.76026821
0.02259977927,-0.5866626501,11.71362495
0.0225998566,-0.5870561004,11.7357626
0.02259997098,-0.5876377225,11.72231579
0.02260018994,-0.5887503624,11.73371124
0.02260062787,-0.5909722447,11.72619915
0.02260150372,-0.5954025984,11.73809528
0.02260325542,-0.604209125,11.73625565
0.02260675883,-0.6216014624,11.7566843
0.02261376564,-0.6554743648,11.77076912
0.02262376564,-0.7016014457,11.80565834
0.02263376564,-0.7449595928,11.81968021
0.02264376564,-0.7853777409,11.84577274
0.02265376564,-0.8226963878,11.85268497
0.02266376564,-0.8567681909,11.87282276
0.02267376564,-0.8874587417,11.87495804
0.02268376564,-0.9146468639,11.89105892
0.02269376564,-0.9382253289,11.88999271
0.02269380626,-0.9383136034,-7.120345592
0.02269388751,-0.9384900331,-14.53496265
0.02269391494,-0.9385495186,-11.26424789
0.02269393131,-0.938585043,-11.68360329
0.02269394633,-0.9386175871,-11.7203989
0.02269396283,-0.9386533499,-11.72566032
0.02269399583,-0.9387248158,-11.72641754
0.02269406182,-0.9388676286,-11.72647953
0.02269419381,-0.9391528368,-11.72711182
0.02269445779,-0.9397212863,-11.72803974
0.02269498575,-0.9408504367,-11.73015404
0.02269604167,-0.9430776238,-11.73407078
0.02269815351,-0.9474074244,-11.74189758
0.02270237719,-0.9555658102,-11.75639439
0.02271082454,-0.9698585868,-11.78227234
0.02272082454,-0.9832448363,-11.80770683
0.02273082454,-0.9927507043,-11.82873344
0.02274082454,-0.9983386397,-11.84586716
0.02275082454,-0.999986589,-11.86007404
0.02276082454,-0.997688055,-11.87160778
0.02277082454,-0.9914520979,-11.88121605
0.02278082454,-0.9813032746,-11.88897228
0.02278207454,-0.9797614217,-11.88987064
0.02278457454,-0.9764963984,-11.89155293
0.02278519954,-0.9756425023,-11.89195728
0.02278644954,-0.9738895297,-11.89275837
0.02278676204,-0.9734418988,-11.89295483
0.02278738704,-0.9725353718,-11.89334583
0.02278754329,-0.9723063707,-11.89344215
0.02278785579,-0.9718456268,-11.8936348
0.02278796925,-0.9716774225,8.234059334
0.02278803779,-0.9715755582,13.65981293
0.02278809459,-0.9714909792,10.78782749
0.02278811843,-0.9714554548,11.81605053
0.02278814143,-0.9714211822,11.71956348
0.02278816568,-0.9713850021,11.72733402
0.02278819299,-0.9713442326,11.72659874
0.0227882476,-0.9712626338,11.72698402
0.02278835683,-0.9710990787,11.72731495
0.02278857529,-0.9707705379,11.72823048
0.0227890122,-0.9701079726,11.72984886
0.02278988603,-0.9687610269,11.73322296
0.02279163369,-0.9659794569,11.73963451
0.02279512899,-0.9600672722,11.75197792
0.02280211961,-0.9468568563,11.7741375
0.02281211961,-0.9247915149,11.80114269
0.02282211961,-0.8990764618,11.82322598
0.02283211961,-0.8698132038,11.84145927
0.02284211961,-0.8371171355,11.8563385
0.02285211961,-0.8011174202,11.8686552
0.02286211961,-0.7619559765,11.87867546
0.02287211961,-0.7197875381,11.88700104
0.02288211961,-0.6747783422,11.89374256
0.02288227586,-0.6740534902,11.89386272
0.02288258836,-0.6726017594,-10.32643032
0.02288267454,-0.6722009778,-12.60538483
0.02288276049,-0.6718010306,-11.17512989
0.0228828048,-0.6715947986,-11.93899345
0.02288284953,-0.6713865399,-11.64443779
0.02288289561,-0.6711719036,-11.76026821
0.02288294305,-0.6709509492,-11.71362495
0.02288302038,-0.6705905795,-11.7357626
0.02288313476,-0.6700572968,-11.72231579
0.02288335372,-0.6690353751,-11.73371124
0.02288379165,-0.6669878364,-11.72619915
0.0228846675,-0.6628775001,-11.73809528
0.0228864192,-0.6545968652,-11.73625565
0.02288992261,-0.6377986073,-11.7566843
0.02289692942,-0.6032832861,-11.77076912
0.02290692942,-0.5520157218,-11.80565834
0.02291692942,-0.4985695779,-11.81968021
0.02292692942,-0.4431558251,-11.84577274
0.02293692942,-0.3859931529,-11.85268497
0.02294692942,-0.3273071349,-11.87282276
0.02295692942,-0.267329365,-11.87495804
0.02296692942,-0.206296578,-11.89105892
0.02297692942,-0.1444496363,-11.88999271
0.02297697004,-0.1441970468,7.120345592
0.02297705129,-0.1436918527,14.53496265
0.02297707872,-0.1435213238,11.26424789
0.02297709509,-0.143419534,11.68360329
0.02297711011,-0.1433261186,11.7203989
0.02297712661,-0.1432235241,11.72566032
0.02297715961,-0.1430183351,11.72641754
0.0229772256,-0.1426079273,11.72647953
0.02297735759,-0.1417870373,11.72711182
0.02297762157,-0.1401449591,11.72803974
0.02297814953,-0.1368596703,11.73015404
0.02297920545,-0.1302845925,11.73407078
0.02298131729,-0.1171175316,11.74189758
0.02298554097,-0.09072386473,11.75639439
0.02299398832,-0.03776349872,11.78227234
0.02300398832,0.02505674958,11.80770683
0.02301398832,0.08777811378,11.82873344
0.02302398832,0.1501530558,11.84586716
0.02303398832,0.2119354159,11.86007404
0.02304398832,0.2728813589,11.87160778
0.02305398832,0.3327503502,11.88121605
0.02306398832,0.3913061619,11.88897228
0.02306523832,0.3985217214,11.88987064
0.02306773832,0.4128786623,11.89155293
0.02306836332,0.4164521098,11.89195728
0.02306961332,0.4235796928,11.89275837
0.02306992582,0.4253575206,11.89295483
0.02307055082,0.4289082587,11.89334583
0.02307070707,0.4297949374,11.89344215
0.02307101957,0.4315669835,11.8936348
0.02307113303,0.4322099388,-8.234059334
0.02307120157,0.4325982332,-13.65981293
0.02307125837,0.4329200089,-10.78782749
0.02307128221,0.4330550134,-11.81605053
0.02307130521,0.4331852496,-11.71956348
0.02307132946,0.4333226085,-11.72733402
0.02307135677,0.4334772229,-11.72659874
0.02307141138,0.4337864518,-11.72698402
0.02307152061,0.434404701,-11.72731495
0.02307173907,0.4356406331,-11.72823048
0.02307217598,0.4381099939,-11.72984886
0.02307304981,0.4430388212,-11.73322296
0.02307479747,0.4528562725,-11.73963451
0.02307829277,0.4723261595,-11.75197792
0.02308528339,0.5105732679,-11.7741375
0.02309528339,0.563555181,-11.80114269
0.02310528339,0.6143130064,-11.82322598
0.02311528339,0.6626464725,-11.84145927
0.02312528339,0.7083647251,-11.8563385
0.02313528339,0.7512874007,-11.8686552
0.02314528339,0.7912451029,-11.87867546
0.02315528339,0.8280801177,-11.88700104
0.02316528339,0.8616470695,-11.89374256
0.02316543964,0.8621448874,-11.89386272
0.02316575214,0.8631380796,10.32643032
0.02316583832,0.8634113669,12.60538483
0.02316592427,0.8636837006,11.17512989
0.02316596858,0.8638239503,11.93899345
0.02316601331,0.8639655113,11.64443779
0.02316605939,0.8641113043,11.76026821
0.02316610683,0.8642612696,11.71362495
0.02316618416,0.864505589,11.7357626
0.02316629854,0.8648665547,11.72231579
0.0231665175,0.8655564189,11.73371124
0.02316695543,0.8669311404,11.72619915
0.02316783128,0.8696609139,11.73809528
0.02316958298,0.8750413656,11.73625565
0.02317308639,0.8854836822,11.7566843
0.0231800932,0.9050762057,11.77076912
0.0231900932,0.9299919009,11.80565834
0.0232000932,0.9512373209,11.81968021
0.0232100932,0.9687286019,11.84577274
0.0232200932,0.9823967814,11.85268497
0.0232300932,0.9921879172,11.87282276
0.0232400932,0.9980633259,11.87495804
0.0232500932,0.9999998212,11.89105892
0.0232600932,0.9979897738,11.88999271
0.02326013382,0.9979735613,-7.120345592
0.02326021507,0.9979409575,-14.53496265
0.0232602425,0.9979298711,-11.26424789
0.02326025887,0.997923255,-11.68360329
0.02326027389,0.9979171753,-11.7203989
0.02326029039,0.9979104996,-11.72566032
0.02326032339,0.9978970885,-11.72641754
0.02326038938,0.9978701472,-11.72647953
0.02326052137,0.9978156686,-11.72711182
0.02326078535,0.9977047443,-11.72803974
0.02326131331,0.9974746108,-11.73015404
0.02326236923,0.996981442,-11.73407078
0.02326448107,0.9958634973,-11.74189758
0.02326870475,0.9931018353,-11.75639439
0.0232771521,0.9854828119,-11.78227234
0.0232871521,0.9728778601,-11.80770683
0.0232971521,0.956433475,-11.82873344
0.0233071521,0.936214447,-11.84586716
0.0233171521,0.9123006463,-11.86007404
0.0233271521,0.8847863674,-11.87160778
0.0233371521,0.8537802696,-11.88121605
0.0233471521,0.8194046617,-11.88897228
0.0233484021,0.8148773909,-11.88987064
0.0233509021,0.8056724072,-11.89155293
0.0233515271,0.8033400178,-11.89195728
0.0233527771,0.7986380458,-11.89275837
0.0233530896,0.7974548936,-11.89295483
0.0233537146,0.7950792909,-11.89334583
0.02335387085,0.7944834232,-11.89344215
0.02335418335,0.7932894826,-11.8936348
0.02335429681,0.7928552628,8.234059334
0.02335436535,0.7925927639,13.65981293
0.02335442215,0.7923750877,10.78782749
0.02335444599,0.7922837138,11.81605053
0.02335446899,0.7921955585,11.71956348
0.02335449324,0.7921025157,11.72733402
0.02335452055,0.7919977903,11.72659874
0.02335457516,0.7917882204,11.72698402
0.02335468439,0.7913688421,11.72731495
0.02335490285,0.7905290127,11.72823048
0.02335533976,0.7888447642,11.72984886
0.02335621359,0.7854585648,11.73322296
0.02335796124,0.7786151171,11.73963451
0.02336145655,0.7646474838,11.75197792
0.02336844717,0.7356127501,11.7741375
0.02337844717,0.6916267276,11.80114269
0.02338844717,0.6449112296,11.82322598
0.02339844717,0.5956504941,11.84145927
0.02340844717,0.544039011,11.8563385
0.02341844717,0.4902804792,11.8686552
0.02342844717,0.4345870316,11.87867546
0.02343844717,0.3771784306,11.88700104
0.02344844717,0.3182813227,11.89374256
0.02344860342,0.317350477,11.89386272
0.02344891592,0.3154878616,-10.32643032
0.0234490021,0.3149739802,-12.60538483
0.02344908805,0.31446141,-11.17512989
0.02344913236,0.3141971231,-11.93899345
0.02344917709,0.3139303029,-11.64443779
0.02344922317,0.3136553466,-11.76026821
0.02344927061,0.313372314,-11.71362495
0.02344934794,0.3129108846,-11.7357626
0.02344946232,0.3122282326,-11.72231579
0.02344968128,0.3109209239,-11.73371124
0.02345011921,0.3083045483,-11.72619915
0.02345099506,0.303064853,-11.73809528
0.02345274676,0.292558074,-11.73625565
0.02345625017,0.2714394331,-11.7566843
0.02346325698,0.2288179249,-11.77076912
0.02347325698,0.167241767,-11.80565834
0.02348325698,0.1050055847,-11.81968021
0.02349325698,0.04235499352,-11.84577274
0.02350325698,-0.02046275884,-11.85268497
0.02351325698,-0.08319975436,-11.87282276
0.02352325698,-0.1456083953,-11.87495804
0.02353325698,-0.2074423879,-11.89105892
0.02354325698,-0.2684577107,-11.88999271
0.0235432976,-0.2687035799,7.120345592
0.02354337885,-0.2691952884,14.53496265
0.02354340628,-0.2693612278,11.26424789
0.02354342265,-0.2694602907,11.68360329
0.02354343767,-0.2695511878,11.7203989
0.02354345417,-0.2696509957,11.72566032
0.02354348717,-0.2698506415,11.72641754
0.02354355316,-0.2702499032,11.72647953
0.02354368515,-0.2710482478,11.72711182
0.02354394913,-0.2726444304,11.72803974
0.02354447709,-0.2758345306,11.73015404
0.02354553301,-0.2822055519,11.73407078
0.02354764485,-0.2949100733,11.74189758
0.02355186853,-0.320161134,11.75639439
0.02356031588,-0.3699691892,11.78227234
0.02357031588,-0.4275743067,11.80770683
0.02358031588,-0.483491987,11.82873344
0.02359031588,-0.537501514,11.84586716
0.02360031588,-0.589389801,11.86007404
0.02361031588,-0.6389520168,11.87160778
0.02362031588,-0.6859925985,11.88121605
0.02363031588,-0.7303258181,11.88897228
0.02363156588,-0.7356683016,11.88987064
0.02363406588,-0.746216774,11.89155293
0.02363469088,-0.7488252521,11.89195728
0.02363594088,-0.7540074587,11.89275837
0.02363625338,-0.7552957535,11.89295483
0.02363687838,-0.7578635812,11.89334583
0.02363703463,-0.7585037351,11.89344215
0.02363734713,-0.7597818375,11.8936348
0.02363746059,-0.7602451444,-8.234059334
0.02363752913,-0.7605248094,-13.65981293
0.02363758593,-0.7607564926,-10.78782749
0.02363760977,-0.7608537078,-11.81605053
0.02363763277,-0.7609474659,-11.71956348
0.02363765702,-0.76104635,-11.72733402
0.02363768433,-0.7611576319,-11.72659874
0.02363773894,-0.761380136,-11.72698402
0.02363784817,-0.7618249059,-11.72731495
0.02363806663,-0.7627133131,-11.72823048
0.02363850354,-0.7644858956,-11.72984886
0.02363937737,-0.7680137157,-11.73322296
0.02364112502,-0.7749997377,-11.73963451
0.02364462033,-0.7886906862,-11.75197792
0.02365161095,-0.8149249554,-11.7741375
0.02366161095,-0.8497081995,-11.80114269
0.02367161095,-0.8811379671,-11.82322598
0.02368161095,-0.9090903401,-11.84145927
0.02369161095,-0.9334549308,-11.8563385
0.02370161095,-0.9541355968,-11.8686552
0.02371161095,-0.9710507393,-11.87867546
0.02372161095,-0.9841335416,-11.88700104
0.02373161095,-0.9933324456,-11.89374256
0.0237317672,-0.993445158,-11.89386272
0.0237320797,-0.9936677217,10.32643032
0.02373216588,-0.9937283993,12.60538483
0.02373225183,-0.9937886596,11.17512989
0.02373229614,-0.9938195944,11.93899345
0.02373234087,-0.9938507676,11.64443779
0.02373238695,-0.9938827753,11.76026821
0.02373243439,-0.9939156175,11.71362495
0.02373251172,-0.9939690232,11.7357626
0.0237326261,-0.9940475821,11.72231579
0.02373284506,-0.9941965342,11.73371124
0.02373328299,-0.9944887757,11.72619915
0.02373415884,-0.9950506687,11.73809528
0.02373591054,-0.996084094,11.73625565
0.02373941395,-0.9977887273,11.7566843
0.02374642076,-0.9997471571,11.77076912
0.02375642076,-0.999186337,11.80565834
0.02376642076,-0.9946821928,11.81968021
0.02377642076,-0.9862525463,11.84577274
0.02378642076,-0.9739305377,11.85268497
0.02379642076,-0.9577649236,11.87282276
0.02380642076,-0.9378194213,11.87495804
0.02381642076,-0.9141728282,11.89105892
0.02382642076,-0.886918366,11.88999271
0.02382646138,-0.8868004084,-7.120345592
0.02382654263,-0.886564374,-14.53496265
0.02382657006,-0.886484623,-11.26424789
0.02382658643,-0.8864370584,-11.68360329
0.02382660145,-0.8863933682,-11.7203989
0.02382661795,-0.8863453865,-11.72566032
0.02382665095,-0.8862493634,-11.72641754
0.02382671694,-0.886057198,-11.72647953
0.02382684893,-0.8856724501,-11.72711182
0.02382711291,-0.8849011064,-11.72803974
0.02382764087,-0.8833510876,-11.73015404
0.02382869679,-0.8802220225,-11.73407078
0.02383080863,-0.873847723,-11.74189758
0.02383503231,-0.8606386781,-11.75639439
0.02384347966,-0.8324120641,-11.78227234
0.02385347966,-0.7959737182,-11.80770683
0.02386347966,-0.7563939691,-11.82873344
0.02387347966,-0.7138291001,-11.84586716
0.02388347966,-0.6684470773,-11.86007404
0.02389347966,-0.6204269528,-11.87160778
0.02390347966,-0.5699583292,-11.88121605
0.02391347966,-0.5172403455,-11.88897228
0.02391472966,-0.510502696,-11.88987064
0.02391722966,-0.4969334006,-11.89155293
0.02391785466,-0.4935217798,-11.89195728
0.02391910466,-0.4866757393,-11.89275837
0.02391941716,-0.4849595428,-11.89295483
0.02392004216,-0.481521517,-11.89334583
0.02392019841,-0.480660826,-11.89344215
0.02392051091,-0.4789381027,-11.8936348
0.02392062437,-0.4783121943,8.234059334
0.02392069291,-0.4779339731,13.65981293
0.02392074971,-0.4776204228,10.78782749
0.02392077355,-0.4774888158,11.81605053
0.02392079655,-0.4773618877,11.71956348
0.0239208208,-0.4772279561,11.72733402
0.02392084811,-0.4770771563,11.72659874
0.02392090272,-0.4767755568,11.72698402
0.02392101195,-0.476172179,11.72731495
0.02392123041,-0.4749647081,11.72823048
0.02392166732,-0.4725471437,11.72984886
0.02392254115,-0.4677012861,11.73322296
0.0239242888,-0.45796749,11.73963451
0.02392778411,-0.4383353591,11.75197792
0.02393477473,-0.3984464705,11.7741375
0.02394477473,-0.340069294,11.80114269
0.02395477473,-0.2803500295,11.82322598
0.02396477473,-0.2195243388,11.84145927
0.02397477473,-0.1578322798,11.8563385
0.02398477473,-0.09551733732,11.8686552
0.02399477473,-0.03282542899,11.87867546
0.02400477473,0.02999602444,11.88700104
0.02401477473,0.09269910306,11.89374256
0.02401493098,0.09367657453,11.89386272
0.02401524348,0.0956312567,-10.32643032
0.02401532966,0.09617025405,-12.60538483
0.02401541561,0.09670775384,-11.17512989
0.02401545991,0.09698482603,-11.93899345
0.02401550465,0.09726455808,-11.64443779
0.02401555073,0.09755274653,-11.76026821
0.02401559817,0.09784936905,-11.71362495
0.0240156755,0.09833289683,-11.7357626
0.02401578988,0.09904807061,-11.72231579
0.02401600884,0.1004169956,-11.73371124
0.02401644677,0.1031542718,-11.72619915
0.02401732262,0.1086264551,-11.73809528
0.02401907432,0.1195608005,-11.73625565
0.02402257773,0.1413847208,-11.7566843
0.02402958454,0.1848164797,-11.77076912
0.02403958454,0.2461606264,-11.80565834
0.02404958454,0.306533277,-11.81968021
0.02405958454,0.3656961918,-11.84577274
0.02406958454,0.4234158397,-11.85268497
0.02407958454,0.4794645011,-11.87282276
0.02408958454,0.533620894,-11.87495804
0.02409958454,0.5856713653,-11.89105892
0.02410958454,0.635410428,-11.88999271
0.02410962516,0.6356075406,7.120345592
0.02410970641,0.6360015869,14.53496265
0.02410973384,0.6361345053,11.26424789
0.02410975021,0.6362138987,11.68360329
0.02410976523,0.6362866759,11.7203989
0.02410978173,0.6363666654,11.72566032
0.02410981472,0.6365265846,11.72641754
0.02410988072,0.6368463635,11.72647953
0.02411001271,0.6374855042,11.72711182
0.02411027669,0.6387625337,11.72803974
0.02411080465,0.6413113475,11.73015404
0.02411186057,0.6463877559,11.73407078
0.02411397241,0.6564549804,11.74189758
0.02411819609,0.676240921,11.75639439
0.02412664344,0.7143705487,11.78227234
0.02413664344,0.7568997145,11.80770683
0.02414664344,0.7964416742,11.82873344
0.02415664344,0.8328405023,11.84586716
0.02416664344,0.8659524322,11.86007404
0.02417664344,0.8956468701,11.87160778
0.02418664344,0.9218065739,11.88121605
0.02419664344,0.9443283677,11.88897228
0.02419789344,0.9468832016,11.88987064
0.02420039344,0.9518175125,11.89155293
0.02420101844,0.9530144334,11.89195728
0.02420226844,0.9553642273,11.89275837
0.02420258094,0.955942452,11.89295483
0.02420320594,0.9570878148,11.89334583
0.02420336219,0.9573718905,11.89344215
0.02420367469,0.9579372406,11.8936348
0.02420378815,0.9581415653,-8.234059334
0.02420385669,0.9582647681,-13.65981293
0.02420391349,0.9583667517,-10.78782749
0.02420393733,0.9584094882,-11.81605053
0.02420396033,0.9584507346,-11.71956348
0.02420398458,0.9584941864,-11.72733402
0.02420401189,0.9585430622,-11.72659874
0.0242040665,0.9586408138,-11.72698402
0.02420417573,0.9588358998,-11.72731495
0.02420439419,0.9592247605,-11.72823048
0.0242048311,0.9599970579,-11.72984886
0.02420570493,0.9615199566,-11.73322296
0.02420745258,0.9644787908,-11.73963451
0.02421094789,0.9700471163,-11.75197792
0.02421793851,0.979777813,-11.7741375
0.02422793851,0.9904081225,-11.80114269
0.02423793851,0.9971297383,-11.82322598
0.02424793851,0.9999161363,-11.84145927
0.02425793851,0.9987562895,-11.8563385
0.02426793851,0.9936548471,-11.8686552
0.02427793851,0.984631896,-11.87867546
0.02428793851,0.9717230201,-11.88700104
0.02429793851,0.9549792409,-11.89374256
0.02429809476,0.9546875358,-11.89386272
0.02429840726,0.9541013241,10.32643032
0.02429849344,0.9539390206,12.60538483
0.02429857939,0.9537768364,11.17512989
0.02429862369,0.9536931515,11.93899345
0.02429866843,0.9536085725,11.64443779
0.02429871451,0.9535213709,11.76026821
0.02429876195,0.9534315467,11.71362495
0.02429883928,0.9532848597,11.7357626
0.02429895366,0.9530675411,11.72231579
0.02429917262,0.9526501298,11.73371124
0.02429961055,0.9518098235,11.72619915
0.0243004864,0.9501076937,11.73809528
0.0243022381,0.9466171265,11.73625565
0.02430574151,0.9392923713,11.7566843
0.02431274832,0.923281312,11.77076912
0.02432274832,0.8973400593,11.80565834
0.02433274832,0.8678574562,11.81968021
0.02434274832,0.8349497318,11.84577274
0.02435274832,0.7987468839,11.85268497
0.02436274832,0.7593917847,11.87282276
0.02437274832,0.7170396447,11.87495804
0.02438274832,0.6718577147,11.89105892
0.02439274832,0.624024272,11.88999271
0.02439278894,0.6238247752,-7.120345592
0.02439287019,0.6234257221,-14.53496265
0.02439289762,0.623290956,-11.26424789
0.02439291399,0.6232105494,-11.68360329
0.02439292901,0.6231366992,-11.7203989
0.02439294551,0.6230556369,-11.72566032
0.0243929785,0.6228934526,-11.72641754
0.0243930445,0.6225690246,-11.72647953
0.02439317649,0.6219198108,-11.72711182
0.02439344047,0.6206200719,-11.72803974
0.02439396843,0.6180155873,-11.73015404
0.02439502435,0.6127861738,-11.73407078
0.02439713619,0.6022466421,-11.74189758
0.02440135987,0.5808513761,-11.75639439
0.02440980722,0.5368490815,-11.78227234
0.02441980722,0.482814759,-11.80770683
0.02442980722,0.4268749654,-11.82873344
0.02443980722,0.3692504764,-11.84586716
0.02444980722,0.3101687431,-11.86007404
0.02445980722,0.2498629093,-11.87160778
0.02446980722,0.1885709763,-11.88121605
0.02447980722,0.1265348494,-11.88897228
0.02448105722,0.1187401712,-11.88987064
0.02448355722,0.1031293273,-11.89155293
0.02448418222,0.0992224887,-11.89195728
0.02448543222,0.09140428901,-11.89275837
0.02448574472,0.08944883943,-11.89295483
0.02448636972,0.08553690463,-11.89334583
0.02448652597,0.08455871791,-11.89344215
0.02448683847,0.08260209113,-11.8936348
0.02448695193,0.08189164102,8.234059334
0.02448702047,0.08146243542,13.65981293
0.02448707727,0.0811067,10.78782749
0.02448710111,0.08095740527,11.81605053
0.02448712411,0.0808134079,11.71956348
0.02448714836,0.08066149801,11.72733402
0.02448717567,0.08049047738,11.72659874
0.02448723028,0.08014843613,11.72698402
0.02448733951,0.07946432382,11.72731495
0.02448755797,0.07809597999,11.72823048
0.02448799488,0.07535886765,11.72984886
0.02448886871,0.06988295168,11.73322296
0.02449061636,0.05892496929,11.73963451
0.02449411167,0.03698900715,11.75197792
0.02450110229,-0.006925847847,11.7741375
0.02451110229,-0.06970119476,11.80114269
0.02452110229,-0.132201463,11.82322598
0.02453110229,-0.1941799968,11.84145927
0.02454110229,-0.2553921938,11.8563385
0.02455110229,-0.3155964613,11.8686552
0.02456110229,-0.3745552003,11.87867546
0.02457110229,-0.432035774,11.88700104
0.02458110229,-0.4878112972,11.89374256
0.02458125854,-0.4886680543,11.89386272
0.02458157104,-0.4903802276,-10.32643032
0.02458165722,-0.4908520579,-12.60538483
0.02458174317,-0.4913224876,-11.17512989
0.02458178747,-0.4915649295,-11.93899345
0.02458183221,-0.4918096662,-11.64443779
0.02458187829,-0.492061764,-11.76026821
0.02458192573,-0.4923211932,-11.71362495
0.02458200306,-0.4927440584,-11.7357626
0.02458211744,-0.4933693111,-11.72231579
0.0245823364,-0.4945655167,-11.73371124
0.02458277433,-0.4969551563,-11.72619915
0.02458365018,-0.5017231107,-11.73809528
0.02458540188,-0.511213243,-11.73625565
0.02458890529,-0.5300066471,-11.7566843
0.0245959121,-0.5668140054,-11.77076912
0.0246059121,-0.6174252629,-11.80565834
0.0246159121,-0.6655997634,-11.81968021
0.0246259121,-0.7111474872,-11.84577274
0.0246359121,-0.753888607,-11.85268497
0.0246459121,-0.7936545014,-11.87282276
0.0246559121,-0.8302881718,-11.87495804
0.0246659121,-0.8636451364,-11.89105892
0.0246759121,-0.8935936093,-11.88999271
0.02467595272,-0.8937081695,7.120345592
0.02467603397,-0.8939371109,14.53496265
0.0246760614,-0.8940143585,11.26424789
0.02467607777,-0.8940604329,11.68360329
0.02467609279,-0.8941026926,11.7203989
0.02467610929,-0.8941491246,11.72566032
0.02467614228,-0.8942419291,11.72641754
0.02467620828,-0.8944274187,11.72647953
0.02467634027,-0.8947980404,11.72711182
0.02467660425,-0.8955373168,11.72803974
0.02467713221,-0.8970085382,11.73015404
0.02467818813,-0.899921298,11.73407078
0.02468029997,-0.9056279063,11.74189758
0.02468452365,-0.916561842,11.75639439
0.024692971,-0.9364860058,11.78227234
0.024702971,-0.956659019,11.80770683
0.024712971,-0.9730564952,11.82873344
0.024722971,-0.9856138229,11.84586716
0.024732971,-0.9942813516,11.86007404
0.024742971,-0.9990249276,11.87160778
0.024752971,-0.9998257756,11.88121605
0.024762971,-0.9966807961,11.88897228
0.024764221,-0.9960106611,11.88987064
0.024766721,-0.9944861531,11.89155293
0.024767346,-0.9940666556,11.89195728
0.024768596,-0.9931817055,11.89275837
0.0247689085,-0.9929509163,11.89295483
0.0247695335,-0.9924777746,11.89334583
0.02476968975,-0.9923571348,11.89344215
0.02477000225,-0.9921129346,11.8936348
0.02477011571,-0.9920233488,-8.234059334
0.02477018425,-0.9919689298,-13.65981293
0.02477024105,-0.9919237494,-10.78782749
0.02477026489,-0.9919047356,-11.81605053
0.02477028789,-0.9918863773,-11.71956348
0.02477031214,-0.9918670058,-11.72733402
0.02477033945,-0.9918451309,-11.72659874
0.02477039406,-0.9918013215,-11.72698402
0.02477050329,-0.9917134047,-11.72731495
0.02477072175,-0.9915361404,-11.72823048
0.02477115866,-0.9911760092,-11.72984886
0.02477203249,-0.9904332757,-11.73322296
0.02477378014,-0.9888583422,-11.73963451
0.02477727545,-0.9853509068,-11.75197792
0.02478426607,-0.9769123197,-11.7741375
0.02479426607,-0.9615700245,-11.80114269
0.02480426607,-0.9424328208,-11.82322598
0.02481426607,-0.9195762873,-11.84145927
0.02482426607,-0.8930906057,-11.8563385
0.02483426607,-0.8630802631,-11.8686552
0.02484426607,-0.8296637535,-11.87867546
0.02485426607,-0.7929729819,-11.88700104
0.02486426607,-0.7531526685,-11.89374256
0.02486442232,-0.7525064349,-11.89386272
0.02486473482,-0.7512118816,10.32643032
0.024864821,-0.750854373,12.60538483
0.02486490695,-0.7504975796,11.17512989
0.02486495125,-0.75031358,11.93899345
0.02486499599,-0.7501277328,11.64443779
0.02486504207,-0.749936223,11.76026821
0.02486508951,-0.7497390509,11.71362495
0.02486516684,-0.7494174242,11.7357626
0.02486528122,-0.7489414215,11.72231579
0.02486550018,-0.7480290532,11.73371124
0.02486593811,-0.7462000847,11.72619915
0.02486681396,-0.7425252795,11.73809528
0.02486856566,-0.7351081967,11.73625565
0.02487206907,-0.720007956,11.7566843
0.02487907588,-0.6887682676,11.77076912
0.02488907588,-0.641887188,11.80565834
0.02489907588,-0.5924728513,11.81968021
0.02490907588,-0.540720284,11.84577274
0.02491907588,-0.4868337512,11.85268497
0.02492907588,-0.4310259223,11.87282276
0.02493907588,-0.3735170066,11.87495804
0.02494907588,-0.3145340085,11.89105892
0.02495907588,-0.254309684,11.88999271
0.0249591165,-0.2540628016,-7.120345592
0.02495919775,-0.2535690367,-14.53496265
0.02495922518,-0.2534023225,-11.26424789
0.02495924155,-0.2533028424,-11.68360329
0.02495925657,-0.2532115281,-11.7203989
0.02495927307,-0.2531112432,-11.72566032
0.02495930606,-0.2529106438,-11.72641754
0.02495937206,-0.252509445,-11.72647953
0.02495950405,-0.251706928,-11.72711182
0.02495976803,-0.2501013577,-11.72803974
0.02496029599,-0.2468881309,-11.73015404
0.02496135191,-0.240453586,-11.73407078
0.02496346375,-0.2275530249,-11.74189758
0.02496768743,-0.2016339898,-11.75639439
0.02497613478,-0.1493882835,-11.78227234
0.02498613478,-0.08700757474,-11.80770683
0.02499613478,-0.02428349108,-11.82873344
0.02500613478,0.03853642941,-11.84586716
0.02501613478,0.1012042686,-11.86007404
0.02502613478,0.1634726971,-11.87160778
0.02503613478,0.2250959724,-11.88121605
0.02504613478,0.2858308852,-11.88897228
0.02504738478,0.2933483124,-11.88987064
0.02504988478,0.3083284199,-11.89155293
0.02505050978,0.3120616972,-11.89195728
0.02505175978,0.319513768,-11.89275837
0.02505207228,0.3213737011,-11.89295483
0.02505269728,0.3250899017,-11.89334583
0.02505285353,0.3260181546,-11.89344215
0.02505316603,0.3278737664,-11.8936348
0.02505327949,0.3285471201,8.234059334
0.02505334803,0.3289538324,13.65981293
0.02505340483,0.3292908669,10.78782749
0.02505342867,0.3294323087,11.81605053
0.02505345167,0.3295687139,11.71956348
0.02505347592,0.3297125995,11.72733402
0.02505350323,0.3298745751,11.72659874
0.02505355784,0.3301984966,11.72698402
0.02505366707,0.3308462203,11.72731495
0.02505388553,0.3321412206,11.72823048
0.02505432244,0.3347293139,11.72984886
0.02505519627,0.3398979604,11.73322296
0.02505694392,0.3502043188,11.73963451
0.02506043923,0.3706891239,11.75197792
0.02506742985,0.4111126065,11.7741375
0.02507742985,0.4675402343,11.80114269
0.02508742985,0.5221226811,11.82322598
0.02509742985,0.5746445656,11.84145927
0.02510742985,0.6248986125,11.8563385
0.02511742985,0.6726864576,11.8686552
0.02512742985,0.7178195119,11.87867546
0.02513742985,0.760119617,11.88700104
0.02514742985,0.7994199395,11.89374256
0.0251475861,0.8000093699,11.89386272
0.0251478986,0.8011859059,-10.32643032
0.02514798478,0.8015097976,-12.60538483
0.02514807073,0.8018326163,-11.17512989
0.02514811503,0.8019989133,-11.93899345
0.02514815977,0.80216676,-11.64443779
0.02514820585,0.802339673,-11.76026821
0.02514825329,0.8025175333,-11.71362495
0.02514833062,0.8028073311,-11.7357626
0.025148445,0.8032355905,-11.72231579
0.02514866396,0.8040543199,-11.73371124
0.02514910189,0.8056872487,-11.72619915
0.02514997774,0.8089347482,-11.73809528
0.02515172944,0.815356195,-11.73625565
0.02515523285,0.827902019,-11.7566843
0.02516223966,0.8517843485,-11.77076912
0.02517223966,0.8829990029,-11.80565834
0.02518223966,0.9107289314,-11.81968021
0.02519223966,0.9348645806,-11.84577274
0.02520223966,0.9553107619,-11.85268497
0.02521223966,0.9719867706,-11.87282276
0.02522223966,0.9848267436,-11.87495804
0.02523223966,0.9937801361,-11.89105892
0.02524223966,0.9988114834,-11.88999271
0.02524228028,0.9988238811,7.120345592
0.02524236153,0.9988484979,14.53496265
0.02524238896,0.9988567829,11.26424789
0.02524240533,0.9988616705,11.68360329
0.02524242035,0.9988662004,11.7203989
0.02524243685,0.998871088,11.72566032
0.02524246984,0.9988809228,11.72641754
0.02524253584,0.9989004731,11.72647953
0.02524266783,0.9989389777,11.72711182
0.02524293181,0.99901402,11.72803974
0.02524345977,0.9991557598,11.73015404
0.02524451569,0.9994063377,11.73407078
0.02524662753,0.9997755289,11.74189758
0.02525085121,0.9999856949,11.75639439
0.02525929856,0.9982937574,11.78227234
0.02526929856,0.992657423,11.80770683
0.02527929856,0.9831035733,11.82873344
0.02528929856,0.9696698189,11.84586716
0.02529929856,0.9524092078,11.86007404
0.02530929856,0.9313898683,11.87160778
0.02531929856,0.9066947699,11.88121605
0.02532929856,0.8784213662,11.88897228
0.02533054856,0.8746410012,11.88987064
0.02533304856,0.8669186234,11.89155293
0.02533367356,0.8649545908,11.89195728
0.02533492356,0.8609864116,11.89275837
0.02533523606,0.8599860668,11.89295483
0.02533586106,0.8579754233,11.89334583
0.02533601731,0.8574706912,11.89344215
0.02533632981,0.8564587831,11.8936348
0.02533644327,0.8560905457,-8.234059334
0.02533651181,0.8558679223,-13.65981293
0.02533656861,0.8556832671,-10.78782749
0.02533659245,0.8556057215,-11.81605053
0.02533661545,0.8555309176,-11.71956348
0.0253366397,0.8554520011,-11.72733402
0.02533666701,0.8553631306,-11.72659874
0.02533672162,0.8551853299,-11.72698402
0.02533683085,0.8548294306,-11.72731495
0.02533704931,0.8541163206,-11.72823048
0.02533748622,0.8526853919,-11.72984886
0.02533836005,0.8498042226,-11.73322296
0.0253401077,0.8439651132,-11.73963451
0.02534360301,0.8319823742,-11.75197792
0.02535059363,0.8068190217,-11.7741375
0.02536059363,0.768130362,-11.80114269
0.02537059363,0.7264102697,-11.82322598
0.02538059363,0.6818233728,-11.84145927
0.02539059363,0.6345456243,-11.8563385
0.02540059363,0.5847636461,-11.8686552
0.02541059363,0.5326738358,-11.87867546
0.02542059363,0.4784817994,-11.88700104
0.02543059363,0.4224014282,-11.89374256
0.02543074988,0.4215113521,-11.89386272
0.02543106238,0.4197300076,10.32643032
0.02543114856,0.4192384481,12.60538483
0.02543123451,0.4187481105,11.17512989
0.02543127881,0.4184953272,11.93899345
0.02543132355,0.4182400405,11.64443779
0.02543136963,0.4179769754,11.76026821
0.02543141707,0.4177062213,11.71362495
0.0254314944,0.4172646999,11.7357626
0.02543160878,0.4166114628,11.72231579
0.02543182774,0.4153603613,11.73371124
0.02543226567,0.4128558338,11.72619915
0.02543314152,0.4078373611,11.73809528
0.02543489322,0.3977635205,11.73625565
0.02543839663,0.3774725497,11.7566843
0.02544540344,0.3363518417,11.77076912
0.02545540344,0.2765559852,11.80565834
0.02546540344,0.215668723,11.81968021
0.02547540344,0.1539303064,11.84577274
0.02548540344,0.09158439934,11.85268497
0.02549540344,0.02887704968,11.87282276
0.02550540344,-0.03394426778,11.87495804
0.02551540344,-0.0966316238,11.89105892
0.02552540344,-0.1589376181,11.88999271
0.02552544406,-0.1591896117,-7.120345592
0.02552552531,-0.1596935987,-14.53496265
0.02552555274,-0.1598637104,-11.26424789
0.02552556911,-0.159965232,-11.68360329
0.02552558413,-0.160058409,-11.7203989
0.02552560063,-0.1601607352,-11.72566032
0.02552563362,-0.1603653729,-11.72641754
0.02552569962,-0.1607746631,-11.72647953
0.02552583161,-0.1615931243,-11.72711182
0.02552609559,-0.1632297486,-11.72803974
0.02552662355,-0.1665016115,-11.73015404
0.02552767947,-0.1730398387,-11.73407078
0.02552979131,-0.1860931218,-11.74189758
0.02553401499,-0.21209912,-11.75639439
0.02554246234,-0.2636448145,-11.78227234
0.02555246234,-0.3236935437,-11.80770683
0.02556246234,-0.3824648261,-11.82873344
0.02557246234,-0.4397266805,-11.84586716
0.02558246234,-0.4952531159,-11.86007404
0.02559246234,-0.5488250256,-11.87160778
0.02560246234,-0.6002309918,-11.88121605
0.02561246234,-0.6492680907,-11.88897228
0.02561371234,-0.6552214622,-11.88987064
0.02561621234,-0.6670064926,-11.89155293
0.02561683734,-0.6699271798,-11.89195728
0.02561808734,-0.6757374406,-11.89275837
0.02561839984,-0.6771835089,-11.89295483
0.02561902484,-0.6800678372,-11.89334583
0.02561918109,-0.6807872653,-11.89344215
0.02561949359,-0.6822241545,-11.8936348
0.02561960705,-0.6827452183,8.234059334
0.02561967559,-0.6830598116,13.65981293
0.02561973239,-0.6833204627,10.78782749
0.02561975623,-0.6834297776,11.81605053
0.02561977923,-0.6835352182,11.71956348
0.02561980348,-0.6836465001,11.72733402
0.02561983079,-0.6837716699,11.72659874
0.0256198854,-0.684022069,11.72698402
0.02561999463,-0.6845225096,11.72731495
0.02562021309,-0.6855224967,11.72823048
0.02562065,-0.687518537,11.72984886
0.02562152383,-0.6914951205,11.73322296
0.02562327148,-0.699385643,11.73963451
0.02562676679,-0.7149127126,11.75197792
0.02563375741,-0.7449251413,11.7741375
0.02564375741,-0.7853457332,11.80114269
0.02565375741,-0.8226670027,11.82322598
0.02566375741,-0.8567415476,11.84145927
0.02567375741,-0.8874348998,11.8563385
0.02568375741,-0.9146260023,11.8686552
0.02569375741,-0.9382074475,11.87867546
0.02570375741,-0.9580862522,11.88700104
0.02571375741,-0.974183917,11.89374256
0.02571391366,-0.9744050503,11.89386272
0.02571422616,-0.9748445749,-10.32643032
0.02571431234,-0.9749651551,-12.60538483
0.02571439829,-0.9750850797,-11.17512989
0.02571444259,-0.9751467705,-11.93899345
0.02571448733,-0.9752089977,-11.64443779
0.02571453341,-0.9752730727,-11.76026821
0.02571458085,-0.9753388762,-11.71362495
0.02571465818,-0.9754459858,-11.7357626
0.02571477256,-0.9756039977,-11.72231579
0.02571499152,-0.9759051204,-11.73371124
0.02571542945,-0.9765018225,-11.72619915
0.0257163053,-0.9776729941,-11.73809528
0.025718057,-0.9799265265,-11.73625565
0.02572156041,-0.9840771556,-11.7566843
0.02572856722,-0.9909462333,-11.77076912
0.02573856722,-0.9974210262,-11.80565834
0.02574856722,-0.9999594688,-11.81968021
0.02575856722,-0.9985515475,-11.84577274
0.02576856722,-0.9932028055,-11.85268497
0.02577856722,-0.9839343429,-11.87282276
0.02578856722,-0.9707826972,-11.87495804
0.02579856722,-0.9537998438,-11.89105892
0.02580856722,-0.9330527782,-11.88999271
0.02580860784,-0.9329609275,7.120345592
0.02580868909,-0.9327770472,14.53496265
0.02580871652,-0.9327149391,11.26424789
0.02580873289,-0.9326778054,11.68360329
0.02580874791,-0.9326437712,11.7203989
0.02580876441,-0.9326063395,11.72566032
0.0258087974,-0.9325315356,11.72641754
0.0258088634,-0.9323816895,11.72647953
0.02580899539,-0.9320815802,11.72711182
0.02580925937,-0.9314795136,11.72803974
0.02580978733,-0.9302675724,11.73015404
0.02581084325,-0.9278129935,11.73407078
0.02581295509,-0.922781527,11.74189758
0.02581717877,-0.9122319818,11.75639439
0.02582562612,-0.8892136216,11.78227234
0.02583562612,-0.85873276,11.80770683
0.02584562612,-0.8248628974,11.82873344
0.02585562612,-0.7877377272,11.84586716
0.02586562612,-0.7475036383,11.86007404
0.02587562612,-0.7043195367,11.87160778
0.02588562612,-0.6583557725,11.88121605
0.02589562612,-0.6097938418,11.88897228
0.02589687612,-0.6035503149,11.88987064
0.02589937612,-0.5909520388,11.89155293
0.02590000112,-0.5877795219,11.89195728
0.02590125112,-0.5814074278,11.89275837
0.02590156362,-0.5798088312,11.89295483
0.02590218862,-0.5766048431,11.89334583
0.02590234487,-0.5758024454,11.89344215
0.02590265737,-0.574195981,11.8936348
0.02590277083,-0.5736122131,-8.234059334
0.02590283937,-0.5732594132,-13.65981293
0.02590289617,-0.5729669333,-10.78782749
0.02590292001,-0.5728441477,-11.81605053
0.02590294301,-0.5727257133,-11.71956348
0.02590296726,-0.5726007819,-11.72733402
0.02590299457,-0.572460115,-11.72659874
0.02590304918,-0.5721787214,-11.72698402
0.02590315841,-0.571615696,-11.72731495
0.02590337687,-0.5704889297,-11.72823048
0.02590381378,-0.5682321191,-11.72984886
0.02590468761,-0.5637056828,-11.73322296
0.02590643526,-0.5546019673,-11.73963451
0.02590993057,-0.5361950397,-11.75197792
0.02591692119,-0.4986144006,-11.7741375
0.02592692119,-0.4432021677,-11.80114269
0.02593692119,-0.3860408366,-11.82322598
0.02594692119,-0.3273559511,-11.84145927
0.02595692119,-0.2673791647,-11.8563385
0.02596692119,-0.2063471526,-11.8686552
0.02597692119,-0.1445007771,-11.87867546
0.02598692119,-0.08208411932,-11.88700104
0.02599692119,-0.01934351958,-11.89374256
0.02599707744,-0.01836194657,-11.89386272
0.02599738994,-0.01639874838,10.32643032
0.02599747612,-0.01585732214,12.60538483
0.02599756207,-0.01531736925,11.17512989
0.02599760637,-0.01503902674,11.93899345
0.02599765111,-0.01475799643,11.64443779
0.02599769719,-0.01446845848,11.76026821
0.02599774463,-0.01417044364,11.71362495
0.02599782196,-0.01368461829,11.7357626
0.02599793634,-0.01296600141,11.72231579
0.0259981553,-0.01159032155,11.73371124
0.02599859323,-0.008838898502,11.72619915
0.02599946908,-0.003335871501,11.73809528
0.02600122078,0.007670318242,11.73625565
0.02600472419,0.02967857756,11.7566843
0.026011731,0.0736413002,11.77076912
0.026021731,0.1361160129,11.80565834
0.026031731,0.1980535388,11.81968021
0.026041731,0.2592094541,11.84577274
0.026051731,0.3193423748,11.85268497
0.026061731,0.3782149851,11.87282276
0.026071731,0.4355949759,11.87495804
0.026081731,0.4912558496,11.89105892
0.026091731,0.544977963,11.88999271
0.02609177162,0.5451920033,-7.120345592
0.02609185287,0.5456198454,-14.53496265
0.0260918803,0.5457642674,-11.26424789
0.02609189667,0.5458504558,-11.68360329
0.02609191169,0.5459295511,-11.7203989
0.02609192819,0.5460163951,-11.72566032
0.02609196118,0.546190083,-11.72641754
0.02609202718,0.5465373397,-11.72647953
0.02609215917,0.5472316742,-11.72711182
0.02609242315,0.5486191511,-11.72803974
0.02609295111,0.5513896346,-11.73015404
0.02609400703,0.556912303,-11.73407078
0.02609611887,0.5678838491,-11.74189758
0.02610034255,0.5895251036,-11.75639439
0.0261087899,0.6315472126,-11.78227234
0.0261187899,0.6789848208,-11.80770683
0.0261287899,0.7237427831,-11.82873344
0.0261387899,0.7656444907,-11.84586716
0.0261487899,0.8045245409,-11.86007404
0.0261587899,0.8402295113,-11.87160778
0.0261687899,0.8726184964,-11.88121605
0.0261787899,0.9015636444,-11.88897228
0.0261800399,0.9049337506,-11.88987064
0.0261825399,0.9115064144,-11.89155293
0.0261831649,0.9131144881,-11.89195728
0.0261844149,0.9162883759,-11.89275837
0.0261847274,0.917073071,-11.89295483
0.0261853524,0.9186317325,-11.89334583
0.02618550865,0.9190192223,-11.89344215
0.02618582115,0.91979146,-11.8936348
0.02618593461,0.9200709462,8.234059334
0.02618600315,0.9202395678,13.65981293
0.02618605995,0.9203792214,10.78782749
0.02618608379,0.9204377532,11.81605053
0.02618610679,0.9204942584,11.71956348
0.02618613104,0.9205538034,11.72733402
0.02618615835,0.9206207991,11.72659874
0.02618621296,0.9207547307,11.72698402
0.02618632219,0.9210222363,11.72731495
0.02618654065,0.9215560555,11.72823048
0.02618697756,0.9226183891,11.72984886
0.02618785139,0.9247221947,11.73322296
0.02618959904,0.9288461208,11.73963451
0.02619309435,0.9367575049,11.75197792
0.02620008497,0.9512213469,11.7741375
0.02621008497,0.9687157869,11.80114269
0.02622008497,0.9823871255,11.82322598
0.02623008497,0.9921814799,11.84145927
0.02624008497,0.9980601072,11.8563385
0.02625008497,0.9999998808,11.8686552
0.02626008497,0.997993052,11.87867546
0.02627008497,0.9920476675,11.88700104
0.02628008497,0.9821870923,11.89374256
0.02628024122,0.9820021391,11.89386272
0.02628055372,0.9816293716,-10.32643032
0.0262806399,0.981525898,-12.60538483
0.02628072585,0.9814224839,-11.17512989
0.02628077015,0.9813690186,-11.93899345
0.02628081489,0.9813149571,-11.64443779
0.02628086097,0.9812592268,-11.76026821
0.02628090841,0.9812017679,-11.71362495
0.02628098574,0.981107831,-11.7357626
0.02628110012,0.9809685946,-11.72231579
0.02628131908,0.9807004929,-11.73371124
0.02628175701,0.9801588058,-11.72619915
0.02628263286,0.9790531993,-11.73809528
0.02628438456,0.9767529964,-11.73625565
0.02628788797,0.9717979431,-11.7566843
0.02629489478,0.9604779482,-11.77076912
0.02630489478,0.9411045313,-11.80565834
0.02631489478,0.9180169702,-11.81968021
0.02632489478,0.8913064599,-11.84577274
0.02633489478,0.8610783815,-11.85268497
0.02634489478,0.827452004,-11.87282276
0.02635489478,0.7905600667,-11.87495804
0.02636489478,0.7505481243,-11.89105892
0.02637489478,0.7075741291,-11.88999271
0.0263749354,0.7073937058,7.120345592
0.02637501665,0.7070327997,14.53496265
0.02637504408,0.7069109082,11.26424789
0.02637506045,0.7068381906,11.68360329
0.02637507547,0.7067714334,11.7203989
0.02637509197,0.70669806,11.72566032
0.02637512496,0.706551373,11.72641754
0.02637519096,0.7062578797,11.72647953
0.02637532295,0.705670476,11.72711182
0.02637558693,0.7044942975,11.72803974
0.02637611489,0.7021361589,11.73015404
0.02637717081,0.697396636,11.73407078
0.02637928265,0.687825799,11.74189758
0.02638350633,0.668322444,11.75639439
0.02639195368,0.6279178858,11.78227234
0.02640195368,0.5778102279,11.80770683
0.02641195368,0.5254222751,11.82873344
0.02642195368,0.4709606767,11.84586716
0.02643195368,0.4146404266,11.86007404
0.02644195368,0.3566837907,11.87160778
0.02645195368,0.2973194718,11.88121605
0.02646195368,0.2367817611,11.88897228
0.02646320368,0.2291438878,11.88987064
0.02646570368,0.2138262391,11.89155293
0.02646632868,0.2099884301,11.89195728
0.02646757868,0.2023031712,11.89275837
0.02646789118,0.2003798783,11.89295483
0.02646851618,0.1965309978,11.89334583
0.02646867243,0.1955683082,11.89344215
0.02646898493,0.1936423481,11.8936348
0.02646909839,0.1929429322,-8.234059334
0.02646916693,0.1925203651,-13.65981293
0.02646922373,0.1921700984,-10.78782749
0.02646924757,0.1920231134,-11.81605053
0.02646927057,0.1918813288,-11.71956348
0.02646929482,0.191731751,-11.72733402
0.02646932213,0.1915633529,-11.72659874
0.02646937674,0.191226542,-11.72698402
0.02646948597,0.1905528605,-11.72731495
0.02646970443,0.1892052293,-11.72823048
0.02647014134,0.186508894,-11.72984886
0.02647101517,0.1811120212,-11.73322296
0.02647276282,0.1703020781,-11.73963451
0.02647625813,0.1486219019,-11.75197792
0.02648324875,0.1050569862,-11.7741375
0.02649324875,0.04240662605,-11.80114269
0.02650324875,-0.0204110872,-11.82322598
0.02651324875,-0.08314824849,-11.84145927
0.02652324875,-0.1455572695,-11.8563385
0.02653324875,-0.2073918283,-11.8686552
0.02654324875,-0.2684079111,-11.87867546
0.02655324875,-0.3283647299,-11.88700104
0.02656324875,-0.3870256245,-11.89374256
0.026563405,-0.3879306614,-11.89386272
0.0265637175,-0.3897396326,10.32643032
0.02656380368,-0.3902382553,12.60538483
0.02656388963,-0.3907354176,11.17512989
0.02656393393,-0.3909916282,11.93899345
0.02656397867,-0.3912503123,11.64443779
0.02656402475,-0.3915167749,11.76026821
0.02656407219,-0.3917910159,11.71362495
0.02656414952,-0.3922379911,11.7357626
0.0265642639,-0.3928989768,11.72231579
0.02656448286,-0.3941637576,11.73371124
0.02656492079,-0.3966910541,11.72619915
0.02656579664,-0.4017366469,11.73809528
0.02656754834,-0.4117911756,11.73625565
0.02657105175,-0.4317493439,11.7566843
0.02657805856,-0.4710285068,11.77076912
0.02658805856,-0.5254876614,11.80565834
0.02659805856,-0.5778729916,11.81968021
0.02660805856,-0.6279777288,11.84577274
0.02661805856,-0.675604105,11.85268497
0.02662805856,-0.7205641866,11.87282276
0.02663805856,-0.7626805305,11.87495804
0.02664805856,-0.8017868996,11.89105892
0.02665805856,-0.8377290368,11.88999271
0.02665809918,-0.8378683925,-7.120345592
0.02665818043,-0.838146925,-14.53496265
0.02665820786,-0.8382409215,-11.26424789
0.02665822423,-0.8382970095,-11.68360329
0.02665823925,-0.8383484483,-11.7203989
0.02665825575,-0.8384049535,-11.72566032
0.02665828874,-0.8385179639,-11.72641754
0.02665835474,-0.8387438059,-11.72647953
0.02665848673,-0.8391951323,-11.72711182
0.02665875071,-0.8400959969,-11.72803974
0.02665927867,-0.8418907523,-11.73015404
0.02666033459,-0.8454524875,-11.73407078
0.02666244643,-0.8524642587,-11.74189758
0.02666667011,-0.8660362363,-11.75639439
0.02667511746,-0.8913413286,-11.78227234
0.02668511746,-0.9180474877,-11.80770683
0.02669511746,-0.9411305189,-11.82873344
0.02670511746,-0.9604993463,-11.84586716
0.02671511746,-0.976077497,-11.86007404
0.02672511746,-0.9878035188,-11.87160778
0.02673511746,-0.9956311584,-11.88121605
0.02674511746,-0.9995294809,-11.88897228
0.02674636746,-0.9997395277,-11.88987064
0.02674886746,-0.999974668,-11.89155293
0.02674949246,-0.9999949336,-11.89195728
0.02675074246,-0.9999890924,-11.89275837
0.02675105496,-0.9999780059,-11.89295483
0.02675167996,-0.9999442697,-11.89334583
0.02675183621,-0.9999334216,-11.89344215
0.02675214871,-0.9999088645,-11.8936348
0.02675226217,-0.9998989701,8.234059334
0.02675233071,-0.9998927712,13.65981293
0.02675238751,-0.9998874664,10.78782749
0.02675241135,-0.9998852015,11.81605053
0.02675243434,-0.9998830557,11.71956348
0.0267524586,-0.9998806715,11.72733402
0.02675248591,-0.9998780489,11.72659874
0.02675254052,-0.9998726249,11.72698402
0.02675264975,-0.9998614192,11.72731495
0.02675286821,-0.9998376369,11.72823048
0.02675330512,-0.9997843504,11.72984886
0.02675417895,-0.9996553063,11.73322296
0.0267559266,-0.9993067384,11.73963451
0.02675942191,-0.9982482195,11.75197792
0.02676641253,-0.9946875572,11.7741375
0.02677641253,-0.9862610698,11.80114269
0.02678641253,-0.9739422798,11.82322598
0.02679641253,-0.9577798247,11.84145927
0.02680641253,-0.9378373623,11.8563385
0.02681641253,-0.9141937494,11.8686552
0.02682641253,-0.8869422078,11.87867546
0.02683641253,-0.8561903238,11.88700104
0.02684641253,-0.8220594525,11.89374256
0.02684656878,-0.8215000629,11.89386272
0.02684688128,-0.8203788996,-10.32643032
0.02684696746,-0.8200691342,-12.60538483
0.02684705341,-0.8197599649,-11.17512989
0.02684709771,-0.8196005225,-11.93899345
0.02684714245,-0.8194394708,-11.64443779
0.02684718853,-0.8192734122,-11.76026821
0.02684723597,-0.8191025257,-11.71362495
0.0268473133,-0.8188236952,-11.7357626
0.02684742768,-0.818410933,-11.72231579
0.02684764664,-0.8176195621,-11.73371124
0.02684808457,-0.8160322309,-11.72619915
0.02684896042,-0.8128390312,-11.73809528
0.02685071212,-0.806378901,-11.73625565
0.02685421553,-0.793166399,-11.7566843
0.02686122234,-0.7655950189,-11.77076912
0.02687122234,-0.7236897349,-11.80565834
0.02688122234,-0.6789283752,-11.81968021
0.02689122234,-0.631487608,-11.84577274
0.02690122234,-0.5815545917,-11.85268497
0.02691122234,-0.5293264985,-11.87282276
0.02692122234,-0.475009352,-11.87495804
0.02693122234,-0.4188175797,-11.89105892
0.02694122234,-0.3609729409,-11.88999271
0.02694126296,-0.36073488,7.120345592
0.02694134421,-0.3602586985,14.53496265
0.02694137164,-0.3600979447,11.26424789
0.02694138801,-0.3600019813,11.68360329
0.02694140303,-0.3599139154,11.7203989
0.02694141953,-0.3598172069,11.72566032
0.02694145252,-0.35962376,11.72641754
0.02694151852,-0.3592368066,11.72647953
0.02694165051,-0.3584627211,11.72711182
0.02694191449,-0.3569138348,11.72803974
0.02694244245,-0.353813082,11.73015404
0.02694349837,-0.3475999534,11.73407078
0.02694561021,-0.3351280689,11.74189758
0.02694983389,-0.3100094795,11.75639439
0.02695828124,-0.2591351867,11.78227234
0.02696828124,-0.1979781687,11.80770683
0.02697828124,-0.1360398382,11.82873344
0.02698828124,-0.07356461883,11.84586716
0.02699828124,-0.01079906709,11.86007404
0.02700828124,0.05200910196,11.87160778
0.02701828124,0.1146120131,11.88121605
0.02702828124,0.1767625958,11.88897228
0.02702953124,0.1844873726,11.88987064
0.02703203124,0.1999023259,11.89155293
0.02703265624,0.2037484944,11.89195728
0.02703390624,0.2114313692,11.89275837
0.02703421874,0.2133500576,11.89295483
0.02703484374,0.2171849757,11.89334583
0.02703499999,0.2181431949,11.89344215
0.02703531249,0.2200589776,11.8936348
0.02703542595,0.2207543105,-8.234059334
0.02703549449,0.2211743146,-13.65981293
0.02703555129,0.2215223759,-10.78782749
0.02703557513,0.2216684371,-11.81605053
0.02703559812,0.2218093127,-11.71956348
0.02703562238,0.221957922,-11.72733402
0.02703564969,0.2221252173,-11.72659874
0.0270357043,0.2224597782,-11.72698402
0.02703581353,0.2231288403,-11.72731495
0.02703603199,0.2244666219,-11.72823048
0.0270364689,0.2271409333,-11.72984886
0.02703734273,0.2324843854,-11.73322296
0.02703909038,0.2431501299,-11.73963451
0.02704258569,0.2643923461,-11.75197792
0.02704957631,0.3064840734,-11.7741375
0.02705957631,0.3656480908,-11.80114269
0.02706957631,0.4233690202,-11.82322598
0.02707957631,0.479419142,-11.84145927
0.02708957631,0.5335772038,-11.8563385
0.02709957631,0.5856294632,-11.8686552
0.02710957631,0.6353705525,-11.87867546
0.02711957631,0.6826040745,-11.88700104
0.02712957631,0.7271437049,-11.89374256
0.02712973256,0.727817297,-11.89386272
0.02713004506,0.729162395,10.32643032
0.02713013124,0.7295328975,12.60538483
0.02713021719,0.7299020886,11.17512989
0.02713026149,0.7300923467,11.93899345
0.02713030623,0.7302843928,11.64443779
0.02713035231,0.730482161,11.76026821
0.02713039975,0.7306857109,11.71362495
0.02713047708,0.7310173512,11.7357626
0.02713059146,0.7315075397,11.72231579
0.02713081042,0.7324448824,11.73371124
0.02713124835,0.734315455,11.72619915
0.0271321242,0.7380399108,11.73809528
0.0271338759,0.7454215884,11.73625565
0.02713737931,0.7599132657,11.7566843
0.02714438612,0.7877850533,11.77076912
0.02715438612,0.8249064088,11.80565834
0.02716438612,0.8587721586,11.81968021
0.02717438612,0.8892487884,11.84577274
0.02718438612,0.9162159562,11.85268497
0.02719438612,0.9395672083,11.87282276
0.02720438612,0.9592104554,11.87495804
0.02721438612,0.9750680923,11.89105892
0.02722438612,0.9870775938,11.88999271
0.02722442674,0.9871184826,-7.120345592
0.02722450799,0.9872000217,-14.53496265
0.02722453542,0.9872274995,-11.26424789
0.02722455179,0.9872438908,-11.68360329
0.02722456681,0.9872589111,-11.7203989
0.02722458331,0.987275362,-11.72566032
0.0272246163,0.9873083234,-11.72641754
0.0272246823,0.9873741269,-11.72647953
0.02722481429,0.9875051379,-11.72711182
0.02722507827,0.9877651334,-11.72803974
0.02722560623,0.9882770181,-11.73015404
0.02722666215,0.9892681837,-11.73407078
0.02722877399,0.991119802,-11.74189758
0.02723299767,0.994299233,-11.75639439
0.02724144502,0.9985556602,-11.78227234
0.02725144502,0.9999587536,-11.80770683
0.02726144502,0.997415483,-11.82873344
0.02727144502,0.9909358621,-11.84586716
0.02728144502,0.9805454612,-11.86007404
0.02729144502,0.9662853479,-11.87160778
0.02730144502,0.9482116699,-11.88121605
0.02731144502,0.9263958931,-11.88897228
0.02731269502,0.9234099388,-11.88987064
0.02731519502,0.9172672629,-11.89155293
0.02731582002,0.9156962037,-11.89195728
0.02731707002,0.9125117064,-11.89275837
0.02731738252,0.9117068052,-11.89295483
0.02731800752,0.9100863934,-11.89334583
0.02731816377,0.9096791148,-11.89344215
0.02731847627,0.9088618755,-11.8936348
0.02731858973,0.9085643291,8.234059334
0.02731865827,0.9083843231,13.65981293
0.02731871507,0.9082350135,10.78782749
0.02731873891,0.908172369,11.81605053
0.0273187619,0.9081118703,11.71956348
0.02731878616,0.9080480337,11.72733402
0.02731881347,0.9079761505,11.72659874
0.02731886808,0.9078323245,11.72698402
0.02731897731,0.9075443149,11.72731495
0.02731919577,0.9069669843,11.72823048
0.02731963268,0.9058073163,11.72984886
0.02732050651,0.9034674168,11.73322296
0.02732225416,0.8987060785,11.73963451
0.02732574947,0.8888587952,11.75197792
0.02733274009,0.8678830862,11.7741375
0.02734274009,0.8349781632,11.80114269
0.02735274009,0.7987779975,11.82322598
0.02736274009,0.7594254017,11.84145927
0.02737274009,0.7170756459,11.8563385
0.02738274009,0.6718959808,11.8686552
0.02739274009,0.6240646243,11.87867546
0.02740274009,0.5737704039,11.88700104
0.02741274009,0.5212117434,11.89374256
0.02741289634,0.5203736424,11.89386272
0.02741320884,0.5186959505,-10.32643032
0.02741329502,0.518232882,-12.60538483
0.02741338097,0.517770946,-11.17512989
0.02741342527,0.5175328255,-11.93899345
0.02741347001,0.5172922611,-11.64443779
0.02741351609,0.517044425,-11.76026821
0.02741356353,0.5167893171,-11.71362495
0.02741364086,0.5163732767,-11.7357626
0.02741375524,0.5157576799,-11.72231579
0.0274139742,0.5145785213,-11.73371124
0.02741441213,0.5122172832,-11.72619915
0.02741528798,0.5074831247,-11.73809528
0.02741703968,0.4979689121,-11.73625565
0.02742054309,0.4787606597,-11.7566843
0.0274275499,0.4396576285,-11.77076912
0.0274375499,0.3823937774,-11.80565834
0.0274475499,0.3236207962,-11.81968021
0.0274575499,0.2635706365,-11.84577274
0.0274675499,0.2024803013,-11.85268497
0.0274775499,0.1405908465,-11.87282276
0.0274875499,0.07814655453,-11.87495804
0.0274975499,0.01539385412,-11.89105892
0.0275075499,-0.04741960019,-11.88999271
0.02750759052,-0.04767456651,7.120345592
0.02750767177,-0.04818448797,14.53496265
0.0275076992,-0.04835661128,11.26424789
0.02750771557,-0.04845934361,11.68360329
0.02750773059,-0.04855361581,11.7203989
0.02750774709,-0.04865716025,11.72566032
0.02750778008,-0.04886424169,11.72641754
0.02750784608,-0.04927840084,11.72647953
0.02750797807,-0.05010669306,11.72711182
0.02750824205,-0.05176317319,11.72803974
0.02750877001,-0.05507570505,11.73015404
0.02750982593,-0.06169891357,11.73407078
0.02751193777,-0.07493688911,11.74189758
0.02751616145,-0.1013709307,11.75639439
0.0275246088,-0.1540062875,11.78227234
0.0275346088,-0.2157438099,11.80770683
0.0275446088,-0.276629895,11.82873344
0.0275546088,-0.3364242315,11.84586716
0.0275646088,-0.3948908746,11.86007404
0.0275746088,-0.4517990649,11.87160778
0.0275846088,-0.506924212,11.88121605
0.0275946088,-0.560048759,11.88897228
0.0275958588,-0.5665380955,11.88987064
0.0275983588,-0.5794116259,11.89155293
0.0275989838,-0.5826077461,11.89195728
0.0276002338,-0.588973105,11.89275837
0.0276005463,-0.5905587673,11.89295483
0.0276011713,-0.5937232375,11.89334583
0.02760132755,-0.5945129395,11.89344215
0.02760164005,-0.5960906148,11.8936348
0.02760175351,-0.5966628194,-8.234059334
0.02760182205,-0.5970083475,-13.65981293
0.02760187885,-0.5972946882,-10.78782749
0.02760190269,-0.5974147916,-11.81605053
0.02760192568,-0.597530663,-11.71956348
0.02760194994,-0.5976528525,-11.72733402
0.02760197725,-0.5977904201,-11.72659874
0.02760203186,-0.5980654359,-11.72698402
0.02760214109,-0.5986153483,-11.72731495
0.02760235955,-0.5997142792,-11.72823048
0.02760279646,-0.601908803,-11.72984886
0.02760367029,-0.6062841415,-11.73322296
0.02760541794,-0.6149799228,-11.73963451
0.02760891325,-0.6321479082,-11.75197792
0.02761590387,-0.6655611992,-11.7741375
0.02762590387,-0.7111111283,-11.80114269
0.02763590387,-0.753854692,-11.82322598
0.02764590387,-0.7936230898,-11.84145927
0.02765590387,-0.8302593827,-11.8563385
0.02766590387,-0.8636190891,-11.8686552
0.02767590387,-0.8935704231,-11.87867546
0.02768590387,-0.9199953079,-11.88700104
0.02769590387,-0.9427893162,-11.89374256
0.02769606012,-0.943116188,-11.89386272
0.02769637262,-0.94376719,10.32643032
0.0276964588,-0.9439460635,12.60538483
0.02769654475,-0.9441241622,11.17512989
0.02769658905,-0.9442158937,11.93899345
0.02769663379,-0.9443084002,11.64443779
0.02769667987,-0.9444036484,11.76026821
0.02769672731,-0.9445015788,11.71362495
0.02769680464,-0.9446610808,11.7357626
0.02769691902,-0.9448966384,11.72231579
0.02769713798,-0.945346117,11.73371124
0.02769757591,-0.9462397099,11.72619915
0.02769845176,-0.9480054975,11.73809528
0.02770020346,-0.9514507651,11.73625565
0.02770370687,-0.9579952359,11.7566843
0.02771071368,-0.9696885943,11.77076912
0.02772071368,-0.98311764,11.80565834
0.02773071368,-0.9926667213,11.81968021
0.02774071368,-0.9982982278,11.84577274
0.02775071368,-0.9999899268,11.85268497
0.02776071368,-0.9977351427,11.87282276
0.02777071368,-0.991542697,11.87495804
0.02778071368,-0.9814371467,11.89105892
0.02779071368,-0.9674582481,11.88999271
0.0277907543,-0.9673936367,-7.120345592
0.02779083555,-0.967264235,-14.53496265
0.02779086298,-0.9672204852,-11.26424789
0.02779087935,-0.9671943784,-11.68360329
0.02779089437,-0.9671703577,-11.7203989
0.02779091087,-0.9671440125,-11.72566032
0.02779094386,-0.9670912623,-11.72641754
0.02779100986,-0.9669857025,-11.72647953
0.02779114185,-0.9667740464,-11.72711182
0.02779140583,-0.9663487077,-11.72803974
0.02779193379,-0.9654900432,-11.73015404
0.02779298971,-0.9637409449,-11.73407078
0.02779510155,-0.9601154923,-11.74189758
0.02779932523,-0.9523581266,-11.75639439
0.02780777258,-0.9348372817,-11.78227234
0.02781777258,-0.9106971622,-11.80770683
0.02782777258,-0.8829629421,-11.82873344
0.02783777258,-0.8517440557,-11.84586716
0.02784777258,-0.8171637058,-11.86007404
0.02785777258,-0.7793584466,-11.87160778
0.02786777258,-0.7384773493,-11.88121605
0.02787777258,-0.6946818829,-11.88897228
0.02787902258,-0.6890109777,-11.88987064
0.02788152258,-0.6775420904,-11.89155293
0.02788214758,-0.6746486425,-11.89195728
0.02788339758,-0.6688305736,-11.89275837
0.02788371008,-0.6673696041,-11.89295483
0.02788433508,-0.6644399166,-11.89334583
0.02788449133,-0.6637058854,-11.89344215
0.02788480383,-0.6622359157,-11.8936348
0.02788491729,-0.6617016196,8.234059334
0.02788498583,-0.6613786817,13.65981293
0.02788504263,-0.6611109376,10.78782749
0.02788506647,-0.6609985232,11.81605053
0.02788508946,-0.6608901024,11.71956348
0.02788511372,-0.6607757211,11.72733402
0.02788514103,-0.6606469154,11.72659874
0.02788519564,-0.6603893042,11.72698402
0.02788530487,-0.6598737836,11.72731495
0.02788552333,-0.6588417888,11.72823048
0.02788596024,-0.6567741632,11.72984886
0.02788683407,-0.652624011,11.73322296
0.02788858172,-0.6442648768,11.73963451
0.02789207703,-0.627314508,11.75197792
0.02789906765,-0.5925144553,11.7741375
0.02790906765,-0.5407637358,11.80114269
0.02791906765,-0.4868789017,11.82322598
0.02792906765,-0.4310725331,11.84145927
0.02793906765,-0.3735649586,11.8563385
0.02794906765,-0.3145830631,11.8686552
0.02795906765,-0.2543596625,11.87867546
0.02796906765,-0.1931324303,11.88700104
0.02797906765,-0.1311429739,11.89374256
0.0279792239,-0.130169645,11.89386272
0.0279795364,-0.1282226145,-10.32643032
0.02797962258,-0.1276855618,-12.60538483
0.02797970853,-0.1271499544,-11.17512989
0.02797975283,-0.126873821,-11.93899345
0.02797979757,-0.1265950352,-11.64443779
0.02797984365,-0.1263077855,-11.76026821
0.02797989109,-0.1260121316,-11.71362495
0.02797996842,-0.1255301088,-11.7357626
0.0279800828,-0.1248170808,-11.72231579
0.02798030176,-0.1234519407,-11.73371124
0.02798073969,-0.1207209527,-11.72619915
0.02798161554,-0.1152562648,-11.73809528
0.02798336724,-0.1043165848,-11.73625565
0.02798687065,-0.08240063488,-11.7566843
0.02799387746,-0.03845959529,-11.77076912
0.02800387746,0.02436035872,-11.80565834
0.02801387746,0.08708417416,-11.81968021
0.02802387746,0.1494643092,-11.84577274
0.02803387746,0.2112545818,-11.85268497
0.02804387746,0.2722111344,-11.87282276
0.02805387746,0.332093358,-11.87495804
0.02806387746,0.3906649947,-11.89105892
0.02807387746,0.447694838,-11.88999271
0.02807391808,0.447923094,7.120345592
0.02807399933,0.448379457,14.53496265
0.02807402676,0.4485334754,11.26424789
0.02807404313,0.4486253858,11.68360329
0.02807405815,0.4487097561,11.7203989
0.02807407465,0.4488023818,11.72566032
0.02807410764,0.4489876628,11.72641754
0.02807417364,0.4493581355,11.72647953
0.02807430563,0.4500988424,11.72711182
0.02807456961,0.4515793622,11.72803974
0.02807509757,0.4545366466,11.73015404
0.02807615349,0.4604361653,11.73407078
0.02807826533,0.4721741378,11.74189758
0.028082489,0.4953986704,11.75639439
0.02809093636,0.540784955,11.78227234
0.02810093636,0.5925347805,11.80770683
0.02811093636,0.641946137,11.82873344
0.02812093636,0.688823998,11.84586716
0.02813093636,0.7329834104,11.86007404
0.02814093636,0.7742500901,11.87160778
0.02815093636,0.8124611378,11.88121605
0.02816093636,0.8474657536,11.88897228
0.02816218636,0.8516088724,11.88987064
0.02816468636,0.8597372174,11.89155293
0.02816531136,0.861736238,11.89195728
0.02816656136,0.8656944036,11.89275837
0.02816687386,0.8666756153,11.89295483
0.02816749886,0.8686279655,11.89334583
0.02816765511,0.8691139817,11.89344215
0.02816796761,0.8700834513,11.8936348
0.02816808107,0.8704346418,-8.234059334
0.02816814961,0.8706465364,-13.65981293
0.02816820641,0.870822072,-10.78782749
0.02816823025,0.8708956838,-11.81605053
0.02816825324,0.8709666729,-11.71956348
0.0281682775,0.8710415363,-11.72733402
0.02816830481,0.8711258173,-11.72659874
0.02816835942,0.87129426,-11.72698402
0.02816846865,0.8716308475,-11.72731495
0.02816868711,0.8723028302,-11.72823048
0.02816912402,0.8736419082,-11.72984886
0.02816999785,0.8763001561,-11.73322296
0.0281717455,0.8815374374,-11.73963451
0.02817524081,0.8916924,-11.75197792
0.02818223143,0.9107075334,-11.7741375
0.02819223143,0.9348462224,-11.80114269
0.02820223143,0.9552954435,-11.82322598
0.02821223143,0.9719746113,-11.84145927
0.02822223143,0.9848178029,-11.8563385
0.02823223143,0.9937743545,-11.8686552
0.02824223143,0.99880898,-11.87867546
0.02825223143,0.9999017119,-11.88700104
0.02826223143,0.9970483184,-11.89374256
0.02826238768,0.9969724417,-11.89386272
0.02826270018,0.9968178868,10.32643032
0.02826278636,0.9967745543,12.60538483
0.02826287231,0.9967310429,11.17512989
0.02826291661,0.9967085123,11.93899345
0.02826296135,0.9966857433,11.64443779
0.02826300743,0.9966621399,11.76026821
0.02826305487,0.9966377616,11.71362495
0.0282631322,0.9965978265,11.7357626
0.02826324658,0.996538341,11.72231579
0.02826346554,0.9964230061,11.73371124
0.02826390347,0.9961867332,11.72619915
0.02826477932,0.9956914783,11.73809528
0.02826653102,0.9946106076,11.73625565
0.02827003443,0.992087543,11.7566843
0.02827704123,0.9856008291,11.77076912
0.02828704123,0.9730387926,11.80565834
0.02829704123,0.9566366076,11.81968021
0.02830704123,0.9364590645,11.84577274
0.02831704123,0.9125856757,11.85268497
0.02832704123,0.8851107955,11.87282276
0.02833704123,0.8541427255,11.87495804
0.02834704123,0.8198037744,11.89105892
0.02835704123,0.7822294235,11.88999271
0.02835708186,0.7820703983,-7.120345592
0.02835716311,0.7817521095,-14.53496265
0.02835719054,0.7816446424,-11.26424789
0.02835720691,0.7815805078,-11.68360329
0.02835722193,0.7815216184,-11.7203989
0.02835723843,0.7814569473,-11.72566032
0.02835727142,0.7813275456,-11.72641754
0.02835733742,0.7810686827,-11.72647953
0.02835746941,0.7805505991,-11.72711182
0.02835773339,0.7795127034,-11.72803974
0.02835826135,0.7774305344,-11.73015404
0.02835931727,0.7732405066,-11.73407078
0.02836142911,0.7647585869,-11.74189758
0.02836565278,0.7473923564,-11.75639439
0.02837410014,0.7110934258,-11.78227234
0.02838410014,0.6655423641,-11.80770683
0.02839410014,0.6173647642,-11.82873344
0.02840410014,0.5667506456,-11.84586716
0.02841410014,0.5138998628,-11.86007404
0.02842410014,0.4590209424,-11.87160778
0.02843410014,0.402330488,-11.88121605
0.02844410014,0.3440521955,-11.88897228
0.02844535014,0.3366671503,-11.88987064
0.02844785014,0.3218352497,-11.89155293
0.02844847514,0.3181147277,-11.89195728
0.02844972514,0.3106589913,-11.89275837
0.02845003764,0.3087920547,-11.89295483
0.02845066264,0.305054605,-11.89334583
0.02845081889,0.3041194975,-11.89344215
0.02845113139,0.3022484183,-11.8936348
0.02845124485,0.301568836,8.234059334
0.02845131339,0.3011582196,13.65981293
0.02845137019,0.3008178473,10.78782749
0.02845139403,0.3006749749,11.81605053
0.02845141702,0.3005371988,11.71956348
0.02845144128,0.3003918231,11.72733402
0.02845146859,0.3002281785,11.72659874
0.0284515232,0.2999008298,11.72698402
0.02845163243,0.299246043,11.72731495
0.02845185089,0.2979360521,11.72823048
0.0284522878,0.2953144014,11.72984886
0.02845316163,0.2900644243,11.73322296
0.02845490928,0.2795384228,11.73963451
0.02845840459,0.2583865523,11.75197792
0.02846539521,0.2157191932,11.7741375
0.02847539521,0.1539813727,11.80114269
0.02848539521,0.09163586795,11.82322598
0.02849539521,0.02892871015,11.84145927
0.02850539521,-0.0338926129,11.8563385
0.02851539521,-0.09658017755,11.8686552
0.02852539521,-0.1588865817,11.87867546
0.02853539521,-0.2205659449,11.88700104
0.02854539521,-0.2813748121,11.89374256
0.02854555146,-0.2823167741,11.89386272
0.02854586396,-0.2841998637,-10.32643032
0.02854595014,-0.2847189903,-12.60538483
0.02854603609,-0.2852365971,-11.17512989
0.02854608039,-0.2855033875,-11.93899345
0.02854612513,-0.2857727408,-11.64443779
0.02854617121,-0.2860502303,-11.76026821
0.02854621865,-0.2863358259,-11.71362495
0.02854629598,-0.2868013084,-11.7357626
0.02854641036,-0.2874897122,-11.72231579
0.02854662932,-0.2888071537,-11.73371124
0.02854706725,-0.2914403677,-11.72619915
0.0285479431,-0.2967001796,-11.73809528
0.0285496948,-0.3071926534,-11.73625565
0.02855319821,-0.3280647099,-11.7566843
0.02856020501,-0.3693219423,-11.77076912
0.02857020501,-0.4269444942,-11.80565834
0.02858020501,-0.4828820825,-11.81968021
0.02859020501,-0.536913991,-11.84577274
0.02860020501,-0.5888268948,-11.85268497
0.02861020501,-0.6384159923,-11.87282276
0.02862020501,-0.6854855418,-11.87495804
0.02863020501,-0.7298498154,-11.89105892
0.02864020501,-0.7713336945,-11.88999271
0.02864024564,-0.7714961171,7.120345592
0.02864032689,-0.7718208432,14.53496265
0.02864035432,-0.7719303966,11.26424789
0.02864037069,-0.7719957829,11.68360329
0.02864038571,-0.7720557451,11.7203989
0.02864040221,-0.7721216083,11.72566032
0.0286404352,-0.7722533941,11.72641754
0.0286405012,-0.7725167274,11.72647953
0.02864063319,-0.7730430961,11.72711182
0.02864089717,-0.7740941644,11.72803974
0.02864142513,-0.7761899829,11.73015404
0.02864248105,-0.7803559303,11.73407078
0.02864459289,-0.7885846496,11.74189758
0.02864881656,-0.8046240211,11.75639439
0.02865726392,-0.8349920511,11.78227234
0.02866726392,-0.8678956032,11.80770683
0.02867726392,-0.8973740339,11.82873344
0.02868726392,-0.9233108759,11.84586716
0.02869726392,-0.9456038475,11.86007404
0.02870726392,-0.9641649723,11.87160778
0.02871726392,-0.9789209366,11.88121605
0.02872726392,-0.9898135662,11.88897228
0.02872851392,-0.9909011722,11.88987064
0.02873101392,-0.9928930402,11.89155293
0.02873163892,-0.9933527112,11.89195728
0.02873288892,-0.9942261577,11.89275837
0.02873320142,-0.9944348931,11.89295483
0.02873382642,-0.9948409796,11.89334583
0.02873398267,-0.9949401021,11.89344215
0.02873429517,-0.9951354265,11.8936348
0.02873440863,-0.9952054024,-8.234059334
0.02873447717,-0.9952474236,-13.65981293
0.02873453397,-0.9952821136,-10.78782749
0.02873455781,-0.9952966571,-11.81605053
0.0287345808,-0.9953106642,-11.71956348
0.02873460506,-0.9953253865,-11.72733402
0.02873463237,-0.9953419566,-11.72659874
0.02873468698,-0.9953749776,-11.72698402
0.02873479621,-0.9954406619,-11.72731495
0.02873501467,-0.9955706596,-11.72823048
0.02873545158,-0.9958249927,-11.72984886
0.02873632541,-0.9963111281,-11.73322296
0.02873807306,-0.9971933961,-11.73963451
0.02874156837,-0.9985970259,-11.75197792
0.02874855899,-0.999958992,-11.7741375
0.02875855899,-0.9985543489,-11.80114269
0.02876855899,-0.9932088256,-11.82322598
0.02877855899,-0.983943522,-11.84145927
0.02878855899,-0.970795095,-11.8563385
0.02879855899,-0.9538154006,-11.8686552
0.02880855899,-0.9330713749,-11.87867546
0.02881855899,-0.9086449742,-11.88700104
0.02882855899,-0.8806325793,-11.89374256
0.02882871524,-0.8801670074,-11.89386272
0.02882902774,-0.8792333007,10.32643032
0.02882911392,-0.8789752126,12.60538483
0.02882919987,-0.8787175417,11.17512989
0.02882924417,-0.8785846233,11.93899345
0.02882928891,-0.8784503937,11.64443779
0.02882933499,-0.8783119917,11.76026821
0.02882938243,-0.8781694174,11.71362495
0.02882945976,-0.8779368997,11.7357626
0.02882957414,-0.8775926232,11.72231579
0.0288297931,-0.8769322038,11.73371124
0.02883023103,-0.8756064773,11.72619915
0.02883110688,-0.8729350567,11.73809528
0.02883285858,-0.867513001,11.73625565
0.02883636198,-0.8563544154,11.7566843
0.02884336879,-0.8327979445,11.77076912
0.02885336879,-0.7963951826,11.80565834
0.02886336879,-0.7568494678,11.81968021
0.02887336879,-0.7143167853,11.84577274
0.02888336879,-0.668964982,11.85268497
0.02889336879,-0.6209731698,11.87282276
0.02890336879,-0.5705305934,11.87495804
0.02891336879,-0.5178363919,11.89105892
0.02892336879,-0.4630985558,11.88999271
0.02892340942,-0.4628723264,-7.120345592
0.02892349067,-0.4624197185,-14.53496265
0.0289235181,-0.462266922,-11.26424789
0.02892353447,-0.4621757269,-11.68360329
0.02892354949,-0.4620920122,-11.7203989
0.02892356599,-0.4620001018,-11.72566032
0.02892359898,-0.4618161917,-11.72641754
0.02892366498,-0.4614483714,-11.72647953
0.02892379697,-0.4607124627,-11.72711182
0.02892406095,-0.4592397213,-11.72803974
0.02892458891,-0.4562904239,-11.73015404
0.02892564483,-0.4503768086,-11.73407078
0.02892775667,-0.438490361,-11.74189758
0.02893198034,-0.4144879878,-11.75639439
0.0289404277,-0.3656246066,-11.78227234
0.0289504277,-0.3064600825,-11.80770683
0.0289604277,-0.2460860908,-11.82873344
0.0289704277,-0.1847409159,-11.84586716
0.0289804277,-0.1226666495,-11.86007404
0.0289904277,-0.06010827422,-11.87160778
0.0290004277,0.00268732151,-11.88121605
0.0290104277,0.06547231227,-11.88897228
0.0290116777,0.07330734283,-11.88987064
0.0290141777,0.08896335214,-11.89155293
0.0290148027,0.09287407994,-11.89195728
0.0290160527,0.1006911695,-11.89275837
0.0290163652,0.1026444882,-11.89295483
0.0290169902,0.1065499336,-11.89334583
0.02901714645,0.1075260416,-11.89344215
0.02901745895,0.1094779447,-11.8936348
0.02901757241,0.1101865023,8.234059334
0.02901764095,0.1106145084,13.65981293
0.02901769775,0.1109692305,10.78782749
0.02901772159,0.1111180931,11.81605053
0.02901774458,0.1112616658,11.71956348
0.02901776884,0.1114131287,11.72733402
0.02901779615,0.1115836352,11.72659874
0.02901785076,0.1119246408,11.72698402
0.02901795999,0.1126065999,11.72731495
0.02901817845,0.1139703691,11.72823048
0.02901861536,0.1166972592,11.72984886
0.02901948919,0.1221483797,11.73322296
0.02902123684,0.1330394,11.73963451
0.02902473215,0.1547720283,11.75197792
0.02903172277,0.1980028749,11.7741375
0.02904172277,0.2591595352,11.80114269
0.02905172277,0.3192933798,11.82322598
0.02906172277,0.3781671524,11.84145927
0.02907172277,0.4355484545,11.8563385
0.02908172277,0.4912108481,11.8686552
0.02909172277,0.5449346304,11.87867546
0.02910172277,0.5965078473,11.88700104
0.02911172277,0.6457269192,11.89374256
0.02911187902,0.6464762092,11.89386272
0.02911219152,0.647973001,-10.32643032
0.0291122777,0.6483853459,-12.60538483
0.02911236365,0.6487963796,-11.17512989
0.02911240795,0.6490081549,-11.93899345
0.02911245269,0.6492219567,-11.64443779
0.02911249877,0.6494421959,-11.76026821
0.02911254621,0.6496688128,-11.71362495
0.02911262354,0.6500380635,-11.7357626
0.02911273792,0.6505840421,-11.72231579
0.02911295688,0.6516282558,-11.73371124
0.02911339481,0.6537129283,-11.72619915
0.02911427066,0.6578674912,-11.73809528
0.02911602236,0.6661166549,-11.73625565
0.02911952576,0.682371974,-11.7566843
0.02912653257,0.7138829231,-11.77076912
0.02913653257,0.7564442754,-11.80565834
0.02914653257,0.7960202694,-11.81968021
0.02915653257,0.8324546814,-11.84577274
0.02916653257,0.8656038046,-11.85268497
0.02917653257,0.8953368068,-11.87282276
0.02918653257,0.9215363264,-11.87495804
0.02919653257,0.9440989494,-11.89105892
0.02920653257,0.9629356265,-11.88999271
0.0292065732,0.9630044699,7.120345592
0.02920665445,0.9631419182,14.53496265
0.02920668188,0.963188231,11.26424789
0.02920669825,0.9632158875,11.68360329
0.02920671327,0.9632412791,11.7203989
0.02920672977,0.9632691145,11.72566032
0.02920676276,0.9633247852,11.72641754
0.02920682876,0.9634359479,11.72647953
0.02920696075,0.9636577964,11.72711182
0.02920722473,0.964099586,11.72803974
0.02920775269,0.9649751782,11.73015404
0.02920880861,0.9666944146,11.73407078
0.02921092045,0.9700052142,11.74189758
0.02921514412,0.9761139154,11.75639439
0.02922359148,0.9862652421,11.78227234
0.02923359148,0.9946901202,11.80770683
0.02924359148,0.9991894364,11.82873344
0.02925359148,0.9997454286,11.84586716
0.02926359148,0.9963558316,11.86007404
0.02927359148,0.9890341163,11.87160778
0.02928359148,0.9778090715,11.88121605
0.02929359148,0.9627251029,11.88897228
0.02929484148,0.9605711102,11.88987064
0.02929734148,0.9560853839,11.89155293
0.02929796648,0.9549270868,11.89195728
0.02929921648,0.9525662661,11.89275837
0.02929952898,0.9519668818,11.89295483
0.02930015398,0.9507570863,11.89334583
0.02930031023,0.9504523873,11.89344215
0.02930062273,0.9498401284,11.8936348
0.02930073619,0.9496169686,-8.234059334
0.02930080473,0.9494819045,-13.65981293
0.02930086153,0.9493698478,-10.78782749
0.02930088537,0.9493227601,-11.81605053
0.02930090836,0.9492773414,-11.71956348
0.02930093262,0.9492294192,-11.72733402
0.02930095993,0.9491754174,-11.72659874
0.02930101454,0.9490673542,-11.72698402
0.02930112377,0.9488509297,-11.72731495
0.02930134223,0.9484166503,-11.72823048
0.02930177914,0.9475427866,-11.72984886
0.02930265297,0.9457736015,-11.73322296
0.02930440062,0.9421497583,-11.73963451
0.02930789593,0.934561789,-11.75197792
0.02931488655,0.9180374742,-11.7741375
0.02932488655,0.8913299441,-11.80114269
0.02933488655,0.8611046672,-11.82322598
0.02934488655,0.8274810314,-11.84145927
0.02935488655,0.7905917168,-11.8563385
0.02936488655,0.7505822778,-11.8686552
0.02937488655,0.7076106668,-11.87867546
0.02938488655,0.6618463993,-11.88700104
0.02939488655,0.6134701371,-11.89374256
0.0293950428,0.6126945615,-11.89386272
0.0293953553,0.6111415625,10.32643032
0.02939544148,0.6107128859,12.60538483
0.02939552743,0.6102851629,11.17512989
0.02939557173,0.6100646257,11.93899345
0.02939561647,0.6098418832,11.64443779
0.02939566255,0.6096124053,11.76026821
0.02939570999,0.6093760729,11.71362495
0.02939578732,0.6089907885,11.7357626
0.0293959017,0.6084206104,11.72231579
0.02939612066,0.6073281765,11.73371124
0.02939655859,0.6051399112,11.72619915
0.02939743444,0.6007496119,11.73809528
0.02939918614,0.5919145942,11.73625565
0.02940268954,0.5740304589,11.7566843
0.02940969635,0.5374366641,11.77076912
0.02941969635,0.4834246635,11.80565834
0.02942969635,0.4275048077,11.81968021
0.02943969635,0.369897753,11.84577274
0.02944969635,0.3108309209,11.85268497
0.02945969635,0.2505373657,11.87282276
0.02946969635,0.1892550439,11.87495804
0.02947969635,0.1272258162,11.89105892
0.02948969635,0.06469450146,11.88999271
0.02948973698,0.06443978101,-7.120345592
0.02948981823,0.06393031776,-14.53496265
0.02948984566,0.06375835091,-11.26424789
0.02948986202,0.06365570426,-11.68360329
0.02948987705,0.06356151402,-11.7203989
0.02948989355,0.06345805526,-11.72566032
0.02948992654,0.06325114518,-11.72641754
0.02948999254,0.06283731014,-11.72647953
0.02949012453,0.06200961024,-11.72711182
0.02949038851,0.06035408378,-11.72803974
0.02949091647,0.05704253539,-11.73015404
0.02949197239,0.05041759461,-11.73407078
0.02949408423,0.0371613428,-11.74189758
0.0294983079,0.01063154917,-11.75639439
0.02950675526,-0.04243181273,-11.78227234
0.02951675526,-0.10508205,-11.80770683
0.02952675526,-0.1673175842,-11.82873344
0.02953675526,-0.2288927734,-11.84586716
0.02954675526,-0.2895646393,-11.86007404
0.02955675526,-0.3490937352,-11.87160778
0.02956675526,-0.4072450995,-11.88121605
0.02957675526,-0.4637892842,-11.88897228
0.02957800526,-0.4707331061,-11.88987064
0.02958050526,-0.4845332205,-11.89155293
0.02958113026,-0.4879646897,-11.89195728
0.02958238026,-0.4948050082,-11.89275837
0.02958269276,-0.4965103567,-11.89295483
0.02958331776,-0.499915272,-11.89334583
0.02958347401,-0.500765264,-11.89344215
0.02958378651,-0.5024638772,-11.8936348
0.02958389997,-0.5030801296,8.234059334
0.02958396851,-0.5034522414,13.65981293
0.02958402531,-0.5037605762,10.78782749
0.02958404915,-0.5038899779,11.81605053
0.02958407214,-0.5040147901,11.71956348
0.0295840964,-0.5041463971,11.72733402
0.02958412371,-0.5042945743,11.72659874
0.02958417832,-0.5045908689,11.72698402
0.02958428755,-0.5051832795,11.72731495
0.02958450601,-0.5063673854,11.72823048
0.02958494292,-0.5087326765,11.72984886
0.02958581675,-0.5134518147,11.73322296
0.0295875644,-0.5228435397,11.73963451
0.02959105971,-0.5414367318,11.75197792
0.02959805033,-0.5778308511,11.7741375
0.02960805033,-0.6279374957,11.80114269
0.02961805033,-0.6755660176,11.82322598
0.02962805033,-0.7205283642,11.84145927
0.02963805033,-0.7626470923,11.8563385
0.02964805033,-0.8017560244,11.8686552
0.02965805033,-0.8377007842,11.87867546
0.02966805033,-0.8703395128,11.88700104
0.02967805033,-0.8995434642,11.89374256
0.02967820658,-0.8999718428,11.89386272
0.02967851908,-0.9008260965,-10.32643032
0.02967860526,-0.901061058,-12.60538483
0.02967869121,-0.9012951255,-11.17512989
0.02967873551,-0.9014157057,-11.93899345
0.02967878025,-0.9015373588,-11.64443779
0.02967882633,-0.9016626477,-11.76026821
0.02967887377,-0.9017914534,-11.71362495
0.0296789511,-0.9020013213,-11.7357626
0.02967906548,-0.9023113847,-11.72231579
0.02967928444,-0.9029036164,-11.73371124
0.02967972237,-0.9040829539,-11.72619915
0.02968059822,-0.9064210653,-11.73809528
0.02968234992,-0.9110147953,-11.73625565
0.02968585332,-0.9198707938,-11.7566843
0.02969286013,-0.9362414479,-11.77076912
0.02970286013,-0.956455946,-11.80565834
0.02971286013,-0.9728956819,-11.81968021
0.02972286013,-0.9854958653,-11.84577274
0.02973286013,-0.9942067266,-11.85268497
0.02974286013,-0.9989939332,-11.87282276
0.02975286013,-0.999838531,-11.87495804
0.02976286013,-0.9967372417,-11.89105892
0.02977286013,-0.9897022843,-11.88999271
0.02977290076,-0.9896657467,7.120345592
0.02977298201,-0.9895923734,14.53496265
0.02977300944,-0.9895675778,11.26424789
0.0297730258,-0.9895527363,11.68360329
0.02977304083,-0.9895391464,11.7203989
0.02977305733,-0.9895241857,11.72566032
0.02977309032,-0.9894942045,11.72641754
0.02977315632,-0.9894341826,11.72647953
0.02977328831,-0.9893136024,11.72711182
0.02977355229,-0.9890704155,11.72803974
0.02977408025,-0.9885758758,11.73015404
0.02977513617,-0.9875541329,11.73407078
0.02977724801,-0.9853802919,11.74189758
0.02978147168,-0.980512619,11.75639439
0.02978991904,-0.9687095284,11.78227234
0.02979991904,-0.9512135983,11.80770683
0.02980991904,-0.9299636483,11.82873344
0.02981991904,-0.9050435424,11.84586716
0.02982991904,-0.8765516281,11.86007404
0.02983991904,-0.8446003795,11.87160778
0.02984991904,-0.8093158603,11.88121605
0.02985991904,-0.7708373666,11.88897228
0.02986116904,-0.76581043,11.88987064
0.02986366904,-0.7556151152,11.89155293
0.02986429404,-0.7530370355,11.89195728
0.02986554404,-0.7478461266,11.89275837
0.02986585654,-0.7465412021,11.89295483
0.02986648154,-0.7439226508,11.89334583
0.02986663779,-0.7432662249,11.89344215
0.02986695029,-0.7419512272,11.8936348
0.02986706375,-0.7414730787,-8.234059334
0.02986713229,-0.7411840558,-13.65981293
0.02986718909,-0.7409443855,-10.78782749
0.02986721293,-0.7408438325,-11.81605053
0.02986723592,-0.7407467365,-11.71956348
0.02986726018,-0.7406443954,-11.72733402
0.02986728749,-0.7405290604,-11.72659874
0.0298673421,-0.74029845,-11.72698402
0.02986745133,-0.7398368716,-11.72731495
0.02986766979,-0.7389127016,-11.72823048
0.0298681067,-0.7370601892,-11.72984886
0.02986898053,-0.7333385348,-11.73322296
0.02987072818,-0.7258290052,-11.73963451
0.02987422349,-0.7105482817,-11.75197792
0.02988121411,-0.6789663434,-11.7741375
0.02989121411,-0.6315276623,-11.80114269
0.02990121411,-0.5815966129,-11.82322598
0.02991121411,-0.5293703079,-11.84145927
0.02992121411,-0.4750548303,-11.8563385
0.02993121411,-0.4188645184,-11.8686552
0.02994121411,-0.3610211313,-11.87867546
0.02995121411,-0.3017529547,-11.88700104
0.02996121411,-0.2412939072,-11.89374256
0.02996137036,-0.2403410524,-11.89386272
0.02996168286,-0.2384346426,10.32643032
0.02996176904,-0.2379087359,12.60538483
0.02996185499,-0.2373841852,11.17512989
0.02996189929,-0.2371137589,11.93899345
0.02996194403,-0.23684071,11.64443779
0.02996199011,-0.2365593612,11.76026821
0.02996203755,-0.2362697721,11.71362495
0.02996211488,-0.2357976288,11.7357626
0.02996222926,-0.2350991517,11.72231579
0.02996244822,-0.233761698,11.73371124
0.02996288615,-0.2310854942,11.72619915
0.029963762,-0.2257278264,11.73809528
0.0299655137,-0.2149921656,11.73625565
0.0299690171,-0.1934440285,11.7566843
0.02997602391,-0.1500770301,11.77076912
0.02998602391,-0.08770151436,11.80565834
0.02999602391,-0.0249798838,11.81968021
0.03000602391,0.03784033284,11.84577274
0.03001602391,0.1005112156,11.85268497
0.03002602391,0.1627854258,11.87282276
0.03003602391,0.2244171947,11.87495804
0.03004602391,0.2851632833,11.89105892
0.03005602391,0.3447839618,11.88999271
0.03005606454,0.3450235724,-7.120345592
0.03005614579,0.3455026746,-14.53496265
0.03005617322,0.345664382,-11.26424789
0.03005618958,0.3457608819,-11.68360329
0.03005620461,0.3458494544,-11.7203989
0.03005622111,0.3459467292,-11.72566032
0.0300562541,0.3461412489,-11.72641754
0.0300563201,0.3465302289,-11.72647953
0.03005645209,0.3473080397,-11.72711182
0.03005671607,0.348862946,-11.72803974
0.03005724403,0.3519698977,-11.73015404
0.03005829995,0.3581720889,-11.73407078
0.03006041179,0.3705289662,-11.74189758
0.03006463546,0.3950447738,-11.75639439
0.03007308282,0.4432247579,-11.78227234
0.03008308282,0.4986362457,-11.80770683
0.03009308282,0.5520798564,-11.82873344
0.03010308282,0.6033446193,-11.84586716
0.03011308282,0.6522282958,-11.86007404
0.03012308282,0.6985378861,-11.87160778
0.03013308282,0.7420907021,-11.88121605
0.03014308282,0.7827147841,-11.88897228
0.03014433282,0.7875787616,-11.88987064
0.03014683282,0.7971606851,-11.89155293
0.03014745782,0.7995254993,-11.89195728
0.03014870782,0.804218173,-11.89275837
0.03014902032,0.805383563,-11.89295483
0.03014964532,0.8077051044,-11.89334583
0.03014980157,0.8082835078,-11.89344215
0.03015011407,0.8094380498,-11.8936348
0.03015022753,0.8098564744,8.234059334
0.03015029607,0.8101090193,13.65981293
0.03015035287,0.8103182316,10.78782749
0.03015037671,0.8104059696,11.81605053
0.0301503997,0.8104906082,11.71956348
0.03015042396,0.810579896,11.72733402
0.03015045127,0.8106803298,11.72659874
0.03015050588,0.8108811975,11.72698402
0.03015061511,0.8112826347,11.72731495
0.03015083357,0.8120843768,11.72823048
0.03015127048,0.8136832714,11.72984886
0.03015214431,0.8168625832,11.73322296
0.03015389196,0.8231473565,11.73963451
0.03015738727,0.8354182839,11.75197792
0.03016437789,0.8587456942,11.7741375
0.03017437789,0.8892251253,11.80114269
0.03018437789,0.9161952138,11.82322598
0.03019437789,0.9395495057,11.84145927
0.03020437789,0.9591957927,11.8563385
0.03021437789,0.9750566483,11.8686552
0.03022437789,0.9870693088,11.87867546
0.03023437789,0.9951865077,11.88700104
0.03024437789,0.9993761182,11.89374256
0.03024453414,0.9994103312,11.89386272
0.03024484664,0.9994758368,-10.32643032
0.03024493282,0.9994932413,-12.60538483
0.03024501877,0.9995102286,-11.17512989
0.03024506307,0.9995189309,-11.93899345
0.03024510781,0.9995276332,-11.64443779
0.03024515389,0.9995364547,-11.76026821
0.03024520133,0.9995455146,-11.71362495
0.03024527866,0.9995599985,-11.7357626
0.03024539304,0.9995810986,-11.72231579
0.030245612,0.9996199608,-11.73371124
0.03024604993,0.9996920228,-11.72619915
0.03024692578,0.9998134375,-11.73809528
0.03024867748,0.9999654889,-11.73625565
0.03025218088,0.9999061227,-11.7566843
0.03025918769,0.998334229,-11.77076912
0.03026918769,0.9927414656,-11.80565834
0.03027918769,0.9832308292,-11.81968021
0.03028918769,0.9698398113,-11.84577274
0.03029918769,0.9526212811,-11.85268497
0.03030918769,0.9316432476,-11.87282276
0.03031918769,0.9069883823,-11.87495804
0.03032918769,0.8787540793,-11.89105892
0.03033918769,0.8470516801,-11.88999271
0.03033922832,0.8469160199,7.120345592
0.03033930957,0.8466444612,14.53496265
0.030339337,0.8465527296,11.26424789
0.03033935336,0.8464979529,11.68360329
0.03033936839,0.8464477062,11.7203989
0.03033938489,0.8463925123,11.72566032
0.03033941788,0.8462820649,11.72641754
0.03033948388,0.8460611105,11.72647953
0.03033961587,0.8456187248,11.72711182
0.03033987985,0.8447322249,11.72803974
0.03034040781,0.8429521918,11.73015404
0.03034146373,0.8393643498,11.73407078
0.03034357557,0.8320780396,11.74189758
0.03034779924,0.8170671463,11.75639439
0.0303562466,0.7853301764,11.78227234
0.0303662466,0.7449083328,11.80770683
0.0303762466,0.701546669,11.82873344
0.0303862466,0.6554163098,11.84586716
0.0303962466,0.6066993475,11.86007404
0.0304062466,0.555588007,11.87160778
0.0304162466,0.5022839904,11.88121605
0.0304262466,0.4469977319,11.88897228
0.0304274966,0.4399583638,11.88987064
0.0304299966,0.4257986248,11.89155293
0.0304306216,0.4222421348,11.89195728
0.0304318716,0.415109694,11.89275837
0.0304321841,0.4133225381,11.89295483
0.0304328091,0.4097435176,11.89334583
0.03043296535,0.408847779,11.89344215
0.03043327785,0.4070550799,11.8936348
0.03043339131,0.4064038396,-8.234059334
0.03043345985,0.4060103297,-13.65981293
0.03043351665,0.4056841433,-10.78782749
0.03043354049,0.4055472314,-11.81605053
0.03043356348,0.4054151475,-11.71956348
0.03043358774,0.4052758217,-11.72733402
0.03043361505,0.4051189721,-11.72659874
0.03043366966,0.4048052132,-11.72698402
0.03043377889,0.4041775763,-11.72731495
0.03043399735,0.4029216766,-11.72823048
0.03043443426,0.4004076719,-11.72984886
0.03043530809,0.3953705728,-11.73322296
0.03043705574,0.3852608204,-11.73963451
0.03044055105,0.3649031222,-11.75197792
0.03044754167,0.3236697018,-11.7741375
0.03045754167,0.2636204958,-11.80114269
0.03046754167,0.2025309056,-11.82322598
0.03047754167,0.1406420171,-11.84145927
0.03048754167,0.07819808275,-11.8563385
0.03049754167,0.01544553041,-11.8686552
0.03050754167,-0.04736797512,-11.87867546
0.03051754167,-0.1099945456,-11.88700104
0.03052754167,-0.1721870154,-11.89374256
0.03052769792,-0.1731540114,-11.89386272
0.03052801042,-0.1750875115,10.32643032
0.0305280966,-0.1756206155,12.60538483
0.03052818255,-0.1761522293,11.17512989
0.03052822685,-0.1764262319,11.93899345
0.03052827159,-0.1767028868,11.64443779
0.03052831767,-0.1769878864,11.76026821
0.03052836511,-0.1772812158,11.71362495
0.03052844244,-0.1777593791,11.7357626
0.03052855682,-0.1784665585,11.72231579
0.03052877578,-0.1798200905,11.73371124
0.03052921371,-0.1825261265,11.72619915
0.03053008956,-0.1879340261,11.73809528
0.03053184126,-0.1987325847,11.73625565
0.03053534466,-0.2202561647,11.7566843
0.03054235147,-0.2629728019,11.77076912
0.03055235147,-0.3230343759,11.80565834
0.03056235147,-0.3818210959,11.81968021
0.03057235147,-0.4391009212,11.84577274
0.03058235147,-0.4946478307,11.85268497
0.03059235147,-0.548242569,11.87282276
0.03060235147,-0.5996736884,11.87495804
0.03061235147,-0.6487381458,11.89105892
0.03062235147,-0.6952423453,11.88999271
0.0306223921,-0.6954257488,-7.120345592
0.03062247335,-0.6957925558,-14.53496265
0.03062250078,-0.6959162951,-11.26424789
0.03062251714,-0.6959901452,-11.68360329
0.03062253217,-0.6960579157,-11.7203989
0.03062254867,-0.6961323619,-11.72566032
0.03062258166,-0.6962811947,-11.72641754
0.03062264766,-0.6965787411,-11.72647953
0.03062277965,-0.6971735358,-11.72711182
0.03062304363,-0.6983616352,-11.72803974
0.03062357159,-0.7007321119,-11.73015404
0.03062462751,-0.7054498792,-11.73407078
0.03062673935,-0.7147921324,-11.74189758
0.03063096302,-0.7330973744,-11.75639439
0.03063941038,-0.7681465149,-11.78227234
0.03064941038,-0.8068338633,-11.80770683
0.03065941038,-0.8423370719,-11.82873344
0.03066941038,-0.8745159507,-11.84586716
0.03067941038,-0.9032434821,-11.86007404
0.03068941038,-0.9284062982,-11.87160778
0.03069941038,-0.9499051571,-11.88121605
0.03070941038,-0.9676551819,-11.88897228
0.03071066038,-0.9696066976,-11.88987064
0.03071316038,-0.9733301997,-11.89155293
0.03071378538,-0.9742235541,-11.89195728
0.03071503538,-0.9759652019,-11.89275837
0.03071534788,-0.9763912559,-11.89295483
0.03071597288,-0.9772319794,-11.89334583
0.03071612913,-0.9774398208,-11.89344215
0.03071644163,-0.9778526425,-11.8936348
0.03071655509,-0.9780015945,8.234059334
0.03071662363,-0.9780913591,13.65981293
0.03071668043,-0.9781655669,10.78782749
0.03071670427,-0.9781966805,11.81605053
0.03071672726,-0.9782266617,11.71956348
0.03071675152,-0.9782583117,11.72733402
0.03071677883,-0.9782938957,11.72659874
0.03071683344,-0.9783649445,11.72698402
0.03071694267,-0.9785066843,11.72731495
0.03071716113,-0.9787887931,11.72823048
0.03071759804,-0.979347527,11.72984886
0.03071847187,-0.9804428816,11.73322296
0.03072021952,-0.9825447798,11.73963451
0.03072371483,-0.9863929749,11.75197792
0.03073070545,-0.9926604629,11.7741375
0.03074070545,-0.9982952476,11.80114269
0.03075070545,-0.9999901652,11.82322598
0.03076070545,-0.9977385998,11.84145927
0.03077070545,-0.9915494323,11.8563385
0.03078070545,-0.981447041,11.8686552
0.03079070545,-0.9674713612,11.87867546
0.03080070545,-0.9496774673,11.88700104
0.03081070545,-0.9281356335,11.89374256
0.0308108617,-0.9277697802,11.89386272
0.0308111742,-0.9270352721,-10.32643032
0.03081126038,-0.9268320799,-12.60538483
0.03081134633,-0.9266291857,-11.17512989
0.03081139063,-0.9265245199,-11.93899345
0.03081143536,-0.9264187217,-11.64443779
0.03081148145,-0.9263096452,-11.76026821
0.03081152889,-0.92619735,-11.71362495
0.03081160622,-0.9260140061,-11.7357626
0.0308117206,-0.925742507,-11.72231579
0.03081193956,-0.9252213836,-11.73371124
0.03081237749,-0.9241738319,-11.72619915
0.03081325334,-0.9220578074,-11.73809528
0.03081500504,-0.9177420735,-11.73625565
0.03081850844,-0.908777535,-11.7566843
0.03082551525,-0.8895320892,-11.77076912
0.03083551525,-0.8590895534,-11.80565834
0.03084551525,-0.8252565265,-11.81968021
0.03085551525,-0.7881666422,-11.84577274
0.03086551525,-0.7479661703,-11.85268497
0.03087551525,-0.704813838,-11.87282276
0.03088551525,-0.6588799953,-11.87495804
0.03089551525,-0.6103457808,-11.89105892
0.03090551525,-0.5594028234,-11.88999271
0.03090555588,-0.559191227,7.120345592
0.03090563713,-0.5587679148,14.53496265
0.03090566456,-0.5586249828,11.26424789
0.03090568092,-0.5585396886,11.68360329
0.03090569595,-0.5584613681,11.7203989
0.03090571245,-0.5583754182,11.72566032
0.03090574544,-0.5582033992,11.72641754
0.03090581144,-0.5578593016,11.72647953
0.03090594343,-0.5571708083,11.72711182
0.03090620741,-0.5557927489,11.72803974
0.03090673537,-0.553031981,11.73015404
0.03090779129,-0.5474922061,11.73407078
0.03090990313,-0.5363405943,11.74189758
0.0309141268,-0.513756156,11.75639439
0.03092257416,-0.467517972,11.78227234
0.03093257416,-0.4110896289,11.80770683
0.03094257416,-0.3530389369,11.82873344
0.03095257416,-0.2935949266,11.84586716
0.03096257416,-0.2329922467,11.86007404
0.03097257416,-0.1714700609,11.87160778
0.03098257416,-0.1092711464,11.88121605
0.03099257416,-0.04664099962,11.88897228
0.03099382416,-0.03879420832,11.88987064
0.03099632416,-0.02309392765,11.89155293
0.03099694916,-0.01916781627,11.89195728
0.03099819916,-0.01131476834,11.89275837
0.03099851166,-0.009351377375,11.89295483
0.03099913666,-0.005424496718,11.89334583
0.03099929291,-0.004442760721,11.89344215
0.03099960541,-0.002479277551,11.8936348
0.03099971887,-0.001766411471,-8.234059334
0.03099978741,-0.001335772104,-13.65981293
0.03099984421,-0.0009788498282,-10.78782749
0.03099986805,-0.0008290651604,-11.81605053
0.03099989104,-0.0006845939788,-11.71956348
0.0309999153,-0.0005321830395,-11.72733402
0.03099994261,-0.0003606074606,-11.72659874
0.03099999722,-1.745631744e-05,-11.72698402
0.03100010645,0.0006688459544,-11.72731495
0.03100032491,0.002041449305,-11.72823048
0.03100076182,0.004786641803,-11.72984886
0.03100163565,0.01027689781,-11.73322296
0.0310033833,0.02125631459,-11.73963451
0.03100687861,0.04320613667,-11.75197792
0.03101386923,0.08703269064,-11.7741375
0.03102386923,0.1494132131,-11.80114269
0.03103386923,0.2112040669,-11.82322598
0.03104386923,0.2721613944,-11.84145927
0.03105386923,0.3320446312,-11.8563385
0.03106386923,0.3906174302,-11.8686552
0.03107386923,0.4476486444,-11.87867546
0.03108386923,0.502913177,-11.88700104
0.03109386923,0.5561929941,-11.89374256
0.03109402548,0.5570085645,-11.89386272
0.03109433798,0.5586382151,10.32643032
0.03109442416,0.5590872169,12.60538483
0.03109451011,0.5595349073,11.17512989
0.03109455441,0.5597655773,11.93899345
0.03109459914,0.5599984527,11.64443779
0.03109464523,0.5602383614,11.76026821
0.03109469267,0.5604851842,11.71362495
0.03109477,0.5608875155,11.7357626
0.03109488438,0.5614823699,11.72231579
0.03109510334,0.5626202822,11.73371124
0.03109554127,0.5648928881,11.72619915
0.03109641712,0.5694253445,11.73809528
0.03109816882,0.578438282,11.73625565
0.03110167222,0.5962529182,11.7566843
0.03110867903,0.6310069561,11.77076912
0.03111867903,0.6784732342,11.80565834
0.03112867903,0.7232619524,11.81968021
0.03113867903,0.7651962042,11.84577274
0.03114867903,0.8041106462,11.85268497
0.03115867903,0.8398516178,11.87282276
0.03116867903,0.8722780347,11.87495804
0.03117867903,0.9012619853,11.89105892
0.03118867903,0.9266890883,11.88999271
0.03118871966,0.9267849922,-7.120345592
0.03118880091,0.9269766212,-14.53496265
0.03118882834,0.9270412326,-11.26424789
0.0311888447,0.9270797968,-11.68360329
0.03118885973,0.927115202,-11.7203989
0.03118887623,0.9271540642,-11.72566032
0.03118890922,0.927231729,-11.72641754
0.03118897522,0.9273869395,-11.72647953
0.03118910721,0.9276968241,-11.72711182
0.03118937119,0.928314805,-11.72803974
0.03118989915,0.9295430183,-11.73015404
0.03119095507,0.9319688082,-11.73407078
0.03119306691,0.936697185,-11.74189758
0.03119729058,0.9456583261,-11.75639439
0.03120573794,0.9615769386,-11.78227234
0.03121573794,0.9769177437,-11.80770683
0.03122573794,0.9884030223,-11.82873344
0.03123573794,0.9959875941,-11.84586716
0.03124573794,0.9996414781,-11.86007404
0.03125573794,0.9993501902,-11.87160778
0.03126573794,0.9951149225,-11.88121605
0.03127573794,0.986952424,-11.88897228
0.03127698794,0.9856573939,-11.88987064
0.03127948794,0.9828850627,-11.89155293
0.03128011294,0.9821540117,-11.89195728
0.03128136294,0.9806466103,-11.89275837
0.03128167544,0.980260253,-11.89295483
0.03128230044,0.9794763327,-11.89334583
0.03128245669,0.9792779684,-11.89344215
0.03128276919,0.9788784385,-11.8936348
0.03128288265,0.9787324071,8.234059334
0.03128295119,0.9786440134,13.65981293
0.03128300799,0.9785705805,10.78782749
0.03128303183,0.9785397053,11.81605053
0.03128305482,0.9785099626,11.71956348
0.03128307908,0.9784784913,11.72733402
0.03128310639,0.9784430861,11.72659874
0.031283161,0.9783721566,11.72698402
0.03128327023,0.9782299399,11.72731495
0.03128348869,0.9779441953,11.72823048
0.0312839256,0.9773671031,11.72984886
0.03128479943,0.9761909246,11.73322296
0.03128654708,0.9737502337,11.73963451
0.03129004239,0.9685168862,11.75197792
0.03129703301,0.9566516876,11.7741375
0.03130703301,0.9364771843,11.80114269
0.03131703301,0.9126068354,11.82322598
0.03132703301,0.8851348162,11.84145927
0.03133703301,0.8541696072,11.8563385
0.03134703301,0.8198333383,11.8686552
0.03135703301,0.78226161,11.87867546
0.03136703301,0.7416026592,11.88700104
0.03137703301,0.6980169415,11.89374256
0.03137718926,0.6973135471,11.89386272
0.03137750176,0.695904851,-10.32643032
0.03137758794,0.695515871,-12.60538483
0.03137767389,0.6951277852,-11.17512989
0.03137771819,0.6949276328,-11.93899345
0.03137776292,0.6947255135,-11.64443779
0.03137780901,0.6945171952,-11.76026821
0.03137785645,0.6943027377,-11.71362495
0.03137793378,0.6939529777,-11.7357626
0.03137804816,0.6934353113,-11.72231579
0.03137826712,0.6924433708,-11.73371124
0.03137870505,0.6904556155,-11.72619915
0.0313795809,0.6864643097,-11.73809528
0.0313813326,0.6784195304,-11.73625565
0.031384836,0.6620844603,-11.7566843
0.03139184281,0.6284598708,-11.77076912
0.03140184281,0.5783786774,-11.80565834
0.03141184281,0.5260148644,-11.81968021
0.03142184281,0.4715750813,-11.84577274
0.03143184281,0.4152742326,-11.85268497
0.03144184281,0.3573344648,-11.87282276
0.03145184281,0.2979844809,-11.87495804
0.03146184281,0.2374584973,-11.89105892
0.03147184281,0.1759953648,-11.88999271
0.03147188344,0.1757440865,7.120345592
0.03147196469,0.1752415001,14.53496265
0.03147199211,0.1750718355,11.26424789
0.03147200848,0.1749705672,11.68360329
0.03147202351,0.1748776436,11.7203989
0.03147204,0.1747755706,11.72566032
0.031472073,0.1745714396,11.72641754
0.031472139,0.1741631329,11.72647953
0.03147227099,0.1733464301,11.72711182
0.03147253497,0.1717126667,11.72803974
0.03147306293,0.1684437245,11.73015404
0.03147411885,0.1619003266,11.73407078
0.03147623069,0.1487924457,11.74189758
0.03148045436,0.1225003824,11.75639439
0.03148890172,0.06967604905,11.78227234
0.03149890172,0.006900641136,11.80770683
0.03150890172,-0.05590200052,11.82873344
0.03151890172,-0.1184840202,11.84586716
0.03152890172,-0.1805984378,11.86007404
0.03153890172,-0.2420001179,11.87160778
0.03154890172,-0.302446723,11.88121605
0.03155890172,-0.3616997302,11.88897228
0.03156015172,-0.3690107167,11.88987064
0.03156265172,-0.3835639656,11.89155293
0.03156327672,-0.3871876597,11.89195728
0.03156452672,-0.3944170177,11.89275837
0.03156483922,-0.3962205648,11.89295483
0.03156546422,-0.3998230994,11.89334583
0.03156562047,-0.4007227421,11.89344215
0.03156593297,-0.4025209248,11.8936348
0.03156604643,-0.4031733871,-8.234059334
0.03156611497,-0.4035674632,-13.65981293
0.03156617177,-0.4038939774,-10.78782749
0.03156619561,-0.4040310085,-11.81605053
0.0315662186,-0.404163152,-11.71956348
0.03156624286,-0.4043025672,-11.72733402
0.03156627017,-0.4044594765,-11.72659874
0.03156632478,-0.4047732949,-11.72698402
0.03156643401,-0.405400753,-11.72731495
0.03156665247,-0.4066551328,-11.72823048
0.03156708938,-0.4091615677,-11.72984886
0.03156796321,-0.414165169,-11.73322296
0.03156971086,-0.4241347909,-11.73963451
0.03157320617,-0.4439193904,-11.75197792
0.03158019679,-0.4828368127,-11.7741375
0.03159019679,-0.5368703604,-11.80114269
0.03160019679,-0.5887851119,-11.82322598
0.03161019679,-0.638376236,-11.84145927
0.03162019679,-0.6854479313,-11.8563385
0.03163019679,-0.7298144698,-11.8686552
0.03164019679,-0.7713007927,-11.87867546
0.03165019679,-0.809743166,-11.88700104
0.03166019679,-0.8449898362,-11.89374256
0.03166035304,-0.8455144167,-11.89386272
0.03166066554,-0.8465611935,10.32643032
0.03166075172,-0.8468493223,12.60538483
0.03166083767,-0.8471363783,11.17512989
0.03166088197,-0.8472842574,11.93899345
0.0316609267,-0.8474335074,11.64443779
0.03166097279,-0.8475872278,11.76026821
0.03166102023,-0.8477453589,11.71362495
0.03166109756,-0.8480029702,11.7357626
0.03166121194,-0.8483836055,11.72231579
0.0316614309,-0.8491111398,11.73371124
0.03166186883,-0.8505613208,11.72619915
0.03166274468,-0.8534424305,11.73809528
0.03166449638,-0.8591269255,11.73625565
0.03166799978,-0.8701831102,11.7566843
0.03167500659,-0.8910253048,11.77076912
0.03168500659,-0.917771101,11.80565834
0.03169500659,-0.9408947825,11.81968021
0.03170500659,-0.9603052139,11.84577274
0.03171500659,-0.9759258032,11.85268497
0.03172500659,-0.9876947999,11.87282276
0.03173500659,-0.9955658913,11.87495804
0.03174500659,-0.9995078444,11.89105892
0.03175500659,-0.9995052814,11.88999271
0.03175504722,-0.9994971752,-7.120345592
0.03175512847,-0.9994809031,-14.53496265
0.03175515589,-0.9994753003,-11.26424789
0.03175517226,-0.9994719625,-11.68360329
0.03175518729,-0.9994689226,-11.7203989
0.03175520378,-0.9994655252,-11.72566032
0.03175523678,-0.9994587302,-11.72641754
0.03175530278,-0.9994450212,-11.72647953
0.03175543477,-0.999417007,-11.72711182
0.03175569875,-0.9993590117,-11.72803974
0.03175622671,-0.9992347956,-11.73015404
0.03175728263,-0.9989532828,-11.73407078
0.03175939447,-0.9982584119,-11.74189758
0.03176361814,-0.9963415265,-11.75639439
0.0317720655,-0.9904046059,-11.78227234
0.0317820655,-0.9797728062,-11.80770683
0.0317920655,-0.9652742147,-11.82873344
0.0318020655,-0.9469661117,-11.84586716
0.0318120655,-0.924920857,-11.86007404
0.0318220655,-0.8992252946,-11.87160778
0.0318320655,-0.8699808717,-11.88121605
0.0318420655,-0.837303102,-11.88897228
0.0318433155,-0.8329832554,-11.88987064
0.0318458155,-0.8241896629,-11.89155293
0.0318464405,-0.8219593763,-11.89195728
0.0318476905,-0.8174608946,-11.89275837
0.031848003,-0.8163283467,-11.89295483
0.031848628,-0.8140538931,-11.89334583
0.03184878425,-0.8134832978,-11.89344215
0.03184909675,-0.8123397827,-11.8936348
0.03184921021,-0.8119238615,8.234059334
0.03184927874,-0.8116723895,13.65981293
0.03184933555,-0.8114638329,10.78782749
0.03184935939,-0.8113763332,11.81605053
0.03184938238,-0.8112918735,11.71956348
0.03184940664,-0.8112027645,11.72733402
0.03184943395,-0.8111023903,11.72659874
0.03184948856,-0.8109016418,11.72698402
0.03184959779,-0.8104998469,11.72731495
0.03184981625,-0.809695065,11.72823048
0.03185025316,-0.8080810308,11.72984886
0.03185112699,-0.8048346043,11.73322296
0.03185287464,-0.798269093,11.73963451
0.03185636995,-0.7848501205,11.75197792
0.03186336057,-0.756883204,11.7741375
0.03187336057,-0.7143529654,11.80114269
0.03188336057,-0.669003427,11.82322598
0.03189336057,-0.6210136414,11.84145927
0.03190336057,-0.5705730319,11.8563385
0.03191336057,-0.5178806186,11.8686552
0.03192336057,-0.463144362,11.87867546
0.03193336057,-0.4065802991,11.88700104
0.03194336057,-0.3484116495,11.89374256
0.03194351682,-0.3474912345,11.89386272
0.03194382932,-0.345649451,-10.32643032
0.0319439155,-0.3451412618,-12.60538483
0.03194400145,-0.3446343839,-11.17512989
0.03194404575,-0.3443730474,-11.93899345
0.03194409048,-0.3441091776,-11.64443779
0.03194413657,-0.3438372612,-11.76026821
0.03194418401,-0.3435573876,-11.71362495
0.03194426134,-0.3431010544,-11.7357626
0.03194437572,-0.3424258828,-11.72231579
0.03194459468,-0.3411329687,-11.73371124
0.03194503261,-0.3385451734,-11.72619915
0.03194590846,-0.3333618939,-11.73809528
0.03194766016,-0.3229652047,-11.73625565
0.03195116356,-0.3020557165,-11.7566843
0.03195817037,-0.2598079145,-11.77076912
0.03196817037,-0.1986609399,-11.80565834
0.03197817037,-0.1367299259,-11.81968021
0.03198817037,-0.07425931096,-11.84577274
0.03199817037,-0.01149562746,-11.85268497
0.03200817037,0.05131342635,-11.87282276
0.03201817037,0.1139199734,-11.87495804
0.03202817037,0.1760769188,-11.89105892
0.03203817037,0.2375389785,-11.88999271
0.032038211,0.2377869189,7.120345592
0.03203829225,0.238282755,14.53496265
0.03203831967,0.23845011,11.26424789
0.03203833604,0.2385499924,11.68360329
0.03203835107,0.2386416644,11.7203989
0.03203836756,0.2387423217,11.72566032
0.03203840056,0.2389436513,11.72641754
0.03203846656,0.2393462807,11.72647953
0.03203859855,0.2401514053,11.72711182
0.03203886253,0.2417611778,11.72803974
0.03203939049,0.244978711,11.73015404
0.03204044641,0.2514056265,11.73407078
0.03204255825,0.2642260194,11.74189758
0.03204678192,0.2897250056,11.75639439
0.03205522928,0.3400930166,11.78227234
0.03206522928,0.3984695971,11.80770683
0.03207522928,0.4552736282,11.82873344
0.03208522928,0.5102809072,11.84586716
0.03209522928,0.5632742643,11.86007404
0.03210522928,0.6140447259,11.87160778
0.03211522928,0.6623917818,11.88121605
0.03212522928,0.7081246972,11.88897228
0.03212647928,0.7136484385,11.88987064
0.03212897928,0.7245634198,11.89155293
0.03212960428,0.7272643447,11.89195728
0.03213085428,0.7326324582,11.89275837
0.03213116678,0.733967483,11.89295483
0.03213179178,0.7366289496,11.89334583
0.03213194803,0.7372925282,11.89344215
0.03213226053,0.738617599,11.8936348
0.03213237399,0.7390980124,-8.234059334
0.03213244252,0.739387989,-13.65981293
0.03213249933,0.7396282554,-10.78782749
0.03213252317,0.7397290468,-11.81605053
0.03213254616,0.739826262,-11.71956348
0.03213257042,0.739928782,-11.72733402
0.03213259773,0.7400442362,-11.72659874
0.03213265234,0.7402749658,-11.72698402
0.03213276157,0.7407361865,-11.72731495
0.03213298003,0.7416576147,-11.72823048
0.03213341694,0.7434962392,-11.72984886
0.03213429077,0.7471566796,-11.73322296
0.03213603842,0.7544098496,-11.73963451
0.03213953373,0.7686424851,-11.75197792
0.03214652435,0.795988977,-11.7741375
0.03215652435,0.8324260712,-11.80114269
0.03216652435,0.8655779362,-11.82322598
0.03217652435,0.8953137994,-11.84145927
0.03218652435,0.9215162396,-11.8563385
0.03219652435,0.9440819025,-11.8686552
0.03220652435,0.9629217386,-11.87867546
0.03221652435,0.9779613018,-11.88700104
0.03222652435,0.9891412854,-11.89374256
0.0322266806,0.9892851114,-11.89386272
0.0322269931,0.9895699024,10.32643032
0.03222707928,0.9896477461,12.60538483
0.03222716523,0.9897251129,11.17512989
0.03222720953,0.9897648692,11.93899345
0.03222725426,0.9898049235,11.64443779
0.03222730035,0.9898461103,11.76026821
0.03222734779,0.9898884296,11.71362495
0.03222742512,0.989957273,11.7357626
0.0322275395,0.9900586009,11.72231579
0.03222775846,0.9902511835,11.73371124
0.03222819639,0.9906306863,11.72619915
0.03222907224,0.9913672209,11.73809528
0.03223082394,0.9927502275,11.73625565
0.03223432734,0.9951553345,11.7566843
0.03224133415,0.9985179901,11.77076912
0.03225133415,0.9999648929,11.80565834
0.03226133415,0.9974653125,11.81968021
0.03227133415,0.9910292029,11.84577274
0.03228133415,0.9806820154,11.85268497
0.03229133415,0.9664644599,11.87282276
0.03230133415,0.9484327435,11.87495804
0.03231133415,0.9266579747,11.89105892
0.03232133415,0.9012261033,11.88999271
0.03232137478,0.9011154771,-7.120345592
0.03232145603,0.9008939862,-14.53496265
0.03232148345,0.9008191824,-11.26424789
0.03232149982,0.9007745385,-11.68360329
0.03232151485,0.9007335305,-11.7203989
0.03232153134,0.900688529,-11.72566032
0.03232156434,0.9005984068,-11.72641754
0.03232163034,0.9004181027,-11.72647953
0.03232176233,0.9000570178,-11.72711182
0.03232202631,0.8993330002,-11.72803974
0.03232255427,0.8978775144,-11.73015404
0.03232361019,0.8949369788,-11.73407078
0.03232572203,0.8889377713,-11.74189758
0.0323299457,0.876470983,-11.75639439
0.03233839306,0.8496949077,-11.78227234
0.03234839306,0.8149103522,-11.80770683
0.03235839306,0.7769097686,-11.82873344
0.03236839306,0.7358430028,-11.84586716
0.03237839306,0.6918722391,-11.86007404
0.03238839306,0.6451709867,-11.87160778
0.03239839306,0.595923543,-11.88121605
0.03240839306,0.5443242788,-11.88897228
0.03240964306,0.5377190113,-11.88987064
0.03241214306,0.5244094729,-11.89155293
0.03241276806,0.5210617185,-11.89195728
0.03241401806,0.5143422484,-11.89275837
0.03241433056,0.5126573443,-11.89295483
0.03241495556,0.5092817545,-11.89334583
0.03241511181,0.5084366202,-11.89344215
0.03241542431,0.5067448616,-11.8936348
0.03241553777,0.5061301589,8.234059334
0.0324156063,0.5057587028,13.65981293
0.03241566311,0.5054507852,10.78782749
0.03241568695,0.5053215027,11.81605053
0.03241570994,0.5051968694,11.71956348
0.0324157342,0.5050653219,11.72733402
0.03241576151,0.5049172044,11.72659874
0.03241581612,0.5046209693,11.72698402
0.03241592535,0.5040283799,11.72731495
0.03241614381,0.5028423667,11.72823048
0.03241658072,0.5004675984,11.72984886
0.03241745455,0.4957067072,11.73322296
0.0324192022,0.486140281,11.73963451
0.03242269751,0.4668326974,11.75197792
0.03242968813,0.4275515079,11.7741375
0.03243968813,0.3699457943,11.80114269
0.03244968813,0.3108800352,11.82322598
0.03245968813,0.2505874038,11.84145927
0.03246968813,0.1893057823,11.8563385
0.03247968813,0.1272770762,11.8686552
0.03248968813,0.06474607438,11.87867546
0.03249968813,0.001959541813,11.88700104
0.03250968813,-0.06083472446,11.89374256
0.03250984438,-0.06181462482,11.89386272
0.03251015688,-0.063774243,-10.32643032
0.03251024306,-0.06431462616,-12.60538483
0.03251032901,-0.0648535192,-11.17512989
0.03251037331,-0.06513130665,-11.93899345
0.03251041804,-0.06541176885,-11.64443779
0.03251046413,-0.06570071727,-11.76026821
0.03251051157,-0.06599811465,-11.71362495
0.0325105889,-0.06648291647,-11.7357626
0.03251070328,-0.06719999015,-11.72231579
0.03251092224,-0.06857260317,-11.73371124
0.03251136017,-0.07131742686,-11.72619915
0.03251223602,-0.07680544257,-11.73809528
0.03251398772,-0.08777432889,-11.73625565
0.03251749112,-0.1096788794,-11.7566843
0.03252449793,-0.1533179581,-11.77076912
0.03253449793,-0.215063557,-11.80565834
0.03254449793,-0.2759604156,-11.81968021
0.03255449793,-0.3357681632,-11.84577274
0.03256449793,-0.3942507803,-11.85268497
0.03257449793,-0.4511775076,-11.87282276
0.03258449793,-0.5063236356,-11.87495804
0.03259449793,-0.559471488,-11.89105892
0.03260449793,-0.6104114056,-11.88999271
0.03260453856,-0.6106135845,7.120345592
0.03260461981,-0.6110177636,14.53496265
0.03260464723,-0.6111541986,11.26424789
0.0326046636,-0.611235559,11.68360329
0.03260467863,-0.6113103032,11.7203989
0.03260469512,-0.6113923192,11.72566032
0.03260472812,-0.6115563512,11.72641754
0.03260479412,-0.6118844151,11.72647953
0.03260492611,-0.6125401258,11.72711182
0.03260519009,-0.6138503551,11.72803974
0.03260571805,-0.6164656878,11.73015404
0.03260677397,-0.6216759682,11.73407078
0.03260888581,-0.6320142746,11.74189758
0.03261310948,-0.6523552537,11.75639439
0.03262155684,-0.6916449666,11.78227234
0.03263155684,-0.735629797,11.80770683
0.03264155684,-0.7767115235,11.82873344
0.03265155684,-0.8147278428,11.84586716
0.03266155684,-0.8495288491,11.86007404
0.03267155684,-0.8809771538,11.87160778
0.03268155684,-0.9089486599,11.88121605
0.03269155684,-0.9333329201,11.88897228
0.03269280684,-0.9361237884,11.88987064
0.03269530684,-0.9415320754,11.89155293
0.03269593184,-0.9428479075,11.89195728
0.03269718184,-0.9454359412,11.89275837
0.03269749434,-0.9460738301,11.89295483
0.03269811934,-0.9473387003,11.89334583
0.03269827559,-0.947652638,11.89344215
0.03269858809,-0.9482777715,11.8936348
0.03269870155,-0.9485037923,-8.234059334
0.03269877008,-0.9486401081,-13.65981293
0.03269882689,-0.9487529993,-10.78782749
0.03269885073,-0.9488003254,-11.81605053
0.03269887372,-0.9488459229,-11.71956348
0.03269889798,-0.9488940239,-11.72733402
0.03269892529,-0.9489481449,-11.72659874
0.0326989799,-0.9490563869,-11.72698402
0.03269908913,-0.9492723942,-11.72731495
0.03269930759,-0.9497030973,-11.72823048
0.0326997445,-0.9505591989,-11.72984886
0.03270061833,-0.9522498846,-11.73322296
0.03270236598,-0.9555450678,-11.73963451
0.03270586129,-0.9617894292,-11.75197792
0.03271285191,-0.9728837013,-11.7741375
0.03272285191,-0.9854870439,-11.80114269
0.03273285191,-0.9942011833,-11.82322598
0.03274285191,-0.9989916086,-11.84145927
0.03275285191,-0.9998394847,-11.8563385
0.03276285191,-0.9967414141,-11.8686552
0.03277285191,-0.9897096753,-11.87867546
0.03278285191,-0.9787720442,-11.88700104
0.03279285191,-0.9639716148,-11.89374256
0.03279300816,-0.9637100101,-11.89386272
0.03279332066,-0.9631839991,10.32643032
0.03279340684,-0.9630382657,12.60538483
0.03279349279,-0.9628926516,11.17512989
0.03279353709,-0.9628174901,11.93899345
0.03279358182,-0.9627415538,11.64443779
0.03279362791,-0.9626631737,11.76026821
0.03279367535,-0.962582469,11.71362495
0.03279375268,-0.9624506831,11.7357626
0.03279386706,-0.9622553587,11.72231579
0.03279408602,-0.9618800282,11.73371124
0.03279452395,-0.9611238837,11.72619915
0.0327953998,-0.959589839,11.73809528
0.0327971515,-0.9564346075,11.73625565
0.0328006549,-0.9497768879,11.7566843
0.03280766171,-0.9350844026,11.77076912
0.03281766171,-0.910984695,11.80565834
0.03282766171,-0.8832896948,11.81968021
0.03283766171,-0.8521088362,11.84577274
0.03284766171,-0.8175650239,11.85268497
0.03285766171,-0.779794693,11.87282276
0.03286766171,-0.7389468551,11.87495804
0.03287766171,-0.6951827407,11.89105892
0.03288766171,-0.6486750841,11.88999271
0.03288770234,-0.648480773,-7.120345592
0.03288778359,-0.6480920911,-14.53496265
0.03288781101,-0.6479608417,-11.26424789
0.03288782738,-0.6478825212,-11.68360329
0.03288784241,-0.647810638,-11.7203989
0.0328878589,-0.6477316618,-11.72566032
0.0328878919,-0.6475736499,-11.72641754
0.0328879579,-0.6472576261,-11.72647953
0.03288808989,-0.6466252208,-11.72711182
0.03288835387,-0.6453591585,-11.72803974
0.03288888183,-0.64282161,-11.73015404
0.03288993775,-0.6377253532,-11.73407078
0.03289204959,-0.6274487972,-11.74189758
0.03289627326,-0.6065661311,-11.75639439
0.03290472062,-0.563534379,-11.78227234
0.03291472062,-0.5105515718,-11.80770683
0.03292472062,-0.4555538595,-11.82873344
0.03293472062,-0.3987582922,-11.84586716
0.03294472062,-0.3403890133,-11.86007404
0.03295472062,-0.2806763649,-11.87160778
0.03296472062,-0.2198560238,-11.88121605
0.03297472062,-0.158168003,-11.88897228
0.03297597062,-0.1504080892,-11.88987064
0.03297847062,-0.134860903,-11.89155293
0.03297909562,-0.1309687644,-11.89195728
0.03298034562,-0.1231784746,-11.89275837
0.03298065812,-0.1212296933,-11.89295483
0.03298128312,-0.1173307374,-11.89334583
0.03298143937,-0.1163557172,-11.89344215
0.03298175187,-0.114405334,-11.8936348
0.03298186533,-0.1136971191,8.234059334
0.03298193386,-0.113269262,13.65981293
0.03298199067,-0.1129146293,10.78782749
0.03298201451,-0.1127658039,11.81605053
0.0329820375,-0.1126222536,11.71956348
0.03298206176,-0.1124708056,11.72733402
0.03298208907,-0.1123003215,11.72659874
0.03298214368,-0.1119593307,11.72698402
0.03298225291,-0.1112773195,11.72731495
0.03298247137,-0.1099131331,11.72823048
0.03298290828,-0.1071841493,11.72984886
0.03298378211,-0.1017237678,11.73322296
0.03298552976,-0.09079398215,11.73963451
0.03298902507,-0.06890287995,11.75197792
0.03299601569,-0.02503154986,11.7741375
0.03300601569,0.03778868914,11.80114269
0.03301601569,0.1004597917,11.82322598
0.03302601569,0.162734434,11.84145927
0.03303601569,0.2243668288,11.8563385
0.03304601569,0.2851137519,11.8686552
0.03305601569,0.3447354436,11.87867546
0.03306601569,0.4029966593,11.88700104
0.03307601569,0.4596674144,11.89374256
0.03307617194,0.4605390728,11.89386272
0.03307648444,0.4622810483,-10.32643032
0.03307657062,0.4627611637,-12.60538483
0.03307665657,0.463239789,-11.17512989
0.03307670087,0.4634864926,-11.93899345
0.0330767456,0.4637355208,-11.64443779
0.03307679169,0.4639920592,-11.76026821
0.03307683913,0.4642560482,-11.71362495
0.03307691646,0.4646863341,-11.7357626
0.03307703084,0.4653225839,-11.72231579
0.0330772498,0.4665399194,-11.73371124
0.03307768772,0.4689719081,-11.72619915
0.03307856358,0.4738252163,-11.73809528
0.03308031528,0.4834886491,-11.73625565
0.03308381868,0.502638638,-11.7566843
0.03309082549,0.5401988626,-11.77076912
0.03310082549,0.5919734836,-11.80565834
0.03311082549,0.6414118409,-11.81968021
0.03312082549,0.6883188486,-11.84577274
0.03313082549,0.7325093746,-11.85268497
0.03314082549,0.7738090158,-11.87282276
0.03315082549,0.8120547533,-11.87495804
0.03316082549,0.8470957279,-11.89105892
0.03317082549,0.8787935972,-11.88999271
0.03317086612,0.8789153695,7.120345592
0.03317094737,0.8791587949,14.53496265
0.03317097479,0.8792408705,11.26424789
0.03317099116,0.8792898655,11.68360329
0.03317100619,0.8793348074,11.7203989
0.03317102268,0.87938416,11.72566032
0.03317105568,0.8794828653,11.72641754
0.03317112168,0.8796801567,11.72647953
0.03317125367,0.8800742626,11.72711182
0.03317151765,0.8808606267,11.72803974
0.03317204561,0.8824260831,11.73015404
0.03317310153,0.8855278492,11.73407078
0.03317521337,0.8916143775,11.74189758
0.03317943704,0.9033153653,11.75639439
0.0331878844,0.9248011112,11.78227234
0.0331978844,0.9468649626,11.80770683
0.0332078844,0.9651919007,11.82873344
0.0332178844,0.9797097445,11.84586716
0.0332278844,0.9903610945,11.86007404
0.0332378844,0.9971039295,11.87160778
0.0332478844,0.9999116659,11.88121605
0.0332578844,0.9987732172,11.88897228
0.0332591344,0.9983534813,11.88987064
0.0332616344,0.9973292947,11.89155293
0.0332622594,0.9970347881,11.89195728
0.0332635094,0.9963997006,11.89275837
0.0332638219,0.9962313175,11.89295483
0.0332644469,0.995882988,11.89334583
0.03326460315,0.9957935214,11.89344215
0.03326491565,0.9956117272,11.8936348
0.03326502911,0.9955447316,-8.234059334
0.03326509764,0.9955040216,-13.65981293
0.03326515445,0.9954701662,-10.78782749
0.03326517829,0.9954559207,-11.81605053
0.03326520128,0.995442152,-11.71956348
0.03326522554,0.9954276085,-11.72733402
0.03326525285,0.9954112172,-11.72659874
0.03326530746,0.9953783154,-11.72698402
0.03326541669,0.9953121543,-11.72731495
0.03326563515,0.9951784611,-11.72823048
0.03326607206,0.9949054718,-11.72984886
0.03326694589,0.9943369627,-11.73322296
0.03326869354,0.9931100607,-11.73963451
0.03327218885,0.9902972579,-11.75197792
0.03327917947,0.9832402468,-11.7741375
0.03328917947,0.9698523879,-11.80114269
0.03329917947,0.9526370168,-11.82322598
0.03330917947,0.9316620231,-11.84145927
0.03331917947,0.907010138,-11.8563385
0.03332917947,0.8787787557,-11.8686552
0.03333917947,0.8470791578,-11.87867546
0.03334917947,0.8120365739,-11.88700104
0.03335917947,0.7737892866,-11.89374256
0.03335933572,0.7731670141,-11.89386272
0.03335964822,0.7719202638,10.32643032
0.0333597344,0.7715759277,12.60538483
0.03335982035,0.7712322474,11.17512989
0.03335986465,0.7710550427,11.93899345
0.03335990938,0.77087605,11.64443779
0.03335995547,0.7706915736,11.76026821
0.03336000291,0.7705016136,11.71362495
0.03336008023,0.7701917887,11.7357626
0.03336019462,0.7697331905,11.72231579
0.03336041358,0.7688542604,11.73371124
0.0333608515,0.7670919299,11.72619915
0.03336172736,0.7635498643,11.73809528
0.03336347906,0.7563964725,11.73625565
0.03336698246,0.7418156862,11.7566843
0.03337398927,0.7115830183,11.77076912
0.03338398927,0.6660621166,11.80565834
0.03339398927,0.6179125905,11.81968021
0.03340398927,0.5673244596,11.84577274
0.03341398927,0.5144973397,11.85268497
0.03342398927,0.4596397281,11.87282276
0.03343398927,0.4029681087,11.87495804
0.03344398927,0.3447061777,11.89105892
0.03345398927,0.2850838602,11.88999271
0.0334540299,0.2848391831,-7.120345592
0.03345411115,0.2843497992,-14.53496265
0.03345413857,0.2841845751,-11.26424789
0.03345415494,0.2840859592,-11.68360329
0.03345416997,0.2839954793,-11.7203989
0.03345418646,0.2838960588,-11.72566032
0.03345421946,0.2836972773,-11.72641754
0.03345428546,0.2832996249,-11.72647953
0.03345441745,0.2825041711,-11.72711182
0.03345468143,0.2809127271,-11.72803974
0.03345520939,0.2777274847,-11.73015404
0.03345626531,0.2713478804,-11.73407078
0.03345837714,0.2585531473,-11.74189758
0.03346260082,0.2328293324,-11.75639439
0.03347104818,0.1809080392,-11.78227234
0.03348104818,0.118796587,-11.80770683
0.03349104818,0.05621629581,-11.82873344
0.03350104818,-0.006585858297,-11.84586716
0.03351104818,-0.06936202198,-11.86007404
0.03352104818,-0.1318644434,-11.87160778
0.03353104818,-0.1938464493,-11.88121605
0.03354104818,-0.2550634444,-11.88897228
0.03354229818,-0.2626497149,-11.88987064
0.03354479818,-0.2777731717,-11.89155293
0.03354542318,-0.2815434635,-11.89195728
0.03354667318,-0.2890709639,-11.89275837
0.03354698568,-0.2909500897,-11.89295483
0.03354761068,-0.2947049439,-11.89334583
0.03354776693,-0.2956429422,-11.89344215
0.03354807943,-0.2975180745,-11.8936348
0.03354819289,-0.2981986105,8.234059334
0.03354826142,-0.2986096144,13.65981293
0.03354831823,-0.2989502251,10.78782749
0.03354834207,-0.2990931571,11.81605053
0.03354836506,-0.2992310226,11.71956348
0.03354838932,-0.2993764579,11.72733402
0.03354841663,-0.2995401621,11.72659874
0.03354847124,-0.2998675406,11.72698402
0.03354858047,-0.3005221784,11.72731495
0.03354879893,-0.3018310368,11.72823048
0.03354923584,-0.3044470847,11.72984886
0.03355010967,-0.3096722662,11.73322296
0.03355185732,-0.3200944364,11.73963451
0.03355535263,-0.340821743,11.75197792
0.03356234325,-0.3817733228,11.7741375
0.03357234325,-0.4390544891,11.80114269
0.03358234325,-0.4946029186,11.82322598
0.03359234325,-0.5481993556,11.84145927
0.03360234325,-0.5996323228,11.8563385
0.03361234325,-0.6486988068,11.8686552
0.03362234325,-0.695205152,11.87867546
0.03363234325,-0.7389678955,11.88700104
0.03364234325,-0.7798142433,11.89374256
0.0336424995,-0.7804284096,11.89386272
0.033642812,-0.7816545963,-10.32643032
0.03364289818,-0.781992197,-12.60538483
0.03364298413,-0.7823286653,-11.17512989
0.03364302843,-0.7825020552,-11.93899345
0.03364307316,-0.7826770544,-11.64443779
0.03364311925,-0.7828572392,-11.76026821
0.03364316669,-0.7830426097,-11.71362495
0.03364324401,-0.7833447456,-11.7357626
0.0336433584,-0.783791244,-11.72231579
0.03364357736,-0.7846449018,-11.73371124
0.03364401528,-0.7863477468,-11.72619915
0.03364489114,-0.7897356153,-11.73809528
0.03364664284,-0.7964394093,-11.73625565
0.03365014624,-0.8095567822,-11.7566843
0.03365715305,-0.8346085548,-11.77076912
0.03366715305,-0.8675493598,-11.80565834
0.03367715305,-0.8970664144,-11.81968021
0.03368715305,-0.9230431318,-11.84577274
0.03369715305,-0.9453769922,-11.85268497
0.03370715305,-0.9639798999,-11.87282276
0.03371715305,-0.9787784219,-11.87495804
0.03372715305,-0.9897141457,-11.89105892
0.03373715305,-0.9967439175,-11.88999271
0.03373719368,-0.9967644811,7.120345592
0.03373727493,-0.9968053699,14.53496265
0.03373730235,-0.9968191385,11.26424789
0.03373731872,-0.9968273044,11.68360329
0.03373733375,-0.9968348145,11.7203989
0.03373735024,-0.99684304,11.72566032
0.03373738324,-0.9968594909,11.72641754
0.03373744924,-0.9968922734,11.72647953
0.03373758123,-0.9969572425,11.72711182
0.03373784521,-0.9970851541,11.72803974
0.03373837317,-0.9973327518,11.73015404
0.03373942909,-0.9977950454,11.73407078
0.03374154092,-0.9985878468,11.74189758
0.0337457646,-0.9996459484,11.75639439
0.03375421196,-0.9996498227,11.78227234
0.03376421196,-0.9960157275,11.80770683
0.03377421196,-0.9884508252,11.82873344
0.03378421196,-0.9769849181,11.84586716
0.03379421196,-0.9616633058,11.86007404
0.03380421196,-0.9425464869,11.87160778
0.03381421196,-0.9197098017,11.88121605
0.03382421196,-0.8932434916,11.88897228
0.03382546196,-0.8896850348,11.88987064
0.03382796196,-0.8824037313,11.89155293
0.03382858696,-0.8805493116,11.89195728
0.03382983696,-0.8767997622,11.89275837
0.03383014946,-0.8758538961,11.89295483
0.03383077446,-0.8739520907,11.89334583
0.03383093071,-0.8734744787,11.89344215
0.03383124321,-0.8725168705,11.8936348
0.03383135667,-0.8721683621,-8.234059334
0.0338314252,-0.8719576001,-13.65981293
0.03383148201,-0.8717827797,-10.78782749
0.03383150585,-0.8717094064,-11.81605053
0.03383152884,-0.8716385961,-11.71956348
0.0338315531,-0.8715638518,-11.72733402
0.03383158041,-0.8714797497,-11.72659874
0.03383163502,-0.8713114262,-11.72698402
0.03383174425,-0.8709744215,-11.72731495
0.03383196271,-0.8702991605,-11.72823048
0.03383239962,-0.8689438105,-11.72984886
0.03383327345,-0.8662135005,-11.73322296
0.0338350211,-0.8606745005,-11.73963451
0.03383851641,-0.8492859602,-11.75197792
0.03384550703,-0.8252857327,-11.7741375
0.03385550703,-0.7881984115,-11.80114269
0.03386550703,-0.7480005026,-11.82322598
0.03387550703,-0.7048505545,-11.84145927
0.03388550703,-0.6589188576,-11.8563385
0.03389550703,-0.6103867292,-11.8686552
0.03390550703,-0.5594456792,-11.87867546
0.03391550703,-0.5062967539,-11.88700104
0.03392550703,-0.4511496723,-11.89374256
0.03392566328,-0.4502733052,-11.89386272
0.03392597578,-0.4485192299,10.32643032
0.03392606196,-0.4480352104,12.60538483
0.03392614791,-0.4475523531,11.17512989
0.03392619221,-0.4473033845,11.93899345
0.03392623694,-0.447052002,11.64443779
0.03392628303,-0.4467929602,11.76026821
0.03392633047,-0.446526289,11.71362495
0.03392640779,-0.4460915029,11.7357626
0.03392652218,-0.44544819,11.72231579
0.03392674114,-0.444216013,11.73371124
0.03392717906,-0.4417491555,11.72619915
0.03392805492,-0.4368053973,11.73809528
0.03392980662,-0.4268783927,11.73625565
0.03393331002,-0.4068704247,11.7566843
0.03394031683,-0.3662728965,11.77076912
0.03395031683,-0.3071230948,11.80565834
0.03396031683,-0.2467612177,11.81968021
0.03397031683,-0.1854254901,11.84577274
0.03398031683,-0.1233579665,11.85268497
0.03399031683,-0.06080360338,11.87282276
0.03400031683,0.001990719466,11.87495804
0.03401031683,0.064777188,11.89105892
0.03402031683,0.1273080111,11.88999271
0.03402035746,0.1275611818,-7.120345592
0.03402043871,0.1280675083,-14.53496265
0.03402046613,0.1282384098,-11.26424789
0.0340204825,0.1283404082,-11.68360329
0.03402049753,0.1284340173,-11.7203989
0.03402051402,0.1285368204,-11.72566032
0.03402054702,0.1287424266,-11.72641754
0.03402061302,0.1291536242,-11.72647953
0.03402074501,0.1299759448,-11.72711182
0.03402100899,0.1316203326,-11.72803974
0.03402153695,0.1349080056,-11.73015404
0.03402259287,0.1414788812,-11.73407078
0.0340247047,0.1546016484,-11.74189758
0.03402892838,0.1807632148,-11.75639439
0.03403737574,0.2326861173,-11.78227234
0.03404737574,0.2932939827,-11.80770683
0.03405737574,0.3527443707,-11.82873344
0.03406737574,0.4108026624,-11.84586716
0.03407737574,0.4672396779,-11.86007404
0.03408737574,0.5218327045,-11.87160778
0.03409737574,0.5743663311,-11.88121605
0.03410737574,0.6246331334,-11.88897228
0.03410862574,0.6307471395,-11.88987064
0.03411112574,0.6428580284,-11.89155293
0.03411175074,0.6458610892,-11.89195728
0.03411300074,0.6518372297,-11.89275837
0.03411331324,0.6533250213,-11.89295483
0.03411393824,0.6562930346,-11.89334583
0.03411409449,0.6570334435,-11.89344215
0.03411440699,0.6585123539,-11.8936348
0.03411452045,0.6590486765,8.234059334
0.03411458898,0.6593725085,13.65981293
0.03411464579,0.659640789,10.78782749
0.03411466963,0.6597533822,11.81605053
0.03411469262,0.6598619223,11.71956348
0.03411471688,0.6599764228,11.72733402
0.03411474419,0.6601053476,11.72659874
0.0341147988,0.6603630781,11.72698402
0.03411490803,0.6608783007,11.72731495
0.03411512649,0.6619077921,11.72823048
0.0341155634,0.6639630795,11.72984886
0.03411643723,0.6680585742,11.73322296
0.03411818488,0.676189065,11.73963451
0.03412168019,0.6922044754,11.75197792
0.03412867081,0.7232262492,11.7741375
0.03413867081,0.7651629448,11.80114269
0.03414867081,0.8040798903,11.82322598
0.03415867081,0.839823544,11.84145927
0.03416867081,0.8722527623,11.8563385
0.03417867081,0.9012396336,11.8686552
0.03418867081,0.9266696572,11.87867546
0.03419867081,0.9484425783,11.88700104
0.03420867081,0.9664724469,11.89374256
0.03420882706,0.9667240977,11.89386272
0.03420913956,0.9672245383,-10.32643032
0.03420922574,0.9673618674,-12.60538483
0.03420931169,0.9674986005,-11.17512989
0.03420935599,0.967568934,-11.93899345
0.03420940072,0.9676398635,-11.64443779
0.03420944681,0.9677129388,-11.76026821
0.03420949425,0.967787981,-11.71362495
0.03420957157,0.9679102302,-11.7357626
0.03420968596,0.9680905342,-11.72231579
0.03420990492,0.9684343934,-11.73371124
0.03421034284,0.9691166282,-11.72619915
0.0342112187,0.970459044,-11.73809528
0.0342129704,0.9730556607,-11.73625565
0.0342164738,0.9778949618,-11.7566843
0.03422348061,0.9861499667,-11.77076912
0.03423348061,0.9946181774,-11.80565834
0.03424348061,0.9991611242,-11.81968021
0.03425348061,0.9997608662,-11.84577274
0.03426348061,0.996415019,-11.85268497
0.03427348061,0.9891367555,-11.87282276
0.03428348061,0.9779548049,-11.87495804
0.03429348061,0.9629132748,-11.89105892
0.03430348061,0.9440716505,-11.88999271
0.03430352124,0.9439874291,7.120345592
0.03430360249,0.9438188672,14.53496265
0.03430362991,0.9437618852,11.26424789
0.03430364628,0.9437279105,11.68360329
0.03430366131,0.9436966777,11.7203989
0.0343036778,0.9436623454,11.72566032
0.0343037108,0.9435937405,11.72641754
0.0343037768,0.9434563518,11.72647953
0.03430390879,0.9431810975,11.72711182
0.03430417277,0.9426286817,11.72803974
0.03430470073,0.9415160418,11.73015404
0.03430575665,0.9392597079,11.73407078
0.03430786848,0.9346231222,11.74189758
0.03431209216,0.9248571396,11.75639439
0.03432053952,0.9033784866,11.78227234
0.03433053952,0.8746685386,11.80770683
0.03434053952,0.8425067067,11.82873344
0.03435053952,0.8070198298,11.84586716
0.03436053952,0.7683480382,11.86007404
0.03437053952,0.7266439199,11.87160778
0.03438053952,0.6820720434,11.88121605
0.03439053952,0.6348083615,11.88897228
0.03439178952,0.6287203431,11.88987064
0.03439428952,0.616428256,11.89155293
0.03439491452,0.6133313775,11.89195728
0.03439616452,0.6071092486,11.89275837
0.03439647702,0.6055478454,11.89295483
0.03439710202,0.6024180055,11.89334583
0.03439725827,0.6016341448,11.89344215
0.03439757077,0.6000645757,11.8936348
0.03439768423,0.5994941592,-8.234059334
0.03439775276,0.5991494656,-13.65981293
0.03439780957,0.5988636613,-10.78782749
0.03439783341,0.5987436771,-11.81605053
0.0343978564,0.5986279249,-11.71956348
0.03439788066,0.5985058546,-11.72733402
0.03439790797,0.5983684063,-11.72659874
0.03439796258,0.5980934501,-11.72698402
0.03439807181,0.5975432396,-11.72731495
0.03439829027,0.5964421034,-11.72823048
0.03439872718,0.5942363739,-11.72984886
0.03439960101,0.5898115635,-11.73322296
0.03440134866,0.5809087157,-11.73963451
0.03440484397,0.5628939271,-11.75197792
0.03441183459,0.5260587931,-11.7741375
0.03442183459,0.4716206491,-11.80114269
0.03443183459,0.4153212309,-11.82322598
0.03444183459,0.3573827446,-11.84145927
0.03445183459,0.2980338335,-11.8563385
0.03446183459,0.2375086993,-11.8686552
0.03447183459,0.1760462373,-11.87867546
0.03448183459,0.1138889939,-11.88700104
0.03449183459,0.05128229037,-11.89374256
0.03449199084,0.05030180886,-11.89386272
0.03449230334,0.04834070429,10.32643032
0.03449238952,0.04779983312,12.60538483
0.03449247547,0.04726042598,11.17512989
0.03449251977,0.04698235914,11.93899345
0.0344925645,0.04670160636,11.64443779
0.03449261059,0.04641235247,11.76026821
0.03449265803,0.04611462727,11.71362495
0.03449273535,0.04562926665,11.7357626
0.03449284974,0.04491132125,11.72231579
0.0344930687,0.04353688285,11.73371124
0.03449350662,0.04078776389,11.72619915
0.03449438248,0.03528861701,11.73809528
0.03449613418,0.02428728715,11.73625565
0.03449963758,0.00227713096,11.7566843
0.03450664439,-0.0417358242,11.77076912
0.03451664439,-0.1043892801,11.80565834
0.03452664439,-0.1666307598,11.81968021
0.03453664439,-0.2282146215,11.84577274
0.03454664439,-0.2888978124,11.85268497
0.03455664439,-0.3484408855,11.87282276
0.03456664439,-0.4066087902,11.87495804
0.03457664439,-0.4631720185,11.89105892
0.03458664439,-0.5179073215,11.88999271
0.03458668502,-0.5181256533,-7.120345592
0.03458676627,-0.5185621977,-14.53496265
0.03458679369,-0.5187095404,-11.26424789
0.03458681006,-0.5187974572,-11.68360329
0.03458682509,-0.5188781619,-11.7203989
0.03458684158,-0.518966794,-11.72566032
0.03458687458,-0.5191439986,-11.72641754
0.03458694058,-0.5194983482,-11.72647953
0.03458707257,-0.520206809,-11.72711182
0.03458733655,-0.5216225982,-11.72803974
0.03458786451,-0.5244499445,-11.73015404
0.03458892043,-0.5300872922,-11.73407078
0.03459103226,-0.5412917137,-11.74189758
0.03459525594,-0.5634127259,-11.75639439
0.0346037033,-0.6064490676,-11.78227234
0.0346137033,-0.6551785469,-11.80770683
0.0346237033,-0.7013222575,-11.82873344
0.0346337033,-0.7446982265,-11.84586716
0.0346437033,-0.7851352096,-11.86007404
0.0346537033,-0.8224736452,-11.87160778
0.0346637033,-0.8565661311,-11.88121605
0.0346737033,-0.8872781396,-11.88897228
0.0346749533,-0.8908732533,-11.88987064
0.0346774533,-0.8978984356,-11.89155293
0.0346780783,-0.8996201754,-11.89195728
0.0346793283,-0.9030220509,-11.89275837
0.0346796408,-0.9038637877,-11.89295483
0.0346802658,-0.90553689,-11.89334583
0.03468042205,-0.9059529305,-11.89344215
0.03468073455,-0.9067825079,-11.8936348
0.03468084801,-0.9070827961,8.234059334
0.03468091654,-0.9072639942,13.65981293
0.03468097335,-0.9074140787,10.78782749
0.03468099719,-0.9074770212,11.81605053
0.03468102018,-0.9075376987,11.71956348
0.03468104444,-0.9076017141,11.72733402
0.03468107175,-0.9076737165,11.72659874
0.03468112636,-0.9078176618,11.72698402
0.03468123559,-0.9081052542,11.72731495
0.03468145405,-0.9086791873,11.72823048
0.03468189096,-0.9098218679,11.72984886
0.03468276479,-0.9120866656,11.73322296
0.03468451244,-0.9165337086,11.73963451
0.03468800775,-0.9250956774,11.75197792
0.03469499837,-0.9408773184,11.7741375
0.03470499837,-0.9602908492,11.80114269
0.03471499837,-0.9759145379,11.82322598
0.03472499837,-0.9876867533,11.84145927
0.03473499837,-0.9955610037,11.8563385
0.03474499837,-0.9995062351,11.8686552
0.03475499837,-0.9995068908,11.87867546
0.03476499837,-0.995562911,11.88700104
0.03477499837,-0.9876899719,11.89374256
0.03477515462,-0.9875358939,11.89386272
0.03477546712,-0.9872249365,-10.32643032
0.0347755533,-0.9871385098,-12.60538483
0.03477563925,-0.987052083,-11.17512989
0.03477568355,-0.9870073795,-11.93899345
0.03477572828,-0.9869621396,-11.64443779
0.03477577437,-0.9869155288,-11.76026821
0.03477582181,-0.9868674278,-11.71362495
0.03477589913,-0.9867888093,-11.7357626
0.03477601352,-0.9866721034,-11.72231579
0.03477623248,-0.9864473343,-11.73371124
0.0347766704,-0.9859921336,-11.72619915
0.03477754626,-0.9850593209,-11.73809528
0.03477929796,-0.983104229,-11.73625565
0.03478280136,-0.9788370728,-11.7566843
0.03478980817,-0.9688822031,-11.77076912
0.03479980817,-0.9514282942,-11.80565834
0.03480980817,-0.9302195311,-11.81968021
0.03481980817,-0.9053395987,-11.84577274
0.03482980817,-0.8768866658,-11.85268497
0.03483980817,-0.8449731469,-11.87282276
0.03484980817,-0.8097248673,-11.87495804
0.03485980817,-0.7712809443,-11.89105892
0.03486980817,-0.729793191,-11.88999271
0.0348698488,-0.7296186686,7.120345592
0.03486993005,-0.7292694449,14.53496265
0.03486995747,-0.7291514874,11.26424789
0.03486997384,-0.7290810943,11.68360329
0.03486998887,-0.7290165424,11.7203989
0.03487000536,-0.7289455533,11.72566032
0.03487003836,-0.7288036346,11.72641754
0.03487010436,-0.7285196185,11.72647953
0.03487023635,-0.7279512882,11.72711182
0.03487050033,-0.7268130779,11.72803974
0.03487102829,-0.7245306373,11.73015404
0.03487208421,-0.7199419141,11.73407078
0.03487419604,-0.7106696367,11.74189758
0.03487841972,-0.6917513013,11.75639439
0.03488686708,-0.6524668336,11.78227234
0.03489686708,-0.6035956144,11.80770683
0.03490686708,-0.5523422956,11.82873344
0.03491686708,-0.498909086,11.84586716
0.03492686708,-0.4435069263,11.86007404
0.03493686708,-0.3863544464,11.87160778
0.03494686708,-0.3276771903,11.88121605
0.03495686708,-0.2677067518,11.88897228
0.03495811708,-0.2601312697,11.88987064
0.03496061708,-0.2449326217,11.89155293
0.03496124208,-0.2411233634,11.89195728
0.03496249208,-0.2334937602,11.89275837
0.03496280458,-0.231584087,11.89295483
0.03496342958,-0.2277620733,11.89334583
0.03496358583,-0.2268060297,11.89344215
0.03496389833,-0.224893257,11.8936348
0.03496401179,-0.2241985947,-8.234059334
0.03496408032,-0.2237789035,-13.65981293
0.03496413713,-0.223431021,-10.78782749
0.03496416097,-0.2232850194,-11.81605053
0.03496418396,-0.2231441885,-11.71956348
0.03496420822,-0.222995609,-11.72733402
0.03496423553,-0.2228283584,-11.72659874
0.03496429014,-0.2224938273,-11.72698402
0.03496439937,-0.2218246758,-11.72731495
0.03496461783,-0.2204860449,-11.72823048
0.03496505474,-0.2178075761,-11.72984886
0.03496592857,-0.212445721,-11.73322296
0.03496767622,-0.2017029524,-11.73963451
0.03497117153,-0.1801457405,-11.75197792
0.03497816215,-0.1367811263,-11.7741375
0.03498816215,-0.07431085408,-11.80114269
0.03499816215,-0.01154730748,-11.82322598
0.03500816215,0.05126181245,-11.84145927
0.03501816215,0.113868624,-11.8563385
0.03502816215,0.1760260463,-11.8686552
0.03503816215,0.2374887764,-11.87867546
0.03504816215,0.2980142534,-11.88700104
0.03505816215,0.3573635817,-11.89374256
0.0350583184,0.3582803309,-11.89386272
0.0350586309,0.3601127863,10.32643032
0.03505871708,0.3606179059,12.60538483
0.03505880303,0.3611215353,11.17512989
0.03505884733,0.3613811135,11.93899345
0.03505889206,0.3616431653,11.64443779
0.03505893815,0.3619131148,11.76026821
0.03505898559,0.362190932,11.71362495
0.03505906291,0.3626437783,11.7357626
0.0350591773,0.3633134663,11.72231579
0.03505939626,0.3645948768,11.73371124
0.03505983418,0.3671556711,11.72619915
0.03506071004,0.3722688854,11.73809528
0.03506246174,0.3824613094,11.73625565
0.03506596514,0.4027059674,11.7566843
0.03507297195,0.4426002204,11.77076912
0.03508297195,0.4980323017,11.80565834
0.03509297195,0.5514988899,11.81968021
0.03510297195,0.6027889252,11.84577274
0.03511297195,0.6517000794,11.85268497
0.03512297195,0.6980392337,11.87282276
0.03513297195,0.7416235805,11.87495804
0.03514297195,0.7822810411,11.89105892
0.03515297195,0.8198512197,11.88999271
0.03515301258,0.8199973702,-7.120345592
0.03515309383,0.820289433,-14.53496265
0.03515312125,0.8203879595,-11.26424789
0.03515313762,0.8204467893,-11.68360329
0.03515315264,0.8205007315,-11.7203989
0.03515316914,0.8205599785,-11.72566032
0.03515320214,0.8206784725,-11.72641754
0.03515326814,0.8209153414,-11.72647953
0.03515340013,0.8213886619,-11.72711182
0.03515366411,0.8223335743,-11.72803974
0.03515419207,0.8242165446,-11.73015404
0.03515524799,0.8279553652,-11.73407078
0.03515735982,0.8353235126,-11.74189758
0.0351615835,0.8496172428,-11.75639439
0.03517003086,0.8764000535,-11.78227234
0.03518003086,0.9049096107,-11.80770683
0.03519003086,0.9298478365,-11.82873344
0.03520003086,0.9511164427,-11.84586716
0.03521003086,0.9686313868,-11.86007404
0.03522003086,0.9823235869,-11.87160778
0.03523003086,0.9921389818,-11.88121605
0.03524003086,0.998038888,-11.88897228
0.03524128086,0.9984997511,-11.88987064
0.03524378086,0.9992366433,-11.89155293
0.03524440586,0.9993823171,-11.89195728
0.03524565586,0.9996275306,-11.89275837
0.03524596836,0.9996791482,-11.89295483
0.03524659336,0.9997709394,-11.89334583
0.03524674961,0.9997914433,-11.89344215
0.03524706211,0.9998296499,-11.8936348
0.03524717557,0.9998425245,8.234059334
0.0352472441,0.9998500943,13.65981293
0.03524730091,0.999856174,10.78782749
0.03524732475,0.999858737,11.81605053
0.03524734774,0.9998611212,11.71956348
0.035247372,0.9998636842,11.72733402
0.03524739931,0.9998664856,11.72659874
0.03524745392,0.9998720288,11.72698402
0.03524756315,0.9998827577,11.72731495
0.03524778161,0.9999028444,11.72823048
0.03524821852,0.9999373555,11.72984886
0.03524909235,0.9999837279,11.73322296
0.03525084,0.9999860525,11.73963451
0.03525433531,0.9996290207,11.75197792
0.03526132593,0.997469008,11.7741375
0.03527132593,0.9910361171,11.80114269
0.03528132593,0.9806920886,11.82322598
0.03529132593,0.9664777517,11.84145927
0.03530132593,0.9484490752,11.8563385
0.03531132593,0.9266774058,11.8686552
0.03532132593,0.9012485147,11.87867546
0.03533132593,0.8722627759,11.88700104
0.03534132593,0.8398346901,11.89374256
0.03534148218,0.8393013477,11.89386272
0.03534179468,0.8382322192,-10.32643032
0.03534188086,0.8379368186,-12.60538483
0.03534196681,0.8376419544,-11.17512989
0.03534201111,0.837489903,-11.93899345
0.03534205584,0.8373363018,-11.64443779
0.03534210193,0.8371779323,-11.76026821
0.03534214937,0.8370149136,-11.71362495
0.03534222669,0.836748898,-11.7357626
0.03534234108,0.8363551497,-11.72231579
0.03534256004,0.8356001973,-11.73371124
0.03534299796,0.8340854645,-11.72619915
0.03534387382,0.8310371637,-11.73809528
0.03534562552,0.8248650432,-11.73625565
0.03534912892,0.8122218847,-11.7566843
0.03535613573,0.7857612371,-11.77076912
0.03536613573,0.7453728914,-11.80565834
0.03537613573,0.7020428777,-11.81968021
0.03538613573,0.6559422612,-11.84577274
0.03539613573,0.6072529554,-11.85268497
0.03540613573,0.5561670661,-11.87282276
0.03541613573,0.5028862357,-11.87495804
0.03542613573,0.4476207495,-11.89105892
0.03543613573,0.3905887306,-11.88999271
0.03543617636,0.3903537393,7.120345592
0.03543625761,0.3898836672,14.53496265
0.03543628503,0.3897249699,11.26424789
0.0354363014,0.3896302581,11.68360329
0.03543631642,0.3895433247,11.7203989
0.03543633292,0.3894478381,11.72566032
0.03543636592,0.3892568946,11.72641754
0.03543643192,0.3888748884,11.72647953
0.03543656391,0.3881107271,11.72711182
0.03543682789,0.3865815699,11.72803974
0.03543735585,0.3835200667,11.73015404
0.03543841177,0.3773844838,11.73407078
0.0354405236,0.3650636971,11.74189758
0.03544474728,0.3402314782,11.75639439
0.03545319464,0.2898659408,11.78227234
0.03546319464,0.2291992009,11.80770683
0.03547319464,0.1676279157,11.82873344
0.03548319464,0.1053950936,11.84586716
0.03549319464,0.04274631664,11.86007404
0.03550319464,-0.02007116005,11.87160778
0.03551319464,-0.08280942589,11.88121605
0.03552319464,-0.1452208757,11.88897228
0.03552444464,-0.152987048,11.88987064
0.03552694464,-0.1684905887,11.89155293
0.03552756964,-0.1723601222,11.89195728
0.03552881964,-0.1800911725,11.89275837
0.03552913214,-0.1820222139,11.89295483
0.03552975714,-0.1858821809,11.89334583
0.03552991339,-0.1868467331,11.89344215
0.03553022589,-0.1887752861,11.8936348
0.03553033935,-0.189475283,-8.234059334
0.03553040788,-0.1898981035,-13.65981293
0.03553046469,-0.1902485192,-10.78782749
0.03553048853,-0.1903955787,-11.81605053
0.03553051152,-0.1905373931,-11.71956348
0.03553053578,-0.1906870157,-11.72733402
0.03553056309,-0.1908554435,-11.72659874
0.0355306177,-0.1911922693,-11.72698402
0.03553072693,-0.1918658763,-11.72731495
0.03553094539,-0.1932127923,-11.72823048
0.0355313823,-0.1959055364,-11.72984886
0.03553225613,-0.2012865841,-11.73322296
0.03553400378,-0.2120303214,-11.73963451
0.03553749909,-0.2334398031,-11.75197792
0.03554448971,-0.2759107351,-11.7741375
0.03555448971,-0.3357194662,-11.80114269
0.03556448971,-0.3942033052,-11.82322598
0.03557448971,-0.4511313736,-11.84145927
0.03558448971,-0.5062790513,-11.8563385
0.03559448971,-0.5594286323,-11.8686552
0.03560448971,-0.6103704572,-11.87867546
0.03561448971,-0.65890342,-11.88700104
0.03562448971,-0.7048360109,-11.89374256
0.03562464596,-0.705532074,-11.89386272
0.03562495846,-0.7069221735,10.32643032
0.03562504464,-0.7073050737,12.60538483
0.03562513059,-0.7076867223,11.17512989
0.03562517489,-0.707883358,11.93899345
0.03562521962,-0.7080818415,11.64443779
0.03562526571,-0.7082862854,11.76026821
0.03562531315,-0.7084966898,11.71362495
0.03562539047,-0.7088394761,11.7357626
0.03562550486,-0.7093462348,11.72231579
0.03562572382,-0.7103152871,11.73371124
0.03562616174,-0.7122493982,11.72619915
0.0356270376,-0.716101408,11.73809528
0.0356287893,-0.7237402201,11.73625565
0.0356322927,-0.7387538552,11.7566843
0.03563929951,-0.7677003145,11.77076912
0.03564929951,-0.806422174,11.80565834
0.03565929951,-0.8419614434,11.81968021
0.03566929951,-0.8741778731,11.84577274
0.03567929951,-0.9029443264,11.85268497
0.03568929951,-0.9281472564,11.87282276
0.03569929951,-0.9496872425,11.87495804
0.03570929951,-0.967479229,11.89105892
0.03571929951,-0.9814530015,11.88999271
0.03571934014,-0.9815019369,-7.120345592
0.03571942139,-0.9815995097,-14.53496265
0.03571944881,-0.9816324115,-11.26424789
0.03571946518,-0.9816520214,-11.68360329
0.0357194802,-0.981670022,-11.7203989
0.0357194967,-0.9816898108,-11.72566032
0.0357195297,-0.981729269,-11.72641754
0.0357195957,-0.9818080664,-11.72647953
0.03571972769,-0.9819651842,-11.72711182
0.03571999167,-0.9822774529,-11.72803974
0.03572051963,-0.9828938246,-11.73015404
0.03572157555,-0.9840940833,-11.73407078
0.03572368738,-0.986364603,-11.74189758
0.03572791106,-0.9903842807,-11.75639439
0.03573635842,-0.9963289499,-11.78227234
0.03574635842,-0.999738276,-11.80770683
0.03575635842,-0.9992020726,-11.82873344
0.03576635842,-0.9947224855,-11.84586716
0.03577635842,-0.9863171577,-11.86007404
0.03578635842,-0.9740193486,-11.87160778
0.03579635842,-0.9578775167,-11.88121605
0.03580635842,-0.9379553199,-11.88897228
0.03580760842,-0.9352030158,-11.88987064
0.03581010842,-0.9295254946,-11.89155293
0.03581073342,-0.9280702472,-11.89195728
0.03581198342,-0.9251167774,-11.89275837
0.03581229592,-0.9243694544,-11.89295483
0.03581292092,-0.9228641987,-11.89334583
0.03581307717,-0.9224856496,-11.89344215
0.03581338967,-0.9217259288,-11.8936348
0.03581350313,-0.9214491844,8.234059334
0.03581357166,-0.9212818146,13.65981293
0.03581362847,-0.9211429358,10.78782749
0.03581365231,-0.9210846424,11.81605053
0.0358136753,-0.9210283756,11.71956348
0.03581369956,-0.9209690094,11.72733402
0.03581372687,-0.920902133,11.72659874
0.03581378148,-0.9207683206,11.72698402
0.03581389071,-0.9205003977,11.72731495
0.03581410917,-0.919963181,11.72823048
0.03581454608,-0.9188835621,11.72984886
0.03581541991,-0.9167036414,11.73322296
0.03581716756,-0.9122608304,11.73963451
0.03582066287,-0.9030458927,11.75197792
0.03582765349,-0.8833139539,11.7741375
0.03583765349,-0.8521358967,11.80114269
0.03584765349,-0.8175948262,11.82322598
0.03585765349,-0.7798270583,11.84145927
0.03586765349,-0.7389817238,11.8563385
0.03587765349,-0.695219934,11.8686552
0.03588765349,-0.6487144232,11.87867546
0.03589765349,-0.5996487141,11.88700104
0.03590765349,-0.5482165217,11.89374256
0.03590780974,-0.5473951697,11.89386272
0.03590812224,-0.545750916,-10.32643032
0.03590820842,-0.5452970862,-12.60538483
0.03590829437,-0.5448443294,-11.17512989
0.03590833867,-0.5446109176,-11.93899345
0.0359083834,-0.5443751812,-11.64443779
0.03590842949,-0.5441322327,-11.76026821
0.03590847692,-0.5438821316,-11.71362495
0.03590855425,-0.5434743762,-11.7357626
0.03590866864,-0.5428709388,-11.72231579
0.0359088876,-0.5417150259,-11.73371124
0.03590932552,-0.5394001007,-11.72619915
0.03591020138,-0.5347580314,-11.73809528
0.03591195308,-0.5254254937,-11.73625565
0.03591545648,-0.5065705776,-11.7566843
0.03592246329,-0.4681336284,-11.77076912
0.03593246329,-0.4117245674,-11.80565834
0.03594246329,-0.3536905944,-11.81968021
0.03595246329,-0.2942607701,-11.84577274
0.03596246329,-0.2336696237,-11.85268497
0.03597246329,-0.1721563041,-11.87282276
0.03598246329,-0.1099635586,-11.87495804
0.03599246329,-0.04733683541,-11.89105892
0.03600246329,0.01547670458,-11.88999271
0.03600250392,0.01573192887,7.120345592
0.03600258517,0.01624237187,14.53496265
0.03600261259,0.01641467214,11.26424789
0.03600262896,0.01651750877,11.68360329
0.03600264398,0.01661188155,11.7203989
0.03600266048,0.01671553217,11.72566032
0.03600269348,0.01692283154,11.72641754
0.03600275948,0.01733743027,11.72647953
0.03600289147,0.01816661656,11.72711182
0.03600315545,0.01982495189,11.72803974
0.03600368341,0.02314145304,11.73015404
0.03600473933,0.02977365628,11.73407078
0.03600685116,0.04303383827,11.74189758
0.03601107484,0.06952914596,11.75639439
0.0360195222,0.1223542318,11.78227234
0.0360295222,0.184431538,11.80770683
0.0360395222,0.2457809746,11.82873344
0.0360495222,0.3061604202,11.84586716
0.0360595222,0.3653315902,11.86007404
0.0360695222,0.4230609834,11.87160778
0.0360795222,0.4791207314,11.88121605
0.0360895222,0.5332896113,11.88897228
0.0360907722,0.5399170518,11.88987064
0.0360932722,0.5530715585,11.89155293
0.0360938972,0.5563390255,11.89195728
0.0360951472,0.5628480911,11.89275837
0.0360954597,0.5644699335,11.89295483
0.0360960847,0.5677071214,11.89334583
0.03609624095,0.5685150623,11.89344215
0.03609655345,0.5701292753,11.8936348
0.03609666691,0.5707147717,-8.234059334
0.03609673544,0.5710683465,-13.65981293
0.03609679225,0.5713613033,-10.78782749
0.03609681609,0.5714842677,-11.81605053
0.03609683908,0.5716028214,-11.71956348
0.03609686334,0.5717278719,-11.72733402
0.03609689065,0.5718685985,-11.72659874
0.03609694526,0.5721500516,-11.72698402
0.03609705449,0.5727128386,-11.72731495
0.03609727295,0.5738374591,-11.72823048
0.03609770986,0.5760835409,-11.72984886
0.03609858369,0.5805626512,-11.73322296
0.03610033134,0.5894682407,-11.73963451
0.03610382665,0.6070651412,-11.75197792
0.03611081727,0.6413722038,-11.7741375
0.03612081727,0.6882813573,-11.80114269
0.03613081727,0.7324742079,-11.82322598
0.03614081727,0.7737762928,-11.84145927
0.03615081727,0.8120245934,-11.8563385
0.03616081727,0.8470682502,-11.8686552
0.03617081727,0.8787689209,-11.87867546
0.03618081727,0.9070014954,-11.88700104
0.03619081727,0.9316545725,-11.89374256
0.03619097352,0.9320108294,-11.89386272
0.03619128602,0.9327206612,10.32643032
0.0361913722,0.9329158068,12.60538483
0.03619145815,0.9331101179,11.17512989
0.03619150245,0.9332101941,11.93899345
0.03619154718,0.9333111048,11.64443779
0.03619159327,0.9334150553,11.76026821
0.0361916407,0.9335219264,11.71362495
0.03619171803,0.9336960316,11.7357626
0.03619183242,0.9339531064,11.72231579
0.03619205138,0.9344439507,11.73371124
0.0361924893,0.9354202747,11.72619915
0.03619336516,0.937351644,11.73809528
0.03619511686,0.9411292076,11.73625565
0.03619862026,0.9483419061,11.7566843
0.03620562707,0.9613854289,11.77076912
0.03621562707,0.9767686725,11.80565834
0.03622562707,0.9882970452,11.81968021
0.03623562707,0.9959250093,11.84577274
0.03624562707,0.9996225834,11.85268497
0.03625562707,0.9993750453,11.87282276
0.03626562707,0.9951834679,11.87495804
0.03627562707,0.987064302,11.89105892
0.03628562707,0.9750496745,11.88999271
0.0362856677,0.9749929905,-7.120345592
0.03628574895,0.9748794436,-14.53496265
0.03628577637,0.9748410583,-11.26424789
0.03628579274,0.9748181105,-11.68360329
0.03628580776,0.97479707,-11.7203989
0.03628582426,0.9747739434,-11.72566032
0.03628585726,0.9747276306,-11.72641754
0.03628592326,0.9746348858,-11.72647953
0.03628605525,0.9744489789,-11.72711182
0.03628631923,0.974075079,-11.72803974
0.03628684719,0.9733192921,-11.73015404
0.0362879031,0.9717755318,-11.73407078
0.03629001494,0.9685598016,-11.74189758
0.03629423862,0.9616173506,-11.75639439
0.03630268598,0.9457061887,-11.78227234
0.03631268598,0.9234316945,-11.80770683
0.03632268598,0.8975128531,-11.82873344
0.03633268598,0.8680519462,-11.84586716
0.03634268598,0.8351652622,-11.86007404
0.03635268598,0.798982501,-11.87160778
0.03636268598,0.7596465349,-11.88121605
0.03637268598,0.717312634,-11.88897228
0.03637393598,0.7118182778,-11.88987064
0.03637643598,0.7006981969,-11.89155293
0.03637706098,0.6978910565,-11.89195728
0.03637831098,0.6922445297,-11.89275837
0.03637862348,0.6908262372,-11.89295483
0.03637924848,0.6879816055,-11.89334583
0.03637940473,0.6872687936,-11.89344215
0.03637971723,0.6858412027,-11.8936348
0.03637983068,0.6853222251,8.234059334
0.03637989922,0.6850085258,13.65981293
0.03637995603,0.6847484708,10.78782749
0.03637997987,0.6846393347,11.81605053
0.03638000286,0.6845340133,11.71956348
0.03638002712,0.6844229102,11.72733402
0.03638005443,0.6842978001,11.72659874
0.03638010904,0.6840475202,11.72698402
0.03638021827,0.6835467219,11.72731495
0.03638043673,0.6825442314,11.72823048
0.03638087364,0.6805353165,11.72984886
0.03638174747,0.6765021682,11.73322296
0.03638349512,0.6683748364,11.73963451
0.03638699043,0.6518793106,11.75197792
0.03639398105,0.6179532409,11.7741375
0.03640398105,0.5673670173,11.80114269
0.03641398105,0.514541626,11.82322598
0.03642398105,0.4596856236,11.84145927
0.03643398105,0.4030154347,11.8563385
0.03644398105,0.3447546959,11.8686552
0.03645398105,0.2851333916,11.87867546
0.03646398105,0.2243868113,11.88700104
0.03647398105,0.1627546549,11.89374256
0.0364741373,0.1617859304,11.89386272
0.0364744498,0.1598479897,-10.32643032
0.03647453598,0.1593134254,-12.60538483
0.03647462193,0.1587802768,-11.17512989
0.03647466623,0.1585054398,-11.93899345
0.03647471096,0.1582279205,-11.64443779
0.03647475705,0.1579419971,-11.76026821
0.03647480448,0.1576476842,-11.71362495
0.03647488181,0.1571678668,-11.7357626
0.0364749962,0.1564580798,-11.72231579
0.03647521516,0.1550990939,-11.73371124
0.03647565308,0.152380228,-11.72619915
0.03647652894,0.1469390839,-11.73809528
0.03647828064,0.1360435933,-11.73625565
0.03648178404,0.114204511,-11.7566843
0.03648879085,0.07037094235,-11.77076912
0.03649879085,0.00759722665,-11.80565834
0.03650879085,-0.05520647392,-11.81968021
0.03651879085,-0.1177922934,-11.84577274
0.03652879085,-0.1799132526,-11.85268497
0.03653879085,-0.2413241714,-11.87282276
0.03654879085,-0.3017826974,-11.87495804
0.03655879085,-0.3610502183,-11.89105892
0.03656879085,-0.4188928306,-11.88999271
0.03656883148,-0.4191246033,7.120345592
0.03656891273,-0.4195880592,14.53496265
0.03656894015,-0.4197444618,11.26424789
0.03656895652,-0.4198378026,11.68360329
0.03656897154,-0.4199234843,11.7203989
0.03656898804,-0.4200175405,11.72566032
0.03656902104,-0.4202056825,11.72641754
0.03656908704,-0.4205819368,11.72647953
0.03656921903,-0.4213341773,11.72711182
0.03656948301,-0.4228378236,11.72803974
0.03657001097,-0.4258416295,11.73015404
0.03657106688,-0.431835115,11.73407078
0.03657317872,-0.4437648356,11.74189758
0.0365774024,-0.4673877656,11.75639439
0.03658584976,-0.5136297941,11.78227234
0.03659584976,-0.5664913058,11.80770683
0.03660584976,-0.6171171069,11.82873344
0.03661584976,-0.6653074026,11.84586716
0.03662584976,-0.7108720541,11.86007404
0.03663584976,-0.7536312342,11.87160778
0.03664584976,-0.7934161425,11.88121605
0.03665584976,-0.83006984,11.88897228
0.03665709976,-0.8344240189,11.88987064
0.03665959976,-0.8429777622,11.89155293
0.03666022476,-0.8450837731,11.89195728
0.03666147476,-0.8492566943,11.89275837
0.03666178726,-0.850291729,11.89295483
0.03666241226,-0.8523519635,11.89334583
0.03666256851,-0.8528649807,11.89344215
0.03666288101,-0.8538885713,11.8936348
0.03666299446,-0.8542593718,-8.234059334
0.036663063,-0.8544831276,-13.65981293
0.03666311981,-0.854668498,-10.78782749
0.03666314365,-0.8547462821,-11.81605053
0.03666316664,-0.8548212051,-11.71956348
0.0366631909,-0.8549003005,-11.72733402
0.03666321821,-0.8549892902,-11.72659874
0.03666327282,-0.8551672101,-11.72698402
0.03666338205,-0.8555227518,-11.72731495
0.03666360051,-0.8562326431,-11.72823048
0.03666403742,-0.8576475978,-11.72984886
0.03666491125,-0.8604580164,-11.73322296
0.0366666589,-0.8660010099,-11.73963451
0.03667015421,-0.8767730594,-11.75197792
0.03667714483,-0.8970435858,-11.7741375
0.03668714483,-0.9230232239,-11.80114269
0.03669714483,-0.9453601241,-11.82322598
0.03670714483,-0.9639661312,-11.84145927
0.03671714483,-0.9787678123,-11.8563385
0.03672714483,-0.9897067547,-11.8686552
0.03673714483,-0.9967397451,-11.87867546
0.03674714483,-0.9998390675,-11.88700104
0.03675714483,-0.9989925027,-11.89374256
0.03675730108,-0.998947978,-11.89386272
0.03675761358,-0.9988560081,10.32643032
0.03675769976,-0.9988299608,12.60538483
0.03675778571,-0.9988036752,11.17512989
0.03675783001,-0.9987900257,11.93899345
0.03675787474,-0.9987761974,11.64443779
0.03675792083,-0.9987618327,11.76026821
0.03675796826,-0.9987469316,11.71362495
0.03675804559,-0.9987224936,11.7357626
0.03675815998,-0.998685956,11.72231579
0.03675837894,-0.99861449,11.73371124
0.03675881686,-0.9984658957,11.72619915
0.03675969271,-0.9981461167,11.73809528
0.03676144442,-0.997415781,11.73625565
0.03676494782,-0.995592773,11.7566843
0.03677195463,-0.9905006886,11.77076912
0.03678195463,-0.9799119234,11.80565834
0.03679195463,-0.9654559493,11.81968021
0.03680195463,-0.9471897483,11.84577274
0.03681195463,-0.925185442,11.85268497
0.03682195463,-0.8995298147,11.87282276
0.03683195463,-0.8703241944,11.87495804
0.03684195463,-0.8376837373,11.89105892
0.03685195463,-0.8017373681,11.88999271
0.03685199526,-0.8015847802,-7.120345592
0.03685207651,-0.8012794852,-14.53496265
0.03685210393,-0.8011763692,-11.26424789
0.0368521203,-0.8011147976,-11.68360329
0.03685213532,-0.8010582924,-11.7203989
0.03685215182,-0.800996244,-11.72566032
0.03685218482,-0.8008721471,-11.72641754
0.03685225082,-0.8006237149,-11.72647953
0.03685238281,-0.8001265526,-11.72711182
0.03685264679,-0.799130559,-11.72803974
0.03685317475,-0.7971319556,-11.73015404
0.03685423066,-0.7931084633,-11.73407078
0.0368563425,-0.7849569917,-11.74189758
0.03686056618,-0.7682408094,-11.75639439
0.03686901354,-0.7331975102,-11.78227234
0.03687901354,-0.6890521646,-11.80770683
0.03688901354,-0.6421874762,-11.82873344
0.03689901354,-0.5927883387,-11.84586716
0.03690901354,-0.5410497189,-11.86007404
0.03691901354,-0.4871758521,-11.87160778
0.03692901354,-0.4313793182,-11.88121605
0.03693901354,-0.3738803267,-11.88897228
0.03694026354,-0.3665844798,-11.88987064
0.03694276354,-0.3519254029,-11.89155293
0.03694338854,-0.348246932,-11.89195728
0.03694463854,-0.3408738971,-11.89275837
0.03694495104,-0.3390273452,-11.89295483
0.03694557604,-0.3353303373,-11.89334583
0.03694573229,-0.3344052732,-11.89344215
0.03694604479,-0.3325541615,-11.8936348
0.03694615824,-0.3318817914,8.234059334
0.03694622678,-0.3314755261,13.65981293
0.03694628359,-0.3311387599,10.78782749
0.03694630743,-0.3309974074,11.81605053
0.03694633042,-0.3308610916,11.71956348
0.03694635468,-0.3307172656,11.72733402
0.03694638199,-0.3305553198,11.72659874
0.0369464366,-0.3302314579,11.72698402
0.03694654583,-0.3295835853,11.72731495
0.03694676428,-0.3282873333,11.72823048
0.0369472012,-0.3256930411,11.72984886
0.03694807503,-0.3204971254,11.73322296
0.03694982268,-0.3100764155,11.73963451
0.03695331799,-0.2891241014,11.75197792
0.03696030861,-0.2468113005,11.7741375
0.03697030861,-0.1854762733,11.80114269
0.03698030861,-0.1234092489,11.82322598
0.03699030861,-0.0608551912,11.84145927
0.03700030861,0.001939036883,11.8563385
0.03701030861,0.06472561508,11.8686552
0.03702030861,0.1272567511,11.87867546
0.03703030861,0.1892856508,11.88700104
0.03704030861,0.2505675256,11.89374256
0.03704046486,0.2515178323,11.89386272
0.03704077736,0.2534177303,-10.32643032
0.03704086354,0.2539415061,-12.60538483
0.03704094949,0.2544637918,-11.17512989
0.03704099379,0.2547329962,-11.93899345
0.03704103852,0.2550047636,-11.64443779
0.03704108461,0.2552847564,-11.76026821
0.03704113204,0.2555729151,-11.71362495
0.03704120937,0.2560426295,-11.7357626
0.03704132376,0.2567372918,-11.72231579
0.03704154272,0.2580667138,-11.73371124
0.03704198064,0.2607240975,-11.72619915
0.03704285649,0.2660329342,-11.73809528
0.0370446082,0.2766262293,-11.73625565
0.0370481116,0.2977110744,-11.7566843
0.03705511841,0.3394378424,-11.77076912
0.03706511841,0.3978306055,-11.80565834
0.03707511841,0.4546532929,-11.81968021
0.03708511841,0.5096816421,-11.84577274
0.03709511841,0.5626986027,-11.85268497
0.03710511841,0.6134947538,-11.87282276
0.03711511841,0.6618697643,-11.87495804
0.03712511841,0.7076326609,-11.89105892
0.03713511841,0.750602901,-11.88999271
0.03713515904,0.7507715225,7.120345592
0.03713524029,0.7511086464,14.53496265
0.03713526771,0.7512223721,11.26424789
0.03713528408,0.7512902617,11.68360329
0.0371352991,0.7513525486,11.7203989
0.0371353156,0.7514209747,11.72566032
0.0371353486,0.7515577674,11.72641754
0.0371354146,0.7518312335,11.72647953
0.03713554659,0.7523778081,11.72711182
0.03713581057,0.753469348,11.72803974
0.03713633853,0.7556462288,11.73015404
0.03713739444,0.7599750757,11.73407078
0.03713950628,0.7685321569,11.74189758
0.03714372996,0.7852389812,11.75639439
0.03715217732,0.8169822097,11.78227234
0.03716217732,0.8515790701,11.80770683
0.03717217732,0.8828151226,11.82873344
0.03718217732,0.9105670452,11.84586716
0.03719217732,0.9347254634,11.86007404
0.03720217732,0.9551948905,11.87160778
0.03721217732,0.9718946218,11.88121605
0.03722217732,0.9847587347,11.88897228
0.03722342732,0.9860943556,11.88987064
0.03722592732,0.9885830283,11.89155293
0.03722655232,0.9891670942,11.89195728
0.03722780232,0.9902895093,11.89275837
0.03722811482,0.9905605912,11.89295483
0.03722873982,0.9910912514,11.89334583
0.03722889607,0.9912214875,11.89344215
0.03722920857,0.991479218,11.8936348
0.03722932202,0.991571784,-8.234059334
0.03722939056,0.9916275144,-13.65981293
0.03722944737,0.9916735291,-10.78782749
0.03722947121,0.9916927814,-11.81605053
0.0372294942,0.9917113781,-11.71956348
0.03722951846,0.9917309284,-11.72733402
0.03722954577,0.9917529821,-11.72659874
0.03722960038,0.9917968512,-11.72698402
0.03722970961,0.9918843508,-11.72731495
0.03722992806,0.9920579791,-11.72823048
0.03723036498,0.9923995137,-11.72984886
0.03723123881,0.9930601716,-11.73322296
0.03723298646,0.9942917228,-11.73963451
0.03723648177,0.9963949919,-11.75197792
0.03724347239,0.9991590381,-11.7741375
0.03725347239,0.9997619987,-11.80114269
0.03726347239,0.9964193702,-11.82322598
0.03727347239,0.9891443253,-11.84145927
0.03728347239,0.9779655933,-11.8563385
0.03729347239,0.9629272223,-11.8686552
0.03730347239,0.9440886974,-11.87867546
0.03731347239,0.9215242267,-11.88700104
0.03732347239,0.8953229189,-11.89374256
0.03732362864,0.894885242,-11.89386272
0.03732394114,0.894007206,10.32643032
0.03732402732,0.8937644362,12.60538483
0.03732411327,0.8935220838,11.17512989
0.03732415757,0.8933970928,11.93899345
0.0373242023,0.893270731,11.64443779
0.03732424839,0.8931405544,11.76026821
0.03732429582,0.893006444,11.71362495
0.03732437315,0.8927876949,11.7357626
0.03732448754,0.8924636841,11.72231579
0.0373247065,0.8918422461,11.73371124
0.03732514442,0.8905941844,11.72619915
0.03732602027,0.8880779147,11.73809528
0.03732777198,0.8829647303,11.73625565
0.03733127538,0.872418046,11.7566843
0.03733828219,0.8500619531,11.77076912
0.03734828219,0.8153138757,11.80565834
0.03735828219,0.7773481607,11.81968021
0.03736828219,0.7363145351,11.84577274
0.03737828219,0.6923750639,11.85268497
0.03738828219,0.6457030773,11.87282276
0.03739828219,0.5964828134,11.87495804
0.03740828219,0.5449085236,11.89105892
0.03741828219,0.4911836684,11.88999271
0.03741832282,0.4909613132,-7.120345592
0.03741840407,0.4905165136,-14.53496265
0.03741843149,0.4903663397,-11.26424789
0.03741844786,0.4902766943,-11.68360329
0.03741846288,0.4901944399,-11.7203989
0.03741847938,0.4901040792,-11.72566032
0.03741851238,0.4899233282,-11.72641754
0.03741857838,0.489561826,-11.72647953
0.03741871037,0.4888384938,-11.72711182
0.03741897435,0.4873908758,-11.72803974
0.0374195023,0.4844916165,-11.73015404
0.03742055822,0.4786771238,-11.73407078
0.03742267006,0.4669851959,-11.74189758
0.03742689374,0.4433567524,-11.75639439
0.0374353411,0.3951800764,-11.78227234
0.0374453411,0.3367206752,-11.80770683
0.0374553411,0.2769323885,-11.82873344
0.0374653411,0.2160511762,-11.84586716
0.0374753411,0.1543173045,-11.86007404
0.0374853411,0.09197442979,-11.87160778
0.0374953411,0.02926856279,-11.88121605
0.0375053411,-0.03355281055,-11.88897228
0.0375065911,-0.04140125588,-11.88987064
0.0375090911,-0.05708999559,-11.89155293
0.0375097161,-0.06101013348,-11.89195728
0.0375109661,-0.06884752214,-11.89275837
0.0375112786,-0.07080622017,-11.89295483
0.0375119036,-0.07472280413,-11.89334583
0.03751205985,-0.07570176572,-11.89344215
0.03751237235,-0.07765948027,-11.8936348
0.0375124858,-0.07837017626,8.234059334
0.03751255434,-0.07879948616,13.65981293
0.03751261115,-0.07915529609,10.78782749
0.03751263499,-0.07930460572,11.81605053
0.03751265798,-0.07944862545,11.71956348
0.03751268224,-0.07960055023,11.72733402
0.03751270955,-0.07977157831,11.72659874
0.03751276416,-0.08011363447,11.72698402
0.03751287339,-0.08079770952,11.72731495
0.03751309184,-0.08216574788,11.72823048
0.03751352876,-0.08490136266,11.72984886
0.03751440259,-0.09037065506,11.73322296
0.03751615024,-0.1013008878,11.73963451
0.03751964555,-0.1231234074,11.75197792
0.03752663617,-0.1665797979,11.7741375
0.03753663617,-0.2281643003,11.80114269
0.03754663617,-0.2888483405,11.82322598
0.03755663617,-0.348392427,11.84145927
0.03756663617,-0.4065615833,11.8563385
0.03757663617,-0.4631262124,11.8686552
0.03758663617,-0.5178630948,11.87867546
0.03759663617,-0.5705562234,11.88700104
0.03760663617,-0.6209976077,11.89374256
0.03760679242,-0.6217668056,11.89386272
0.03760710492,-0.6233034134,-10.32643032
0.0376071911,-0.6237267852,-12.60538483
0.03760727705,-0.6241487861,-11.17512989
0.03760732135,-0.6243662238,-11.93899345
0.03760736608,-0.6245857477,-11.64443779
0.03760741217,-0.6248118877,-11.76026821
0.0376074596,-0.6250445247,-11.71362495
0.03760753693,-0.6254237294,-11.7357626
0.03760765132,-0.6259843707,-11.72231579
0.03760787028,-0.6270566583,-11.73371124
0.0376083082,-0.6291976571,-11.72619915
0.03760918405,-0.6334654093,-11.73809528
0.03761093576,-0.6419432163,-11.73625565
0.03761443916,-0.658664465,-11.7566843
0.03762144597,-0.691141665,-11.77076912
0.03763144597,-0.7351577878,-11.80565834
0.03764144597,-0.7762725353,-11.81968021
0.03765144597,-0.8143237233,-11.84577274
0.03766144597,-0.8491611481,-11.85268497
0.03767144597,-0.8806473613,-11.87282276
0.03768144597,-0.908657968,-11.87495804
0.03769144597,-0.9330825806,-11.89105892
0.03770144597,-0.9538247585,-11.88999271
0.0377014866,-0.9539013505,7.120345592
0.03770156785,-0.9540544748,14.53496265
0.03770159527,-0.9541060925,11.26424789
0.03770161164,-0.9541369081,11.68360329
0.03770162666,-0.9541651607,11.7203989
0.03770164316,-0.9541961551,11.72566032
0.03770167616,-0.9542581439,11.72641754
0.03770174216,-0.954382062,11.72647953
0.03770187415,-0.9546293616,11.72711182
0.03770213813,-0.955121994,11.72803974
0.03770266608,-0.9560993314,11.73015404
0.037703722,-0.9580224752,11.73407078
0.03770583384,-0.9617421627,11.74189758
0.03771005752,-0.9686729908,11.75639439
0.03771850488,-0.9804836512,11.78227234
0.03772850488,-0.9908935428,11.80770683
0.03773850488,-0.9973928332,11.82873344
0.03774850488,-0.9999558926,11.84586716
0.03775850488,-0.9985725284,11.86007404
0.03776850488,-0.9932482839,11.87160778
0.03777850488,-0.9840041399,11.88121605
0.03778850488,-0.9708766341,11.88897228
0.03778975488,-0.9689650536,11.88987064
0.03779225488,-0.9649626613,11.89155293
0.03779287988,-0.9639248252,11.89195728
0.03779412988,-0.9618046284,11.89275837
0.03779444238,-0.9612652659,11.89295483
0.03779506738,-0.9601755142,11.89334583
0.03779522363,-0.9599007368,11.89344215
0.03779553613,-0.9593484402,11.8936348
0.03779564958,-0.9591469765,-8.234059334
0.03779571812,-0.959025085,-13.65981293
0.03779577493,-0.9589238763,-10.78782749
0.03779579877,-0.9588813782,-11.81605053
0.03779582176,-0.9588403702,-11.71956348
0.03779584602,-0.9587970972,-11.72733402
0.03779587333,-0.9587483406,-11.72659874
0.03779592794,-0.9586507678,-11.72698402
0.03779603717,-0.958455205,-11.72731495
0.03779625562,-0.958062768,-11.72823048
0.03779669254,-0.9572725296,-11.72984886
0.03779756637,-0.9556702971,-11.73322296
0.03779931402,-0.9523795843,-11.73963451
0.03780280933,-0.9454540014,-11.75197792
0.03780979995,-0.9302384853,-11.7741375
0.03781979995,-0.9053615332,-11.80114269
0.03782979995,-0.876911521,-11.82322598
0.03783979995,-0.8450008035,-11.84145927
0.03784979995,-0.8097552061,-11.8563385
0.03785979995,-0.7713138461,-11.8686552
0.03786979995,-0.7298284769,-11.87867546
0.03787979995,-0.6854628325,-11.88700104
0.03788979995,-0.6383919716,-11.89374256
0.0378899562,-0.6376360059,-11.89386272
0.0378902687,-0.6361222267,10.32643032
0.03789035488,-0.6357043386,12.60538483
0.03789044083,-0.6352874041,11.17512989
0.03789048513,-0.6350724101,11.93899345
0.03789052986,-0.6348552704,11.64443779
0.03789057595,-0.6346315145,11.76026821
0.03789062338,-0.6344011426,11.71362495
0.03789070071,-0.6340254545,11.7357626
0.03789081509,-0.633469522,11.72231579
0.03789103406,-0.632404387,11.73371124
0.03789147198,-0.6302705407,11.72619915
0.03789234783,-0.625988543,11.73809528
0.03789409954,-0.6173677444,11.73625565
0.03789760294,-0.5999028683,11.7566843
0.03790460975,-0.564109683,11.77076912
0.03791460975,-0.5111504197,11.80565834
0.03792460975,-0.4561738968,11.81968021
0.03793460975,-0.3993970454,11.84577274
0.03794460975,-0.3410439491,11.85268497
0.03795460975,-0.2813449204,11.87282276
0.03796460975,-0.2205355316,11.87495804
0.03797460975,-0.1588558108,11.89105892
0.03798460975,-0.09654914588,11.88999271
0.03798465038,-0.09629508108,-7.120345592
0.03798473163,-0.09578693658,-14.53496265
0.03798475905,-0.09561540186,-11.26424789
0.03798477542,-0.09551302344,-11.68360329
0.03798479044,-0.09541906416,-11.7203989
0.03798480694,-0.09531587362,-11.72566032
0.03798483994,-0.09510948509,-11.72641754
0.03798490594,-0.09469670057,-11.72647953
0.03798503793,-0.09387107939,-11.72711182
0.03798530191,-0.09221963584,-11.72803974
0.03798582986,-0.0889160037,-11.73015404
0.03798688578,-0.0823058337,-11.73407078
0.03798899762,-0.06907492131,-11.74189758
0.0379932213,-0.04257894307,-11.75639439
0.03800166866,0.01048429497,-11.78227234
0.03801166866,0.07325067371,-11.80770683
0.03802166866,0.1357279718,-11.82873344
0.03803166866,0.1976696104,-11.84586716
0.03804166866,0.2588311434,-11.86007404
0.03805166866,0.3189711571,-11.87160778
0.03806166866,0.3778523803,-11.88121605
0.03807166866,0.4352423549,-11.88897228
0.03807291866,0.4422999024,-11.88987064
0.03807541866,0.4563327134,-11.89155293
0.03807604366,0.4598234594,-11.89195728
0.03807729366,0.4667836428,-11.89275837
0.03807760616,0.468519181,-11.89295483
0.03807823116,0.4719848931,-11.89334583
0.03807838741,0.4728501737,-11.89344215
0.03807869991,0.4745793641,-11.8936348
0.03807881336,0.4752067327,8.234059334
0.0380788819,0.4755856097,13.65981293
0.03807893871,0.4758995473,10.78782749
0.03807896255,0.4760312736,11.81605053
0.03807898554,0.4761583209,11.71956348
0.0380790098,0.4762923419,11.72733402
0.03807903711,0.4764432013,11.72659874
0.03807909172,0.4767448604,11.72698402
0.03807920095,0.4773480296,11.72731495
0.0380794194,0.4785537124,11.72823048
0.03807985632,0.4809623659,11.72984886
0.03808073015,0.4857687652,11.73322296
0.0380824778,0.4953374863,11.73963451
0.03808597311,0.5142946243,11.75197792
0.03809296373,0.5514557362,11.7741375
0.03810296373,0.6027476788,11.80114269
0.03811296373,0.6516608596,11.82322598
0.03812296373,0.6980022192,11.84145927
0.03813296373,0.7415888906,11.8563385
0.03814296373,0.7822488546,11.8686552
0.03815296373,0.8198215961,11.87867546
0.03816296373,0.8541589379,11.88700104
0.03817296373,0.8851252794,11.89374256
0.03817311998,0.8855817318,11.89386272
0.03817343248,0.8864920139,-10.32643032
0.03817351866,0.8867424726,-12.60538483
0.03817360461,0.8869919777,-11.17512989
0.03817364891,0.8871204853,-11.93899345
0.03817369364,0.887250185,-11.64443779
0.03817373973,0.8873836994,-11.76026821
0.03817378716,0.8875210881,-11.71362495
0.03817386449,0.887744844,-11.7357626
0.03817397887,0.8880754113,-11.72231579
0.03817419784,0.8887070417,-11.73371124
0.03817463576,0.8899651766,-11.72619915
0.03817551161,0.8924612999,-11.73809528
0.03817726332,0.897372365,-11.73625565
0.03818076672,0.9068677425,-11.7566843
0.03818777353,0.9245358706,-11.77076912
0.03819777353,0.9466406703,-11.80565834
0.03820777353,0.9650095105,-11.81968021
0.03821777353,0.979569912,-11.84577274
0.03822777353,0.9902643561,-11.85268497
0.03823777353,0.9970507026,-11.87282276
0.03824777353,0.9999021292,-11.87495804
0.03825777353,0.9988074303,-11.89105892
0.03826777353,0.9937708974,-11.88999271
0.03826781416,0.9937424064,7.120345592
0.03826789541,0.9936852455,14.53496265
0.03826792283,0.9936659336,11.26424789
0.0382679392,0.9936543703,11.68360329
0.03826795422,0.9936437011,11.7203989
0.03826797072,0.9936320782,11.72566032
0.03826800372,0.9936086535,11.72641754
0.03826806972,0.9935618043,11.72647953
0.03826820171,0.9934675097,11.72711182
0.03826846568,0.9932768345,11.72803974
0.03826899364,0.9928873777,11.73015404
0.03827004956,0.9920756221,11.73407078
0.0382721614,0.9903211594,11.74189758
0.03827638508,0.9862895608,11.75639439
0.03828483244,0.9761458635,11.78227234
0.03829483244,0.9605869055,11.80770683
0.03830483244,0.9412368536,11.82873344
0.03831483244,0.9181722403,11.84586716
0.03832483244,0.8914840221,11.86007404
0.03833483244,0.8612774611,11.87160778
0.03834483244,0.8276718855,11.88121605
0.03835483244,0.7907998562,11.88897228
0.03835608244,0.7859683037,11.88987064
0.03835858244,0.7761600018,11.89155293
0.03835920744,0.7736779451,11.89195728
0.03836045744,0.7686780095,11.89275837
0.03836076994,0.7674205899,11.89295483
0.03836139494,0.7648969293,11.89334583
0.03836155119,0.7642641664,11.89344215
0.03836186369,0.7629964352,11.8936348
0.03836197714,0.7625354528,-8.234059334
0.03836204568,0.7622567415,-13.65981293
0.03836210249,0.7620256543,-10.78782749
0.03836212633,0.7619286776,-11.81605053
0.03836214932,0.7618350983,-11.71956348
0.03836217358,0.761736393,-11.72733402
0.03836220089,0.7616251707,-11.72659874
0.0383622555,0.7614027858,-11.72698402
0.03836236473,0.7609576583,-11.72731495
0.03836258318,0.76006639,-11.72823048
0.0383630201,0.7582796216,-11.72984886
0.03836389393,0.7546887994,-11.73322296
0.03836564158,0.747439146,-11.73963451
0.03836913689,0.7326702476,-11.75197792
0.03837612751,0.7020797133,-11.7741375
0.03838612751,0.6559813023,-11.80114269
0.03839612751,0.607294023,-11.82322598
0.03840612751,0.5562099814,-11.84145927
0.03841612751,0.5029308796,-11.8563385
0.03842612751,0.4476669729,-11.8686552
0.03843612751,0.3906362951,-11.87867546
0.03844612751,0.3320639729,-11.88700104
0.03845612751,0.2721811235,-11.89374256
0.03845628376,0.2712363005,-11.89386272
0.03845659626,0.2693458796,10.32643032
0.03845668244,0.2688243687,12.60538483
0.03845676839,0.268304199,11.17512989
0.03845681269,0.2680360079,11.93899345
0.03845685742,0.267765224,11.64443779
0.03845690351,0.2674862146,11.76026821
0.03845695094,0.2671990097,11.71362495
0.03845702827,0.2667307854,11.7357626
0.03845714265,0.2660380602,11.72231579
0.03845736162,0.2647116184,11.73371124
0.03845779954,0.262057215,11.72619915
0.03845867539,0.2567424476,11.73809528
0.0384604271,0.2460897714,11.73625565
0.0384639305,0.2246962935,11.7566843
0.03847093731,0.1815931052,11.77076912
0.03848093731,0.1194882318,11.80565834
0.03849093731,0.05691178516,11.81968021
0.03850093731,-0.005889267661,11.84577274
0.03851093731,-0.06866707653,11.85268497
0.03852093731,-0.1311738938,11.87282276
0.03853093731,-0.1931630224,11.87495804
0.03854093731,-0.2543898225,11.89105892
0.03855093731,-0.3146126568,11.88999271
0.03855097794,-0.3148549497,-7.120345592
0.03855105919,-0.3153394461,-14.53496265
0.03855108661,-0.3155029714,-11.26424789
0.03855110298,-0.315600574,-11.68360329
0.038551118,-0.31569013,-11.7203989
0.0385511345,-0.3157884777,-11.72566032
0.0385511675,-0.3159852028,-11.72641754
0.0385512335,-0.3163785934,-11.72647953
0.03855136548,-0.3171651959,-11.72711182
0.03855162946,-0.3187377751,-11.72803974
0.03855215742,-0.3218802512,-11.73015404
0.03855321334,-0.3281545639,-11.73407078
0.03855532518,-0.3406596184,-11.74189758
0.03855954886,-0.3654875457,-11.75639439
0.03856799622,-0.4143539667,-11.78227234
0.03857799622,-0.4706829786,-11.80770683
0.03858799622,-0.5251544118,-11.82873344
0.03859799622,-0.5775533319,-11.84586716
0.03860799622,-0.6276728511,-11.86007404
0.03861799622,-0.6753152609,-11.87160778
0.03862799622,-0.7202925682,-11.88121605
0.03863799622,-0.7624271512,-11.88897228
0.03863924622,-0.7674856782,-11.88987064
0.03864174622,-0.7774603963,-11.89155293
0.03864237122,-0.7799242139,-11.89195728
0.03864362122,-0.7848157287,-11.89275837
0.03864393372,-0.7860310674,-11.89295483
0.03864455872,-0.7884526253,-11.89334583
0.03864471497,-0.7890560627,-11.89344215
0.03864502747,-0.7902607918,-11.8936348
0.03864514092,-0.7906973958,8.234059334
0.03864520946,-0.7909609675,13.65981293
0.03864526627,-0.7911792994,10.78782749
0.03864529011,-0.7912709117,11.81605053
0.0386453131,-0.7913592458,11.71956348
0.03864533736,-0.7914524078,11.72733402
0.03864536466,-0.7915572524,11.72659874
0.03864541928,-0.7917669415,11.72698402
0.03864552851,-0.7921859622,11.72731495
0.03864574696,-0.793022871,11.72823048
0.03864618388,-0.7946922183,11.72984886
0.03864705771,-0.7980129719,11.73322296
0.03864880536,-0.8045822382,11.73963451
0.03865230067,-0.8174289465,11.75197792
0.03865929129,-0.8419335485,11.7741375
0.03866929129,-0.8741527796,11.80114269
0.03867929129,-0.9029220939,11.82322598
0.03868929129,-0.9281280041,11.84145927
0.03869929129,-0.94967103,11.8563385
0.03870929129,-0.9674661756,11.8686552
0.03871929129,-0.9814431071,11.87867546
0.03872929129,-0.9915467501,11.88700104
0.03873929129,-0.9977372289,11.89374256
0.03873944754,-0.9978027344,11.89386272
0.03873976004,-0.997930944,-10.32643032
0.03873984622,-0.9979655743,-12.60538483
0.03873993217,-0.9979998469,-11.17512989
0.03873997647,-0.9980174303,-11.93899345
0.0387400212,-0.9980350733,-11.64443779
0.03874006729,-0.9980531931,-11.76026821
0.03874011472,-0.9980717301,-11.71362495
0.03874019205,-0.9981017709,-11.7357626
0.03874030643,-0.9981457591,-11.72231579
0.0387405254,-0.99822855,-11.73371124
0.03874096332,-0.9983884692,-11.72619915
0.03874183917,-0.998685658,-11.73809528
0.03874359088,-0.9991892576,-11.73625565
0.03874709428,-0.9998333454,-11.7566843
0.03875410109,-0.9996680021,-11.77076912
0.03876410109,-0.9960775971,-11.80565834
0.03877410109,-0.9885561466,-11.81968021
0.03878410109,-0.9771332741,-11.84577274
0.03879410109,-0.9618541002,-11.85268497
0.03880410109,-0.942778945,-11.87282276
0.03881410109,-0.919983089,-11.87495804
0.03882410109,-0.893556416,-11.89105892
0.03883410109,-0.8636033535,-11.88999271
0.03883414172,-0.8634746075,7.120345592
0.03883422297,-0.8632169962,14.53496265
0.03883425039,-0.863130033,11.26424789
0.03883426676,-0.8630780578,11.68360329
0.03883428178,-0.8630303741,11.7203989
0.03883429828,-0.8629780412,11.72566032
0.03883433128,-0.8628732562,11.72641754
0.03883439727,-0.8626636267,11.72647953
0.03883452926,-0.8622438312,11.72711182
0.03883479324,-0.8614025712,11.72803974
0.0388353212,-0.8597129583,11.73015404
0.03883637712,-0.8563052416,11.73407078
0.03883848896,-0.8493769765,11.74189758
0.03884271264,-0.8350731134,11.75639439
0.03885116,-0.8047114611,11.78227234
0.03886116,-0.7658469677,11.80770683
0.03887116,-0.7239599824,11.82873344
0.03888116,-0.6792159081,11.84586716
0.03889116,-0.631791234,11.86007404
0.03890116,-0.5818731785,11.87160778
0.03891116,-0.5296587348,11.88121605
0.03892116,-0.475353986,11.88897228
0.03892241,-0.4684295058,11.88987064
0.03892491,-0.4544942975,11.89155293
0.038925535,-0.4509928226,11.89195728
0.038926785,-0.4439691007,11.89275837
0.0389270975,-0.4422088563,11.89295483
0.0389277225,-0.4386833012,11.89334583
0.03892787875,-0.4378008544,11.89344215
0.03892819125,-0.4360346794,11.8936348
0.0389283047,-0.4353930354,-8.234059334
0.03892837324,-0.435005337,-13.65981293
0.03892843005,-0.434683919,-10.78782749
0.03892845389,-0.4345490038,-11.81605053
0.03892847688,-0.4344188869,-11.71956348
0.03892850114,-0.4342816174,-11.72733402
0.03892852844,-0.4341270626,-11.72659874
0.03892858306,-0.4338178933,-11.72698402
0.03892869229,-0.4331994355,-11.72731495
0.03892891074,-0.431961894,-11.72823048
0.03892934766,-0.4294843972,-11.72984886
0.03893022149,-0.4245196879,-11.73322296
0.03893196914,-0.4145520329,-11.73963451
0.03893546445,-0.3944680095,-11.75197792
0.03894245507,-0.3537389338,-11.7741375
0.03895245507,-0.2943101525,-11.80114269
0.03896245507,-0.2337198704,-11.82322598
0.03897245507,-0.1722072065,-11.84145927
0.03898245507,-0.1100149229,-11.8563385
0.03899245507,-0.04738846049,-11.8686552
0.03900245507,0.01542502828,-11.87867546
0.03901245507,0.07817763835,-11.88700104
0.03902245507,0.1406217217,-11.89374256
0.03902261132,0.14159365,-11.89386272
0.03902292382,0.1435370892,10.32643032
0.03902301,0.1440729499,12.60538483
0.03902309595,0.1446073204,11.17512989
0.03902314025,0.1448827535,11.93899345
0.03902318498,0.1451608539,11.64443779
0.03902323107,0.1454473436,11.76026821
0.0390232785,0.1457422078,11.71362495
0.03902335583,0.1462228745,11.7357626
0.03902347021,0.146933794,11.72231579
0.03902368918,0.1482945085,11.73371124
0.0390241271,0.151015088,11.72619915
0.03902500295,0.1564528048,11.73809528
0.03902675466,0.1673138291,11.73625565
0.03903025806,0.1889737993,11.7566843
0.03903726487,0.2320085764,11.77076912
0.03904726487,0.2926279604,11.80565834
0.03905726487,0.3520924747,11.81968021
0.03906726487,0.4101674557,11.84577274
0.03907726487,0.4666236639,11.85268497
0.03908726487,0.521238327,11.87282276
0.03909726487,0.5737959146,11.87495804
0.03910726487,0.6240890026,11.89105892
0.03911726487,0.6719191074,11.88999271
0.0391173055,0.6721081138,-7.120345592
0.03911738675,0.6724860072,-14.53496265
0.03911741417,0.6726135612,-11.26424789
0.03911743054,0.6726896763,-11.68360329
0.03911744556,0.6727594733,-11.7203989
0.03911746206,0.6728361845,-11.72566032
0.03911749506,0.6729895473,-11.72641754
0.03911756105,0.6732962132,-11.72647953
0.03911769304,0.6739091277,-11.72711182
0.03911795702,0.6751336455,-11.72803974
0.03911848498,0.6775770783,-11.73015404
0.0391195409,0.682441473,-11.73407078
0.03912165274,0.6920800209,-11.74189758
0.03912587642,0.7109898925,-11.75639439
0.03913432378,0.7472944856,-11.78227234
0.03914432378,0.7875437737,-11.80770683
0.03915432378,0.8246849179,-11.82873344
0.03916432378,0.8585714102,-11.84586716
0.03917432378,0.8890695572,-11.86007404
0.03918432378,0.9160589576,-11.87160778
0.03919432378,0.9394330382,-11.88121605
0.03920432378,0.9590996504,-11.88897228
0.03920557378,0.9612932205,-11.88987064
0.03920807378,0.9655024409,-11.89155293
0.03920869878,0.9665175676,-11.89195728
0.03920994878,0.968503058,-11.89275837
0.03921026128,0.9689901471,-11.89295483
0.03921088628,0.9699530005,-11.89334583
0.03921104253,0.9701913595,-11.89344215
0.03921135503,0.9706653357,-11.8936348
0.03921146848,0.9708365202,8.234059334
0.03921153702,0.9709396362,13.65981293
0.03921159383,0.9710249901,10.78782749
0.03921161767,0.9710608125,11.81605053
0.03921164066,0.971095264,11.71956348
0.03921166492,0.9711316824,11.72733402
0.03921169222,0.9711725712,11.72659874
0.03921174684,0.9712542892,11.72698402
0.03921185607,0.9714174271,11.72731495
0.03921207452,0.9717423916,11.72823048
0.03921251144,0.9723867178,11.72984886
0.03921338527,0.9736533761,11.73322296
0.03921513292,0.976098597,11.73963451
0.03921862823,0.9806357026,11.75197792
0.03922561885,0.9882891178,11.7741375
0.03923561885,0.9959203601,11.80114269
0.03924561885,0.9996211529,11.82322598
0.03925561885,0.999376893,11.84145927
0.03926561885,0.9951885343,11.8563385
0.03927561885,0.987072587,11.8686552
0.03928561885,0.9750611782,11.87867546
0.03929561885,0.9592016339,11.88700104
0.03930561885,0.9395565391,11.89374256
0.0393057751,0.9392199516,11.89386272
0.0393060876,0.938544035,-10.32643032
0.03930617378,0.9383569956,-12.60538483
0.03930625973,0.9381701946,-11.17512989
0.03930630403,0.9380737543,-11.93899345
0.03930634876,0.9379763603,-11.64443779
0.03930639485,0.9378759265,-11.76026821
0.03930644228,0.9377725124,-11.71362495
0.03930651961,0.9376036525,-11.7357626
0.03930663399,0.9373535514,-11.72231579
0.03930685296,0.9368733168,-11.73371124
0.03930729088,0.9359076619,-11.72619915
0.03930816673,0.9339550734,-11.73809528
0.03930991844,0.9299650192,-11.73625565
0.03931342184,0.9216474891,-11.7566843
0.03932042865,0.9036770463,-11.77076912
0.03933042865,0.8750060201,-11.80565834
0.03934042865,0.8428817391,-11.81968021
0.03935042865,0.8074309826,-11.84577274
0.03936042865,0.7687937021,-11.85268497
0.03937042865,0.7271223068,-11.87282276
0.03938042865,0.6825813055,-11.87495804
0.03939042865,0.6353464723,-11.89105892
0.03940042865,0.5856041908,-11.88999271
0.03940046928,0.5853973031,7.120345592
0.03940055053,0.5849832892,14.53496265
0.03940057795,0.5848435163,11.26424789
0.03940059432,0.5847601295,11.68360329
0.03940060934,0.5846835375,11.7203989
0.03940062584,0.5845994353,11.72566032
0.03940065884,0.584431231,11.72641754
0.03940072483,0.5840947032,11.72647953
0.03940085682,0.5834213495,11.72711182
0.0394011208,0.5820734501,11.72803974
0.03940164876,0.5793728828,11.73015404
0.03940270468,0.5739525557,11.73407078
0.03940481652,0.5630365014,11.74189758
0.0394090402,0.5409088135,11.75639439
0.03941748756,0.495526582,11.78227234
0.03942748756,0.4400093853,11.80770683
0.03943748756,0.382755667,11.82873344
0.03944748756,0.3239913881,11.84586716
0.03945748756,0.2639484704,11.86007404
0.03946748756,0.2028638422,11.87160778
0.03947748756,0.1409786344,11.88121605
0.03948748756,0.07853703201,11.88897228
0.03948873756,0.07070496678,11.88987064
0.03949123756,0.05502824113,11.89155293
0.03949186256,0.05110678449,11.89195728
0.03949311256,0.04326157272,11.89275837
0.03949342506,0.04129983112,11.89295483
0.03949405006,0.03737588227,11.89334583
0.03949420631,0.03639480472,11.89344215
0.03949451881,0.03443254158,11.8936348
0.03949463226,0.03372008726,-8.234059334
0.0394947008,0.03328968957,-13.65981293
0.03949475761,0.03293296322,-10.78782749
0.03949478145,0.03278325871,-11.81605053
0.03949480444,0.03263886645,-11.71956348
0.0394948287,0.03248653561,-11.72733402
0.039494856,0.03231504932,-11.72659874
0.03949491062,0.03197207674,-11.72698402
0.03949501985,0.03128611669,-11.72731495
0.0394952383,0.02991415374,-11.72823048
0.03949567522,0.02717006393,-11.72984886
0.03949654904,0.02168129012,-11.73322296
0.0394982967,0.01070194878,-11.73963451
0.03950179201,-0.01125928387,-11.75197792
0.03950878263,-0.05515486747,-11.7741375
0.03951878263,-0.1177409738,-11.80114269
0.03952878263,-0.1798624098,-11.82322598
0.03953878263,-0.2412740141,-11.84145927
0.03954878263,-0.3017334044,-11.8563385
0.03955878263,-0.3610019982,-11.8686552
0.03956878263,-0.418845892,-11.87867546
0.03957878263,-0.4750367999,-11.88700104
0.03958878263,-0.529352963,-11.89374256
0.03958893888,-0.5301855803,-11.89386272
0.03958925138,-0.5318493843,10.32643032
0.03958933756,-0.5323078632,12.60538483
0.0395894235,-0.5327649117,11.17512989
0.03958946781,-0.5330004692,11.93899345
0.03958951254,-0.5332382917,11.64443779
0.03958955863,-0.5334832072,11.76026821
0.03958960606,-0.5337352753,11.71362495
0.03958968339,-0.5341461301,11.7357626
0.03958979777,-0.534753561,11.72231579
0.03959001674,-0.5359156132,11.73371124
0.03959045466,-0.538236618,11.72619915
0.03959133051,-0.5428664684,11.73809528
0.03959308222,-0.5520766377,11.73625565
0.03959658562,-0.5702953339,11.7566843
0.03960359243,-0.6058950424,11.77076912
0.03961359243,-0.6546521187,11.80565834
0.03962359243,-0.700825572,11.81968021
0.03963359243,-0.7442331314,11.84577274
0.03964359243,-0.7847036123,11.85268497
0.03965359243,-0.8220772147,11.87282276
0.03966359243,-0.8562064767,11.87495804
0.03967359243,-0.8869566321,11.89105892
0.03968359243,-0.9142063856,11.88999271
0.03968363306,-0.9143097997,-7.120345592
0.03968371431,-0.914516449,-14.53496265
0.03968374173,-0.9145861268,-11.26424789
0.0396837581,-0.9146277308,-11.68360329
0.03968377312,-0.9146658778,-11.7203989
0.03968378962,-0.9147077799,-11.72566032
0.03968382262,-0.914791584,-11.72641754
0.03968388861,-0.9149589539,-11.72647953
0.0396840206,-0.9152933359,-11.72711182
0.03968428458,-0.9159601331,-11.72803974
0.03968481254,-0.9172862172,-11.73015404
0.03968586846,-0.9199080467,-11.73407078
0.0396879803,-0.9250301719,-11.74189758
0.03969220398,-0.9347849488,-11.75639439
0.03970065134,-0.9523131847,-11.78227234
0.03971065134,-0.9695928097,-11.80770683
0.03972065134,-0.983045876,-11.82873344
0.03973065134,-0.9926193357,-11.84586716
0.03974065134,-0.9982753396,-11.86007404
0.03975065134,-0.9999916553,-11.87160778
0.03976065134,-0.9977614284,-11.88121605
0.03977065134,-0.9915934801,-11.88897228
0.03977190134,-0.9905466437,-11.88987064
0.03977440134,-0.9882698059,-11.89155293
0.03977502634,-0.9876624346,-11.89195728
0.03977627634,-0.9864020944,-11.89275837
0.03977658884,-0.9860774875,-11.89295483
0.03977721384,-0.9854168892,-11.89334583
0.03977737009,-0.9852493405,-11.89344215
0.03977768259,-0.9849114418,-11.8936348
0.03977779604,-0.9847878218,8.234059334
0.03977786458,-0.9847128987,13.65981293
0.03977792139,-0.9846506715,10.78782749
0.03977794523,-0.984624505,11.81605053
0.03977796822,-0.9845992923,11.71956348
0.03977799248,-0.9845725894,11.72733402
0.03977801978,-0.9845425487,11.72659874
0.0397780744,-0.9844824076,11.72698402
0.03977818363,-0.9843617678,11.72731495
0.03977840208,-0.9841189981,11.72823048
0.039778839,-0.9836280346,11.72984886
0.03977971282,-0.9826237559,11.73322296
0.03978146048,-0.9805264473,11.73963451
0.03978495579,-0.9759773016,11.75197792
0.03979194641,-0.96546942,11.7741375
0.03980194641,-0.9472063184,11.80114269
0.03981194641,-0.9252050519,11.82322598
0.03982194641,-0.8995524049,11.84145927
0.03983194641,-0.8703496456,11.8563385
0.03984194641,-0.8377119899,11.8686552
0.03985194641,-0.8017683029,11.87867546
0.03986194641,-0.7626603842,11.88700104
0.03987194641,-0.7205425501,11.89374256
0.03987210266,-0.7198614478,11.89386272
0.03987241516,-0.7184971571,-10.32643032
0.03987250134,-0.7181204557,-12.60538483
0.03987258728,-0.7177445292,-11.17512989
0.03987263159,-0.7175506949,-11.93899345
0.03987267632,-0.7173548937,-11.64443779
0.03987272241,-0.717153132,-11.76026821
0.03987276984,-0.7169453502,-11.71362495
0.03987284717,-0.7166065574,-11.7357626
0.03987296155,-0.7161051035,-11.72231579
0.03987318052,-0.7151441574,-11.73371124
0.03987361844,-0.7132181525,-11.72619915
0.03987449429,-0.7093499899,-11.73809528
0.039876246,-0.7015493512,-11.73625565
0.0398797494,-0.6856940389,-11.7566843
0.03988675621,-0.6529945731,-11.77076912
0.03989675621,-0.6041508913,-11.80565834
0.03990675621,-0.5529228449,-11.81968021
0.03991675621,-0.4995126724,-11.84577274
0.03992675621,-0.4441311657,-11.85268497
0.03993675621,-0.3869968653,-11.87282276
0.03994675621,-0.3283352554,-11.87495804
0.03995675621,-0.2683778703,-11.89105892
0.03996675621,-0.2073613256,-11.88999271
0.03996679684,-0.207111612,7.120345592
0.03996687809,-0.2066121548,14.53496265
0.03996690551,-0.2064435482,11.26424789
0.03996692188,-0.2063429058,11.68360329
0.0399669369,-0.2062505484,11.7203989
0.0399669534,-0.2061491162,11.72566032
0.0399669864,-0.2059462368,11.72641754
0.03996705239,-0.2055404484,11.72647953
0.03996718438,-0.2047287673,11.72711182
0.03996744836,-0.2031049728,11.72803974
0.03996797632,-0.1998557448,11.73015404
0.03996903224,-0.1933507025,11.73407078
0.03997114408,-0.1803153753,11.74189758
0.03997536776,-0.1541517824,11.75639439
0.03998381512,-0.1015174314,11.78227234
0.03999381512,-0.03885098547,11.80770683
0.04000381512,0.02396879345,11.82873344
0.04001381512,0.0866939798,11.84586716
0.04002381512,0.1490770131,11.86007404
0.04003381512,0.2108717263,11.87160778
0.04004381512,0.2718342245,11.88121605
0.04005381512,0.3317238986,11.88897228
0.04005506512,0.3391228616,11.88987064
0.04005756512,0.353857547,11.89155293
0.04005819012,0.3575277328,11.89195728
0.04005944012,0.3648514748,11.89275837
0.04005975262,0.3666789234,11.89295483
0.04006037762,0.370329529,11.89334583
0.04006053387,0.3712413013,11.89344215
0.04006084637,0.3730637729,11.8936348
0.04006095982,0.3737250865,-8.234059334
0.04006102836,0.3741244674,-13.65981293
0.04006108517,0.374455452,-10.78782749
0.04006110901,0.3745943308,-11.81605053
0.040061132,0.3747282922,-11.71956348
0.04006115626,0.374869585,-11.72733402
0.04006118356,0.37502864,-11.72659874
0.04006123818,0.3753467202,-11.72698402
0.04006134741,0.3759827614,-11.72731495
0.04006156586,0.3772543073,-11.72823048
0.04006200278,0.3797952533,-11.72984886
0.0400628766,0.3848685026,-11.73322296
0.04006462426,0.3949801028,-11.73963451
0.04006811957,0.4150592089,-11.75197792
0.04007511019,0.4546072483,-11.7741375
0.04008511019,0.509637177,-11.80114269
0.04009511019,0.5626558661,-11.82322598
0.04010511019,0.6134539247,-11.84145927
0.04011511019,0.6618310213,-11.8563385
0.04012511019,0.7075961828,-11.8686552
0.04013511019,0.7505687475,-11.87867546
0.04014511019,0.7905791402,-11.88700104
0.04015511019,0.8274695277,-11.89374256
0.04015526644,0.8280203938,-11.89386272
0.04015557894,0.8291197419,10.32643032
0.04015566512,0.8294223547,12.60538483
0.04015575106,0.8297238946,11.17512989
0.04015579537,0.8298792243,11.93899345
0.0401558401,0.8300359845,11.64443779
0.04015588619,0.8301974535,11.76026821
0.04015593362,0.8303635716,11.71362495
0.04015601095,0.8306342363,11.7357626
0.04015612533,0.8310341835,11.72231579
0.0401563443,0.8317986131,11.73371124
0.04015678222,0.833322823,11.72619915
0.04015765807,0.8363522291,11.73809528
0.04015940978,0.8423350453,11.73625565
0.04016291318,0.8539937735,11.7566843
0.04016991999,0.8760643601,11.77076912
0.04017991999,0.9046128988,11.80565834
0.04018991999,0.9295912981,11.81968021
0.04019991999,0.9509010315,11.84577274
0.04020991999,0.9684579968,11.85268497
0.04021991999,0.9821929336,11.87282276
0.04022991999,0.9920515418,11.87495804
0.04023991999,0.997995019,11.89105892
0.04024991999,0.9999998808,11.88999271
0.04024996062,0.9999999404,-7.120345592
0.04025004187,0.9999999404,-14.53496265
0.04025006929,0.9999998808,-11.26424789
0.04025008566,0.9999998808,-11.68360329
0.04025010068,0.9999998212,-11.7203989
0.04025011718,0.999999702,-11.72566032
0.04025015018,0.9999995828,-11.72641754
0.04025021617,0.9999991059,-11.72647953
0.04025034816,0.9999976158,-11.72711182
0.04025061214,0.999992609,-11.72803974
0.0402511401,0.99997437,-11.73015404
0.04025219602,0.9999048114,-11.73407078
0.04025430786,0.9996337295,-11.74189758
0.04025853154,0.9985635877,-11.75639439
0.0402669789,0.994314909,-11.78227234
0.0402769789,0.9856669903,-11.80770683
0.0402869789,0.973129034,-11.82873344
0.0402969789,0.9567506313,-11.84586716
0.0403069789,0.936596334,-11.86007404
0.0403169789,0.9127457738,-11.87160778
0.0403269789,0.8852930069,-11.88121605
0.0403369789,0.8543463349,-11.88897228
0.0403382289,0.8502383232,-11.88987064
0.0403407289,0.8418651223,-11.89155293
0.0403413539,0.8397392631,-11.89195728
0.0403426039,0.8354488015,-11.89275837
0.0403429164,0.8343681097,-11.89295483
0.0403435414,0.8321970701,-11.89334583
0.04034369765,0.8316523433,-11.89344215
0.04034401015,0.8305603862,-11.8936348
0.0403441236,0.8301631808,8.234059334
0.04034419214,0.8299229741,13.65981293
0.04034424895,0.829723835,10.78782749
0.04034427279,0.8296402097,11.81605053
0.04034429578,0.8295595646,11.71956348
0.04034432004,0.8294744492,11.72733402
0.04034434734,0.8293786049,11.72659874
0.04034440196,0.8291867971,11.72698402
0.04034451119,0.8288030028,11.72731495
0.04034472964,0.8280341625,11.72823048
0.04034516656,0.8264918923,11.72984886
0.04034604038,0.8233886361,11.73322296
0.04034778804,0.8171077371,11.73963451
0.04035128335,0.8042511344,11.75197792
0.04035827397,0.7773806453,11.7741375
0.04036827397,0.7363495231,11.80114269
0.04037827397,0.6924123764,11.82322598
0.04038827397,0.6457425356,11.84145927
0.04039827397,0.5965242982,11.8563385
0.04040827397,0.5449518561,11.8686552
0.04041827397,0.4912286997,11.87867546
0.04042827397,0.4355669022,11.88700104
0.04043827397,0.3781861365,11.89374256
0.04043843022,0.377277106,11.89386272
0.04043874272,0.3754580021,-10.32643032
0.0404388289,0.3749560416,-12.60538483
0.04043891484,0.3744553924,-11.17512989
0.04043895915,0.3741972446,-11.93899345
0.04043900388,0.3739365935,-11.64443779
0.04043904997,0.373668015,-11.76026821
0.0404390974,0.3733915389,-11.71362495
0.04043917473,0.3729407489,-11.7357626
0.04043928911,0.3722738326,-11.72231579
0.04043950808,0.3709965944,-11.73371124
0.040439946,0.3684399724,-11.72619915
0.04044082185,0.3633184433,-11.73809528
0.04044257356,0.3530424833,-11.73625565
0.04044607696,0.3323635161,-11.7566843
0.04045308377,0.2905325592,-11.77076912
0.04046308377,0.2298772037,-11.80565834
0.04047308377,0.1683146358,-11.81968021
0.04048308377,0.1060877889,-11.84577274
0.04049308377,0.04344227538,-11.85268497
0.04050308377,-0.01937469095,-11.87282276
0.04051308377,-0.08211519569,-11.87495804
0.04052308377,-0.1445316225,-11.89105892
0.04053308377,-0.2063776553,-11.88999271
0.0405331244,-0.2066274136,7.120345592
0.04053320565,-0.2071268708,14.53496265
0.04053323307,-0.2072954476,11.26424789
0.04053324944,-0.2073960751,11.68360329
0.04053326446,-0.2074884027,11.7203989
0.04053328096,-0.2075898051,11.72566032
0.04053331396,-0.2077926248,11.72641754
0.04053337995,-0.2081982046,11.72647953
0.04053351194,-0.2090092748,11.72711182
0.04053377592,-0.210630998,11.72803974
0.04053430388,-0.2138726711,11.73015404
0.0405353598,-0.2203489542,11.73407078
0.04053747164,-0.2332721055,11.74189758
0.04054169532,-0.2589929402,11.75639439
0.04055014268,-0.3098694682,11.78227234
0.04056014268,-0.368957907,11.80770683
0.04057014268,-0.4265902638,11.82873344
0.04058014268,-0.4825390577,11.84586716
0.04059014268,-0.5365834832,11.86007404
0.04060014268,-0.5885102749,11.87160778
0.04061014268,-0.6381144524,11.88121605
0.04062014268,-0.6852003336,11.88897228
0.04062139268,-0.6908996105,11.88987064
0.04062389268,-0.7021700144,11.89155293
0.04062451768,-0.7049606442,11.89195728
0.04062576768,-0.7105092406,11.89275837
0.04062608018,-0.711889565,11.89295483
0.04062670518,-0.7146419287,11.89334583
0.04062686143,-0.7153283358,11.89344215
0.04062717393,-0.7166990042,11.8936348
0.04062728738,-0.7171959877,-8.234059334
0.04062735592,-0.7174960375,-13.65981293
0.04062741273,-0.7177445889,-10.78782749
0.04062743657,-0.717848897,-11.81605053
0.04062745956,-0.71794945,-11.71956348
0.04062748382,-0.7180555463,-11.72733402
0.04062751112,-0.7181749344,-11.72659874
0.04062756574,-0.7184137106,-11.72698402
0.04062767497,-0.7188909054,-11.72731495
0.04062789342,-0.7198443413,-11.72823048
0.04062833034,-0.7217472196,-11.72984886
0.04062920416,-0.7255365252,-11.73322296
0.04063095182,-0.7330494523,-11.73963451
0.04063444713,-0.7478092909,-11.75197792
0.04064143775,-0.7762399912,-11.7741375
0.04065143775,-0.8142937422,-11.80114269
0.04066143775,-0.8491338491,-11.82322598
0.04067143775,-0.8806228638,-11.84145927
0.04068143775,-0.9086363912,-11.8563385
0.04069143775,-0.9330639839,-11.8686552
0.04070143775,-0.9538092017,-11.87867546
0.04071143775,-0.9707902074,-11.88700104
0.04072143775,-0.9839398861,-11.89374256
0.040721594,-0.9841146469,-11.89386272
0.0407219065,-0.9844613671,10.32643032
0.04072199268,-0.9845562577,12.60538483
0.04072207862,-0.9846506715,11.17512989
0.04072212293,-0.9846992493,11.93899345
0.04072216766,-0.9847481847,11.64443779
0.04072221375,-0.984798491,11.76026821
0.04072226118,-0.9848502278,11.71362495
0.04072233851,-0.9849343896,11.7357626
0.04072245289,-0.9850583673,11.72231579
0.04072267186,-0.9852944016,11.73371124
0.04072310978,-0.985760808,11.72619915
0.04072398563,-0.9866712689,11.73809528
0.04072573734,-0.9884024858,11.73625565
0.04072924074,-0.9915055037,11.7566843
0.04073624755,-0.9962690473,11.77076912
0.04074624755,-0.9997220635,11.80565834
0.04075624755,-0.9992296696,11.81968021
0.04076624755,-0.9947937131,11.84577274
0.04077624755,-0.9864317775,11.85268497
0.04078624755,-0.9741768837,11.87282276
0.04079624755,-0.9580773115,11.87495804
0.04080624755,-0.9381966591,11.89105892
0.04081624755,-0.9146133661,11.88999271
0.04081628818,-0.9145101309,-7.120345592
0.04081636943,-0.9143034816,-14.53496265
0.04081639685,-0.9142336845,-11.26424789
0.04081641322,-0.9141920209,-11.68360329
0.04081642824,-0.9141537547,-11.7203989
0.04081644474,-0.9141117334,-11.72566032
0.04081647774,-0.9140276313,-11.72641754
0.04081654373,-0.9138593674,-11.72647953
0.04081667572,-0.9135223031,-11.72711182
0.0408169397,-0.9128463268,-11.72803974
0.04081746766,-0.9114868641,-11.73015404
0.04081852358,-0.9087378383,-11.73407078
0.04082063542,-0.9031199217,-11.74189758
0.0408248591,-0.8914080858,-11.75639439
0.04083330646,-0.866109848,-11.78227234
0.04084330646,-0.833014667,-11.80770683
0.04085330646,-0.7966319919,-11.82873344
0.04086330646,-0.7571054101,-11.84586716
0.04087330646,-0.7145908475,-11.86007404
0.04088330646,-0.6692560911,-11.87160778
0.04089330646,-0.6212801337,-11.88121605
0.04090330646,-0.5708522201,-11.88897228
0.04090455646,-0.5643861294,-11.88987064
0.04090705646,-0.5513499379,-11.89155293
0.04090768146,-0.5480695367,-11.89195728
0.04090893146,-0.5414833426,-11.89275837
0.04090924396,-0.5398315787,-11.89295483
0.04090986896,-0.5365217924,-11.89334583
0.04091002521,-0.5356930494,-11.89344215
0.04091033771,-0.5340340137,-11.8936348
0.04091045116,-0.5334311724,8.234059334
0.0409105197,-0.5330668688,13.65981293
0.04091057651,-0.532764852,10.78782749
0.04091060035,-0.5326381326,11.81605053
0.04091062334,-0.5325158238,11.71956348
0.0409106476,-0.5323868394,11.72733402
0.0409106749,-0.5322415829,11.72659874
0.04091072952,-0.5319510102,11.72698402
0.04091083875,-0.5313697457,11.72731495
0.0409110572,-0.5302065015,11.72823048
0.04091149412,-0.5278769135,11.72984886
0.04091236794,-0.5232058167,11.73322296
0.0409141156,-0.5138165355,11.73963451
0.04091761091,-0.4948532283,11.75197792
0.04092460153,-0.4562198818,11.7741375
0.04093460153,-0.3994444013,11.80114269
0.04094460153,-0.3410925269,11.82322598
0.04095460153,-0.2813945115,11.84145927
0.04096460153,-0.2205859423,11.8563385
0.04097460153,-0.1589068323,11.8686552
0.04098460153,-0.09660059214,11.87867546
0.04099460153,-0.03391310945,11.88700104
0.04100460153,0.0289082136,11.89374256
0.04100475778,0.02988953702,11.89386272
0.04100507028,0.03185209632,-10.32643032
0.04100515646,0.03239331394,-12.60538483
0.0410052424,0.03293304145,-11.17512989
0.04100528671,0.03321126476,-11.93899345
0.04100533144,0.03349217027,-11.64443779
0.04100537753,0.0337815769,-11.76026821
0.04100542496,0.03407944739,-11.71362495
0.04100550229,0.03456503525,-11.7357626
0.04100561667,0.03528327867,-11.72231579
0.04100583564,0.03665817156,-11.73371124
0.04100627356,0.03940774873,-11.72619915
0.04100714941,0.04490598291,-11.73809528
0.04100890112,0.05589820817,-11.73625565
0.04101240452,0.07786101848,-11.7566843
0.04101941133,0.1216628328,-11.77076912
0.04102941133,0.1837468296,-11.80565834
0.04103941133,0.2451056838,-11.81968021
0.04104941133,0.3054971993,-11.84577274
0.04105941133,0.3646830618,-11.85268497
0.04106941133,0.4224296808,-11.87282276
0.04107941133,0.4785091877,-11.87495804
0.04108941133,0.532700181,-11.89105892
0.04109941133,0.5847889185,-11.88999271
0.04109945196,0.5849959254,7.120345592
0.04109953321,0.5854099393,14.53496265
0.04109956063,0.585549593,11.26424789
0.041099577,0.5856329799,11.68360329
0.04109959202,0.5857095122,11.7203989
0.04109960852,0.5857934952,11.72566032
0.04109964152,0.5859615207,11.72641754
0.04109970751,0.5862975121,11.72647953
0.0410998395,0.5869691372,11.72711182
0.04110010348,0.5883111358,11.72803974
0.04110063144,0.5909903646,11.73015404
0.04110168736,0.5963292718,11.73407078
0.0411037992,0.6069280505,11.74189758
0.04110802288,0.627803266,11.75639439
0.04111647024,0.6682128906,11.78227234
0.04112647024,0.7136086226,11.80770683
0.04113647024,0.756188035,11.82873344
0.04114647024,0.7957831025,11.84586716
0.04115647024,0.8322376013,11.86007404
0.04116647024,0.8654076457,11.87160778
0.04117647024,0.8951622844,11.88121605
0.04118647024,0.9213841558,11.88897228
0.04118772024,0.9244081974,11.88987064
0.04119022024,0.930284977,11.89155293
0.04119084524,0.9317184091,11.89195728
0.04119209524,0.9345420599,11.89275837
0.04119240774,0.9352389574,11.89295483
0.04119303274,0.936621964,11.89334583
0.04119318899,0.9369654655,11.89344215
0.04119350149,0.9376497269,11.8936348
0.04119361494,0.937897265,-8.234059334
0.04119368348,0.9380465746,-13.65981293
0.04119374029,0.9381701946,-10.78782749
0.04119376413,0.9382220507,-11.81605053
0.04119378712,0.938272059,-11.71956348
0.04119381138,0.9383247495,-11.72733402
0.04119383868,0.9383840561,-11.72659874
0.0411938933,0.9385026097,-11.72698402
0.04119400253,0.9387392998,-11.72731495
0.04119422098,0.9392114878,-11.72823048
0.0411946579,0.9401504993,-11.72984886
0.04119553172,0.942007184,-11.73322296
0.04119727938,0.945635438,-11.73963451
0.04120077469,0.9525493979,-11.75197792
0.04120776531,0.9649959207,-11.7741375
0.04121776531,0.9795594811,-11.80114269
0.04122776531,0.990257144,-11.82322598
0.04123776531,0.9970467091,-11.84145927
0.04124776531,0.9999014139,-11.8563385
0.04125776531,0.9988099337,-11.8686552
0.04126776531,0.993776679,-11.87867546
0.04127776531,0.9848213792,-11.88700104
0.04128776531,0.9719794393,-11.89374256
0.04128792156,0.9717481732,-11.89386272
0.04128823406,0.9712828994,10.32643032
0.04128832024,0.9711539149,12.60538483
0.04128840618,0.9710249901,11.17512989
0.04128845049,0.9709584117,11.93899345
0.04128849522,0.970891118,11.64443779
0.04128854131,0.9708217382,11.76026821
0.04128858874,0.9707502127,11.71362495
0.04128866607,0.9706334472,11.7357626
0.04128878045,0.9704603553,11.72231579
0.04128899942,0.9701274633,11.73371124
0.04128943734,0.969456315,11.72619915
0.04129031319,0.9680919051,11.73809528
0.0412920649,0.965275228,11.73625565
0.0412955683,0.9592913389,11.7566843
0.04130257511,0.9459323883,11.77076912
0.04131257511,0.9236988425,11.80565834
0.04132257511,0.8978198767,11.81968021
0.04133257511,0.8683975935,11.84577274
0.04134257511,0.8355481625,11.85268497
0.04135257511,0.7994012237,11.87282276
0.04136257511,0.760099411,11.87495804
0.04137257511,0.7177978158,11.89105892
0.04138257511,0.6726633906,11.88999271
0.04138261574,0.6724745035,-7.120345592
0.04138269699,0.6720965505,-14.53496265
0.04138272441,0.6719689369,-11.26424789
0.04138274078,0.6718927622,-11.68360329
0.0413827558,0.6718228459,-11.7203989
0.0413827723,0.6717460752,-11.72566032
0.0413828053,0.671592474,-11.72641754
0.04138287129,0.671285212,-11.72647953
0.04138300328,0.6706702709,-11.72711182
0.04138326726,0.6694390774,-11.72803974
0.04138379522,0.6669710875,-11.73015404
0.04138485114,0.6620131731,-11.73407078
0.04138696298,0.6520100832,-11.74189758
0.04139118666,0.6316613555,-11.75639439
0.04139963402,0.5896440744,-11.78227234
0.04140963402,0.5377669334,-11.80770683
0.04141963402,0.4837675095,-11.82873344
0.04142963402,0.4278588593,-11.84586716
0.04143963402,0.3702616394,-11.86007404
0.04144963402,0.3112031817,-11.87160778
0.04145963402,0.2509165108,-11.88121605
0.04146963402,0.1896396279,-11.88897228
0.04147088402,0.1819223911,-11.88987064
0.04147338402,0.1664547473,-11.89155293
0.04147400902,0.162581265,-11.89195728
0.04147525902,0.1548268497,-11.89275837
0.04147557152,0.1528867334,-11.89295483
0.04147619652,0.1490047425,-11.89334583
0.04147635277,0.1480338722,-11.89344215
0.04147666527,0.1460917294,-11.8936348
0.04147677872,0.1453864723,8.234059334
0.04147684726,0.1449603885,13.65981293
0.04147690407,0.144607231,10.78782749
0.04147692791,0.1444590241,11.81605053
0.0414769509,0.1443160623,11.71956348
0.04147697516,0.1441652477,11.72733402
0.04147700246,0.1439954638,11.72659874
0.04147705708,0.1436558813,11.72698402
0.04147716631,0.1429766566,11.72731495
0.04147738476,0.1416180283,11.72823048
0.04147782168,0.1388999522,11.72984886
0.0414786955,0.1334606856,11.73322296
0.04148044316,0.1225702614,11.73963451
0.04148393847,0.1007463709,11.75197792
0.04149092909,0.05696338415,11.7741375
0.04150092909,-0.005837586243,11.80114269
0.04151092909,-0.06861551851,11.82322598
0.04152092909,-0.1311226487,11.84145927
0.04153092909,-0.1931123137,11.8563385
0.04154092909,-0.254339844,11.8686552
0.04155092909,-0.3145636022,11.87867546
0.04156092909,-0.3735459447,11.88700104
0.04157092909,-0.4310540557,11.89374256
0.04157108534,-0.4319396913,11.89386272
0.04157139784,-0.4337097406,-10.32643032
0.04157148402,-0.4341976047,-12.60538483
0.04157156996,-0.4346839786,-11.17512989
0.04157161427,-0.4349346757,-11.93899345
0.041571659,-0.4351877272,-11.64443779
0.04157170509,-0.4354484379,-11.76026821
0.04157175252,-0.4357167184,-11.71362495
0.04157182985,-0.4361539781,-11.7357626
0.04157194423,-0.4368005991,-11.72231579
0.0415721632,-0.4380377829,-11.73371124
0.04157260112,-0.4405096471,-11.72619915
0.04157347697,-0.4454433918,-11.73809528
0.04157522868,-0.4552702308,-11.73625565
0.04157873208,-0.4747573137,-11.7566843
0.04158573889,-0.5130319595,-11.77076912
0.04159573889,-0.5659170747,-11.80565834
0.04160573889,-0.6165688038,-11.81968021
0.04161573889,-0.6647871733,-11.84577274
0.04162573889,-0.7103819251,-11.85268497
0.04163573889,-0.7531731725,-11.87282276
0.04164573889,-0.7929919362,-11.87495804
0.04165573889,-0.8296811581,-11.89105892
0.04166573889,-0.8630959988,-11.88999271
0.04166577952,-0.8632249236,7.120345592
0.04166586077,-0.8634824753,14.53496265
0.04166588819,-0.8635693789,11.26424789
0.04166590456,-0.8636212349,11.68360329
0.04166591958,-0.863668859,11.7203989
0.04166593608,-0.8637210727,11.72566032
0.04166596908,-0.8638255596,11.72641754
0.04166603507,-0.8640343547,11.72647953
0.04166616706,-0.8644515872,11.72711182
0.04166643104,-0.8652842045,11.72803974
0.041666959,-0.8669423461,11.73015404
0.04166801492,-0.8702299595,11.73407078
0.04167012676,-0.8766900897,11.74189758
0.04167435044,-0.8891462088,11.75639439
0.0416827978,-0.9121716619,11.78227234
0.0416927978,-0.9361037612,11.80770683
0.0417027978,-0.9563415051,11.82873344
0.0417127978,-0.9728050232,11.84586716
0.0417227978,-0.985429287,11.86007404
0.0417327978,-0.9941645265,11.87160778
0.0417427978,-0.9989762902,11.88121605
0.0417527978,-0.9998455048,11.88897228
0.0417540478,-0.9996765852,11.88987064
0.0417565478,-0.9991538525,11.89155293
0.0417571728,-0.9989846349,11.89195728
0.0417584228,-0.9985999465,11.89275837
0.0417587353,-0.9984941483,11.89295483
0.0417593603,-0.9982710481,11.89334583
0.04175951655,-0.9982128739,11.89344215
0.04175982905,-0.998093605,11.8936348
0.0417599425,-0.9980493188,-8.234059334
0.04176001104,-0.9980223775,-13.65981293
0.04176006785,-0.9979998469,-10.78782749
0.04176009169,-0.9979903698,-11.81605053
0.04176011468,-0.9979812503,-11.71956348
0.04176013894,-0.9979715347,-11.72733402
0.04176016624,-0.9979605675,-11.72659874
0.04176022086,-0.997938633,-11.72698402
0.04176033009,-0.9978943467,-11.72731495
0.04176054854,-0.9978044033,-11.72823048
0.04176098546,-0.9976187944,-11.72984886
0.04176185928,-0.9972251058,-11.73322296
0.04176360694,-0.9963475466,-11.73963451
0.04176710225,-0.9942321181,-11.75197792
0.04177409287,-0.9885638952,-11.7741375
0.04178409287,-0.9771442413,-11.80114269
0.04179409287,-0.9618682265,-11.82322598
0.04180409287,-0.9427961707,-11.84145927
0.04181409287,-0.9200033545,-11.8563385
0.04182409287,-0.8935796618,-11.8686552
0.04183409287,-0.8636294007,-11.87867546
0.04184409287,-0.8302708268,-11.88700104
0.04185409287,-0.7936355472,-11.89374256
0.04185424912,-0.7930378914,-11.89386272
0.04185456162,-0.7918402553,10.32643032
0.0418546478,-0.7915093899,12.60538483
0.04185473374,-0.7911792397,11.17512989
0.04185477805,-0.7910090089,11.93899345
0.04185482278,-0.7908369899,11.64443779
0.04185486887,-0.7906597257,11.76026821
0.0418549163,-0.7904772162,11.71362495
0.04185499363,-0.7901795506,11.7357626
0.04185510801,-0.7897388935,11.72231579
0.04185532698,-0.7888941765,11.73371124
0.0418557649,-0.7872002721,11.72619915
0.04185664075,-0.7837945819,11.73809528
0.04185839246,-0.7769121528,11.73625565
0.04186189586,-0.7628657222,11.7566843
0.04186890267,-0.7336710095,11.77076912
0.04187890267,-0.6895568371,11.80565834
0.04188890267,-0.6427212954,11.81968021
0.04189890267,-0.5933491588,11.84577274
0.04190890267,-0.5416353941,11.85268497
0.04191890267,-0.4877840579,11.87282276
0.04192890267,-0.4320076704,11.87495804
0.04193890267,-0.3745262921,11.89105892
0.04194890267,-0.3155668676,11.88999271
0.0419489433,-0.3153246343,-7.120345592
0.04194902455,-0.314840138,-14.53496265
0.04194905197,-0.3146765828,-11.26424789
0.04194906834,-0.3145789504,-11.68360329
0.04194908336,-0.3144893646,-11.7203989
0.04194909986,-0.3143909574,-11.72566032
0.04194913286,-0.314194113,-11.72641754
0.04194919885,-0.3138004541,-11.72647953
0.04194933084,-0.313012898,-11.72711182
0.04194959482,-0.3114371896,-11.72803974
0.04195012278,-0.30828318,-11.73015404
0.0419511787,-0.3019650578,-11.73407078
0.04195329054,-0.2892891765,-11.74189758
0.04195751422,-0.2637868524,-11.75639439
0.04196596158,-0.2122430354,-11.78227234
0.04197596158,-0.1504642665,-11.80770683
0.04198596158,-0.08809167892,-11.82873344
0.04199596158,-0.02537143975,-11.84586716
0.04200596158,0.03744893149,-11.86007404
0.04201596158,0.100121513,-11.87160778
0.04202596158,0.1623989493,-11.88121605
0.04203596158,0.2240354866,-11.88897228
0.04203721158,0.231682837,-11.88987064
0.04203971158,0.2469341904,-11.89155293
0.04204033658,0.2507376671,-11.89195728
0.04204158658,0.258332938,-11.89275837
0.04204189908,0.2602292895,-11.89295483
0.04204252408,0.2640189528,-11.89334583
0.04204268033,0.2649657428,-11.89344215
0.04204299283,0.2668585479,-11.8936348
0.04204310628,0.2675454915,8.234059334
0.04204317482,0.2679604292,13.65981293
0.04204323163,0.2683042586,10.78782749
0.04204325547,0.2684485614,11.81605053
0.04204327846,0.2685877383,11.71956348
0.04204330272,0.2687345445,11.72733402
0.04204333002,0.2688997984,11.72659874
0.04204338464,0.2692302763,11.72698402
0.04204349387,0.2698911726,11.72731495
0.04204371232,0.2712126076,11.72823048
0.04204414924,0.273853898,11.72984886
0.04204502306,0.27913028,11.73322296
0.04204677072,0.2896576226,11.73963451
0.04205026603,0.3106062412,11.75197792
0.04205725665,0.3520441055,11.7741375
0.04206725665,0.4101203084,11.80114269
0.04207725665,0.4665779471,11.82322598
0.04208725665,0.5211942196,11.84145927
0.04209725665,0.5737535954,11.8563385
0.04210725665,0.6240485907,11.8686552
0.04211725665,0.6718807817,11.87867546
0.04212725665,0.7170614004,11.88700104
0.04213725665,0.7594120502,11.89374256
0.0421374129,0.760050416,11.89386272
0.0421377254,0.7613249421,-10.32643032
0.04213781158,0.7616759539,-12.60538483
0.04213789752,0.7620257139,-11.17512989
0.04213794183,0.7622059584,-11.93899345
0.04213798656,0.7623878717,-11.64443779
0.04213803265,0.7625752091,-11.76026821
0.04213808008,0.7627679706,-11.71362495
0.04213815741,0.763082087,-11.7357626
0.04213827179,0.7635464072,-11.72231579
0.04213849076,0.7644340992,-11.73371124
0.04213892868,0.766205132,-11.72619915
0.04213980453,0.7697297931,-11.73809528
0.04214155624,0.7767091393,-11.73625565
0.04214505964,0.7903846502,-11.7566843
0.04215206645,0.8165803552,-11.77076912
0.04216206645,0.8512136936,-11.80565834
0.04217206645,0.8824876547,-11.81968021
0.04218206645,0.9102789164,-11.84577274
0.04219206645,0.9344776869,-11.85268497
0.04220206645,0.9549884796,-11.87282276
0.04221206645,0.9717304111,-11.87495804
0.04222206645,0.98463732,-11.89105892
0.04223206645,0.9936583638,-11.88999271
0.04223210708,0.9936870337,7.120345592
0.04223218833,0.9937441349,14.53496265
0.04223221575,0.9937633872,11.26424789
0.04223223212,0.9937748313,11.68360329
0.04223224714,0.9937853813,11.7203989
0.04223226364,0.993796885,11.72566032
0.04223229664,0.993819952,11.72641754
0.04223236263,0.9938658476,11.72647953
0.04223249462,0.9939572215,11.72711182
0.0422327586,0.9941379428,11.72803974
0.04223328656,0.9944911599,11.73015404
0.04223434248,0.9951646924,11.73407078
0.04223645432,0.9963803291,11.74189758
0.042240678,0.9982851744,11.75639439
0.04224912536,0.99998492,11.78227234
0.04225912536,0.9983566999,11.80770683
0.04226912536,0.9927884936,11.82873344
0.04227912536,0.983302176,11.84586716
0.04228912536,0.9699352384,11.86007404
0.04229912536,0.9527403712,11.87160778
0.04230912536,0.9317854643,11.88121605
0.04231912536,0.9071532488,11.88897228
0.04232037536,0.9038203359,11.88987064
0.04232287536,0.8969874978,11.89155293
0.04232350036,0.895244658,11.89195728
0.04232475036,0.8917175531,11.89275837
0.04232506286,0.890827179,11.89295483
0.04232568786,0.889036119,11.89334583
0.04232584411,0.8885861635,11.89344215
0.04232615661,0.8876838088,11.8936348
0.04232627006,0.8873553276,-8.234059334
0.0423263386,0.8871566653,-13.65981293
0.04232639541,0.8869919181,-10.78782749
0.04232641925,0.8869227171,-11.81605053
0.04232644224,0.8868560195,-11.71956348
0.0423264665,0.8867855668,-11.72733402
0.0423264938,0.886706233,-11.72659874
0.04232654842,0.8865475655,-11.72698402
0.04232665765,0.8862298131,-11.72731495
0.0423268761,0.8855931759,-11.72823048
0.04232731302,0.8843147755,-11.72984886
0.04232818684,0.8817380071,-11.73322296
0.0423299345,0.8765048981,-11.73963451
0.04233342981,0.8657221794,-11.75197792
0.04234042043,0.8429095149,-11.7741375
0.04235042043,0.8074615002,-11.80114269
0.04236042043,0.7688267231,-11.82322598
0.04237042043,0.7271577716,-11.84145927
0.04238042043,0.6826190948,-11.8563385
0.04239042043,0.6353863478,-11.8686552
0.04240042043,0.5856460929,-11.87867546
0.04241042043,0.5335945487,-11.88700104
0.04242042043,0.4794371426,-11.89374256
0.04242057668,0.4785753489,-11.89386272
0.04242088918,0.4768503904,10.32643032
0.04242097536,0.4763743579,12.60538483
0.0424210613,0.4758994579,11.17512989
0.04242110561,0.4756546319,11.93899345
0.04242115034,0.475407362,11.64443779
0.04242119643,0.4751526117,11.76026821
0.04242124386,0.4748903215,11.71362495
0.04242132119,0.474462688,11.7357626
0.04242143557,0.4738299251,11.72231579
0.04242165454,0.4726179242,11.73371124
0.04242209246,0.4701912701,11.72619915
0.04242296831,0.4653273225,11.73809528
0.04242472002,0.4555572569,11.73625565
0.04242822342,0.435852766,11.7566843
0.04243523023,0.3958198726,11.77076912
0.04244523023,0.3373765051,11.80565834
0.04245523023,0.2776016593,11.81968021
0.04246523023,0.2167312801,11.84577274
0.04247523023,0.1550055295,11.85268497
0.04248523023,0.09266805649,11.87282276
0.04249523023,0.02996486239,11.87495804
0.04250523023,-0.03285659105,11.89105892
0.04251523023,-0.09554837644,11.88999271
0.04251527086,-0.09580245614,-7.120345592
0.04251535211,-0.09631060809,-14.53496265
0.04251537953,-0.0964821279,-11.26424789
0.0425153959,-0.09658449888,-11.68360329
0.04251541092,-0.09667844325,-11.7203989
0.04251542742,-0.09678161889,-11.72566032
0.04251546042,-0.09698797017,-11.72641754
0.04251552641,-0.09740066528,-11.72647953
0.0425156584,-0.0982260108,-11.72711182
0.04251592238,-0.09987648576,-11.72803974
0.04251645034,-0.1031766161,-11.73015404
0.04251750626,-0.1097734272,-11.73407078
0.0425196181,-0.1229522601,-11.74189758
0.04252384178,-0.1492426693,-11.75639439
0.04253228914,-0.2014897466,-11.78227234
0.04254228914,-0.2625948787,-11.80770683
0.04255228914,-0.3226636648,-11.82873344
0.04256228914,-0.3814590573,-11.84586716
0.04257228914,-0.4387489855,-11.86007404
0.04258228914,-0.4943073988,-11.87160778
0.04259228914,-0.5479149818,-11.88121605
0.04260228914,-0.5993602276,-11.88897228
0.04260353914,-0.6056286097,-11.88987064
0.04260603914,-0.6180529594,-11.89155293
0.04260666414,-0.6211352944,-11.89195728
0.04260791414,-0.6272712946,-11.89275837
0.04260822664,-0.6287992597,-11.89295483
0.04260885164,-0.631847918,-11.89334583
0.04260900789,-0.6326085329,-11.89344215
0.04260932039,-0.6341279745,-11.8936348
0.04260943384,-0.6346790195,8.234059334
0.04260950238,-0.6350117922,13.65981293
0.04260955919,-0.6352874637,10.78782749
0.04260958303,-0.6354030967,11.81605053
0.04260960602,-0.6355146766,11.71956348
0.04260963028,-0.6356323361,11.72733402
0.04260965758,-0.6357647777,11.72659874
0.0426097122,-0.6360296011,11.72698402
0.04260982143,-0.6365590692,11.72731495
0.04261003988,-0.6376170516,11.72823048
0.0426104768,-0.6397294402,11.72984886
0.04261135062,-0.6439397335,11.73322296
0.04261309828,-0.6523019075,11.73963451
0.04261659359,-0.6687893271,11.75197792
0.04262358421,-0.7007886767,11.7741375
0.04263358421,-0.7441986203,11.80114269
0.04264358421,-0.7846716046,11.82322598
0.04265358421,-0.82204777,11.84145927
0.04266358421,-0.8561797738,11.8563385
0.04267358421,-0.8869327903,11.8686552
0.04268358421,-0.9141854644,11.87867546
0.04269358421,-0.9378302693,11.88700104
0.04270358421,-0.9577739239,11.89374256
0.04270374046,-0.9580557346,11.89386272
0.04270405296,-0.9586165547,-10.32643032
0.04270413914,-0.9587705731,-12.60538483
0.04270422508,-0.9589239359,-11.17512989
0.04270426939,-0.9590028524,-11.93899345
0.04270431412,-0.9590824842,-11.64443779
0.04270436021,-0.959164381,-11.76026821
0.04270440764,-0.959248662,-11.71362495
0.04270448497,-0.9593858123,-11.7357626
0.04270459935,-0.9595883489,-11.72231579
0.04270481832,-0.959974587,-11.73371124
0.04270525624,-0.9607416391,-11.72619915
0.04270613209,-0.9622538686,-11.73809528
0.0427078838,-0.9651909471,-11.73625565
0.0427113872,-0.9707139134,-11.7566843
0.04271839401,-0.9803464413,-11.77076912
0.04272839401,-0.9907994866,-11.80565834
0.04273839401,-0.9973423481,-11.81968021
0.04274839401,-0.9999490976,-11.84577274
0.04275839401,-0.9986094832,-11.85268497
0.04276839401,-0.9933288693,-11.87282276
0.04277839401,-0.9841279984,-11.87495804
0.04278839401,-0.9710432887,-11.89105892
0.04279839401,-0.9541262388,-11.88999271
0.04279843464,-0.9540498257,7.120345592
0.04279851589,-0.9538967013,14.53496265
0.04279854331,-0.9538449645,11.26424789
0.04279855968,-0.9538140893,11.68360329
0.0427985747,-0.9537857175,11.7203989
0.0427985912,-0.9537545443,11.72566032
0.0427986242,-0.9536921978,11.72641754
0.04279869019,-0.9535673857,11.72647953
0.04279882218,-0.9533172846,11.72711182
0.04279908616,-0.9528151155,11.72803974
0.04279961412,-0.951802969,11.73015404
0.04280067004,-0.9497471452,11.73407078
0.04280278188,-0.9455102086,11.74189758
0.04280700556,-0.9365376234,11.75639439
0.04281545292,-0.9166207314,11.78227234
0.04282545292,-0.8897109628,11.80770683
0.04283545292,-0.8592899442,11.82873344
0.04284545292,-0.8254776597,11.84586716
0.04285545292,-0.7884076238,11.86007404
0.04286545292,-0.7482261062,11.87160778
0.04287545292,-0.7050916553,11.88121605
0.04288545292,-0.6591745615,11.88897228
0.04288670292,-0.6532481909,11.88987064
0.04288920292,-0.6412748694,11.89155293
0.04288982792,-0.6382567286,11.89195728
0.04289107792,-0.6321909428,11.89275837
0.04289139042,-0.6306683421,11.89295483
0.04289201542,-0.6276159286,11.89334583
0.04289217167,-0.6268513203,11.89344215
0.04289248417,-0.6253203154,11.8936348
0.04289259762,-0.6247638464,-8.234059334
0.04289266616,-0.624427557,-13.65981293
0.04289272297,-0.6241487265,-10.78782749
0.04289274681,-0.6240316629,-11.81605053
0.0428927698,-0.6239187717,-11.71956348
0.04289279406,-0.6237996817,-11.72733402
0.04289282136,-0.6236655712,-11.72659874
0.04289287598,-0.6233972907,-11.72698402
0.04289298521,-0.6228604913,-11.72731495
0.04289320366,-0.6217860579,-11.72823048
0.04289364058,-0.6196337342,-11.72984886
0.0428945144,-0.6153150201,-11.73322296
0.04289626206,-0.6066220999,-11.73963451
0.04289975737,-0.5890179276,-11.75197792
0.04290674799,-0.5529658794,-11.7741375
0.04291674799,-0.4995574355,-11.80114269
0.04292674799,-0.4441774786,-11.82322598
0.04293674799,-0.3870445192,-11.84145927
0.04294674799,-0.3283840716,-11.8563385
0.04295674799,-0.26842767,-11.8686552
0.04296674799,-0.2074118853,-11.87867546
0.04297674799,-0.1455775499,-11.88700104
0.04298674799,-0.08316868544,-11.89374256
0.04298690424,-0.08219029754,-11.89386272
0.04298721674,-0.08023329079,10.32643032
0.04298730292,-0.07969352603,12.60538483
0.04298738886,-0.07915521413,11.17512989
0.04298743317,-0.07887770981,11.93899345
0.0429874779,-0.07859752327,11.64443779
0.04298752399,-0.07830884308,11.76026821
0.04298757142,-0.07801170647,11.71362495
0.04298764875,-0.07752730697,11.7357626
0.04298776313,-0.07681076974,11.72231579
0.0429879821,-0.07543897629,11.73371124
0.04298842002,-0.07269497216,11.72619915
0.04298929587,-0.06720532477,11.73809528
0.04299104758,-0.05622008443,11.73625565
0.04299455098,-0.03423051164,11.7566843
0.04300155779,0.009787727147,11.77076912
0.04301155779,0.07255592197,11.80565834
0.04302155779,0.1350377798,11.81968021
0.04303155779,0.1969867051,11.84577274
0.04304155779,0.2581582069,11.85268497
0.04305155779,0.3183108866,11.87282276
0.04306155779,0.377207309,11.87495804
0.04307155779,0.4346151054,11.89105892
0.04308155779,0.4903076589,11.88999271
0.04308159842,0.4905301034,-7.120345592
0.04308167967,0.4909749031,-14.53496265
0.04308170709,0.4911250174,-11.26424789
0.04308172346,0.4912146032,-11.68360329
0.04308173848,0.4912968278,-11.7203989
0.04308175498,0.491387099,-11.72566032
0.04308178798,0.4915676713,-11.72641754
0.04308185397,0.4919287264,-11.72647953
0.04308198596,0.4926505983,-11.72711182
0.04308224994,0.4940932989,-11.72803974
0.0430827779,0.496974647,-11.73015404
0.04308383382,0.5027208924,-11.73407078
0.04308594566,0.5141467452,-11.74189758
0.04309016934,0.5367248654,-11.75639439
0.0430986167,0.5807315111,-11.78227234
0.0431086167,0.630703032,-11.80770683
0.0431186167,0.678185463,-11.82873344
0.0431286167,0.7229914069,-11.84586716
0.0431386167,0.7649440169,-11.86007404
0.0431486167,0.8038777113,-11.87160778
0.0431586167,0.8396389484,-11.88121605
0.0431686167,0.8720864654,-11.88897228
0.0431698667,0.8759028912,-11.88987064
0.0431723667,0.8833733797,-11.89155293
0.0431729917,0.885207057,-11.89195728
0.0431742417,0.888833344,-11.89275837
0.0431745542,0.8897313476,-11.89295483
0.0431751792,0.8915171027,-11.89334583
0.04317533545,0.8919613957,-11.89344215
0.04317564795,0.8928474188,-11.8936348
0.0431757614,0.893168211,8.234059334
0.04317582994,0.8933618069,13.65981293
0.04317588675,0.8935221434,10.78782749
0.04317591059,0.8935893774,11.81605053
0.04317593358,0.8936542273,11.71956348
0.04317595784,0.8937225938,11.72733402
0.04317598514,0.8937995434,11.72659874
0.04317603976,0.893953383,11.72698402
0.04317614899,0.8942607641,11.72731495
0.04317636744,0.8948742151,11.72823048
0.04317680436,0.8960961103,11.72984886
0.04317767818,0.8985195756,11.73322296
0.04317942584,0.9032851458,11.73963451
0.04318292115,0.912488997,11.75197792
0.04318991177,0.9295722842,11.7741375
0.04319991177,0.9508850574,11.80114269
0.04320991177,0.9684451222,11.82322598
0.04321991177,0.982183218,11.84145927
0.04322991177,0.9920450449,11.8563385
0.04323991177,0.9979917407,11.8686552
0.04324991177,0.9999998212,11.87867546
0.04325991177,0.9980613589,11.88700104
0.04326991177,0.9921840429,11.89374256
0.04327006802,0.9920610785,11.89386272
0.04327038052,0.9918122292,-10.32643032
0.0432704667,0.991742909,-12.60538483
0.04327055264,0.9916735291,-11.17512989
0.04327059695,0.9916376472,-11.93899345
0.04327064168,0.9916013479,-11.64443779
0.04327068777,0.9915638566,-11.76026821
0.0432707352,0.9915251732,-11.71362495
0.04327081253,0.9914619327,-11.7357626
0.04327092691,0.9913679361,-11.72231579
0.04327114588,0.9911866188,-11.73371124
0.0432715838,0.9908183813,-11.72619915
0.04327245965,0.9900593162,-11.73809528
0.04327421136,0.9884513617,-11.73625565
0.04327771476,0.9848764539,-11.7566843
0.04328472157,0.9762969017,-11.77076912
0.04329472157,0.9607802629,-11.80565834
0.04330472157,0.9414719343,-11.81968021
0.04331472157,0.9184480309,-11.84577274
0.04332472157,0.8917993903,-11.85268497
0.04333472157,0.8616312146,-11.87282276
0.04334472157,0.8280626535,-11.87495804
0.04335472157,0.7912260294,-11.89105892
0.04336472157,0.7512668371,-11.88999271
0.04336476219,0.7510983348,7.120345592
0.04336484344,0.7507612109,14.53496265
0.04336487087,0.750647366,11.26424789
0.04336488724,0.7505794168,11.68360329
0.04336490226,0.7505170703,11.7203989
0.04336491876,0.750448525,11.72566032
0.04336495176,0.7503114939,11.72641754
0.04336501775,0.7500373125,11.72647953
0.04336514974,0.7494885325,11.72711182
0.04336541372,0.7483894825,11.72803974
0.04336594168,0.7461851239,11.73015404
0.0433669976,0.7417518497,11.73407078
0.04336910944,0.7327876091,11.74189758
0.04337333312,0.7144736052,11.75639439
0.04338178048,0.6763494015,11.78227234
0.04339178048,0.6287645102,11.80770683
0.04340178048,0.5786981583,11.82873344
0.04341178048,0.5263479352,11.84586716
0.04342178048,0.4719204307,11.86007404
0.04343178048,0.4156304896,11.87160778
0.04344178048,0.3577002585,11.88121605
0.04345178048,0.298358351,11.88897228
0.04345303048,0.2908529639,11.88987064
0.04345553048,0.2757888138,11.89155293
0.04345615548,0.2720120251,11.89195728
0.04345740548,0.2644458711,11.89275837
0.04345771798,0.2625517547,11.89295483
0.04345834298,0.2587605119,11.89334583
0.04345849923,0.2578120828,11.89344215
0.04345881173,0.2559144795,11.8936348
0.04345892518,0.255225271,-8.234059334
0.04345899372,0.2548088729,-13.65981293
0.04345905053,0.2544637322,-10.78782749
0.04345907437,0.2543188632,-11.81605053
0.04345909736,0.2541791499,-11.71956348
0.04345912162,0.2540317178,-11.72733402
0.04345914892,0.2538657784,-11.72659874
0.04345920354,0.2535338402,-11.72698402
0.04345931277,0.252869904,-11.72731495
0.04345953122,0.2515416741,-11.72823048
0.04345996814,0.2488837987,-11.72984886
0.04346084196,0.2435624152,-11.73322296
0.04346258962,0.2328978032,-11.73963451
0.04346608493,0.2114855945,-11.75197792
0.04347307555,0.1683655679,-11.7741375
0.04348307555,0.106139183,-11.80114269
0.04349307555,0.0434939079,-11.82322598
0.04350307555,-0.01932301745,-11.84145927
0.04351307555,-0.08206368238,-11.8563385
0.04352307555,-0.1444804817,-11.8686552
0.04353307555,-0.2063270807,-11.87867546
0.04354307555,-0.2673594058,-11.88700104
0.04355307555,-0.3273365796,-11.89374256
0.0435532318,-0.3282640874,-11.89386272
0.0435535443,-0.3301181495,10.32643032
0.04355363048,-0.3306292295,12.60538483
0.04355371642,-0.3311388195,11.17512989
0.04355376073,-0.3314014971,11.93899345
0.04355380546,-0.3316666484,11.64443779
0.04355385155,-0.3319398165,11.76026821
0.04355389898,-0.3322209418,11.71362495
0.04355397631,-0.3326791823,11.7357626
0.04355409069,-0.3333568573,11.72231579
0.04355430966,-0.334653616,11.73371124
0.04355474758,-0.3372452557,11.72619915
0.04355562343,-0.342420876,11.73809528
0.04355737514,-0.3527408242,11.73625565
0.04356087854,-0.3732513189,11.7566843
0.04356788535,-0.4137198627,11.77076912
0.04357788535,-0.4700682461,11.80565834
0.04358788535,-0.5245614648,11.81968021
0.04359788535,-0.5769844651,11.84577274
0.04360788535,-0.6271303892,11.85268497
0.04361788535,-0.6748013496,11.87282276
0.04362788535,-0.7198091745,11.87495804
0.04363788535,-0.7619761825,11.89105892
0.04364788535,-0.8011360765,11.88999271
0.04364792597,-0.8012887836,-7.120345592
0.04364800722,-0.8015941381,-14.53496265
0.04364803465,-0.801697135,-11.26424789
0.04364805102,-0.8017585874,-11.68360329
0.04364806604,-0.801815033,-11.7203989
0.04364808254,-0.8018769622,-11.72566032
0.04364811554,-0.8020008206,-11.72641754
0.04364818153,-0.8022484183,-11.72647953
0.04364831352,-0.8027432561,-11.72711182
0.0436485775,-0.8037312627,-11.72803974
0.04364910546,-0.8057005405,-11.73015404
0.04365016138,-0.8096125722,-11.73407078
0.04365227322,-0.8173295856,-11.74189758
0.0436564969,-0.8323304653,-11.75639439
0.04366494426,-0.8605636954,-11.78227234
0.04367494426,-0.8908474445,-11.80770683
0.04368494426,-0.9176154733,-11.82873344
0.04369494426,-0.940762043,-11.84586716
0.04370494426,-0.960195899,-11.86007404
0.04371494426,-0.9758402705,-11.87160778
0.04372494426,-0.9876334667,-11.88121605
0.04373494426,-0.9955289364,-11.88897228
0.04373619426,-0.9962400794,-11.88987064
0.04373869426,-0.9974780083,-11.89155293
0.04373931926,-0.9977490306,-11.89195728
0.04374056926,-0.9982449412,-11.89275837
0.04374088176,-0.9983592629,-11.89295483
0.04374150676,-0.9985764623,-11.89334583
0.04374166301,-0.9986283183,-11.89344215
0.04374197551,-0.998729229,-11.8936348
0.04374208896,-0.9987648726,8.234059334
0.0437421575,-0.998786211,13.65981293
0.04374221431,-0.9988037348,10.78782749
0.04374223815,-0.9988110065,11.81605053
0.04374226114,-0.9988180399,11.71956348
0.0437422854,-0.9988254309,11.72733402
0.0437423127,-0.9988337755,11.72659874
0.04374236732,-0.998850286,11.72698402
0.04374247655,-0.9988829494,11.72731495
0.043742695,-0.9989468455,11.72823048
0.04374313192,-0.9990690351,11.72984886
0.04374400574,-0.9992908239,11.73322296
0.0437457534,-0.9996440411,11.73963451
0.04374924871,-0.9999888539,11.75197792
0.04375623933,-0.9992316961,11.7741375
0.04376623933,-0.9947989583,11.80114269
0.04377623933,-0.9864402413,11.82322598
0.04378623933,-0.9741885066,11.84145927
0.04379623933,-0.9580920935,11.8563385
0.04380623933,-0.9382145405,11.8686552
0.04381623933,-0.9146342874,11.87867546
0.04382623933,-0.8874443769,11.88700104
0.04383623933,-0.8567520976,11.89374256
0.04383639558,-0.8562453985,11.89386272
0.04383670808,-0.8552294374,-10.32643032
0.04383679426,-0.8549486995,-12.60538483
0.0438368802,-0.8546684384,-11.17512989
0.04383692451,-0.8545238972,-11.93899345
0.04383696924,-0.8543778658,-11.64443779
0.04383701533,-0.8542273641,-11.76026821
0.04383706276,-0.854072392,-11.71362495
0.04383714009,-0.8538195491,-11.7357626
0.04383725447,-0.8534452319,-11.72231579
0.04383747344,-0.8527273536,-11.73371124
0.04383791136,-0.8512868285,-11.72619915
0.04383878721,-0.8483864665,-11.73809528
0.04384053891,-0.8425087333,-11.73625565
0.04384404232,-0.830447793,-11.7566843
0.04385104913,-0.8051248193,-11.77076912
0.04386104913,-0.7662947178,-11.80565834
0.04387104913,-0.7244403958,-11.81968021
0.04388104913,-0.6797270179,-11.84577274
0.04389104913,-0.6323310733,-11.85268497
0.04390104913,-0.5824396014,-11.87282276
0.04391104913,-0.5302494764,-11.87495804
0.04392104913,-0.4759667516,-11.89105892
0.04393104913,-0.4198055863,-11.88999271
0.04393108975,-0.4195739031,7.120345592
0.043931171,-0.4191104472,14.53496265
0.04393119843,-0.418953985,11.26424789
0.0439312148,-0.4188605845,11.68360329
0.04393122982,-0.418774873,11.7203989
0.04393124632,-0.4186807275,11.72566032
0.04393127932,-0.4184924364,11.72641754
0.04393134531,-0.4181157947,11.72647953
0.0439314773,-0.4173623025,11.72711182
0.04393174128,-0.4158544838,11.72803974
0.04393226924,-0.4128353596,11.73015404
0.04393332516,-0.406783551,11.73407078
0.043935437,-0.3946264684,11.74189758
0.04393966068,-0.3701060116,11.75639439
0.04394810804,-0.3203006387,11.78227234
0.04395810804,-0.2601861358,11.80770683
0.04396810804,-0.1990447938,11.82873344
0.04397810804,-0.1371179223,11.84586716
0.04398810804,-0.07464990765,11.86007404
0.04399810804,-0.0118872812,11.87160778
0.04400810804,0.05092225969,11.88121605
0.04401810804,0.1135308295,11.88897228
0.04401935804,0.1213304549,11.88987064
0.04402185804,0.136906758,11.89155293
0.04402248304,0.1407957077,11.89195728
0.04402373304,0.1485670358,11.89275837
0.04402404554,0.1505084485,11.89295483
0.04402467054,0.1543895304,11.89334583
0.04402482679,0.1553594321,11.89344215
0.04402513929,0.1572987884,11.8936348
0.04402525274,0.1580027491,-8.234059334
0.04402532128,0.1584279537,-13.65981293
0.04402537809,0.1587803662,-10.78782749
0.04402540193,0.1589282453,-11.81605053
0.04402542492,0.1590708792,-11.71956348
0.04402544918,0.1592213511,-11.72733402
0.04402547648,0.1593907326,-11.72659874
0.0440255311,0.1597294807,-11.72698402
0.04402564033,0.1604069471,-11.72731495
0.04402585878,0.1617616266,-11.72823048
0.0440262957,0.1644700617,-11.72984886
0.04402716952,0.1698832065,-11.73322296
0.04402891718,0.1806939691,-11.73963451
0.04403241249,0.2022488266,-11.75197792
0.04403940311,0.2450555712,-11.7741375
0.04404940311,0.3054479957,-11.80114269
0.04405940311,0.3646349311,-11.82322598
0.04406940311,0.4223828316,-11.84145927
0.04407940311,0.4784637988,-11.8563385
0.04408940311,0.5326564908,-11.8686552
0.04409940311,0.5847470164,-11.87867546
0.04410940311,0.6345297694,-11.88700104
0.04411940311,0.6818083525,-11.89374256
0.04411955936,0.6825262308,-11.89386272
0.04411987186,0.6839599609,10.32643032
0.04411995804,0.6843549013,12.60538483
0.04412004398,0.6847485304,11.17512989
0.04412008829,0.684951365,11.93899345
0.04412013302,0.6851561069,11.64443779
0.04412017911,0.6853670478,11.76026821
0.04412022654,0.6855840087,11.71362495
0.04412030387,0.6859376431,11.7357626
0.04412041825,0.6864604354,11.72231579
0.04412063722,0.6874602437,11.73371124
0.04412107514,0.6894558668,11.72619915
0.04412195099,0.6934314966,11.73809528
0.04412370269,0.7013195753,11.73625565
0.0441272061,0.7168399692,11.7566843
0.04413421291,0.7468314171,11.77076912
0.04414421291,0.7871142626,11.80565834
0.04415421291,0.8242907524,11.81968021
0.04416421291,0.8582140803,11.84577274
0.04417421291,0.8887504339,11.85268497
0.04418421291,0.9157793522,11.87282276
0.04419421291,0.9391940832,11.87495804
0.04420421291,0.9589022398,11.89105892
0.04421421291,0.9748260379,11.88999271
0.04421425353,0.9748829007,-7.120345592
0.04421433478,0.9749964476,-14.53496265
0.04421436221,0.9750347733,-11.26424789
0.04421437858,0.9750576019,-11.68360329
0.0442143936,0.9750785232,-11.7203989
0.0442144101,0.9751015306,-11.72566032
0.0442144431,0.9751474857,-11.72641754
0.04421450909,0.9752392769,-11.72647953
0.04421464108,0.9754223228,-11.72711182
0.04421490506,0.9757864475,-11.72803974
0.04421543302,0.9765066504,-11.73015404
0.04421648894,0.9779148102,-11.73407078
0.04421860078,0.9806019664,-11.74189758
0.04422282446,0.985457778,-11.75639439
0.04423127182,0.9930845499,-11.78227234
0.04424127182,0.998496592,-11.80770683
0.04425127182,0.9999680519,-11.82873344
0.04426127182,0.9974930882,-11.84586716
0.04427127182,0.9910814762,-11.86007404
0.04428127182,0.9807585478,-11.87160778
0.04429127182,0.9665649533,-11.88121605
0.04430127182,0.9485567808,-11.88897228
0.04430252182,0.9460409284,-11.88987064
0.04430502182,0.9408343434,-11.89155293
0.04430564682,0.9394963384,-11.89195728
0.04430689682,0.9367769361,-11.89275837
0.04430720932,0.9360880852,-11.89295483
0.04430783432,0.9346994758,-11.89334583
0.04430799057,0.9343500733,-11.89344215
0.04430830307,0.9336485863,-11.8936348
0.04430841652,0.9333930016,8.234059334
0.04430848506,0.9332383871,13.65981293
0.04430854187,0.9331100583,10.78782749
0.04430856571,0.9330561757,11.81605053
0.0443085887,0.9330042005,11.71956348
0.04430861296,0.9329493642,11.72733402
0.04430864026,0.9328875542,11.72659874
0.04430869488,0.9327639341,11.72698402
0.04430880411,0.9325163364,11.72731495
0.04430902256,0.9320197701,11.72823048
0.04430945948,0.9310213327,11.72984886
0.0443103333,0.9290035367,11.73322296
0.04431208096,0.9248839021,11.73963451
0.04431557627,0.9163106084,11.75197792
0.04432256689,0.897842586,11.7741375
0.04433256689,0.8684232235,11.80114269
0.04434256689,0.8355765343,11.82322598
0.04435256689,0.7994322777,11.84145927
0.04436256689,0.7601329684,11.8563385
0.04437256689,0.7178337574,11.8686552
0.04438256689,0.6727015972,11.87867546
0.04439256689,0.6249146461,11.88700104
0.04440256689,0.5746613741,11.89374256
0.04440272314,0.5738576651,11.89386272
0.04440303564,0.5722485185,-10.32643032
0.04440312182,0.5718043447,-12.60538483
0.04440320776,0.5713612437,-11.17512989
0.04440325207,0.5711327791,-11.93899345
0.0444032968,0.5709020495,-11.64443779
0.04440334289,0.5706642866,-11.76026821
0.04440339032,0.5704194903,-11.71362495
0.04440346765,0.5700203776,-11.7357626
0.04440358203,0.5694296956,-11.72231579
0.044403801,0.5682982206,-11.73371124
0.04440423892,0.566032052,-11.72619915
0.04440511477,0.5614867806,-11.73809528
0.04440686647,0.5523454547,-11.73625565
0.04441036988,0.5338631272,-11.7566843
0.04441737669,0.4961315095,-11.77076912
0.04442737669,0.4406348169,-11.80565834
0.04443737669,0.3833991289,-11.81968021
0.04444737669,0.3246503174,-11.84577274
0.04445737669,0.2646203041,-11.85268497
0.04446737669,0.2035459131,-11.87282276
0.04447737669,0.1416682452,-11.87495804
0.04448737669,0.07923146337,-11.89105892
0.04449737669,0.01648199931,-11.88999271
0.04449741731,0.01622677967,7.120345592
0.04449749856,0.0157163348,14.53496265
0.04449752599,0.01554403361,11.26424789
0.04449754236,0.01544119418,11.68360329
0.04449755738,0.01534682047,11.7203989
0.04449757388,0.01524316799,11.72566032
0.04449760688,0.0150358621,11.72641754
0.04449767287,0.0146212494,11.72647953
0.04449780486,0.01379201561,11.72711182
0.04449806884,0.01213352103,11.72803974
0.0444985968,0.008816435002,11.73015404
0.04449965272,0.002182009397,11.73407078
0.04450176456,-0.01108683832,11.74189758
0.04450598824,-0.03761634231,11.75639439
0.0445144356,-0.09057720751,11.78227234
0.0445244356,-0.1529308856,11.80770683
0.0445344356,-0.2146810293,11.82873344
0.0445444356,-0.2755839229,11.84586716
0.0445544356,-0.3353991807,11.86007404
0.0445644356,-0.3938907981,11.87160778
0.0445744356,-0.4508279264,11.88121605
0.0445844356,-0.5059857965,11.88897228
0.0445856856,-0.5127445459,11.88987064
0.0445881856,-0.5261666179,11.89155293
0.0445888106,-0.5295020342,11.89195728
0.0445900606,-0.5361482501,11.89275837
0.0445903731,-0.5378046036,11.89295483
0.0445909981,-0.5411111712,11.89334583
0.04459115435,-0.5419365168,11.89344215
0.04459146685,-0.5435856581,11.8936348
0.0445915803,-0.5441838503,-8.234059334
0.04459164884,-0.544545114,-13.65981293
0.04459170565,-0.5448444486,-10.78782749
0.04459172949,-0.5449700356,-11.81605053
0.04459175248,-0.5450911522,-11.71956348
0.04459177674,-0.5452189445,-11.72733402
0.04459180404,-0.545362711,-11.72659874
0.04459185866,-0.545650363,-11.72698402
0.04459196789,-0.5462253094,-11.72731495
0.04459218634,-0.5473745465,-11.72823048
0.04459262326,-0.5496699214,-11.72984886
0.04459349708,-0.5542482138,-11.73322296
0.04459524474,-0.5633545518,-11.73963451
0.04459874005,-0.5813623071,-11.75197792
0.04460573066,-0.6165280938,-11.7741375
0.04461573066,-0.6647485495,-11.80114269
0.04462573066,-0.7103455663,-11.82322598
0.04463573066,-0.7531391978,-11.84145927
0.04464573066,-0.792960465,-11.8563385
0.04465573066,-0.8296523094,-11.8686552
0.04466573066,-0.8630698919,-11.87867546
0.04467573066,-0.893081367,-11.88700104
0.04468573066,-0.9195682406,-11.89374256
0.04468588691,-0.9199535251,-11.89386272
0.04468619941,-0.9207214713,10.32643032
0.0446862856,-0.9209326506,12.60538483
0.04468637154,-0.9211429954,11.17512989
0.04468641585,-0.921251297,11.93899345
0.04468646058,-0.9213606119,11.64443779
0.04468650667,-0.9214730859,11.76026821
0.0446865541,-0.9215888381,11.71362495
0.04468663143,-0.921777308,11.7357626
0.04468674581,-0.9220557213,11.72231579
0.04468696478,-0.9225873947,11.73371124
0.0446874027,-0.9236454368,11.72619915
0.04468827855,-0.9257404804,11.73809528
0.04469003025,-0.9298464656,11.73625565
0.04469353366,-0.9377200007,11.7566843
0.04470054047,-0.9521003962,11.77076912
0.04471054047,-0.969422102,11.80565834
0.04472054047,-0.9829179049,11.81968021
0.04473054047,-0.9925345778,11.84577274
0.04474054047,-0.9982342124,11.85268497
0.04475054047,-0.9999942183,11.87282276
0.04476054047,-0.9978077412,11.87495804
0.04477054047,-0.9916833639,11.89105892
0.04478054047,-0.9816452861,11.88999271
0.04478058109,-0.9815965295,-7.120345592
0.04478066234,-0.9814989567,-14.53496265
0.04478068977,-0.9814659357,-11.26424789
0.04478070614,-0.9814462066,-11.68360329
0.04478072116,-0.9814280868,-11.7203989
0.04478073766,-0.9814082384,-11.72566032
0.04478077066,-0.9813684225,-11.72641754
0.04478083665,-0.9812886715,-11.72647953
0.04478096864,-0.981128633,-11.72711182
0.04478123262,-0.9808065891,-11.72803974
0.04478176058,-0.9801543951,-11.73015404
0.0447828165,-0.9788175821,-11.73407078
0.04478492834,-0.9760148525,-11.74189758
0.04478915202,-0.9698944092,-11.75639439
0.04479759938,-0.9556092024,-11.78227234
0.04480759938,-0.9352231622,-11.80770683
0.04481759938,-0.9111461639,-11.82873344
0.04482759938,-0.8834732771,-11.84586716
0.04483759938,-0.8523137569,-11.86007404
0.04484759938,-0.8177905083,-11.87160778
0.04485759938,-0.7800398469,-11.88121605
0.04486759938,-0.7392107248,-11.88897228
0.04486884938,-0.7338985205,-11.88987064
0.04487134938,-0.7231386304,-11.89155293
0.04487197438,-0.7204207182,-11.89195728
0.04487322438,-0.7149515152,-11.89275837
0.04487353688,-0.7135772705,-11.89295483
0.04487416188,-0.7108206749,-11.89334583
0.04487431813,-0.7101297975,-11.89344215
0.04487463063,-0.7087459564,-11.8936348
0.04487474408,-0.7082428932,8.234059334
0.04487481262,-0.7079387903,13.65981293
0.04487486943,-0.7076866627,10.78782749
0.04487489327,-0.7075808048,11.81605053
0.04487491626,-0.7074787617,11.71956348
0.04487494052,-0.7073709965,11.72733402
0.04487496782,-0.707249701,11.72659874
0.04487502244,-0.7070071101,11.72698402
0.04487513167,-0.7065215707,11.72731495
0.04487535012,-0.7055495381,11.72823048
0.04487578704,-0.7036014199,11.72984886
0.04487666086,-0.6996893883,11.73322296
0.04487840852,-0.6918021441,11.73963451
0.04488190383,-0.6757783294,11.75197792
0.04488889444,-0.6427608728,11.7741375
0.04489889444,-0.5933907628,11.80114269
0.04490889444,-0.5416788459,11.82322598
0.04491889444,-0.4878291786,11.84145927
0.04492889444,-0.4320542812,11.8563385
0.04493889444,-0.3745742142,11.8686552
0.04494889444,-0.3156159222,11.87867546
0.04495889444,-0.2554120123,11.88700104
0.04496889444,-0.1942001134,11.89374256
0.04496905069,-0.193236962,11.89386272
0.04496936319,-0.1913100928,-10.32643032
0.04496944938,-0.1907785684,-12.60538483
0.04496953532,-0.1902484447,-11.17512989
0.04496957963,-0.1899751425,-11.93899345
0.04496962436,-0.1896992028,-11.64443779
0.04496967045,-0.1894148737,-11.76026821
0.04496971788,-0.1891222149,-11.71362495
0.04496979521,-0.1886450946,-11.7357626
0.04496990959,-0.1879392713,-11.72231579
0.04497012856,-0.1865878254,-11.73371124
0.04497056648,-0.1838838756,-11.72619915
0.04497144233,-0.1784718186,-11.73809528
0.04497319403,-0.1676316708,-11.73625565
0.04497669744,-0.1458917558,-11.7566843
0.04498370425,-0.1022104174,-11.77076912
0.04499370425,-0.03954705223,-11.80565834
0.04500370425,0.02327238396,-11.81968021
0.04501370425,0.08599997312,-11.84577274
0.04502370425,0.1483881623,-11.85268497
0.04503370425,0.2101907283,-11.87282276
0.04504370425,0.2711637616,-11.87495804
0.04505370425,0.3310666382,-11.89105892
0.04506370425,0.3896629512,-11.88999271
0.04506374487,0.3898980319,7.120345592
0.04506382612,0.3903680742,14.53496265
0.04506385355,0.3905267417,11.26424789
0.04506386992,0.3906214237,11.68360329
0.04506388494,0.3907082975,11.7203989
0.04506390144,0.3908037245,11.72566032
0.04506393444,0.3909945488,11.72641754
0.04506400043,0.3913761675,11.72647953
0.04506413242,0.3921391964,11.72711182
0.0450643964,0.3936644495,11.72803974
0.04506492436,0.3967116773,11.73015404
0.04506598028,0.4027930498,11.73407078
0.04506809212,0.4149022996,11.74189758
0.0450723158,0.4388995171,11.75639439
0.04508076316,0.4859500527,11.78227234
0.04509076316,0.5398691893,11.80770683
0.04510076316,0.5916577578,11.82873344
0.04511076316,0.6411113143,11.84586716
0.04512076316,0.6880346537,11.86007404
0.04513076316,0.7322426438,11.87160778
0.04514076316,0.773560822,11.88121605
0.04515076316,0.8118261695,11.88897228
0.04515201316,0.8163869977,11.88987064
0.04515451316,0.8253573179,11.89155293
0.04515513816,0.8275681734,11.89195728
0.04515638816,0.8319515586,11.89275837
0.04515670066,0.833039403,11.89295483
0.04515732566,0.8352054358,11.89334583
0.04515748191,0.8357449174,11.89344215
0.04515779441,0.8368214965,11.8936348
0.04515790786,0.8372116089,-8.234059334
0.0451579764,0.8374469876,-13.65981293
0.04515803321,0.837642014,-10.78782749
0.04515805705,0.8377238512,-11.81605053
0.04515808004,0.8378027081,-11.71956348
0.0451581043,0.8378859162,-11.72733402
0.0451581316,0.8379795551,-11.72659874
0.04515818622,0.8381667733,-11.72698402
0.04515829545,0.8385409117,-11.72731495
0.0451585139,0.8392879367,-11.72823048
0.04515895082,0.8407773376,-11.72984886
0.04515982464,0.8437370658,-11.73322296
0.0451615723,0.8495801091,-11.73963451
0.04516506761,0.860958159,-11.75197792
0.04517205822,0.8824633956,-11.7741375
0.04518205822,0.9102575183,-11.80114269
0.04519205822,0.934459269,-11.82322598
0.04520205822,0.9549731612,-11.84145927
0.04521205822,0.9717181921,-11.8563385
0.04522205822,0.9846283197,-11.8686552
0.04523205822,0.9936525226,-11.87867546
0.04524205822,0.9987552762,-11.88700104
0.04525205822,0.9999163747,-11.89374256
0.04525221447,0.9999032021,-11.89386272
0.04525252697,0.9998739362,10.32643032
0.04525261316,0.9998652339,12.60538483
0.0452526991,0.999856174,11.17512989
0.04525274341,0.9998514652,11.93899345
0.04525278814,0.9998465776,11.64443779
0.04525283423,0.9998414516,11.76026821
0.04525288166,0.9998360872,11.71362495
0.04525295899,0.9998271465,11.7357626
0.04525307337,0.9998135567,11.72231579
0.04525329234,0.9997860193,11.73371124
0.04525373026,0.9997253418,11.72619915
0.04525460611,0.9995812178,11.73809528
0.04525635781,0.9992021918,11.73625565
0.04525986122,0.9980810881,11.7566843
0.04526686803,0.9943888783,11.77076912
0.04527686803,0.9857842326,11.80565834
0.04528686803,0.9732891917,11.81968021
0.04529686803,0.9569530487,11.84577274
0.04530686803,0.9368402362,11.85268497
0.04531686803,0.9130301476,11.87282276
0.04532686803,0.8856167197,11.87495804
0.04533686803,0.8547081947,11.89105892
0.04534686803,0.8204264641,11.88999271
0.04534690865,0.8202804923,-7.120345592
0.0453469899,0.8199884295,-14.53496265
0.04534701733,0.8198897839,-11.26424789
0.0453470337,0.8198308945,-11.68360329
0.04534704872,0.8197768331,-11.7203989
0.04534706522,0.8197174668,-11.72566032
0.04534709822,0.8195986748,-11.72641754
0.04534716421,0.8193610311,-11.72647953
0.0453472962,0.8188853264,-11.72711182
0.04534756018,0.8179322481,-11.72803974
0.04534808814,0.816019237,-11.73015404
0.04534914406,0.8121663928,-11.73407078
0.0453512559,0.8043535948,-11.74189758
0.04535547958,0.7883045673,-11.75639439
0.04536392694,0.754552722,-11.78227234
0.04537392694,0.7118581533,-11.80770683
0.04538392694,0.666354239,-11.82873344
0.04539392694,0.6182205081,-11.84586716
0.04540392694,0.5676469803,-11.86007404
0.04541392694,0.5148331523,-11.87160778
0.04542392694,0.459987551,-11.88121605
0.04543392694,0.403326571,-11.88897228
0.04543517694,0.396127373,-11.88987064
0.04543767694,0.3816561103,-11.89155293
0.04543830194,0.3780234456,-11.89195728
0.04543955194,0.3707406521,-11.89275837
0.04543986444,0.3689163923,-11.89295483
0.04544048944,0.3652635515,-11.89334583
0.04544064569,0.3643494546,-11.89344215
0.04544095819,0.3625202477,-11.8936348
0.04544107164,0.3618557751,8.234059334
0.04544114018,0.3614542782,13.65981293
0.04544119699,0.3611214757,10.78782749
0.04544122083,0.3609817922,11.81605053
0.04544124382,0.3608470559,11.71956348
0.04544126808,0.3607048988,11.72733402
0.04544129538,0.3605448604,11.72659874
0.04544135,0.3602247834,11.72698402
0.04544145923,0.3595844805,11.72731495
0.04544167768,0.3583033383,11.72823048
0.0454421146,0.3557390571,11.72984886
0.04544298842,0.350602448,11.73322296
0.04544473608,0.340297699,11.73963451
0.04544823139,0.3195663393,11.75197792
0.045455222,0.2776513398,11.7741375
0.045465222,0.2167817205,11.80114269
0.045475222,0.1550565958,11.82322598
0.045485222,0.09271951765,11.84145927
0.045495222,0.03001652099,11.8563385
0.045505222,-0.03280493617,11.8686552
0.045515222,-0.09549693018,11.87867546
0.045525222,-0.1578120291,11.88700104
0.045535222,-0.2195043266,11.89374256
0.04553537825,-0.2204620242,11.89386272
0.04553569075,-0.2223767936,-10.32643032
0.04553577694,-0.2229046971,-12.60538483
0.04553586288,-0.2234310955,-11.17512989
0.04553590719,-0.2237024158,-11.93899345
0.04553595192,-0.2239763439,-11.64443779
0.04553599801,-0.224258557,-11.76026821
0.04553604544,-0.2245489955,-11.71362495
0.04553612277,-0.2250224352,-11.7357626
0.04553623715,-0.2257226259,-11.72231579
0.04553645612,-0.2270626873,-11.73371124
0.04553689404,-0.2297415286,-11.72619915
0.04553776989,-0.2350939512,-11.73809528
0.04553952159,-0.245777294,-11.73625565
0.045543025,-0.2670533657,-11.7566843
0.04555003181,-0.3092070818,-11.77076912
0.04556003181,-0.3683103621,-11.80565834
0.04557003181,-0.4259601235,-11.81968021
0.04558003181,-0.4819287956,-11.84577274
0.04559003181,-0.535995543,-11.85268497
0.04560003181,-0.5879469514,-11.87282276
0.04561003181,-0.637577951,-11.87495804
0.04562003181,-0.6846928,-11.89105892
0.04563003181,-0.729105413,-11.88999271
0.04563007243,-0.7292801142,7.120345592
0.04563015368,-0.7296292782,14.53496265
0.04563018111,-0.7297471166,11.26424789
0.04563019748,-0.72981745,11.68360329
0.0456302125,-0.7298820019,11.7203989
0.045630229,-0.7299528122,11.72566032
0.045630262,-0.730094552,11.72641754
0.04563032799,-0.7303777933,11.72647953
0.04563045998,-0.7309440374,11.72711182
0.04563072396,-0.7320749164,11.72803974
0.04563125192,-0.7343307137,11.73015404
0.04563230784,-0.7388179898,11.73407078
0.04563441968,-0.7476947904,11.74189758
0.04563864336,-0.7650519013,11.75639439
0.04564709072,-0.7981379628,11.78227234
0.04565709072,-0.8343927264,11.80770683
0.04566709072,-0.8673545122,11.82873344
0.04567709072,-0.8968932629,11.84586716
0.04568709072,-0.9228923917,11.86007404
0.04569709072,-0.9452492595,11.87160778
0.04570709072,-0.9638756514,11.88121605
0.04571709072,-0.9786980748,11.88897228
0.04571834072,-0.9802803397,11.88987064
0.04572084072,-0.9832633734,11.89155293
0.04572146572,-0.9839712381,11.89195728
0.04572271572,-0.9853414297,11.89275837
0.04572302822,-0.9856745005,11.89295483
0.04572365322,-0.9863292575,11.89334583
0.04572380947,-0.9864905477,11.89344215
0.04572412197,-0.986810267,11.8936348
0.04572423542,-0.9869254231,-8.234059334
0.04572430396,-0.9869947433,-13.65981293
0.04572436077,-0.987052083,-10.78782749
0.04572438461,-0.9870761037,-11.81605053
0.0457244076,-0.9870992303,-11.71956348
0.04572443186,-0.9871236086,-11.72733402
0.04572445916,-0.9871510267,-11.72659874
0.04572451378,-0.9872058034,-11.72698402
0.04572462301,-0.9873149991,-11.72731495
0.04572484146,-0.9875320196,-11.72823048
0.04572527838,-0.9879604578,-11.72984886
0.0457261522,-0.9887949824,-11.73322296
0.04572789986,-0.9903745055,-11.73963451
0.04573139517,-0.9931752682,-11.75197792
0.04573838578,-0.9973385334,-11.7741375
0.04574838578,-0.9999485612,-11.80114269
0.04575838578,-0.9986122251,-11.82322598
0.04576838578,-0.9933348298,-11.84145927
0.04577838578,-0.9841371775,-11.8563385
0.04578838578,-0.9710556269,-11.8686552
0.04579838578,-0.954141736,-11.87867546
0.04580838578,-0.9334622622,-11.88700104
0.04581838578,-0.9090988636,-11.89374256
0.04581854203,-0.9086894393,-11.89386272
0.04581885453,-0.9078680277,10.32643032
0.04581894072,-0.9076408148,12.60538483
0.04581902666,-0.9074140191,11.17512989
0.04581907097,-0.9072970152,11.93899345
0.0458191157,-0.9071788192,11.64443779
0.04581916179,-0.9070569277,11.76026821
0.04581920922,-0.9069314003,11.71362495
0.04581928655,-0.9067265987,11.7357626
0.04581940093,-0.9064232707,11.72231579
0.0458196199,-0.9058413506,11.73371124
0.04582005782,-0.9046723247,11.72619915
0.04582093367,-0.9023137093,11.73809528
0.04582268537,-0.8975145221,11.73625565
0.04582618878,-0.8875907063,11.7566843
0.04583319559,-0.8664578199,11.77076912
0.04584319559,-0.8333998919,11.80565834
0.04585319559,-0.7970528603,11.81968021
0.04586319559,-0.7575603127,11.84577274
0.04587319559,-0.7150779366,11.85268497
0.04588319559,-0.669773519,11.87282276
0.04589319559,-0.6218258142,11.87495804
0.04590319559,-0.5714240074,11.89105892
0.04591319559,-0.5187671185,11.88999271
0.04591323621,-0.5185488462,-7.120345592
0.04591331746,-0.5181123018,-14.53496265
0.04591334489,-0.5179648995,-11.26424789
0.04591336126,-0.5178769231,-11.68360329
0.04591337628,-0.5177961588,-11.7203989
0.04591339278,-0.5177074671,-11.72566032
0.04591342578,-0.5175300837,-11.72641754
0.04591349177,-0.5171752572,-11.72647953
0.04591362376,-0.5164652467,-11.72711182
0.04591388774,-0.5150442719,-11.72803974
0.0459144157,-0.5121979713,-11.73015404
0.04591547162,-0.5064885616,-11.73407078
0.04591758346,-0.4950031042,-11.74189758
0.04592180714,-0.4717727304,-11.75639439
0.0459302545,-0.4243319035,-11.78227234
0.0459402545,-0.3666373193,-11.80770683
0.0459502545,-0.3074958324,-11.82873344
0.0459602545,-0.2471407652,-11.84586716
0.0459702545,-0.1858103573,-11.86007404
0.0459802545,-0.123746641,-11.87160778
0.0459902545,-0.06119455397,-11.88121605
0.0460002545,0.001599040232,-11.88897228
0.0460015045,0.009452882223,-11.88987064
0.0460040045,0.0251583308,-11.89155293
0.0460046295,0.02908387408,-11.89195728
0.0460058795,0.0369335562,-11.89275837
0.046006192,0.03889564052,-11.89295483
0.046006817,0.04281934723,-11.89334583
0.04600697325,0.04380017519,-11.89344215
0.04600728575,0.04576170072,-11.8936348
0.0460073992,0.04647380859,8.234059334
0.04600746774,0.04690397903,13.65981293
0.04600752455,0.04726050794,10.78782749
0.04600754839,0.04741012305,11.81605053
0.04600757138,0.04755443335,11.71956348
0.04600759564,0.04770667106,11.72733402
0.04600762294,0.04787804931,11.72659874
0.04600767756,0.04822080582,11.72698402
0.04600778679,0.04890629649,11.72731495
0.04600800524,0.05027721077,11.72823048
0.04600844216,0.05301875621,11.72984886
0.04600931598,0.05850062519,11.73322296
0.04601106364,0.06945890933,11.73963451
0.04601455895,0.0913490355,11.75197792
0.04602154956,0.1349865645,11.7741375
0.04603154956,0.1969360262,11.80114269
0.04604154956,0.2581082582,11.82322598
0.04605154956,0.3182618916,11.84145927
0.04606154956,0.3771594465,11.8563385
0.04607154956,0.4345685542,11.8686552
0.04608154956,0.4902625978,11.87867546
0.04609154956,0.5440217853,11.88700104
0.04610154956,0.5956340432,11.89374256
0.04610170581,0.5964223146,11.89386272
0.04610201831,0.5979971886,-10.32643032
0.0461021045,0.5984311104,-12.60538483
0.04610219044,0.5988637209,-11.17512989
0.04610223475,0.5990866423,-11.93899345
0.04610227948,0.5993116498,-11.64443779
0.04610232557,0.5995433927,-11.76026821
0.046102373,0.5997819304,-11.71362495
0.04610245033,0.6001706123,-11.7357626
0.04610256471,0.6007453203,-11.72231579
0.04610278367,0.6018446088,-11.73371124
0.0461032216,0.6040397882,-11.72619915
0.04610409745,0.6084163785,-11.73809528
0.04610584915,0.6171141267,-11.73625565
0.04610935256,0.6342842579,-11.7566843
0.04611635937,0.667694509,-11.77076912
0.04612635937,0.7131204605,-11.80565834
0.04613635937,0.7557319999,-11.81968021
0.04614635937,0.795361042,-11.84577274
0.04615635937,0.8318511844,-11.85268497
0.04616635937,0.8650583625,-11.87282276
0.04617635937,0.8948515654,-11.87495804
0.04618635937,0.921113193,-11.89105892
0.04619635937,0.9437396526,-11.88999271
0.04619639999,0.9438239932,7.120345592
0.04619648124,0.9439926147,14.53496265
0.04619650867,0.944049418,11.26424789
0.04619652504,0.944083333,11.68360329
0.04619654006,0.9441144466,11.7203989
0.04619655656,0.9441486001,11.72566032
0.04619658956,0.944216907,11.72641754
0.04619665555,0.9443534017,11.72647953
0.04619678754,0.9446258545,11.72711182
0.04619705152,0.9451688528,11.72803974
0.04619757948,0.9462469816,11.73015404
0.0461986354,0.948372066,11.73407078
0.04620074724,0.9524968863,11.74189758
0.04620497092,0.9602426887,11.75639439
0.04621341828,0.9737006426,11.78227234
0.04622341828,0.9860848784,11.80770683
0.04623341828,0.994577527,11.82873344
0.04624341828,0.999145031,11.84586716
0.04625341828,0.9997693896,11.86007404
0.04626341828,0.99644804,11.87160778
0.04627341828,0.9891942143,11.88121605
0.04628341828,0.9780365229,11.88897228
0.04628466828,0.9763693213,11.88987064
0.04628716828,0.9728543758,11.89155293
0.04628779328,0.9719380736,11.89195728
0.04628904328,0.9700605869,11.89275837
0.04628935578,0.9695818424,11.89295483
0.04628998078,0.9686132073,11.89334583
0.04629013703,0.9683687091,11.89344215
0.04629044953,0.9678769112,11.8936348
0.04629056298,0.967697382,-8.234059334
0.04629063152,0.9675887227,-13.65981293
0.04629068833,0.9674985409,-10.78782749
0.04629071217,0.9674606919,-11.81605053
0.04629073516,0.9674240947,-11.71956348
0.04629075942,0.9673855305,-11.72733402
0.04629078672,0.9673420191,-11.72659874
0.04629084134,0.9672549963,-11.72698402
0.04629095056,0.9670805931,-11.72731495
0.04629116902,0.9667303562,-11.72823048
0.04629160594,0.966024518,-11.72984886
0.04629247976,0.9645909667,-11.73322296
0.04629422742,0.9616366625,-11.73963451
0.04629772273,0.9553806186,-11.75197792
0.04630471334,0.9414893389,-11.7741375
0.04631471334,0.9184684157,-11.80114269
0.04632471334,0.8918227553,-11.82322598
0.04633471334,0.8616574407,-11.84145927
0.04634471334,0.8280916214,-11.8563385
0.04635471334,0.7912576199,-11.8686552
0.04636471334,0.751300931,-11.87867546
0.04637471334,0.708379209,-11.88700104
0.04638471334,0.6626618505,-11.89374256
0.04638486959,0.6619262695,-11.89386272
0.04638518209,0.6604532003,10.32643032
0.04638526828,0.6600465178,12.60538483
0.04638535422,0.6596407294,11.17512989
0.04638539853,0.6594315171,11.93899345
0.04638544326,0.6592201591,11.64443779
0.04638548935,0.6590024233,11.76026821
0.04638553678,0.6587781906,11.71362495
0.04638561411,0.6584125757,11.7357626
0.04638572849,0.6578714848,11.72231579
0.04638594745,0.6568347216,11.73371124
0.04638638538,0.6547574997,11.72619915
0.04638726123,0.6505880952,11.73809528
0.04638901293,0.6421903372,11.73625565
0.04639251634,0.6251625419,11.7566843
0.04639952315,0.5902065635,11.77076912
0.04640952315,0.5383540988,11.80565834
0.04641952315,0.4843770564,11.81968021
0.04642952315,0.4284883738,11.84577274
0.04643952315,0.3709086478,11.85268497
0.04644952315,0.3118650913,11.87282276
0.04645952315,0.2515907884,11.87495804
0.04646952315,0.1903235465,11.89105892
0.04647952315,0.1283051819,11.88999271
0.04647956377,0.1280520409,-7.120345592
0.04647964502,0.1275457144,-14.53496265
0.04647967245,0.1273747981,-11.26424789
0.04647968882,0.1272727847,-11.68360329
0.04647970384,0.1271791607,-11.7203989
0.04647972034,0.1270763427,-11.72566032
0.04647975334,0.1268706918,-11.72641754
0.04647981933,0.126459375,-11.72647953
0.04647995132,0.125636667,-11.72711182
0.0464802153,0.1239910051,-11.72803974
0.04648074326,0.1206986532,-11.73015404
0.04648179918,0.1141100153,-11.73407078
0.04648391102,0.1009179503,-11.74189758
0.0464881347,0.07448284328,-11.75639439
0.04649658206,0.02147393115,-11.78227234
0.04650658206,-0.04134448245,-11.80770683
0.04651658206,-0.1039997339,-11.82873344
0.04652658206,-0.1662445366,-11.84586716
0.04653658206,-0.2278332561,-11.86007404
0.04654658206,-0.2885228097,-11.87160778
0.04655658206,-0.3480737209,-11.88121605
0.04656658206,-0.4062509239,-11.88897228
0.04656783206,-0.4134149849,-11.88987064
0.04657033206,-0.4276661575,-11.89155293
0.04657095706,-0.431212604,-11.89195728
0.04657220706,-0.4382854998,-11.89275837
0.04657251956,-0.4400494993,-11.89295483
0.04657314456,-0.4435724318,-11.89334583
0.04657330081,-0.444452107,-11.89344215
0.04657361331,-0.446210146,-11.8936348
0.04657372676,-0.4468480051,8.234059334
0.0465737953,-0.4472332001,13.65981293
0.04657385211,-0.4475524127,10.78782749
0.04657387594,-0.4476863742,11.81605053
0.04657389894,-0.4478155375,11.71956348
0.0465739232,-0.4479518235,11.72733402
0.0465739505,-0.448105216,11.72659874
0.04657400512,-0.4484119415,11.72698402
0.04657411434,-0.4490252733,11.72731495
0.0465743328,-0.4502513111,11.72823048
0.04657476972,-0.4527008235,11.72984886
0.04657564354,-0.4575895667,11.73322296
0.0465773912,-0.4673255384,11.73963451
0.04658088651,-0.4866272807,11.75197792
0.04658787712,-0.5245174766,11.7741375
0.04659787712,-0.576942265,11.80114269
0.04660787712,-0.6270901561,11.82322598
0.04661787712,-0.6747632027,11.84145927
0.04662787712,-0.7197732925,11.8563385
0.04663787712,-0.7619427443,11.8686552
0.04664787712,-0.8011051416,11.87867546
0.04665787712,-0.8371059299,11.88700104
0.04666787712,-0.869803071,11.89374256
0.04666803337,-0.8702870607,11.89386272
0.04666834587,-0.8712524772,-10.32643032
0.04666843206,-0.8715181351,-12.60538483
0.046668518,-0.8717828393,-11.17512989
0.04666856231,-0.8719191551,-11.93899345
0.04666860704,-0.8720567822,-11.64443779
0.04666865313,-0.8721984625,-11.76026821
0.04666870056,-0.8723441958,-11.71362495
0.04666877789,-0.8725816011,-11.7357626
0.04666889227,-0.8729324341,-11.72231579
0.04666911123,-0.8736028075,-11.73371124
0.04666954916,-0.874938488,-11.72619915
0.04667042501,-0.8775900602,-11.73809528
0.04667217671,-0.8828133345,-11.73625565
0.04667568012,-0.8929384351,-11.7566843
0.04668268693,-0.9118859768,-11.77076912
0.04669268693,-0.9358585477,-11.80565834
0.04670268693,-0.9561377168,-11.81968021
0.04671268693,-0.972643435,-11.84577274
0.04672268693,-0.9853105545,-11.85268497
0.04673268693,-0.9940891266,-11.87282276
0.04674268693,-0.998944521,-11.87495804
0.04675268693,-0.9998574853,-11.89105892
0.04676268693,-0.9968245029,-11.88999271
0.04676272755,-0.9968041182,7.120345592
0.0467628088,-0.9967632294,14.53496265
0.04676283623,-0.9967493415,11.26424789
0.0467628526,-0.9967410564,11.68360329
0.04676286762,-0.996733427,11.7203989
0.04676288412,-0.9967250824,11.72566032
0.04676291712,-0.9967082739,11.72641754
0.04676298311,-0.9966745973,11.72647953
0.0467631151,-0.996606648,11.72711182
0.04676337908,-0.9964687824,11.72803974
0.04676390704,-0.9961847663,11.73015404
0.04676496296,-0.9955838323,11.73407078
0.0467670748,-0.9942505956,11.74189758
0.04677129848,-0.9910591245,11.75639439
0.04677974583,-0.9825852513,11.78227234
0.04678974583,-0.9689790606,11.80770683
0.04679974583,-0.9515488148,11.82873344
0.04680974583,-0.9303631783,11.84586716
0.04681974583,-0.905505836,11.86007404
0.04682974583,-0.8770748973,11.87160778
0.04683974583,-0.845182538,11.88121605
0.04684974583,-0.8099546432,11.88897228
0.04685099583,-0.805323422,11.88987064
0.04685349583,-0.7959122062,11.89155293
0.04685412083,-0.7935286164,11.89195728
0.04685537083,-0.7887247801,11.89275837
0.04685568333,-0.7875162363,11.89295483
0.04685630833,-0.7850899696,11.89334583
0.04685646458,-0.7844815254,11.89344215
0.04685677708,-0.7832623124,11.8936348
0.04685689054,-0.7828189731,-8.234059334
0.04685695908,-0.782550931,-13.65981293
0.04685701589,-0.7823286653,-10.78782749
0.04685703972,-0.7822353244,-11.81605053
0.04685706272,-0.7821453214,-11.71956348
0.04685708698,-0.7820503712,-11.72733402
0.04685711428,-0.7819434404,-11.72659874
0.0468571689,-0.7817294598,-11.72698402
0.04685727812,-0.78130126,-11.72731495
0.04685749658,-0.7804438472,-11.72823048
0.0468579335,-0.7787245512,-11.72984886
0.04685880732,-0.7752683163,-11.73322296
0.04686055498,-0.7682858706,-11.73963451
0.04686405029,-0.7540438771,-11.75197792
0.0468710409,-0.7244759798,-11.7741375
0.0468810409,-0.6797649264,-11.80114269
0.0468910409,-0.632371068,-11.82322598
0.0469010409,-0.5824815631,-11.84145927
0.0469110409,-0.5302932858,-11.8563385
0.0469210409,-0.4760122001,-11.8686552
0.0469310409,-0.4198524952,-11.87867546
0.0469410409,-0.3620358109,-11.88700104
0.0469510409,-0.3027903438,-11.89374256
0.04695119715,-0.301854521,-11.89386272
0.04695150965,-0.2999820411,10.32643032
0.04695159584,-0.2994654477,12.60538483
0.04695168178,-0.2989501655,11.17512989
0.04695172609,-0.2986845076,11.93899345
0.04695177082,-0.2984162569,11.64443779
0.04695181691,-0.2981398702,11.76026821
0.04695186434,-0.2978553772,11.71362495
0.04695194167,-0.297391504,11.7357626
0.04695205605,-0.2967052758,11.72231579
0.04695227501,-0.2953911722,11.73371124
0.04695271294,-0.2927612662,11.72619915
0.04695358879,-0.2874948382,11.73809528
0.04695534049,-0.2769360244,11.73625565
0.0469588439,-0.2557190359,11.7566843
0.04696585071,-0.2129237205,11.77076912
0.04697585071,-0.1511529088,11.80565834
0.04698585071,-0.08878555894,11.81968021
0.04699585071,-0.02606781386,11.84577274
0.04700585071,0.03675280884,11.85268497
0.04701585071,0.09942837805,11.87282276
0.04702585071,0.1617115587,11.87495804
0.04703585071,0.2233565301,11.89105892
0.04704585071,0.2841200233,11.88999271
0.04704589133,0.2843647599,-7.120345592
0.04704597258,0.2848541439,-14.53496265
0.04704600001,0.2850193083,-11.26424789
0.04704601638,0.2851178944,-11.68360329
0.0470460314,0.2852083743,-11.7203989
0.0470460479,0.2853077352,-11.72566032
0.0470460809,0.2855064273,-11.72641754
0.04704614689,0.2859038115,-11.72647953
0.04704627888,0.286698401,-11.72711182
0.04704654286,0.2882870138,-11.72803974
0.04704707082,0.2914618552,-11.73015404
0.04704812674,0.297801882,-11.73407078
0.04705023858,0.3104423285,-11.74189758
0.04705446226,0.3355570138,-11.75639439
0.04706290961,0.3850599527,-11.78227234
0.04707290961,0.4422489405,-11.80770683
0.04708290961,0.4976926148,-11.82873344
0.04709290961,0.5511720777,-11.84586716
0.04710290961,0.6024763584,-11.86007404
0.04711290961,0.6514029503,-11.87160778
0.04712290961,0.6977587342,-11.88121605
0.04713290961,0.7413607836,-11.88897228
0.04713415961,0.7466087341,-11.88987064
0.04713665961,0.756966114,-11.89155293
0.04713728461,0.759526372,-11.89195728
0.04713853461,0.764611721,-11.89275837
0.04713884711,0.7658756971,-11.89295483
0.04713947211,0.7683948278,-11.89334583
0.04713962836,0.7690227032,-11.89344215
0.04713994086,0.7702763677,-11.8936348
0.04714005432,0.7707307339,8.234059334
0.04714012286,0.7710050941,13.65981293
0.04714017967,0.771232307,10.78782749
0.0471402035,0.7713276744,11.81605053
0.0471402265,0.7714195848,11.71956348
0.04714025075,0.7715165615,11.72733402
0.04714027806,0.7716256976,11.72659874
0.04714033268,0.7718439698,11.72698402
0.0471404419,0.772280097,11.72731495
0.04714066036,0.7731513977,11.72823048
0.04714109728,0.7748895288,11.72984886
0.0471419711,0.7783483267,11.73322296
0.04714371876,0.7851954103,11.73963451
0.04714721407,0.7986046672,11.75197792
0.04715420468,0.8242614865,11.7741375
0.04716420468,0.8581875563,11.80114269
0.04717420468,0.8887267709,11.82322598
0.04718420468,0.9157586098,11.84145927
0.04719420468,0.939176321,11.8563385
0.04720420468,0.9588875771,11.8686552
0.04721420468,0.9748144746,11.87867546
0.04722420468,0.9868943095,11.88700104
0.04723420468,0.9950792789,11.89374256
0.04723436093,0.9951760769,11.89386272
0.04723467343,0.9953667521,-10.32643032
0.04723475962,0.9954186678,-12.60538483
0.04723484556,0.9954701662,-11.17512989
0.04723488987,0.9954966307,-11.93899345
0.0472349346,0.9955232143,-11.64443779
0.04723498069,0.9955505133,-11.76026821
0.04723502812,0.9955785871,-11.71362495
0.04723510545,0.995624125,-11.7357626
0.04723521983,0.9956910014,-11.72231579
0.04723543879,0.9958176613,-11.73371124
0.04723587672,0.996065259,-11.72619915
0.04723675257,0.9965378642,-11.73809528
0.04723850427,0.9973925352,-11.73625565
0.04724200768,0.9987393618,-11.7566843
0.04724901449,0.9999808073,-11.77076912
0.04725901449,0.9983963966,-11.80565834
0.04726901449,0.9928717613,-11.81968021
0.04727901449,0.9834287167,-11.84577274
0.04728901449,0.9701045156,-11.85268497
0.04729901449,0.9529517293,-11.87282276
0.04730901449,0.9320381284,-11.87495804
0.04731901449,0.9074462056,-11.89105892
0.04732901449,0.8792729378,-11.88999271
0.04732905511,0.8791513443,7.120345592
0.04732913636,0.8789079189,14.53496265
0.04732916379,0.8788257241,11.26424789
0.04732918016,0.8787766695,11.68360329
0.04732919518,0.8787316084,11.7203989
0.04732921168,0.8786821365,11.72566032
0.04732924468,0.8785831332,11.72641754
0.04732931067,0.8783850074,11.72647953
0.04732944266,0.8779883385,11.72711182
0.04732970664,0.8771931529,11.72803974
0.0473302346,0.8755956292,11.73015404
0.04733129052,0.8723715544,11.73407078
0.04733340236,0.8658084869,11.74189758
0.04733762604,0.8522261381,11.75639439
0.04734607339,0.8232709169,11.78227234
0.04735607339,0.7860034108,11.80770683
0.04736607339,0.7456339598,11.82873344
0.04737607339,0.7023217678,11.84586716
0.04738607339,0.6562378407,11.86007404
0.04739607339,0.6075640917,11.87160778
0.04740607339,0.5564925075,11.88121605
0.04741607339,0.5032247305,11.88897228
0.04741732339,0.4964222312,11.88987064
0.04741982339,0.4827257693,11.89155293
0.04742044839,0.4792829156,11.89195728
0.04742169839,0.4723750651,11.89275837
0.04742201089,0.4706435204,11.89295483
0.04742263589,0.4671750367,11.89334583
0.04742279214,0.4663067758,11.89344215
0.04742310464,0.4645689428,11.8936348
0.0474232181,0.4639375508,-8.234059334
0.04742328664,0.4635560215,-13.65981293
0.04742334345,0.4632397294,-10.78782749
0.04742336728,0.4631069899,-11.81605053
0.04742339028,0.4629789293,-11.71956348
0.04742341453,0.4628438354,-11.72733402
0.04742344184,0.4626917243,-11.72659874
0.04742349646,0.4623875022,-11.72698402
0.04742360568,0.4617788494,-11.72731495
0.04742382414,0.4605609179,-11.72823048
0.04742426106,0.458122462,-11.72984886
0.04742513488,0.453235209,-11.73322296
0.04742688254,0.4434198737,-11.73963451
0.04743037785,0.4236299694,-11.75197792
0.04743736846,0.3834468424,-11.7741375
0.04744736846,0.324699223,-11.80114269
0.04745736846,0.2646701336,-11.82322598
0.04746736846,0.2035965174,-11.84145927
0.04747736846,0.1417194009,-11.8563385
0.04748736846,0.07928298414,-11.8686552
0.04749736846,0.01653367467,-11.87867546
0.04750736846,-0.04628088698,-11.88700104
0.04751736846,-0.1089127958,-11.89374256
0.04751752471,-0.1098886579,-11.89386272
0.04751783721,-0.1118400469,10.32643032
0.0475179234,-0.1123781279,12.60538483
0.04751800934,-0.1129147112,11.17512989
0.04751805365,-0.1131912991,11.93899345
0.04751809838,-0.1134705469,11.64443779
0.04751814447,-0.1137582436,11.76026821
0.0475181919,-0.114054352,11.71362495
0.04751826923,-0.1145370379,11.7357626
0.04751838361,-0.11525096,11.72231579
0.04751860257,-0.1166174635,11.73371124
0.0475190405,-0.119349815,11.72619915
0.04751991635,-0.1248117834,11.73809528
0.04752166805,-0.1357242018,11.73625565
0.04752517146,-0.1574984193,11.7566843
0.04753217827,-0.2008073777,11.77076912
0.04754217827,-0.2619226575,11.80565834
0.04755217827,-0.3220042586,11.81968021
0.04756217827,-0.3808150291,11.84577274
0.04757217827,-0.4381228983,11.85268497
0.04758217827,-0.4937017262,11.87282276
0.04759217827,-0.547332108,11.87495804
0.04760217827,-0.5988024473,11.89105892
0.04761217827,-0.6479095817,11.88999271
0.04761221889,-0.6481039524,-7.120345592
0.04761230014,-0.6484926939,-14.53496265
0.04761232757,-0.6486238241,-11.26424789
0.04761234394,-0.648702085,-11.68360329
0.04761235896,-0.6487739682,-11.7203989
0.04761237546,-0.6488528252,-11.72566032
0.04761240846,-0.6490105987,-11.72641754
0.04761247445,-0.6493259668,-11.72647953
0.04761260644,-0.6499564648,-11.72711182
0.04761287042,-0.6512160897,-11.72803974
0.04761339838,-0.6537299156,-11.73015404
0.0476144543,-0.6587360501,-11.73407078
0.04761656614,-0.6686610579,-11.74189758
0.04762078982,-0.6881562471,-11.75639439
0.04762923717,-0.7256792784,-11.78227234
0.04763923717,-0.7674492598,-11.80770683
0.04764923717,-0.8061904907,-11.82873344
0.04765923717,-0.8417500257,-11.84586716
0.04766923717,-0.8739876151,-11.86007404
0.04767923717,-0.9027759433,-11.87160778
0.04768923717,-0.9280014038,-11.88121605
0.04769923717,-0.9495645165,-11.88897228
0.04770048717,-0.9519979358,-11.88987064
0.04770298717,-0.9566885829,-11.89155293
0.04770361217,-0.957824409,-11.89195728
0.04770486217,-0.9600517154,-11.89275837
0.04770517467,-0.9605993032,-11.89295483
0.04770579967,-0.9616833329,-11.89334583
0.04770595592,-0.9619520307,-11.89344215
0.04770626842,-0.9624866247,-11.8936348
0.04770638188,-0.9626798034,8.234059334
0.04770645042,-0.9627962708,13.65981293
0.04770650723,-0.9628926516,10.78782749
0.04770653106,-0.9629331231,11.81605053
0.04770655406,-0.9629720449,11.71956348
0.04770657831,-0.9630131125,11.72733402
0.04770660562,-0.9630593657,11.72659874
0.04770666024,-0.9631516933,11.72698402
0.04770676946,-0.9633360505,11.72731495
0.04770698792,-0.9637033939,11.72823048
0.04770742483,-0.9644327164,11.72984886
0.04770829866,-0.9658694267,11.73322296
0.04771004632,-0.968655467,11.73963451
0.04771354163,-0.9738768935,11.75197792
0.04772053224,-0.9829083681,11.7741375
0.04773053224,-0.9925283194,11.80114269
0.04774053224,-0.998231113,11.82322598
0.04775053224,-0.9999943972,11.84145927
0.04776053224,-0.9978111386,11.8563385
0.04777053224,-0.9916900396,11.8686552
0.04778053224,-0.9816551208,11.87867546
0.04779053224,-0.967746079,11.88700104
0.04780053224,-0.9500178099,11.89374256
0.04780068849,-0.9497108459,11.89386272
0.04780100099,-0.9490941763,-10.32643032
0.04780108718,-0.9489234686,-12.60538483
0.04780117312,-0.9487529397,-11.17512989
0.04780121743,-0.9486649632,-11.93899345
0.04780126216,-0.9485760331,-11.64443779
0.04780130825,-0.9484843016,-11.76026821
0.04780135568,-0.9483898282,-11.71362495
0.04780143301,-0.948235631,-11.7357626
0.04780154739,-0.9480071664,-11.72231579
0.04780176635,-0.9475684166,-11.73371124
0.04780220428,-0.9466856122,-11.72619915
0.04780308013,-0.9448983669,-11.73809528
0.04780483183,-0.9412381649,-11.73625565
0.04780833524,-0.933576107,-11.7566843
0.04781534205,-0.9168989658,-11.77076912
0.04782534205,-0.8900287747,-11.80565834
0.04783534205,-0.8596460223,-11.81968021
0.04784534205,-0.8258706331,-11.84577274
0.04785534205,-0.7888359427,-11.85268497
0.04786534205,-0.7486881018,-11.87282276
0.04787534205,-0.7055854797,-11.87495804
0.04788534205,-0.6596982479,-11.89105892
0.04789534205,-0.6112074852,-11.88999271
0.04789538267,-0.6110054255,7.120345592
0.04789546392,-0.6106012464,14.53496265
0.04789549135,-0.6104647517,11.26424789
0.04789550772,-0.6103832722,11.68360329
0.04789552274,-0.6103085279,11.7203989
0.04789553924,-0.6102263927,11.72566032
0.04789557224,-0.6100621223,11.72641754
0.04789563823,-0.6097335219,11.72647953
0.04789577022,-0.6090759635,11.72711182
0.0478960342,-0.6077596545,11.72803974
0.04789656216,-0.6051220298,11.73015404
0.04789761808,-0.5998267531,11.73407078
0.04789972992,-0.5891572833,11.74189758
0.0479039536,-0.5675090551,11.75639439
0.04791240095,-0.523029089,11.78227234
0.04792240095,-0.4684797227,11.80770683
0.04793240095,-0.4120814502,11.82873344
0.04794240095,-0.3540569246,11.84586716
0.04795240095,-0.2946350873,11.86007404
0.04796240095,-0.2340504378,11.87160778
0.04797240095,-0.172542125,11.88121605
0.04798240095,-0.1103528515,11.88897228
0.04798365095,-0.1025435179,11.88987064
0.04798615095,-0.08690635115,11.89155293
0.04798677595,-0.08299355209,11.89195728
0.04798802595,-0.07516419142,11.89275837
0.04798833845,-0.07320610434,11.89295483
0.04798896345,-0.0692890957,11.89334583
0.0479891197,-0.06830967218,11.89344215
0.0479894322,-0.06635063887,11.8936348
0.04798954566,-0.06563932449,-8.234059334
0.0479896142,-0.0652096048,-13.65981293
0.04798967101,-0.06485343724,-10.78782749
0.04798969484,-0.06470397115,-11.81605053
0.04798971784,-0.06455980241,-11.71956348
0.04798974209,-0.06440770626,-11.72733402
0.0479897694,-0.06423648447,-11.72659874
0.04798982402,-0.06389404088,-11.72698402
0.04798993324,-0.06320912391,-11.72731495
0.0479901517,-0.06183920428,-11.72823048
0.04799058861,-0.05909901857,-11.72984886
0.04799146244,-0.05361733586,-11.73322296
0.0479932101,-0.04264928028,-11.73963451
0.04799670541,-0.0206990689,-11.75197792
0.04800369602,0.02322071418,-11.7741375
0.04801369602,0.08594848216,-11.80114269
0.04802369602,0.1483370513,-11.82322598
0.04803369602,0.2101401985,-11.84145927
0.04804369602,0.2711140215,-11.8563385
0.04805369602,0.3310178816,-11.8686552
0.04806369602,0.3896153569,-11.87867546
0.04807369602,0.4466752112,-11.88700104
0.04808369602,0.5019722581,-11.89374256
0.04808385227,0.5028210878,-11.89386272
0.04808416477,0.5045173764,10.32643032
0.04808425096,0.504984796,12.60538483
0.0480843369,0.5054508448,11.17512989
0.04808438121,0.5056909919,11.93899345
0.04808442594,0.5059334636,11.64443779
0.04808447203,0.506183207,11.76026821
0.04808451946,0.5064402223,11.71362495
0.04808459679,0.5068591237,11.7357626
0.04808471117,0.5074785352,11.72231579
0.04808493013,0.5086635351,11.73371124
0.04808536806,0.5110306144,11.72619915
0.04808624391,0.51575315,11.73809528
0.04808799561,0.5251511931,11.73625565
0.04809149902,0.5437552929,11.7566843
0.04809850583,0.5801642537,11.77076912
0.04810850583,0.6301622987,11.80565834
0.04811850583,0.6776733398,11.81968021
0.04812850583,0.7225099802,11.84577274
0.04813850583,0.7644951344,11.85268497
0.04814850583,0.8034632206,11.87282276
0.04815850583,0.8392603397,11.87495804
0.04816850583,0.871745348,11.89105892
0.04817850583,0.9007899761,11.88999271
0.04817854645,0.9009007812,-7.120345592
0.0481786277,0.9011222124,-14.53496265
0.04817865513,0.901196897,-11.26424789
0.0481786715,0.9012414813,-11.68360329
0.04817868652,0.9012823701,-11.7203989
0.04817870302,0.901327312,-11.72566032
0.04817873602,0.9014170766,-11.72641754
0.04817880201,0.9015965462,-11.72647953
0.048178934,0.9019549489,-11.72711182
0.04817919798,0.9026699662,-11.72803974
0.04817972594,0.9040925503,-11.73015404
0.04818078186,0.9069077969,-11.73407078
0.0481828937,0.9124184251,-11.74189758
0.04818711738,0.9229568839,-11.75639439
0.04819556473,0.9420768023,-11.78227234
0.04820556473,0.9612776041,-11.80770683
0.04821556473,0.9766846895,-11.82873344
0.04822556473,0.9882372022,-11.84586716
0.04823556473,0.9958896041,-11.86007404
0.04824556473,0.9996117353,-11.87160778
0.04825556473,0.999388814,-11.88121605
0.04826556473,0.9952217937,-11.88897228
0.04826681473,0.9944242239,-11.88987064
0.04826931473,0.9926451445,-11.89155293
0.04826993973,0.9921621084,-11.89195728
0.04827118973,0.9911500812,-11.89275837
0.04827150223,0.9908875227,-11.89295483
0.04827212723,0.9903509617,-11.89334583
0.04827228348,0.9902144074,-11.89344215
0.04827259598,0.9899384975,-11.8936348
0.04827270944,0.9898374081,8.234059334
0.04827277798,0.9897760749,13.65981293
0.04827283479,0.9897250533,10.78782749
0.04827285862,0.9897036552,11.81605053
0.04827288162,0.9896829724,11.71956348
0.04827290587,0.9896610975,11.72733402
0.04827293318,0.9896364808,11.72659874
0.0482729878,0.9895871878,11.72698402
0.04827309702,0.9894881248,11.72731495
0.04827331548,0.9892886877,11.72823048
0.04827375239,0.9888842702,11.72984886
0.04827462622,0.9880530238,11.73322296
0.04827637388,0.9863011837,11.73963451
0.04827986919,0.9824409485,11.75197792
0.0482868598,0.973301053,11.7741375
0.0482968598,0.9569680691,11.80114269
0.0483068598,0.9368582964,11.82322598
0.0483168598,0.913051188,11.84145927
0.0483268598,0.8856406808,11.8563385
0.0483368598,0.8547350168,11.8686552
0.0483468598,0.820456028,11.87867546
0.0483568598,0.782939136,11.88700104
0.0483668598,0.7423322797,11.89374256
0.04836701605,0.7416741252,11.89386272
0.04836732855,0.7403556705,-10.32643032
0.04836741474,0.7399915457,-12.60538483
0.04836750068,0.7396281958,-11.17512989
0.04836754499,0.7394408584,-11.93899345
0.04836758972,0.7392516136,-11.64443779
0.04836763581,0.7390565276,-11.76026821
0.04836768324,0.7388557196,-11.71362495
0.04836776057,0.7385282516,-11.7357626
0.04836787495,0.7380434871,-11.72231579
0.04836809391,0.7371144891,-11.73371124
0.04836853184,0.7352522612,-11.72619915
0.04836940769,0.7315111756,-11.73809528
0.04837115939,0.723962605,-11.73625565
0.0483746628,0.7086033225,-11.7566843
0.04838166961,0.676862359,-11.77076912
0.04839166961,0.6293060184,-11.80565834
0.04840166961,0.5792661309,-11.81968021
0.04841166961,0.5269401073,-11.84577274
0.04842166961,0.4725344777,-11.85268497
0.04843166961,0.4162639976,-11.87282276
0.04844166961,0.3583506942,-11.87495804
0.04845166961,0.2990231514,-11.89105892
0.04846166961,0.2385155112,-11.88999271
0.04846171023,0.2382676154,7.120345592
0.04846179148,0.2377717793,14.53496265
0.04846181891,0.2376043946,11.26424789
0.04846183528,0.2375044823,11.68360329
0.0484618503,0.2374127954,11.7203989
0.0484618668,0.2373120934,11.72566032
0.0484618998,0.2371106893,11.72641754
0.04846196579,0.2367078364,11.72647953
0.04846209778,0.2359019965,11.72711182
0.04846236176,0.2342898548,11.72803974
0.04846288972,0.2310636342,11.73015404
0.04846394564,0.2246035933,11.73407078
0.04846605748,0.2116541564,11.74189758
0.04847028116,0.1856457442,11.75639439
0.04847872851,0.133255139,11.78227234
0.04848872851,0.07076164335,11.80770683
0.04849872851,0.007988894358,11.82873344
0.04850872851,-0.05481538549,11.84586716
0.04851872851,-0.1174033359,11.86007404
0.04852872851,-0.1795279384,11.87160778
0.04853872851,-0.2409440428,11.88121605
0.04854872851,-0.3014092445,11.88897228
0.04854997851,-0.3088886142,11.88987064
0.04855247851,-0.323789686,11.89155293
0.04855310351,-0.3275026381,11.89195728
0.04855435351,-0.3349132836,11.89275837
0.04855466601,-0.3367627561,11.89295483
0.04855529101,-0.3404577374,11.89334583
0.04855544726,-0.3413806856,11.89344215
0.04855575976,-0.3432255685,11.8936348
0.04855587322,-0.3438950479,-8.234059334
0.04855594176,-0.344299376,-13.65981293
0.04855599857,-0.3446344733,-10.78782749
0.0485560224,-0.3447750509,-11.81605053
0.0485560454,-0.3449106812,-11.71956348
0.04855606965,-0.3450537324,-11.72733402
0.04855609696,-0.3452147543,-11.72659874
0.04855615158,-0.3455367982,-11.72698402
0.0485562608,-0.346180737,-11.72731495
0.04855647926,-0.3474681377,-11.72823048
0.04855691617,-0.350041002,-11.72984886
0.04855779,-0.3551787734,-11.73322296
0.04855953766,-0.3654220104,-11.73963451
0.04856303297,-0.3857750893,-11.75197792
0.04857002358,-0.4259133637,-11.7741375
0.04858002358,-0.4818835258,-11.80114269
0.04859002358,-0.5359519124,-11.82322598
0.04860002358,-0.5879051089,-11.84145927
0.04861002358,-0.6375381351,-11.8563385
0.04862002358,-0.6846551299,-11.8686552
0.04863002358,-0.7290700674,-11.87867546
0.04864002358,-0.7706077099,-11.88700104
0.04865002358,-0.809104085,-11.89374256
0.04865017983,-0.8096806407,-11.89386272
0.04865049233,-0.810831368,10.32643032
0.04865057852,-0.8111482263,12.60538483
0.04865066446,-0.8114638925,11.17512989
0.04865070877,-0.8116265535,11.93899345
0.0486507535,-0.8117907047,11.64443779
0.04865079959,-0.8119597435,11.76026821
0.04865084702,-0.8121337295,11.71362495
0.04865092435,-0.8124170899,11.7357626
0.04865103873,-0.8128359318,11.72231579
0.04865125769,-0.8136365414,11.73371124
0.04865169562,-0.815233171,11.72619915
0.04865257147,-0.8184078336,11.73809528
0.04865432317,-0.8246827722,11.73625565
0.04865782658,-0.8369321823,11.7566843
0.04866483339,-0.8602086902,11.77076912
0.04867483339,-0.8905307651,11.80565834
0.04868483339,-0.9173383713,11.81968021
0.04869483339,-0.940525651,11.84577274
0.04870483339,-0.960001111,11.85268497
0.04871483339,-0.9756878614,11.87282276
0.04872483339,-0.9875240326,11.87495804
0.04873483339,-0.9954628944,11.89105892
0.04874483339,-0.9994731545,11.88999271
0.04874487401,-0.99948138,-7.120345592
0.04874495526,-0.9994977117,-14.53496265
0.04874498269,-0.9995031357,-11.26424789
0.04874499906,-0.9995063543,-11.68360329
0.04874501408,-0.9995093346,-11.7203989
0.04874503058,-0.9995125532,-11.72566032
0.04874506358,-0.9995190501,-11.72641754
0.04874512957,-0.9995318055,-11.72647953
0.04874526156,-0.9995568395,-11.72711182
0.04874552554,-0.9996048212,-11.72803974
0.0487460535,-0.9996925592,-11.73015404
0.04874710942,-0.9998350739,-11.73407078
0.04874922126,-0.9999880195,-11.74189758
0.04875344494,-0.9997657537,-11.75639439
0.04876189229,-0.9972096682,-11.78227234
0.04877189229,-0.9905544519,-11.80770683
0.04878189229,-0.9799900055,-11.82873344
0.04879189229,-0.9655579329,-11.84586716
0.04880189229,-0.9473152757,-11.86007404
0.04881189229,-0.9253339767,-11.87160778
0.04882189229,-0.8997008801,-11.88121605
0.04883189229,-0.8705170155,-11.88897228
0.04883314229,-0.8666249514,-11.88987064
0.04883564229,-0.8586807251,-11.89155293
0.04883626729,-0.8566614389,-11.89195728
0.04883751729,-0.8525834084,-11.89275837
0.04883782979,-0.8515556455,-11.89295483
0.04883845479,-0.8494902849,-11.89334583
0.04883861104,-0.8489719033,-11.89344215
0.04883892354,-0.8479326963,-11.8936348
0.048839037,-0.8475545645,8.234059334
0.04883910554,-0.8473259807,13.65981293
0.04883916235,-0.8471363783,10.78782749
0.04883918618,-0.8470567465,11.81605053
0.04883920918,-0.8469799757,11.71956348
0.04883923343,-0.8468989134,11.72733402
0.04883926074,-0.8468076587,11.72659874
0.04883931536,-0.8466250896,11.72698402
0.04883942458,-0.8462596536,11.72731495
0.04883964304,-0.8455275893,11.72823048
0.04884007995,-0.8440586329,11.72984886
0.04884095378,-0.841101706,11.73322296
0.04884270144,-0.8351117969,11.73963451
0.04884619675,-0.8228307366,11.75197792
0.04885318736,-0.7970840931,11.7741375
0.04886318736,-0.757594049,11.80114269
0.04887318736,-0.7151140571,11.82322598
0.04888318736,-0.6698119044,11.84145927
0.04889318736,-0.6218662858,11.8563385
0.04890318736,-0.5714664459,11.8686552
0.04891318736,-0.5188112855,11.87867546
0.04892318736,-0.4641086161,11.88700104
0.04893318736,-0.4075743258,11.89374256
0.04893334361,-0.4066776335,11.89386272
0.04893365611,-0.4048830569,-10.32643032
0.0489337423,-0.4043878615,-12.60538483
0.04893382824,-0.4038939178,-11.17512989
0.04893387255,-0.403639257,-11.93899345
0.04893391728,-0.4033820927,-11.64443779
0.04893396337,-0.4031170905,-11.76026821
0.0489340108,-0.4028443396,-11.71362495
0.04893408813,-0.4023995697,-11.7357626
0.04893420251,-0.4017415345,-11.72231579
0.04893442147,-0.4004812837,-11.73371124
0.0489348594,-0.3979584873,-11.72619915
0.04893573525,-0.3929038942,-11.73809528
0.04893748695,-0.3827591538,-11.73625565
0.04894099036,-0.3623318374,-11.7566843
0.04894799717,-0.3209604621,-11.77076912
0.04895799717,-0.2608586848,-11.80565834
0.04896799717,-0.199727416,-11.81968021
0.04897799717,-0.1378079206,-11.84577274
0.04898799717,-0.07534454763,-11.85268497
0.04899799717,-0.01258383226,-11.87282276
0.04900799717,0.05022654682,-11.87495804
0.04901799717,0.1128387079,-11.89105892
0.04902799717,0.1750055403,-11.88999271
0.04902803779,0.1752568483,7.120345592
0.04902811904,0.1757594347,14.53496265
0.04902814647,0.1759290695,11.26424789
0.04902816284,0.1760303229,11.68360329
0.04902817786,0.1761232316,11.7203989
0.04902819436,0.1762252748,11.72566032
0.04902822736,0.1764293462,11.72641754
0.04902829335,0.176837489,11.72647953
0.04902842534,0.1776536852,11.72711182
0.04902868932,0.1792856902,11.72803974
0.04902921728,0.18254821,11.73015404
0.0490302732,0.1890671998,11.73407078
0.04903238504,0.2020799369,11.74189758
0.04903660872,0.2279963791,11.75639439
0.04904505607,0.2793294191,11.78227234
0.04905505607,0.3390693963,11.80770683
0.04906505607,0.3974712193,11.82873344
0.04907505607,0.4543043971,11.84586716
0.04908505607,0.5093446374,11.86007404
0.04909505607,0.5623747706,11.87160778
0.04910505607,0.6131854057,11.88121605
0.04911505607,0.6615760922,11.88897228
0.04911630607,0.6674451828,11.88987064
0.04911880607,0.6790594459,11.89155293
0.04911943107,0.6819369197,11.89195728
0.04912068107,0.6876603365,11.89275837
0.04912099357,0.6890845299,11.89295483
0.04912161857,0.6919250488,11.89334583
0.04912177482,0.6926335096,11.89344215
0.04912208732,0.6940484047,11.8936348
0.04912220078,0.6945614815,-8.234059334
0.04912226932,0.6948711872,-13.65981293
0.04912232613,0.6951278448,-10.78782749
0.04912234996,0.6952354908,-11.81605053
0.04912237296,0.6953393221,-11.71956348
0.04912239721,0.6954488754,-11.72733402
0.04912242452,0.6955721378,-11.72659874
0.04912247914,0.6958186626,-11.72698402
0.04912258836,0.6963114142,-11.72731495
0.04912280682,0.6972959042,-11.72823048
0.04912324373,0.6992610097,-11.72984886
0.04912411756,0.7031753659,-11.73322296
0.04912586522,0.710940361,-11.73963451
0.04912936053,0.7262122631,-11.75197792
0.04913635114,0.7556981444,-11.7741375
0.04914635114,0.7953297496,-11.80114269
0.04915635114,0.8318225145,-11.82322598
0.04916635114,0.8650324345,-11.84145927
0.04917635114,0.8948284984,-11.8563385
0.04918635114,0.9210931063,-11.8686552
0.04919635114,0.9437225461,-11.87867546
0.04920635114,0.9626275301,-11.88700104
0.04921635114,0.9777334929,-11.89374256
0.04921650739,0.9779390693,-11.89386272
0.04921681989,0.9783473015,10.32643032
0.04921690608,0.978459239,12.60538483
0.04921699202,0.9785705805,11.17512989
0.04921703633,0.9786278605,11.93899345
0.04921708106,0.9786856174,11.64443779
0.04921712715,0.9787450433,11.76026821
0.04921717458,0.978806138,11.71362495
0.04921725191,0.978905499,11.7357626
0.04921736629,0.9790521264,11.72231579
0.04921758525,0.9793313146,11.73371124
0.04921802318,0.9798841476,11.72619915
0.04921889903,0.9809675217,11.73809528
0.04922065073,0.9830451608,11.73625565
0.04922415414,0.9868429899,11.7566843
0.04923116095,0.9930025339,11.77076912
0.04924116095,0.9984582067,11.80565834
0.04925116095,0.9999734163,11.81968021
0.04926116095,0.9975421429,11.84577274
0.04927116095,0.9911741018,11.85268497
0.04928116095,0.9808942676,11.87282276
0.04929116095,0.96674335,11.87495804
0.04930116095,0.9487771392,11.89105892
0.04931116095,0.927066505,11.88999271
0.04931120157,0.9269707799,-7.120345592
0.04931128282,0.926779151,-14.53496265
0.04931131025,0.9267144203,-11.26424789
0.04931132662,0.9266757369,-11.68360329
0.04931134164,0.9266402721,-11.7203989
0.04931135814,0.9266012907,-11.72566032
0.04931139114,0.9265233278,-11.72641754
0.04931145713,0.9263672233,-11.72647953
0.04931158912,0.9260545969,-11.72711182
0.0493118531,0.9254273176,-11.72803974
0.04931238106,0.9241652489,-11.73015404
0.04931343698,0.9216105938,-11.73407078
0.04931554882,0.9163796902,-11.74189758
0.0493197725,0.9054347277,-11.75639439
0.04932821985,0.8816401362,-11.78227234
0.04933821985,0.8502681851,-11.80770683
0.04934821985,0.8155406117,-11.82873344
0.04935821985,0.7775944471,-11.84586716
0.04936821985,0.7365795374,-11.86007404
0.04937821985,0.6926576495,-11.87160778
0.04938821985,0.6460021138,-11.88121605
0.04939821985,0.5967971683,-11.88897228
0.04939946985,0.5904768109,-11.88987064
0.04940196985,0.5777273178,-11.89155293
0.04940259485,0.5745175481,-11.89195728
0.04940384485,0.5680714846,-11.89275837
0.04940415735,0.5664544702,-11.89295483
0.04940478235,0.5632138848,-11.89334583
0.0494049386,0.5624023676,-11.89344215
0.0494052511,0.5607777834,-11.8936348
0.04940536456,0.5601873994,8.234059334
0.0494054331,0.559830606,13.65981293
0.0494054899,0.5595348477,10.78782749
0.04940551374,0.5594106913,11.81605053
0.04940553674,0.5592909455,11.71956348
0.04940556099,0.5591645837,11.72733402
0.0494055883,0.5590223074,11.72659874
0.04940564292,0.5587377548,11.72698402
0.04940575214,0.5581684709,11.72731495
0.0494059706,0.5570290089,11.72823048
0.04940640751,0.554747045,11.72984886
0.04940728134,0.5501706004,11.73322296
0.049409029,0.5409680605,11.73963451
0.04941252431,0.5223683715,11.75197792
0.04941951492,0.4844222665,11.7741375
0.04942951492,0.428535074,11.80114269
0.04943951492,0.3709566295,11.82322598
0.04944951492,0.3119142056,11.84145927
0.04945951492,0.2516407967,11.8563385
0.04946951492,0.190374285,11.8686552
0.04947951492,0.1283564419,11.87867546
0.04948951492,0.06583203375,11.88700104
0.04949951492,0.003047822276,11.89374256
0.04949967117,0.002066077664,11.89386272
0.04949998367,0.0001025837773,-10.32643032
0.04950006986,-0.0004389124224,-12.60538483
0.0495001558,-0.0009789303876,-11.17512989
0.04950020011,-0.001257305034,-11.93899345
0.04950024484,-0.001538366079,-11.64443779
0.04950029093,-0.001827935106,-11.76026821
0.04950033836,-0.002125979168,-11.71362495
0.04950041569,-0.002611851087,-11.7357626
0.04950053007,-0.003330528038,-11.72231579
0.04950074903,-0.004706300795,-11.73371124
0.04950118696,-0.007457816973,-11.72619915
0.04950206281,-0.01296065841,-11.73809528
0.04950381451,-0.02396499738,-11.73625565
0.04950731792,-0.04596363381,-11.7566843
0.04951432473,-0.08988344669,-11.77076912
0.04952432473,-0.1522424519,-11.80565834
0.04953432473,-0.2140006125,-11.81968021
0.04954432473,-0.2749142051,-11.84577274
0.04955432473,-0.3347428441,-11.85268497
0.04956432473,-0.3932504356,-11.87282276
0.04957432473,-0.4502060115,-11.87495804
0.04958432473,-0.5053848624,-11.89105892
0.04959432473,-0.5585691333,-11.88999271
0.04959436535,-0.558780849,7.120345592
0.0495944466,-0.5592041612,14.53496265
0.04959447403,-0.5593469739,11.26424789
0.0495944904,-0.5594322681,11.68360329
0.04959450542,-0.5595104694,11.7203989
0.04959452192,-0.5595964193,11.72566032
0.04959455492,-0.5597681999,11.72641754
0.04959462091,-0.5601117611,11.72647953
0.0495947529,-0.5607985854,11.72711182
0.04959501688,-0.5621711016,11.72803974
0.04959554484,-0.5649114251,11.73015404
0.04959660076,-0.5703734756,11.73407078
0.0495987126,-0.5812219977,11.74189758
0.04960293628,-0.6026100516,11.75639439
0.04961138363,-0.6440984011,11.78227234
0.04962138363,-0.6908585429,11.80770683
0.04963138363,-0.7348921895,11.82873344
0.04964138363,-0.7760255933,11.84586716
0.04965138363,-0.8140963316,11.86007404
0.04966138363,-0.8489542603,11.87160778
0.04967138363,-0.8804616928,11.88121605
0.04968138363,-0.9084943533,11.88897228
0.04968263363,-0.9117484689,11.88987064
0.04968513363,-0.9180877805,11.89155293
0.04968575863,-0.9196372628,11.89195728
0.04968700863,-0.9226936698,11.89275837
0.04968732113,-0.9234488606,11.89295483
0.04968794613,-0.9249486327,11.89334583
0.04968810238,-0.9253213406,11.89344215
0.04968841488,-0.926064074,11.8936348
0.04968852834,-0.9263328314,-8.234059334
0.04968859688,-0.926494956,-13.65981293
0.04968865368,-0.9266292453,-10.78782749
0.04968867752,-0.9266855717,-11.81605053
0.04968870052,-0.9267398119,-11.71956348
0.04968872477,-0.926797092,-11.72733402
0.04968875208,-0.9268615246,-11.72659874
0.0496888067,-0.9269902706,-11.72698402
0.04968891592,-0.9272474647,-11.72731495
0.04968913438,-0.9277605414,-11.72823048
0.04968957129,-0.9287815094,-11.72984886
0.04969044512,-0.9308024049,-11.73322296
0.04969219278,-0.9347599745,-11.73963451
0.04969568809,-0.9423364401,-11.75197792
0.0497026787,-0.9561225772,-11.7741375
0.0497126787,-0.9726314545,-11.80114269
0.0497226787,-0.985301733,-11.82322598
0.0497326787,-0.9940835238,-11.84145927
0.0497426787,-0.9989421368,-11.8563385
0.0497526787,-0.9998583794,-11.8686552
0.0497626787,-0.9968286157,-11.87867546
0.0497726787,-0.9898648262,-11.88700104
0.0497826787,-0.9789944887,-11.89374256
0.04978283495,-0.9787938595,-11.89386272
0.04978314745,-0.97838974,10.32643032
0.04978323363,-0.9782776237,12.60538483
0.04978331958,-0.9781655669,11.17512989
0.04978336389,-0.9781076908,11.93899345
0.04978340862,-0.978049159,11.64443779
0.0497834547,-0.9779887795,11.76026821
0.04978350214,-0.9779265523,11.71362495
0.04978357947,-0.9778248668,11.7357626
0.04978369385,-0.9776741266,11.72231579
0.04978391281,-0.9773840904,11.73371124
0.04978435074,-0.9767985344,11.72619915
0.04978522659,-0.9756051898,11.73809528
0.04978697829,-0.9731299281,11.73625565
0.0497904817,-0.9678260684,11.7566843
0.04979748851,-0.9558142424,11.77076912
0.04980748851,-0.9354695678,11.80565834
0.04981748851,-0.9114329815,11.81968021
0.04982748851,-0.8837994337,11.84577274
0.04983748851,-0.8526778817,11.85268497
0.04984748851,-0.8181912303,11.87282276
0.04985748851,-0.7804755569,11.87495804
0.04986748851,-0.7396796942,11.89105892
0.04987748851,-0.6959646344,11.88999271
0.04987752913,-0.6957813501,-7.120345592
0.04987761038,-0.6954145432,-14.53496265
0.04987763781,-0.6952907443,-11.26424789
0.04987765418,-0.6952167749,-11.68360329
0.0498776692,-0.6951489449,-11.7203989
0.0498776857,-0.695074439,-11.72566032
0.0498777187,-0.6949253678,-11.72641754
0.04987778469,-0.6946271062,-11.72647953
0.04987791668,-0.6940302849,-11.72711182
0.04987818066,-0.6928352118,-11.72803974
0.04987870862,-0.6904393435,-11.73015404
0.04987976454,-0.6856248379,-11.73407078
0.04988187638,-0.6759054661,-11.74189758
0.04988610006,-0.6561114192,-11.75639439
0.04989454741,-0.6151515245,-11.78227234
0.04990454741,-0.5644330382,-11.80770683
0.04991454741,-0.5114870071,-11.82873344
0.04992454741,-0.4565224051,-11.84586716
0.04993454741,-0.399756074,-11.86007404
0.04994454741,-0.341412127,-11.87160778
0.04995454741,-0.2817207575,-11.88121605
0.04996454741,-0.2209175527,-11.88897228
0.04996579741,-0.2132508904,-11.88987064
0.04996829741,-0.1978785694,-11.89155293
0.04996892241,-0.1940277219,-11.89195728
0.04997017241,-0.1863170862,-11.89275837
0.04997048491,-0.1843876094,-11.89295483
0.04997110991,-0.1805265397,-11.89334583
0.04997126616,-0.1795608401,-11.89344215
0.04997157866,-0.1776289046,-11.8936348
0.04997169212,-0.176927343,8.234059334
0.04997176066,-0.1765034795,13.65981293
0.04997181746,-0.1761521399,10.78782749
0.0499718413,-0.1760046929,11.81605053
0.0499718643,-0.1758624762,11.71956348
0.04997188855,-0.1757124364,11.72733402
0.04997191586,-0.1755435318,11.72659874
0.04997197048,-0.1752057076,11.72698402
0.0499720797,-0.1745299697,11.72731495
0.04997229816,-0.1731782705,11.72823048
0.04997273507,-0.1704738885,11.72984886
0.0499736089,-0.165061295,11.73322296
0.04997535656,-0.1542213559,11.73963451
0.04997885187,-0.1324869692,11.75197792
0.04998584248,-0.088837035,11.7741375
0.04999584248,-0.02611947805,11.80114269
0.05,1.964386719e-15,11.8107996
