time_s,input_v,output_v
0,0,0
9.99999944e-11,6.28318503e-07,-1.915443208e-18
1.999999888e-10,1.256637006e-06,-7.476888038e-18
3.999999776e-10,2.513274012e-06,-2.935389701e-17
7.999999552e-10,5.026548024e-06,-1.791779218e-16
1.59999991e-09,1.005309605e-05,-1.31855819e-15
3.199999821e-09,2.01061921e-05,-1.027985019e-14
6.399999641e-09,4.021238419e-05,-8.152114102e-14
1.279999928e-08,8.042476838e-05,-6.499833766e-13
2.559999857e-08,0.0001608495368,-5.192403365e-12
5.119999713e-08,0.0003216990735,-4.151086419e-11
1.023999943e-07,0.0006433980889,-3.31959682e-10
2.047999885e-07,0.001286795945,-2.654873876e-09
4.09599977e-07,0.002573589794,-2.123092813e-08
8.191999541e-07,0.005147162359,-1.697378167e-07
1.366139042e-06,0.008583599702,-7.690744042e-07
2.00592615e-06,0.01260327175,-2.394926696e-06
2.593522349e-06,0.01629486121,-5.117750334e-06
3.466274265e-06,0.02177752182,-1.215949851e-05
4.508093144e-06,0.02832139656,-2.664142085e-05
5.99530665e-06,0.03766071424,-6.253683387e-05
7.847263175e-06,0.04928583279,-0.0001398094319
1.039771845e-05,0.06528432667,-0.0003243499377
1.365875499e-05,0.08571518213,-0.0007323767641
1.807096211e-05,0.1132993922,-0.00168865954
2.380134524e-05,0.1489914507,-0.003836799413
3.148148517e-05,0.196516633,-0.008821967989
4.148148517e-05,0.2576949894,-0.02003746666
5.148148517e-05,0.3178563416,-0.03800773621
6.148148517e-05,0.3767632544,-0.0643440336
7.148148517e-05,0.4341832697,-0.1006952822
8.148148517e-05,0.4898897409,-0.1487705112
9.148148517e-05,0.5436628461,-0.2103617042
0.0001014814852,0.5952903628,-0.2873674631
0.0001114814852,0.6445685625,-0.3818179071
0.0001214814852,0.6913028955,-0.495901376
0.0001224814852,0.6958292723,-0.5084586143
0.0001324814852,0.7395527959,-0.6468877196
0.0001334814852,0.7437673807,-0.6620306969
0.0001434814852,0.7842712998,-0.8279719353
0.0001444814852,0.788154006,-0.8460331559
0.0001544814852,0.8252449632,-1.042996049
0.0001554814852,0.8287772536,-1.064345121
0.0001654814852,0.8622780442,-1.29623878
0.0001664814852,0.8654430509,-1.321288228
0.0001764814852,0.8951938152,-1.592484951
0.0001774814852,0.8979763985,-1.621697068
0.0001874814852,0.9238349795,-1.937103033
0.0001884814852,0.9262219071,-1.970997214
0.0001984814852,0.9480649233,-2.336133718
0.0001994814852,0.9500446916,-2.375295162
0.0002094814852,0.9677678347,-2.796388626
0.0002104814852,0.9693310857,-2.841477871
0.0002204814852,0.9828496575,-3.325564146
0.0002214814852,0.9839888811,-3.377328396
0.0002314814852,0.9932383895,-3.932368279
0.0002324814852,0.9939481616,-3.991652966
0.0002424814852,0.9988843799,-4.626665592
0.0002434814852,0.9991613626,-4.694429398
0.0002534814852,0.999760747,-5.419642448
0.0002544814852,0.9996035695,-5.496973515
0.0002644814852,0.9958632588,-6.323993683
0.0002654814852,0.995272696,-6.412126541
0.0002754814852,0.9872105718,-7.354135513
0.0002764814852,0.986189425,-7.454472542
0.0002777314852,0.9848582149,-7.58250618
0.0002802314852,0.9820136428,-7.842380047
0.0002812314852,0.98080796,-7.948472977
0.0002852314852,0.9755984545,-8.385547638
0.0002862314852,0.9741996527,-8.498027802
0.0002932314852,0.9633344412,-9.323664665
0.0002942314852,0.9616296291,-9.447142601
0.0002954814852,0.9594452977,-9.604678154
0.0002979814852,0.9548990726,-9.9243927
0.0002989814852,0.9530146122,-10.05489349
0.0003029814852,0.9451010823,-10.59240723
0.0003039814852,0.9430292249,-10.73070526
0.0003048564852,0.941185832,-10.85366535
0.0003066064852,0.9374137521,-11.10210514
0.0003076064852,0.9352073073,-11.24634457
0.0003101064852,0.9295299649,-11.61435795
0.0003111064852,0.9271947145,-11.76456261
0.0003116064852,0.9260134101,-11.84053993
0.0003118673132,0.9253935218,10.08085728
0.0003119951733,0.9250887036,12.9491663
0.0003121106324,0.9248129725,10.87618446
0.0003121753553,0.9246581793,12.19577217
0.0003122252656,0.9245387316,11.53717613
0.0003122689858,0.9244340062,11.81267929
0.0003123142491,0.9243255258,11.70727348
0.0003123676368,0.924197495,11.75112057
0.0003124440167,0.9240140915,11.72951126
0.0003125704341,0.9237101078,11.74409771
0.0003128039679,0.9231469631,11.73406124
0.0003132710356,0.9220147729,11.74554062
0.0003142051709,0.9197265506,11.74011898
0.0003160734415,0.9150551558,11.75586414
0.0003198099827,0.9053347707,11.76026535
0.0003272830652,0.8844026327,11.79148769
0.0003372830652,0.8533515334,11.80738831
0.0003472830652,0.8189327121,11.83488178
0.0003572830652,0.7812818885,11.84129524
0.0003672830652,0.7405477762,11.86137676
0.0003772830652,0.6968910098,11.86220264
0.0003872830652,0.6504839063,11.87785912
0.0003972830652,0.6015096903,11.87538624
0.0004072830652,0.5501615405,11.88837528
0.0004172830652,0.4966422021,11.88394928
0.0004185330652,0.4898100495,11.88845348
0.0004210330652,0.4760555029,11.88933659
0.0004216580652,0.4725984037,11.88950348
0.0004216611902,0.4725810885,6.198092937
0.0004216674401,0.472546488,-2.439832211
0.0004216799401,0.4724772573,-9.64604187
0.0004216853489,0.4724473059,-10.53736782
0.0004216928689,0.4724056721,-11.18732262
0.0004217001924,0.4723651111,-11.47222328
0.0004217148394,0.4722839892,-11.677248
0.0004217313562,0.4721925259,-11.70939636
0.0004217609675,0.4720284939,-11.71321106
0.0004218017261,0.4718027115,-11.71256828
0.0004218832433,0.4713510573,-11.71329594
0.0004220462777,0.4704473615,-11.7138176
0.0004223723464,0.4686385095,-11.715518
0.0004230244839,0.4650149047,-11.71831417
0.0004243287588,0.4577443004,-11.72428608
0.0004269373087,0.4431113899,-11.73516464
0.0004321544084,0.4134924114,-11.75536633
0.0004421544084,0.3555052578,-11.78707886
0.0004521544084,0.2961150408,-11.81205368
0.0004621544084,0.2355562299,-11.8312788
0.0004721544084,0.1740677804,-11.84665871
0.0004821544084,0.11189235,-11.85850811
0.0004921544084,0.04927534238,-11.86820602
0.0005021544084,-0.0135361338,-11.87567616
0.0005121544084,-0.07629419118,-11.88198948
0.0005134044084,-0.08412284404,-11.88258171
0.0005134106583,-0.08416197449,-2.711372852
0.0005134231583,-0.08424023539,8.503519058
0.0005134301748,-0.08428416401,10.19458485
0.0005134351597,-0.08431537449,10.81115723
0.0005134424728,-0.08436115831,11.30341053
0.00051345422,-0.08443471044,11.61442089
0.000513469507,-0.08453041315,11.70618439
0.0005134908541,-0.08466406167,11.7199564
0.0005135231543,-0.08486627787,11.71943188
0.0005135877546,-0.08527070284,11.7199192
0.0005137169554,-0.08607951552,11.72037125
0.000513975357,-0.08769695461,11.72160625
0.0005144921601,-0.09093114734,11.72377777
0.0005155257664,-0.09739661962,11.72828388
0.0005175929788,-0.1103149652,11.73671436
0.0005217274038,-0.1360936612,11.75252628
0.0005299962537,-0.1873581856,11.77942848
0.0005399962537,-0.2486670911,11.80544472
0.0005499962537,-0.308994621,11.82554626
0.0005599962537,-0.3681026697,11.8413763
0.0005699962537,-0.4257580042,11.85365772
0.0005799962537,-0.4817330539,11.8634758
0.0005899962537,-0.5358068943,11.87113476
0.0005999962537,-0.5877662301,11.87739277
0.0006012462537,-0.5941021442,11.87802696
0.0006037462537,-0.6066636443,11.8793335
0.0006043712537,-0.6097807288,11.87964725
0.0006056212537,-0.6159867048,11.8802681
0.0006059337537,-0.6175322533,11.88041973
0.0006065587537,-0.6206162572,11.88072205
0.0006067150037,-0.6213857532,11.88079643
0.0006070275037,-0.6229229569,11.88094521
0.0006071409602,-0.6234804988,-8.233953476
0.0006072094933,-0.6238170862,-13.65303898
0.0006072663405,-0.6240962148,-10.78277683
0.0006072901894,-0.6242132783,-11.81175327
0.0006073131862,-0.6243261695,-11.71463871
0.0006073374479,-0.6244452596,-11.72251987
0.0006073647352,-0.6245791316,-11.72178745
0.0006074193098,-0.6248468757,-11.72220802
0.0006075284591,-0.625382185,-11.72260094
0.0006077467577,-0.6264519095,-11.72364616
0.0006081833549,-0.6285877824,-11.72551537
0.0006090565493,-0.6328452826,-11.72937107
0.000610802938,-0.641303122,-11.73666286
0.0006142957155,-0.6579860449,-11.75047588
0.0006212812704,-0.6903933883,-11.77457714
0.0006296739343,-0.7275646329,-11.79856777
0.000638715257,-0.7653427124,-11.81925488
0.0006484756863,-0.8033504486,-11.83706665
0.0006584756863,-0.8391574025,-11.85131359
0.0006684756863,-0.8716525435,-11.86262417
0.0006784756863,-0.9007077217,-11.87147999
0.0006884756863,-0.9262081385,-11.87862873
0.0006984756863,-0.9480533004,-11.88426685
0.0007084756863,-0.9661569595,-11.88892078
0.0007086319363,-0.9664097428,-11.88896084
0.0007089444363,-0.966912508,-11.88908577
0.0007090578927,-0.9670941234,8.22581768
0.0007091264258,-0.9672035575,13.64491177
0.0007091832561,-0.9672942162,10.77487087
0.000709207095,-0.9673321843,11.80341434
0.0007092300802,-0.9673687816,11.70655537
0.0007092543305,-0.9674074054,11.71439266
0.0007092816073,-0.967450738,11.71366882
0.0007093361609,-0.9675374627,11.7140913
0.0007094452682,-0.967710495,11.7144928
0.0007096634826,-0.9680551887,11.71555138
0.0007100999116,-0.9687390924,11.71744919
0.0007109727696,-0.9700850844,11.72135925
0.0007127184855,-0.9726894498,11.72875786
0.0007162099173,-0.9775468707,11.7427721
0.0007231927809,-0.9858483672,11.76723671
0.0007331927809,-0.9944291711,11.79575157
0.0007431927809,-0.9990854859,11.817873
0.0007531927809,-0.9997987747,11.83527851
0.0007631927809,-0.9965663552,11.84887028
0.0007731927809,-0.9894009829,11.85971928
0.0007831927809,-0.9783308506,11.86826706
0.0007931927809,-0.9633997083,11.87522984
0.0007944427809,-0.9612645507,11.87595558
0.0007947552809,-0.9607215524,11.8761425
0.0007953802809,-0.9596243501,11.87651348
0.0007966302809,-0.95738554,11.87724209
0.0007966365308,-0.9573742151,2.706041813
0.0007966490307,-0.9573515058,-8.508846283
0.0007966560488,-0.9573387504,-10.20019245
0.0007966610348,-0.9573297501,-10.81676197
0.0007966683495,-0.9573164582,-11.30895042
0.0007966800992,-0.9572951198,-11.61985111
0.0007966953909,-0.957267344,-11.71154881
0.0007967167454,-0.9572284818,-11.72529411
0.0007967490617,-0.9571697116,-11.72476578
0.0007968136942,-0.957052052,-11.72525215
0.0007969429592,-0.9568163157,-11.72569847
0.0007972014893,-0.9563428164,-11.7269249
0.0007977185495,-0.9553883672,-11.72907829
0.0007987526698,-0.9534491301,-11.73354816
0.0008008209103,-0.9494499564,-11.74190903
0.0008049573915,-0.9409714341,-11.75759125
0.0008132303539,-0.9221137166,-11.7842598
0.0008232303539,-0.8959992528,-11.81002235
0.0008332303539,-0.8663487434,-11.82990742
0.0008432303539,-0.8332791328,-11.84554577
0.0008532303539,-0.7969209552,-11.85765171
0.0008632303539,-0.7574176788,-11.8673048
0.0008732303539,-0.7149252295,-11.87480164
0.0008832303539,-0.6696113348,-11.88089848
0.0008932303539,-0.6216547489,-11.88564873
0.0008944803539,-0.6154836416,-11.88620949
0.0008969803539,-0.6030279994,-11.88723087
0.0008976053539,-0.5998907089,-11.88747597
0.0008988553539,-0.5935884714,-11.88796043
0.0008991678539,-0.5920071602,-11.88807869
0.0008997928539,-0.5888377428,-11.8883152
0.0008999491039,-0.5880439281,-11.88837337
0.0009002616039,-0.5864546895,-11.88848972
0.0009003750604,-0.5858771205,8.22642231
0.0009004435935,-0.5855280757,13.64551353
0.0009005004251,-0.5852385759,10.77546024
0.0009005242647,-0.5851171017,11.80403709
0.0009005472508,-0.5849999785,11.70716
0.000900571502,-0.5848764181,11.71500206
0.0009005987796,-0.5847373605,11.71427822
0.0009006533348,-0.5844593048,11.71470261
0.0009007624453,-0.5839028358,11.71510887
0.0009009806661,-0.5827891827,11.71617508
0.0009014171079,-0.580558598,11.71808815
0.0009022899913,-0.5760843158,11.72203064
0.0009040357582,-0.5670838952,11.72949123
0.0009075272921,-0.5488795042,11.74362373
0.0009145103598,-0.5116870999,11.76830769
0.000923450328,-0.4626444578,11.79435444
0.0009328332524,-0.4096050858,11.81603813
0.0009428332524,-0.3515153527,11.8343811
0.0009528332524,-0.2920383513,11.84871292
0.0009628332524,-0.2314088196,11.86014462
0.0009728332524,-0.1698660105,11.86915302
0.0009828332524,-0.1076528281,11.8764782
0.0009840832524,-0.09984125197,11.87724209
0.0009865832524,-0.08420009911,11.87878418
0.0009872082524,-0.08028641343,11.87915421
0.0009884582524,-0.07245539129,11.87988663
0.0009909582524,-0.05678042024,11.8812952
0.0009909683024,-0.05671737716,-0.04772921652
0.0009909884024,-0.05659128726,-11.84723377
0.0009909954239,-0.05654723942,-11.78055763
0.0009910015234,-0.05650897697,-11.75214481
0.0009910098215,-0.05645692348,-11.73340988
0.0009910264176,-0.0563528128,-11.72171211
0.0009910596098,-0.0561445877,-11.72049141
0.0009911259944,-0.05572813749,-11.72121525
0.0009912587634,-0.05489519984,-11.72153854
0.0009915243014,-0.05322921649,-11.7229166
0.0009920553775,-0.04989680648,-11.72504234
0.0009931175298,-0.04323035851,-11.72975159
0.0009952418342,-0.02989198454,-11.73828411
0.000999490443,-0.003201635322,-11.75451565
0.001007987661,0.0501668863,-11.78176594
0.001017987661,0.1127793491,-11.80749893
0.001027987661,0.1749467254,-11.82721138
0.001037987661,0.2364236712,-11.84289074
0.001047987661,0.2969675362,-11.85488605
0.001057987661,0.3563394248,-11.86463261
0.001067987661,0.4143050313,-11.8720665
0.001077987661,0.4706355333,-11.87829971
0.001079237661,0.4775507152,-11.87887669
0.001081737661,0.4912923276,-11.88015652
0.001082362661,0.4947089255,-11.88046551
0.001083612661,0.5015191436,-11.881073
0.001086112661,0.5150464177,-11.8822422
0.001086122711,0.5151005387,0.04678448662
0.001086142811,0.5152087808,11.84629154
0.001086149832,0.5152466297,11.77961731
0.001086155931,0.5152794719,11.75120449
0.001086164229,0.5153241158,11.73246956
0.001086180825,0.5154134631,11.72077179
0.001086214016,0.5155921578,11.71955395
0.001086280398,0.5159495473,11.72028446
0.001086413162,0.516663909,11.72062111
0.001086678691,0.518091619,11.72202301
0.001087209749,0.5209427476,11.72419834
0.001088271864,0.526627481,11.72900391
0.001090396094,0.5379264355,11.7377243
0.001094644555,0.5602348447,11.75431156
0.001103141476,0.6036384702,11.78220272
0.001113141476,0.6525076032,11.80858326
0.001123141476,0.6988015771,11.82884693
0.001133141476,0.7423376441,11.84499741
0.001143141476,0.7829440832,11.85739613
0.001153141476,0.8204606175,11.86748886
0.001163141476,0.8547391891,11.87521744
0.001173141476,0.8856444359,11.88169861
0.001183141476,0.9130544662,11.88663292
0.001184391476,0.9162294269,11.88726997
0.001184703976,0.9170143604,11.88740921
0.001185328976,0.9185735583,11.88768387
0.001186578976,0.9216495156,11.88822269
0.001186585226,0.9216647148,2.717009306
0.001186597726,0.9216952324,-8.497885704
0.001186604741,0.9217122793,-10.18865871
0.001186609725,0.9217244387,-10.80523491
0.001186617036,0.9217422605,-11.29755783
0.00118662878,0.9217708707,-11.6086874
0.001186644062,0.9218081236,-11.70052147
0.001186665402,0.9218600988,-11.714324
0.001186697685,0.9219386578,-11.71380424
0.001186762251,0.922095716,-11.71429825
0.001186891384,0.9224093556,-11.7147646
0.00118714965,0.9230349064,-11.71602726
0.001187666181,0.9242786169,-11.71825504
0.001188699243,0.9267368317,-11.72286892
0.001190765368,0.9315360188,-11.73151207
0.001194897617,0.9406626821,-11.74772358
0.001203162116,0.9570080042,-11.77533627
0.001213162116,0.9733327031,-11.80209446
0.001223162116,0.9858160615,-11.82282162
0.001233162116,0.9944088459,-11.83918285
0.001243162116,0.9990772009,-11.8519268
0.001253162116,0.999802649,-11.8621521
0.001263162116,0.9965823293,-11.87017536
0.001273162116,0.9894289374,-11.87676239
0.001274412116,0.9882594347,-11.87743568
0.001274724616,0.9879575372,-11.87761211
0.001274802741,0.9878814816,-11.87765598
0.001274958991,0.9877285957,-11.87774372
0.001275271491,0.9874200821,-11.87791824
0.001275384948,0.9873070717,8.236970901
0.001275453481,0.9872385859,13.65605164
0.001275510334,0.9871816635,10.78570271
0.001275534187,0.9871577024,11.81483841
0.001275557188,0.9871346354,11.71762753
0.001275581454,0.9871102571,11.72552299
0.001275608745,0.9870827794,11.7247858
0.001275663327,0.9870277643,11.72520256
0.001275772492,0.9869174361,11.72558689
0.001275990822,0.9866953492,11.72661495
0.001276427481,0.9862455726,11.72844791
0.0012773008,0.9853237271,11.73223495
0.001279047437,0.9833911657,11.73939133
0.001282540711,0.9791709185,11.75294685
0.00128952726,0.9693175554,11.77657795
0.00129952726,0.9519702196,11.80405617
0.00130952726,0.9308658242,11.82530308
0.00131952726,0.9060877562,11.84195614
0.00132952726,0.877733767,11.8548851
0.00133952726,0.8459157944,11.86513996
0.00134952726,0.810759306,11.87314224
0.00135952726,0.7724031806,11.87959576
0.00136952726,0.7309987545,11.88466263
0.00137077726,0.7256168723,11.88524437
0.00137327726,0.7147191167,11.88632679
0.00137827726,0.6923974156,11.88832855
0.00137843351,0.6916887164,11.88838768
0.00137874601,0.6902694106,11.88850594
0.001378859466,0.6897534132,-8.226406097
0.001378927999,0.6894415617,-13.64549732
0.001378984831,0.6891828775,-10.77544403
0.00137900867,0.6890743375,-11.80401993
0.001379031656,0.6889696717,-11.70714378
0.001379055908,0.6888592243,-11.71498489
0.001379083185,0.6887349486,-11.71426105
0.00137913774,0.6884863973,-11.71468544
0.001379246851,0.6879890561,-11.71509075
0.001379465071,0.6869933605,-11.71615601
0.001379901513,0.684998095,-11.71806717
0.001380774395,0.6809920669,-11.72200584
0.001382520161,0.6729187965,-11.72945976
0.001386011692,0.6565303206,-11.74357891
0.001392994754,0.6228135824,-11.76823711
0.001402994754,0.5724591613,-11.79699707
0.001412994754,0.5198454857,-11.81933022
0.001422994754,0.465180248,-11.83691883
0.001432994754,0.4086791575,-11.85066891
0.001442994754,0.3505651951,-11.86165333
0.001452994754,0.2910676897,-11.87031746
0.001462994754,0.2304214984,-11.87737656
0.001464244754,0.2227718383,-11.87811375
0.001466744754,0.2074317485,-11.87960052
0.001467369754,0.20358859,-11.87995815
0.001468619754,0.1958928853,-11.88066483
0.001468932254,0.1939670593,-11.88083839
0.001469557254,0.1901131719,-11.88118267
0.001469713504,0.1891492307,-11.88126755
0.001469832247,0.1884165704,8.366815567
0.001469884756,0.1880925447,13.24678326
0.001469924716,0.1878459305,11.20167923
0.001469944612,0.1877231449,11.72406769
0.001469968216,0.1875774711,11.72091007
0.001469991097,0.1874362677,11.72130394
0.001470027677,0.1872104853,11.72143936
0.001470100838,0.1867589206,11.72177219
0.001470247158,0.1858556569,11.72241116
0.001470539799,0.1840486676,11.72369862
0.001471125081,0.1804328114,11.72623062
0.001472295645,0.1731938422,11.7311945
0.001474636772,0.1586881876,11.74067688
0.001479319027,0.1295770109,11.7580471
0.001488683536,0.07104354352,11.78722668
0.001498683536,0.008271492086,11.81162453
0.001508683536,-0.0545332022,11.83059788
0.001518683536,-0.1171226799,11.84542084
0.001528683536,-0.1792499274,11.85704041
0.001538683536,-0.2406697571,11.86620998
0.001548683536,-0.3011397719,11.87347984
0.001558683536,-0.3604213297,11.87929821
0.001559933536,-0.3677362502,11.87992764
0.001562433536,-0.3822975755,11.88115597
0.001563058536,-0.385923326,11.88145161
0.001564308536,-0.3931568861,11.8820343
0.001564621036,-0.3949615061,11.88217735
0.001565246036,-0.3985661566,11.88246059
0.001565402286,-0.3994663656,11.88253117
0.001565521029,-0.4001502395,-8.365564346
0.001565573538,-0.4004525542,-13.24553585
0.001565613496,-0.4006825984,-11.20046806
0.001565633391,-0.4007971287,-11.72280979
0.001565656994,-0.4009329975,-11.71967316
0.001565679873,-0.4010646939,-11.72006702
0.001565716452,-0.4012752175,-11.72020626
0.00156578961,-0.4016962051,-11.72054577
0.001565935925,-0.4025379419,-11.72119904
0.001566228556,-0.4042203724,-11.72251415
0.001566813817,-0.4075811207,-11.72510052
0.001567984339,-0.4142860174,-11.73017406
0.001570325383,-0.4276282787,-11.73986626
0.001575007471,-0.4540323317,-11.75763321
0.001582646678,-0.4962590039,-11.78249741
0.001589516979,-0.5332618952,-11.8011179
0.001596778956,-0.571292758,-11.81762028
0.001603967719,-0.6077692509,-11.83129597
0.0016121019,-0.6475439668,-11.84414101
0.001620406706,-0.6864076853,-11.85491562
0.001630406706,-0.7307155728,-11.86538792
0.001640406706,-0.7721396089,-11.87371349
0.001650406706,-0.8105163574,-11.88036442
0.001660406706,-0.8456944227,-11.8857317
0.001661656706,-0.8498597145,-11.88631439
0.001664156706,-0.858032763,-11.88745499
0.001664781706,-0.8600430489,-11.88772964
0.001664937956,-0.8605435491,-11.88779736
0.001665250456,-0.8615420461,-11.88793373
0.001665363913,-0.8619037271,8.226969719
0.001665432446,-0.8621219993,13.64605808
0.001665489278,-0.8623028398,10.77598667
0.001665513119,-0.8623787165,11.80459023
0.001665536106,-0.8624517918,11.70769501
0.001665560357,-0.8625289202,11.71553898
0.001665587636,-0.8626156449,11.71481323
0.001665642192,-0.8627889752,11.7152338
0.001665751306,-0.8631353974,11.71563244
0.001665969532,-0.8638269901,11.7166853
0.001666405985,-0.8652052879,11.71857166
0.00166727889,-0.8679423332,11.72245979
0.001669024702,-0.8733380437,11.72981548
0.001672516324,-0.8838136196,11.74374676
0.001679499569,-0.903483808,11.76806068
0.001689499569,-0.928614378,11.79638767
0.001699499569,-0.9500801563,11.81834984
0.001709499569,-0.9677964449,11.83561802
0.001719499569,-0.9816932082,11.84909058
0.001729499569,-0.9917157292,11.85983467
0.001739499569,-0.9978243709,11.86828995
0.001749499569,-0.9999950528,11.87516975
0.001750749569,-0.9999889135,11.87588596
0.001753249569,-0.9997915626,11.87733269
0.001753874569,-0.9997037053,11.87768078
0.001753877694,-0.9997032285,6.186280727
0.001753883944,-0.9997022748,-2.451633453
0.001753896444,-0.9997003078,-9.657844543
0.001753901856,-0.9996994734,-10.54954338
0.001753909378,-0.9996983409,-11.19944096
0.001753916706,-0.9996972084,-11.4842844
0.00175393136,-0.9996949434,-11.68915462
0.001753947888,-0.9996923804,-11.72121906
0.001753977522,-0.9996877313,-11.72500515
0.001754018326,-0.999681294,-11.72435665
0.001754099934,-0.9996682405,-11.72506332
0.00175426315,-0.9996412992,-11.72554779
0.001754589582,-0.9995842576,-11.7271719
0.001755242446,-0.9994575381,-11.72981834
0.001756548173,-0.9991537333,-11.73549461
0.001759159628,-0.9983443618,-11.7458086
0.001764382538,-0.9959195852,-11.76496601
0.001774382538,-0.9882878065,-11.7949295
0.001784382538,-0.9767557383,-11.81847191
0.001794382538,-0.9613688588,-11.8365078
0.001804382538,-0.9421878457,-11.85088539
0.001814382538,-0.919288516,-11.86187649
0.001824382538,-0.8927611113,-11.87082672
0.001834382538,-0.8627104163,-11.87763691
0.001844382538,-0.8292550445,-11.88335705
0.001854382538,-0.7925269008,-11.88767052
0.001855632538,-0.787712872,-11.88823509
0.001858132538,-0.7779393196,-11.88918495
0.001858142588,-0.7778996229,0.03984299675
0.001858162688,-0.7778202891,11.83935165
0.001858169707,-0.777792573,11.77269268
0.001858175805,-0.7777684927,11.74427891
0.001858184101,-0.7777357101,11.72554016
0.001858200692,-0.777670145,11.71383762
0.001858233874,-0.7775390744,11.71261978
0.001858300239,-0.777276814,11.71335697
0.00185843297,-0.7767518163,11.71370316
0.00185869843,-0.7757002711,11.71512794
0.001859229351,-0.7735906839,11.71734715
0.001860291193,-0.7693457007,11.72223949
0.001862414878,-0.7607532144,11.73112774
0.001866662246,-0.7431634068,11.74803162
0.001875156982,-0.7064089775,11.77648067
0.001885156982,-0.6605716944,11.80342484
0.001895156982,-0.6121273637,11.8241663
0.001905156982,-0.5612673163,11.84073162
0.001915156982,-0.5081921816,11.85349751
0.001925156982,-0.4531114399,11.86392498
0.001935156982,-0.3962424695,11.8719635
0.001945156982,-0.3378097117,11.87873936
0.001946406982,-0.330407083,11.87938023
0.001946719482,-0.3285532296,11.87955856
0.001947344482,-0.3248417377,11.87991524
0.001947500732,-0.3239130676,11.88000298
0.001947813232,-0.3220548034,11.88017845
0.001947926689,-0.3213798404,-8.23470974
0.001947995222,-0.3209720552,-13.65379047
0.001948052071,-0.3206337392,-10.78350353
0.001948075921,-0.3204917908,-11.81251717
0.001948098918,-0.3203549087,-11.71537781
0.001948123181,-0.3202104867,-11.72326088
0.001948150469,-0.320048064,-11.7225256
0.001948205046,-0.3197231591,-11.7229414
0.001948314199,-0.3190732598,-11.72332573
0.001948532505,-0.3177729845,-11.72435188
0.001948969118,-0.3151706755,-11.72618389
0.001949842343,-0.3099589348,-11.72996807
0.001951588793,-0.2995076776,-11.73711777
0.001955081693,-0.2784981728,-11.75065994
0.001962067492,-0.2360869348,-11.77426624
0.001972067492,-0.1746055186,-11.80171204
0.001982067492,-0.1124350131,-11.82293034
0.001992067492,-0.04982078075,-11.83955956
0.002002067492,0.01299007237,-11.85247231
0.002012067492,0.07574965805,-11.86271954
0.002022067492,0.1382102966,-11.87072468
0.002032067492,0.2001254857,-11.8771925
0.002042067492,0.2612508833,-11.88228416
0.002043317492,0.2688239515,-11.88286972
0.002043629992,0.2707146406,-11.88300896
0.002044254992,0.2744929194,-11.88328457
0.002044411242,0.2754368186,-11.88335323
0.002044723742,0.277323842,-11.88348961
0.002044837199,0.2780086696,8.231414795
0.002044905732,0.2784222662,13.65050316
0.002044962574,0.278765291,10.78031158
0.00204498642,0.2789091766,11.80915356
0.002045009413,0.2790479064,11.7121191
0.002045033671,0.2791942656,11.71998692
0.002045060955,0.2793588638,11.71925735
0.002045115523,0.2796880603,11.71967983
0.002045224659,0.2803463638,11.72007751
0.002045442932,0.2816625535,11.72113132
0.002045879477,0.2842933238,11.72301769
0.002046752566,0.2895484567,11.72690773
0.002048498745,0.3000323772,11.73426628
0.002051991104,0.3208906651,11.74820614
0.002058975821,0.3621337712,11.77253914
0.002066741079,0.4071637094,11.79512787
0.002075774859,0.4583230317,11.81636143
0.002084494479,0.5063049197,11.83291054
0.002094494479,0.5594534874,11.84795284
0.002103570714,0.6057864428,11.85890484
0.002113570714,0.654548943,11.86847782
0.002123570714,0.700728178,11.87620258
0.002133570714,0.7441419959,11.88230896
0.002134820714,0.7493656278,11.88300514
0.002137320714,0.7596738935,11.88431072
0.002142320714,0.7797256112,11.88673019
0.002142476964,0.7803398967,11.88680172
0.002142789464,0.7815662622,11.88694477
0.002143414464,0.7840099931,11.88722706
0.002143417589,0.7840221524,6.195823193
0.002143423839,0.7840465307,-2.442094803
0.002143436339,0.7840952873,-9.648305893
0.002143441748,0.7841163874,-10.53970432
0.002143449269,0.7841457129,-11.18964958
0.002143456593,0.7841742635,-11.47453976
0.002143471241,0.7842313647,-11.67953491
0.00214348776,0.7842957973,-11.71166515
0.002143517376,0.7844111919,-11.71547222
0.002143558143,0.7845700383,-11.71482468
0.002143639678,0.7848876119,-11.71554089
0.002143802746,0.7855220437,-11.71604252
0.002144128884,0.7867885232,-11.7177
0.002144781159,0.7893115282,-11.7204113
0.00214608571,0.7943176627,-11.72621822
0.002148694811,0.8041695952,-11.73678112
0.002153913013,0.8232224584,-11.75640011
0.002163913013,0.8572453856,-11.78715611
0.002173913013,0.8878851533,-11.81135654
0.002183913013,0.9150208235,-11.82995319
0.002193913013,0.9385453463,-11.84481812
0.002203913013,0.9583658576,-11.85624695
0.002213913013,0.9744041562,-11.86559963
0.002223913013,0.9865968823,-11.87278748
0.002225163013,0.9878480434,-11.87366295
0.002227663013,0.990167439,-11.87521744
0.002232663013,0.9940728545,-11.8780899
0.002232819263,0.99417907,-11.87817478
0.002233131763,0.9943886995,10.32656956
0.002233217269,0.9944453835,12.59923649
0.002233303543,0.994502306,11.17481518
0.00223334788,0.9945314527,11.93698215
0.002233392774,0.9945608377,11.64237881
0.002233438995,0.9945910573,11.75878525
0.00223348654,0.9946220517,11.71177292
0.002233564031,0.994672358,11.73419571
0.002233678347,0.9947461486,11.72063828
0.002233896857,0.9948857427,11.73227119
0.002234333878,0.9951593876,11.72486305
0.00223520792,0.9956840873,11.7372694
0.002236956005,0.9966433644,11.73607063
0.002240452174,0.9982010722,11.75779533
0.002247444511,0.9998710752,11.77324677
0.002257444511,0.9989062548,11.80874443
0.002267444511,0.9939991236,11.82188511
0.002277444511,0.9851692319,11.84653854
0.002287444511,0.9724512696,11.85145855
0.002297444511,0.9558954835,11.86967468
0.002307444511,0.9355672002,11.86974621
0.002317444511,0.9115467072,11.8841114
0.002327444511,0.8839287162,11.88131714
0.002328694511,0.8802288175,11.8857975
0.002331194511,0.8726662993,11.88694382
0.002336194511,0.8568972945,11.88889122
0.002336350761,0.8563907743,11.88897896
0.002336663261,0.8553753495,11.88910103
0.002337288261,0.8533345461,11.88933182
0.002337291386,0.8533242941,6.197925568
0.002337297636,0.8533038497,-2.439995289
0.002337310136,0.8532628417,-9.646204948
0.002337315545,0.8532451391,-10.53753757
0.002337323065,0.8532205224,-11.18749237
0.002337330389,0.8531965017,-11.47239304
0.002337345036,0.85314852,-11.67741585
0.002337361553,0.8530943394,-11.70956135
0.002337391164,0.8529972434,-11.71337414
0.002337431924,0.8528635502,-11.71272945
0.002337513442,0.8525960445,-11.71345234
0.002337676479,0.8520602584,-11.71396542
0.002338002552,0.8509860635,-11.7156477
0.002338654698,0.8488269448,-11.71840763
0.002339958991,0.844465971,-11.72430992
0.002342567577,0.8355741501,-11.73505783
0.002347784749,0.817119658,-11.755023
0.002357784749,0.7793105245,-11.78636932
0.002367784749,0.7384257913,-11.8110714
0.002377784749,0.6946268678,-11.8300972
0.002387784749,0.6480865479,-11.84533501
0.002397784749,0.598988533,-11.85708714
0.002407784749,0.547526598,-11.86672401
0.002417784749,0.4939037859,-11.87416172
0.002419034749,0.4870594442,-11.87506676
0.002421534749,0.4732810855,-11.87667656
0.002426534749,0.4453774393,-11.87965775
0.002426690999,0.4444982409,-11.87974644
0.002427003499,0.442738533,10.32499218
0.002427089005,0.4422567189,12.5976572
0.002427175274,0.4417705238,11.1732502
0.002427219606,0.4415206015,11.93537235
0.002427264495,0.4412675202,11.64081669
0.002427310712,0.4410068989,11.7571888
0.002427358251,0.4407387972,11.71019363
0.002427435737,0.4403017461,11.73260498
0.002427550051,0.4396567345,11.71905231
0.002427768572,0.4384231269,11.73067474
0.002428205613,0.4359534681,11.72326279
0.002429079696,0.431004256,11.73564625
0.002430827862,0.4210669994,11.73441792
0.002434324194,0.4010412693,11.75607109
0.002441316857,0.3604190052,11.77140141
0.002451316857,0.3011374176,11.80673313
0.002461316857,0.240667358,11.81973743
0.002471316857,0.1792474985,11.84426689
0.002481316857,0.1171202213,11.84908962
0.002491316857,0.05453073606,11.86721992
0.002501316857,-0.008273961954,11.86723137
0.002511316857,-0.07104600221,11.88154411
0.002521316857,-0.133537665,11.87872314
0.002522566857,-0.1413170993,11.88319874
0.002522879357,-0.1432606131,11.88336658
0.002523504357,-0.1471459866,11.8836422
0.002524754357,-0.1549098641,11.88417625
0.002524760607,-0.1549486518,2.71296382
0.002524773107,-0.1550262421,-8.50193119
0.002524780123,-0.1550697982,-10.1929121
0.002524785108,-0.155100733,-10.80948544
0.00252479242,-0.155146122,-11.30175781
0.002524804167,-0.1552190334,-11.61280346
0.002524819452,-0.1553139091,-11.70458698
0.002524840797,-0.1554463953,-11.71837044
0.002524873092,-0.1556468457,-11.71784878
0.002524937683,-0.1560477316,-11.71834373
0.002525066865,-0.1568493992,-11.71881008
0.002525325228,-0.1584524512,-11.7200737
0.002525841955,-0.1616572738,-11.72230339
0.002526875409,-0.1680617929,-11.72692204
0.002528942316,-0.1808493137,-11.73557377
0.00253307613,-0.2063306719,-11.75180244
0.002541343758,-0.2568587363,-11.77945328
0.002549080419,-0.3035167456,-11.80072975
0.00255781151,-0.3553050756,-11.82017231
0.002565869302,-0.4021547139,-11.83488941
0.002575869302,-0.4588503838,-11.8494606
0.002585869302,-0.5137351751,-11.86108494
0.002595869302,-0.5665924549,-11.87017441
0.002605869302,-0.617213726,-11.87756824
0.002615869302,-0.6653990746,-11.88338757
0.002617119302,-0.6712414026,-11.88406563
0.002619619302,-0.6828014851,-11.88531876
0.002620244302,-0.6856652498,-11.88561916
0.002621494302,-0.6913611293,-11.88621426
0.002621806802,-0.6927784085,-11.88636017
0.002622431802,-0.6956050396,-11.88665009
0.002622588052,-0.6963099837,-11.88672161
0.002622706795,-0.696845293,8.361372948
0.002622759304,-0.6970818639,13.2413435
0.002622799256,-0.6972618699,11.19638252
0.002622819147,-0.6973513961,11.71855927
0.002622842745,-0.6974576712,11.71548557
0.002622865618,-0.697560668,11.71587372
0.002622902193,-0.697725296,11.716012
0.002622975342,-0.6980544925,11.71635151
0.002623121639,-0.6987124085,11.71700287
0.002623414235,-0.7000264525,11.71831512
0.002623999425,-0.702647388,11.72089577
0.002625169806,-0.7078608274,11.72595596
0.002627510568,-0.7181724906,11.73562431
0.002632192092,-0.738327682,11.75334167
0.002641555139,-0.7767047882,11.78313351
0.002651555139,-0.8147216439,11.80808735
0.002661555139,-0.8495232463,11.82753563
0.002671555139,-0.8809720874,11.84276962
0.002681555139,-0.9089441895,11.85475254
0.002691555139,-0.9333290458,11.86424923
0.002701555139,-0.9540305138,11.87181854
0.002711555139,-0.9709668756,11.87791443
0.002711711389,-0.971201241,11.8779974
0.002712023889,-0.9716672301,11.8781662
0.002712137346,-0.9718354344,-8.236724854
0.002712205879,-0.9719368219,-13.65580654
0.002712262732,-0.9720208049,-10.78546619
0.002712286584,-0.9720560312,-11.81458855
0.002712309585,-0.9720899463,-11.71738625
0.00271233385,-0.9721257091,-11.72528076
0.002712361141,-0.9721658826,-11.72454453
0.002712415723,-0.97224617,-11.72496223
0.002712524887,-0.9724063873,-11.72534847
0.002712743214,-0.9727255106,-11.72638035
0.002713179868,-0.9733582735,-11.72822094
0.002714053177,-0.9746017456,-11.73202419
0.002715799794,-0.9770006537,-11.73921108
0.002719293028,-0.9814451933,-11.75282383
0.002726279496,-0.9889140129,-11.7765646
0.002736279496,-0.9962863326,-11.8041811
0.002746279496,-0.9997267723,-11.82554817
0.002756279496,-0.9992217422,-11.84230614
0.002766279496,-0.9947732091,-11.85532856
0.002776279496,-0.9863988161,-11.86566544
0.002786279496,-0.9741315246,-11.8737402
0.002796279496,-0.958019793,-11.88025951
0.002806279496,-0.9381271601,-11.88538361
0.002816279496,-0.9145321846,-11.88961411
0.002816320121,-0.9144289494,7.112448692
0.002816401371,-0.9142221808,14.51944256
0.002816428798,-0.9141523242,11.25026798
0.002816445165,-0.9141106606,11.67043018
0.002816460177,-0.9140723944,11.70717335
0.002816476667,-0.9140303731,11.71243668
0.002816509646,-0.9139462709,11.71321487
0.002816575603,-0.913778007,11.71332264
0.002816707519,-0.9134410024,11.71404552
0.00281697135,-0.9127651453,11.71515465
0.002817499013,-0.9114058018,11.7176199
0.002818554337,-0.9086571932,11.72220898
0.002820664987,-0.9030401707,11.73125648
0.002824886285,-0.8913306594,11.74775696
0.002833328883,-0.8660393953,11.77620506
0.002842636156,-0.8353374004,11.80119705
0.002852636156,-0.7991707325,11.82250214
0.002862636156,-0.7598500848,11.83907223
0.002872636156,-0.7175306678,11.85226536
0.002882636156,-0.6723794937,11.86259842
0.002892636156,-0.6245747805,11.87098694
0.002902636156,-0.5743051171,11.87761402
0.002903886156,-0.5678578615,11.87838078
0.002904198656,-0.5662406087,11.87856293
0.002904823656,-0.5629994273,11.87892342
0.002904979906,-0.5621877909,11.87901306
0.002905292406,-0.5605629086,11.8791914
0.002905405862,-0.5599724054,-8.235696793
0.002905474395,-0.559615612,-13.65477657
0.002905531246,-0.5593194962,-10.78446293
0.002905555097,-0.5591952801,-11.81352901
0.002905578096,-0.5590754747,-11.71635818
0.00290560236,-0.5589490533,-11.72424698
0.00290562965,-0.5588068962,-11.72350979
0.002905684229,-0.5585224628,-11.72392559
0.002905793387,-0.5579534173,-11.72430897
0.002906011704,-0.5568145514,-11.72533512
0.002906448337,-0.5545336604,-11.72716331
0.002907321602,-0.5499593616,-11.73094177
0.002909068134,-0.5407611728,-11.73808002
0.002912561197,-0.5221706629,-11.75159931
0.002919547323,-0.4842441678,-11.7751646
0.002929547323,-0.4283511341,-11.80255985
0.002939547323,-0.3707675934,-11.82373333
0.002949547323,-0.3117207885,-11.84032345
0.002959547323,-0.2514437735,-11.85319996
0.002969547323,-0.1901744306,-11.8634119
0.002979547323,-0.128154546,-11.87138271
0.002989547323,-0.06562890112,-11.87781525
0.002999547323,-0.002844250528,-11.88287258
0.003000797323,0.005009706598,-11.88345337
0.003003297323,0.02071620896,-11.88453579
0.003003922323,0.02464218624,-11.88479519
0.003004078573,0.02562362514,-11.88486004
0.003004391073,0.02758642472,-11.88498878
0.003004504529,0.02829901502,8.22991848
0.003004573062,0.02872944437,13.64900684
0.003004629901,0.0290864259,10.77885723
0.003004653745,0.02923617698,11.80762005
0.003004676736,0.02938057296,11.71063328
0.003004700992,0.02953291126,11.71849346
0.003004728274,0.02970425412,11.71776581
0.003004782839,0.03004693985,11.71818829
0.003004891967,0.03073229641,11.71858978
0.003005110224,0.03210296854,11.71964836
0.003005546738,0.03484413028,11.72154331
0.003006419766,0.04032564163,11.72545242
0.003008165822,0.05128486082,11.73284817
0.003011657933,0.07318346947,11.74685764
0.003018642156,0.1168644652,11.77131844
0.003026843336,0.1678631455,11.79518604
0.003036031622,0.2244643867,11.81663895
0.003044749753,0.2774808407,11.83305168
0.003054749753,0.3372581005,11.84798431
0.003064749753,0.3957043588,11.85985756
0.003074749753,0.4525889754,11.86918259
0.003084749753,0.5076873899,11.87672806
0.003094749753,0.5607821941,11.88270664
0.003095999753,0.5672676563,11.88339043
0.003098499753,0.5801331997,11.88467312
0.003099124753,0.583327353,11.88498116
0.003100374753,0.5896885395,11.88559055
0.003100687253,0.5912731886,11.88573933
0.003100924739,0.5924759507,-9.911216736
0.003101025231,0.5929844975,-12.93100643
0.003101115777,0.5934424996,-10.93636608
0.003101157536,0.5936536193,-11.99821663
0.003101195569,0.5938459039,-11.62819386
0.003101235738,0.5940489769,-11.74837112
0.003101273098,0.5942378044,-11.70841789
0.003101336781,0.5945595503,-11.72321796
0.003101434551,0.5950533748,-11.71530056
0.003101630091,0.5960403681,-11.72223091
0.00310202117,0.5980116129,-11.7187624
0.00310280333,0.6019432545,-11.7269659
0.003104367648,0.6097627878,-11.7289238
0.003107496285,0.6252244711,-11.74588585
0.00311375356,0.6554170847,-11.76347542
0.00312375356,0.7015473843,-11.79682159
0.00313375356,0.7449089885,-11.8148098
0.00314375356,0.7853307724,-11.83677673
0.00315375356,0.822653234,-11.84609222
0.00316375356,0.8567290306,-11.86133385
0.00317375356,0.8874237537,-11.86554146
0.00318375356,0.9146162271,-11.87679005
0.00318500356,0.9177635312,-11.87537098
0.00318750356,0.9238880873,-11.876791
0.00318812856,0.925383687,-11.87715626
0.00318937856,0.9283320308,-11.87784672
0.00318969106,0.9290601611,-11.87801552
0.00319031606,0.930505693,-11.87835121
0.00319047231,0.9308648109,-11.87843418
0.00319078481,0.9315804243,-11.87860012
0.003190898266,0.9318393469,8.236292839
0.003190966799,0.9319955111,13.65537453
0.003191023651,0.9321249127,10.78504658
0.003191047503,0.9321792126,11.81414604
0.003191070503,0.9322314858,11.71695805
0.003191094768,0.9322866797,11.72485065
0.003191122058,0.9323486686,11.72411442
0.003191176639,0.9324725866,11.72453213
0.0031912858,0.9327201843,11.72492027
0.003191504123,0.9332139492,11.72595406
0.003191940768,0.9341962337,11.72779942
0.003192814059,0.9361397028,11.73161125
0.003194560641,0.9399420619,11.73881626
0.003198053804,0.9472067356,11.75246334
0.003205040129,0.9603639841,11.77626419
0.003215040129,0.9759717584,11.80395889
0.003225040129,0.9877277613,11.82539272
0.003235040129,0.99558568,11.84220886
0.003245040129,0.9995144606,11.85528183
0.003255040129,0.9994986057,11.86566257
0.003265040129,0.9955381751,11.87377834
0.003275040129,0.9876488447,11.88033295
0.003285040129,0.9758617282,11.88548946
0.003286290129,0.9741164446,11.8860817
0.003288790129,0.9704456329,11.8871851
0.003293790129,0.9623867869,11.88922596
0.003293946379,0.9621195793,11.88928604
0.003294258879,0.9615824223,11.8894062
0.003294372336,0.9613865018,-8.225503922
0.003294440869,0.9612678885,-13.64459515
0.003294497699,0.9611694217,-10.7745657
0.003294521537,0.961128056,-11.80309296
0.003294544522,0.9610881805,-11.70624447
0.003294568772,0.9610460997,-11.71408081
0.003294596048,0.960998714,-11.71335793
0.003294650601,0.9609038234,-11.71378136
0.003294759707,0.9607138038,-11.71418571
0.003294977918,0.9603323936,-11.71525002
0.003295414341,0.9595640898,-11.71715832
0.003296287186,0.9580059052,-11.72108936
0.003298032877,0.9548031688,-11.72852993
0.003301524258,0.9480534196,-11.74262428
0.003308507021,0.933188796,-11.76723576
0.003318023939,0.9100436568,-11.79469967
0.003328023939,0.8822204471,-11.81725407
0.003338023939,0.8509154916,-11.83500767
0.003348023939,0.8162523508,-11.84888363
0.003358023939,0.778367877,-11.85996437
0.003368023939,0.7374115586,-11.86870384
0.003378023939,0.6935449839,-11.87582397
0.003379273939,0.6878654957,-11.87656784
0.003381773939,0.6763796806,-11.87806797
0.003382398939,0.6734820604,-11.87842941
0.003382555189,0.6727560163,-11.87851906
0.003382867689,0.6713019609,-11.87869835
0.003382981145,0.6707734466,8.236188889
0.003383049678,0.6704540253,13.65526867
0.00338310653,0.6701889634,10.78494167
0.003383130382,0.6700776815,11.81403446
0.003383153382,0.6699704528,11.71684742
0.003383177646,0.6698572636,11.72473907
0.003383204937,0.6697298884,11.72400188
0.003383259517,0.6694751978,11.72441769
0.003383368678,0.6689655781,11.72480011
0.003383586999,0.6679453254,11.72582531
0.003384023642,0.6659010649,11.72765255
0.003384896928,0.6617975235,11.73142719
0.003386643501,0.6535307765,11.73855877
0.003390136645,0.6367622018,11.75206757
0.003397122934,0.6023131609,11.77561283
0.003407122934,0.5510014296,11.80298424
0.003417122934,0.4975152314,11.82413769
0.003427122934,0.4420655072,11.84071159
0.003437122934,0.3848711848,11.8535738
0.003447122934,0.3261579573,11.86377335
0.003457122934,0.2661575079,11.87173176
0.003467122934,0.2051066756,11.87815285
0.003477122934,0.1432463825,11.88319683
0.003478372934,0.1354690492,11.88377571
0.003480872934,0.1198898181,11.88485527
0.003481497934,0.1159902364,11.88511372
0.003482747934,0.1081857756,11.88562489
0.003483060434,0.1062335968,11.88575077
0.00348329792,0.1047497541,-9.911224365
0.003483398412,0.1041217968,-12.93102074
0.003483488958,0.1035559475,-10.93638802
0.003483530718,0.1032949761,-11.99824238
0.00348356875,0.1030572802,-11.62822151
0.003483608919,0.1028062403,-11.7484026
0.00348364628,0.1025727317,-11.70845127
0.003483709963,0.1021747068,-11.72325706
0.003483807733,0.1015635952,-11.71534634
0.003484003273,0.100341253,-11.72229195
0.003484394352,0.09789612889,-11.71885204
0.003485176512,0.09300411493,-11.72711468
0.003486740832,0.08321347833,-11.72918701
0.003489869471,0.06360901892,-11.74636936
0.003496126749,0.02433394827,-11.7643671
0.003506126749,-0.03848599643,-11.79828644
0.003516126749,-0.1011540517,-11.81676579
0.003526126749,-0.1634228975,-11.83915234
0.003536126749,-0.2250467986,-11.84882927
0.003546126749,-0.285782516,-11.86438179
0.003556126749,-0.3453904092,-11.86885262
0.003566126749,-0.4036352038,-11.88032532
0.003576126749,-0.4602870047,-11.88170242
0.003577376749,-0.4672452807,-11.88448524
0.003577689249,-0.468980372,-11.88465786
0.003578314249,-0.4724451005,-11.8849678
0.003578470499,-0.4733101428,-11.8850441
0.003578782999,-0.4750388563,-11.88519669
0.003578896456,-0.4756660461,8.229701042
0.003578964989,-0.4760447741,13.64878559
0.003579021827,-0.4763588011,10.77863789
0.003579045671,-0.4764904976,11.8073864
0.003579068662,-0.4766175151,11.71040535
0.003579092917,-0.4767514765,11.71826172
0.003579120199,-0.4769021571,11.71753216
0.003579174763,-0.4772034585,11.71795177
0.00357928389,-0.4778059125,11.71834469
0.003579502145,-0.4790101349,11.7193861
0.003579938654,-0.4814158678,11.72124958
0.003580811672,-0.4862164557,11.7250948
0.003582557709,-0.4957735837,11.73236561
0.003586049782,-0.5147077441,11.74613476
0.003593033928,-0.5518236756,11.77015305
0.003603033928,-0.6030995846,11.79810905
0.003613033928,-0.6519953609,11.81975651
0.003623033928,-0.6983180046,11.83675194
0.003633033928,-0.7418847084,11.84998512
0.003643033928,-0.7825235724,11.8605175
0.003653033928,-0.820074141,11.86878109
0.003663033928,-0.854388237,11.87548637
0.003664283928,-0.8584430218,11.8761816
0.003666783928,-0.8663935661,11.87758827
0.003667408928,-0.8683478832,11.87792587
0.003668658928,-0.8722162843,11.87859344
0.003668971428,-0.8731749654,11.87875748
0.003669596428,-0.8750822544,11.87908173
0.003669752678,-0.8755570054,11.87916279
0.003670065178,-0.8765038848,11.87932301
0.003670178634,-0.8768468499,-8.235571861
0.003670247167,-0.8770537972,-13.65465546
0.003670304018,-0.8772253394,-10.78434753
0.003670327869,-0.8772972822,-11.81340885
0.003670350868,-0.8773666024,-11.71624279
0.003670375132,-0.8774397373,-11.72413254
0.003670402421,-0.8775219917,-11.72339725
0.003670457,-0.8776863813,-11.72381592
0.003670566157,-0.8780148625,-11.72420597
0.003670784473,-0.8786705732,-11.72524357
0.003671221103,-0.8799770474,-11.72709656
0.003672094364,-0.8825701475,-11.7309227
0.003673840886,-0.887676537,-11.73815441
0.003677333931,-0.897568047,-11.75185394
0.003684320019,-0.9160494804,-11.77575111
0.003694320019,-0.939424932,-11.80356121
0.003704320019,-0.9590929747,-11.82509136
0.003714320019,-0.9749758244,-11.84198761
0.003724320019,-0.9870109558,-11.85512829
0.003734320019,-0.9951508045,-11.86556911
0.003744320019,-0.9993632436,-11.87373543
0.003754320019,-0.9996316433,-11.88033485
0.003764320019,-0.9959549308,-11.88553047
0.003765570019,-0.9952185154,-11.88612747
0.003768070019,-0.9935615659,-11.88723946
0.003773070019,-0.989512682,-11.88929844
0.003773226269,-0.9893704057,-11.88935947
0.003773538769,-0.9890829325,-11.88948059
0.003773652225,-0.9889776707,8.225429535
0.003773720758,-0.9889137745,13.64452076
0.003773777588,-0.9888607264,10.77449322
0.003773801426,-0.9888384342,11.80301666
0.003773824411,-0.9888168573,11.70617008
0.003773848661,-0.988794148,11.71400642
0.003773875937,-0.988768518,11.71328354
0.00377393049,-0.988717258,11.71370697
0.003774039595,-0.9886143208,11.71411037
0.003774257806,-0.988407135,11.71517372
0.003774694227,-0.9879870415,11.71708012
0.003775567069,-0.9871246815,11.72100925
0.003777312754,-0.9853109121,11.7284441
0.003780804123,-0.9813280106,11.74252605
0.003785523143,-0.9751944542,11.75957489
0.003791458611,-0.9662633538,11.7784586
0.003797704109,-0.9554151297,11.79542255
0.00380694903,-0.9366620779,11.81634045
0.00381694903,-0.9128224254,11.83413887
0.00382694903,-0.8853802085,11.84823418
0.00383694903,-0.8544438481,11.85929394
0.00384694903,-0.8201354146,11.86820221
0.00385694903,-0.7825902104,11.87526512
0.00385819903,-0.7776767612,11.87606525
0.00386069903,-0.7677061558,11.87757587
0.00386132403,-0.7651838064,11.87793922
0.00386148028,-0.7645514011,11.87802982
0.00386179278,-0.7632843256,11.87821007
0.003861906236,-0.7628235817,-8.23667717
0.00386197477,-0.7625450492,-13.65575695
0.003862031622,-0.762313962,-10.78541565
0.003862055475,-0.7622169256,-11.81453419
0.003862078475,-0.7621233463,-11.71733284
0.003862102741,-0.762024641,-11.7252264
0.003862130032,-0.7619135976,-11.72448921
0.003862184613,-0.7616914511,-11.72490406
0.003862293776,-0.76124686,-11.72528744
0.003862512103,-0.7603566051,-11.72631073
0.003862948756,-0.758571744,-11.72813702
0.003863822062,-0.7549849749,-11.7319088
0.003865568675,-0.7477433681,-11.73903465
0.0038690619,-0.7329908609,-11.75253296
0.00387604835,-0.7024337649,-11.77606106
0.00388604835,-0.6563565731,-11.80341053
0.00389604835,-0.6076890826,-11.82454777
0.00390604835,-0.55662328,-11.84110737
0.00391604835,-0.5033607483,-11.85395813
0.00392604835,-0.4481116533,-11.86414719
0.00393604835,-0.3910940886,-11.87209606
0.00394604835,-0.3325330615,-11.87850666
0.00395604835,-0.2726596594,-11.88354015
0.00395729835,-0.2650949359,-11.88411808
0.00395979835,-0.2499168813,-11.88519478
0.00396042335,-0.2461125851,-11.88545227
0.00396167335,-0.2384926826,-11.88596249
0.00396198585,-0.2365853786,-11.88608837
0.00396261085,-0.2327680588,-11.88633633
0.0039627671,-0.2318131626,-11.88639832
0.0039630796,-0.2299027145,-11.88652039
0.003963193057,-0.2292088717,8.228388786
0.00396326159,-0.228789717,13.64747906
0.003963318426,-0.228442058,10.77737236
0.003963342268,-0.2282962203,11.80605316
0.003963365256,-0.2281555831,11.70911407
0.00396338951,-0.2280072123,11.71696663
0.003963416791,-0.2278403193,11.71624088
0.003963471351,-0.2275065035,11.71666527
0.003963580471,-0.2268388122,11.71706772
0.003963798713,-0.225503087,11.71813107
0.003964235195,-0.222830385,11.72003555
0.00396510816,-0.217479974,11.72396183
0.003966854089,-0.2067596763,11.73139
0.003970345948,-0.1852457225,11.74546337
0.003977329666,-0.1419607103,11.77003765
0.003987329666,-0.07952599227,11.7986927
0.003997329666,-0.01677741855,11.82093716
0.004007329666,0.04603736848,11.83844662
0.004017329666,0.1086704731,11.85212421
0.004027329666,0.1708747,11.86304092
0.004037329666,0.2324045599,11.87163925
0.004047329666,0.2930172384,11.8786335
0.004057329666,0.3524734974,11.88419628
0.004057485916,0.3533920646,11.88429928
0.004057798416,0.3552281857,-10.32045555
0.004057884593,0.3557342887,-12.59644413
0.004057970535,0.3562389016,-11.16765213
0.004058014843,0.3564990163,-11.93113613
0.004058059573,0.3567615747,-11.63650608
0.004058105657,0.3570320606,-11.75248909
0.004058153079,0.3573103845,-11.70578957
0.004058230354,0.3577638268,-11.72801685
0.004058344611,0.3584341109,-11.71460342
0.004058563212,0.3597159982,-11.72613811
0.004059000413,0.362277776,-11.71884155
0.004059874814,0.3673931062,-11.7311964
0.004061623618,0.3775903285,-11.73015118
0.004065121225,0.397846818,-11.75192261
0.004072116439,0.4377736449,-11.76768303
0.004082116439,0.4933638275,-11.80335712
0.004092116439,0.5470069647,-11.81679153
0.004102116439,0.5984912515,-11.84154987
0.004112116439,0.647613585,-11.84671593
0.004122116439,0.694180131,-11.86501026
0.004132116439,0.738007009,-11.86531734
0.004142116439,0.7789213061,-11.87976074
0.004143366439,0.7838226557,-11.87657261
0.004145866439,0.793479979,-11.87790012
0.004146491439,0.7958638072,-11.87826252
0.004147741439,0.8005945683,-11.87892151
0.004148053939,0.8017695546,-11.87908268
0.004148678939,0.8041102886,-11.87940311
0.004148835189,0.8046935201,-11.87948322
0.004149147689,0.8058576584,-11.87964153
0.004149261145,0.8062795997,8.235254288
0.004149329678,0.8065342307,13.65433788
0.004149386528,0.8067453504,10.7840395
0.004149410379,0.8068338633,11.8130846
0.004149433377,0.8069192171,11.71592903
0.004149457641,0.8070092797,11.72381592
0.00414948493,0.807110548,11.72308159
0.004149539508,0.8073129654,11.72350121
0.004149648664,0.8077175021,11.72389126
0.004149866976,0.8085254431,11.72492981
0.0041503036,0.8101367354,11.72678661
0.004151176848,0.8133411407,11.73061848
0.004152923344,0.81967628,11.73786259
0.004156416335,0.832049787,11.75158405
0.004163402319,0.8555887341,11.77552319
0.004173402319,0.8864043355,11.8033886
0.004183402319,0.9137216806,11.82496738
0.004193402319,0.9374330044,11.84190845
0.004203402319,0.9574446678,11.85509014
0.004213402319,0.973677814,11.86556816
0.004223402319,0.9860682487,11.87376881
0.004233402319,0.9945670962,11.8803997
0.004243402319,0.9991408587,11.88562584
0.004244652319,0.999435544,11.88622665
0.004247152319,0.9998399615,11.88734531
0.004252152319,0.9999085665,11.88941765
0.004252172944,0.9999067783,-4.092239857
0.004252214194,0.9999032021,-14.41209126
0.004252226752,0.9999021292,-12.30812931
0.004252235735,0.9999013543,-11.93470955
0.004252248052,0.9999002218,-11.76368809
0.00425226121,0.9998990893,-11.72282219
0.004252287526,0.9998967052,-11.71135521
0.004252326992,0.9998931289,-11.71348953
0.004252405925,0.9998857379,-11.7130661
0.004252563791,0.9998702407,-11.71431065
0.004252879523,0.9998363256,-11.715312
0.004253510987,0.9997566938,-11.71853638
0.004254773915,0.9995501637,-11.72369099
0.00425729977,0.9989483356,-11.73459911
0.004262351481,0.9969901443,-11.75341892
0.004268861995,0.992985487,-11.77516842
0.004275230408,0.9874608517,-11.79261112
0.004282427632,0.9793149233,-11.80997562
0.004291390322,0.9663737416,-11.82702732
0.004301390322,0.948320806,-11.84283829
0.004311390322,0.9265252352,-11.85468769
0.004321390322,0.9010730982,-11.86472702
0.004331390322,0.8720648885,-11.87213707
0.004332640322,0.8681943417,-11.87315083
0.004335140322,0.8602929115,-11.87479496
0.004340140322,0.8438552022,-11.87783146
0.004340296572,0.8433279991,-11.87792206
0.004340609072,0.8422712088,10.32681274
0.004340694578,0.8419814706,12.59947681
0.004340780853,0.8416888714,11.17504978
0.00434082519,0.8415384293,11.93722153
0.004340870085,0.8413860202,11.64261055
0.004340916307,0.8412290215,11.75902081
0.004340963852,0.8410674334,11.71200371
0.004341041344,0.8408039808,11.73442554
0.00434115566,0.8404149413,11.72086334
0.004341374169,0.8396701217,11.73248959
0.004341811187,0.8381756544,11.72506809
0.004342685223,0.8351678252,11.73744774
0.004344433294,0.829076767,11.73619652
0.004347929437,0.8165952563,11.75782204
0.004354921724,0.7904563546,11.77309132
0.004364921724,0.7504362464,11.80836201
0.004374921724,0.707454443,11.82131004
0.004384921724,0.6616806984,11.84579945
0.004394921724,0.6132956147,11.8505764
0.004404921724,0.5624901056,11.86867142
0.004414921724,0.5094646811,11.86863995
0.004424921724,0.4544286728,11.88291645
0.004434921724,0.3975992203,11.8800478
0.004436171724,0.3903805315,11.88452053
0.004438671724,0.3758713901,11.88565063
0.004439296724,0.3722294569,11.88587761
0.004440546724,0.3649284542,11.88638401
0.004440859224,0.3630996644,11.88650894
0.004441484224,0.3594379127,11.88675594
0.004441640474,0.3585215807,11.88681698
0.004441952974,0.3566879332,11.88693905
0.00444206643,0.3560218513,-8.227971077
0.004442134963,0.3556194305,-13.64706135
0.004442191798,0.3552856445,-10.77696609
0.00444221564,0.3551456332,-11.80562496
0.004442238628,0.3550105989,-11.70869923
0.004442262881,0.3548681438,-11.71654892
0.004442290161,0.3547078669,-11.71582413
0.00444234472,0.3543873429,-11.71624756
0.004442453839,0.353746146,-11.71665096
0.004442672075,0.3524632454,-11.71771431
0.004443108549,0.3498954773,-11.71961975
0.004443981497,0.3447520733,-11.72354794
0.004445727391,0.3344342709,-11.73098087
0.004449219181,0.3136791587,-11.74506092
0.004456202761,0.2717261016,-11.76965046
0.004466202761,0.2107619196,-11.79832554
0.004476202761,0.1489659399,-11.82058716
0.004486202761,0.08658206463,-11.83811474
0.004496202761,0.02385649458,-11.85181046
0.004506202761,-0.03896322846,-11.86274433
0.004516202761,-0.1016291827,-11.87136078
0.004526202761,-0.1638940573,-11.87837219
0.004527452761,-0.1716367006,-11.87910366
0.004529952761,-0.1870897561,-11.88057899
0.004534952761,-0.217853561,-11.88331413
0.004535109011,-0.2188116312,-11.8833952
0.004535421511,-0.2207271159,10.32135773
0.004535507017,-0.2212510854,12.59402657
0.004535593273,-0.2217795849,11.16966152
0.004535637597,-0.2220511436,11.9316864
0.004535682474,-0.2223260552,11.63724232
0.004535728679,-0.2226091027,11.75354099
0.004535776207,-0.2229002267,11.70659065
0.004535853681,-0.2233747393,11.72898102
0.004535967991,-0.224074766,11.71544933
0.004536186535,-0.225412786,11.72706985
0.004536623624,-0.2280875593,11.71968842
0.004537497801,-0.2334319353,11.73210239
0.004539246156,-0.2440993786,11.73095894
0.004542742865,-0.2653446198,11.75274849
0.004549736283,-0.3074406981,11.7683506
0.004559736283,-0.3665834367,11.80399036
0.004569736283,-0.4242794216,11.81727219
0.004579736283,-0.4803009927,11.8420248
0.004589736283,-0.5344270468,11.84706116
0.004599736283,-0.5864439011,11.86536598
0.004609736283,-0.6361463666,11.86555767
0.004619736283,-0.6833382845,11.8800211
0.004620986283,-0.6890513301,11.87679577
0.004623486283,-0.7003496289,11.87811089
0.004624111283,-0.7031472921,11.87847233
0.004625361283,-0.7087100744,11.8791256
0.004627861283,-0.7197041512,11.88038063
0.004627871333,-0.7197480202,-0.04864464328
0.004627891433,-0.7198356986,-11.84815025
0.004627898455,-0.7198663354,-11.78147316
0.004627904555,-0.7198929191,-11.75306034
0.004627912853,-0.7199290991,-11.73432541
0.00462792945,-0.7200014591,-11.72262955
0.004627962643,-0.7201461792,-11.72141171
0.00462802903,-0.7204355597,-11.72213936
0.004628161803,-0.721013844,-11.72247124
0.00462842735,-0.722168982,-11.72386456
0.004628958444,-0.7244731784,-11.72602177
0.004630020633,-0.7290573716,-11.730793
0.004632145009,-0.7381281257,-11.73944664
0.004636393763,-0.7558735013,-11.75590897
0.004644891269,-0.7897360921,-11.78357697
0.004654891269,-0.8266963959,-11.80973434
0.004664891269,-0.8603940606,-11.82980919
0.004674891269,-0.8906961679,-11.84579945
0.004684891269,-0.9174830914,-11.85805893
0.004694891269,-0.9406491518,-11.86802864
0.004704891269,-0.9601028562,-11.87564754
0.004714891269,-0.9757674932,-11.88203049
0.004724891269,-0.9875812531,-11.8868742
0.004726141269,-0.9887846708,-11.88750076
0.004728641269,-0.9910085797,-11.88856602
0.004729266269,-0.9915263653,-11.88882065
0.004729422519,-0.9916533828,-11.88888454
0.004729735019,-0.991904676,-11.88901234
0.004729848476,-0.9919949174,8.225895882
0.004729917009,-0.9920492172,13.6449852
0.004729973839,-0.9920940995,10.77494431
0.004729997678,-0.992112875,11.80349255
0.004730020663,-0.9921309948,11.70663166
0.004730044914,-0.9921500087,11.71446896
0.004730072191,-0.9921714664,11.71374512
0.004730126745,-0.9922142029,11.71416759
0.004730235852,-0.9922993183,11.71457005
0.004730454068,-0.9924682379,11.71562862
0.004730890498,-0.9928004146,11.71752739
0.00473176336,-0.9934424162,11.72144032
0.004733509083,-0.9946367145,11.72884464
0.004737000528,-0.996666193,11.74286842
0.00474398342,-0.9992855191,11.7673521
0.0047539301,-0.9996951222,11.79575729
0.004763247095,-0.996538043,11.81657028
0.004773247095,-0.9893513322,11.83431435
0.004783247095,-0.9782600999,11.84817028
0.004793247095,-0.9633081555,11.85922623
0.004803247095,-0.9445544481,11.86793709
0.004813247095,-0.9220730066,11.87502766
0.004814497095,-0.9190049767,11.87576771
0.004816997095,-0.9126990438,11.87726021
0.004817622095,-0.9110873342,11.87761974
0.004817778345,-0.9106822014,11.87770939
0.004817897088,-0.9103737473,-8.370370865
0.004817949596,-0.9102371335,-13.25033665
0.004817989562,-0.9101331234,-11.20514202
0.004818009462,-0.910081327,-11.72766781
0.00481803307,-0.9100198746,-11.72445774
0.004818055956,-0.9099602103,-11.72485542
0.00481809254,-0.9098649025,-11.72498894
0.004818165707,-0.9096740484,-11.72532082
0.004818312043,-0.9092918038,-11.72595501
0.004818604713,-0.9085249901,-11.72723579
0.004819190055,-0.9069821239,-11.72975254
0.004820360738,-0.9038596749,-11.73468685
0.004822702105,-0.8974682093,-11.74411297
0.004827384837,-0.8841040134,-11.76137829
0.004836750303,-0.8550919294,-11.79038048
0.004846750303,-0.8208491802,-11.81462097
0.004856750303,-0.7833669186,-11.83346367
0.004866750303,-0.7427930832,-11.8481741
0.004876750303,-0.6992877722,-11.85969067
0.004886750303,-0.6530227065,-11.86876488
0.004896750303,-0.6041804552,-11.87594032
0.004906750303,-0.5529537797,-11.88166523
0.004916750303,-0.4995448291,-11.88625336
0.004918000303,-0.4927256703,-11.88675499
0.004920500303,-0.4789966345,-11.88772774
0.004920510353,-0.4789412022,0.04129968211
0.004920530453,-0.4788303375,11.84080791
0.004920537473,-0.4787916243,11.77414608
0.004920543571,-0.4787579775,11.74573231
0.004920551867,-0.4787122011,11.72699451
0.004920568459,-0.4786206782,11.71529293
0.004920601643,-0.4784376025,11.71407509
0.004920668012,-0.4780713618,11.71481133
0.004920800749,-0.4773386717,11.71515751
0.004921066224,-0.4758722782,11.71657944
0.004921597174,-0.4729355276,11.71879387
0.004922659073,-0.4670462608,11.72367668
0.004924782872,-0.4552056491,11.73254681
0.00492903047,-0.431283325,11.74941635
0.004937525665,-0.3825344443,11.77780724
0.004947525665,-0.3237648606,11.80469322
0.004957525665,-0.2637175024,11.82538509
0.004967525665,-0.2026293874,11.84190845
0.004977525665,-0.1407415867,11.85463619
0.004987525665,-0.07829833776,11.86502647
0.004997525665,-0.01554607973,11.87302971
0.005007525665,0.04726753011,11.87976933
0.005008775665,0.05511119217,11.88040447
0.005011275665,0.07078783959,11.88180161
0.005011900665,0.07470442355,11.88213825
0.005012056915,0.07568339258,11.88222218
0.005012369415,0.07764110714,11.88238907
0.005012994415,0.08155563474,11.88271999
0.00501299754,0.08157520741,6.191318512
0.00501300379,0.08161434531,-2.446596622
0.00501301629,0.08169262111,-9.652808189
0.0050130217,0.08172650635,-10.54434872
0.005013029222,0.08177360147,-11.19427109
0.005013036547,0.0818194747,-11.47913933
0.005013051199,0.0819112286,-11.68407536
0.005013067722,0.08201469481,-11.71617413
0.005013097346,0.08220019937,-11.7199707
0.005013138131,0.08245559037,-11.71932125
0.0050132197,0.08296635002,-11.72003078
0.005013382838,0.08398779482,-11.72052002
0.005013709114,0.08603043109,-11.72215366
0.005014361667,0.09011460096,-11.72481728
0.005015666772,0.09827833623,-11.73052883
0.005018276983,0.1145854294,-11.74090958
0.005023497404,0.1471027732,-11.76019001
0.005033497404,0.2089199424,-11.79036427
0.005043497404,0.2699126005,-11.81407452
0.005053497404,0.3298400044,-11.8322506
0.005063497404,0.3884657025,-11.84674931
0.005073497404,0.4455583096,-11.85785389
0.005083497404,0.50089252,-11.8669157
0.005093497404,0.5542498827,-11.87383747
0.005103497404,0.6054199338,-11.87967491
0.005104747404,0.6116521955,-11.88021374
0.005105059904,0.6132044196,-11.88036633
0.005105684904,0.6163017154,-11.88067055
0.005106934904,0.6224676967,-11.8812685
0.005106941153,0.6224984527,-2.710059404
0.005106953653,0.6225599051,8.504833221
0.00510696067,0.6225944161,10.19596672
0.005106965656,0.6226189137,10.81253815
0.005106972969,0.6226549149,11.30477619
0.005106984717,0.6227126718,11.61575985
0.005107000005,0.6227878332,11.70750809
0.005107021354,0.6228927374,11.72127533
0.005107053658,0.6230515242,11.72075272
0.005107118266,0.6233689785,11.72124481
0.005107247483,0.6240036488,11.72170448
0.005107505916,0.625271678,11.72295666
0.005108022783,0.6278027892,11.72516251
0.005109056517,0.6328451633,11.72973347
0.005111123984,0.6428495646,11.73829269
0.005115258918,0.6625313163,11.75434971
0.005123528786,0.7005402446,11.78168964
0.005133528786,0.7439659834,11.80815697
0.005143528786,0.784455657,11.82863998
0.005153528786,0.8218494654,11.84478951
0.005163528786,0.8559997678,11.85733986
0.005173528786,0.8867718577,11.8673811
0.005183528786,0.914044261,11.87522125
0.005193528786,0.9377093315,11.88162327
0.005203528786,0.9576737285,11.88664722
0.005204778786,0.9599049687,11.88723946
0.005207278786,0.9641897082,11.88832283
0.005207903786,0.9652237892,11.88858414
0.005208060036,0.96547997,11.88864899
0.005208372536,0.9659895301,11.88877773
0.005208485992,0.9661736488,-8.226128578
0.005208554525,0.9662845731,-13.6452179
0.005208611356,0.9663764834,-10.77517033
0.005208635196,0.966414988,-11.80373001
0.005208658181,0.9664520621,-11.7068615
0.005208682432,0.9664912224,-11.7147007
0.005208709709,0.9665352106,-11.71397591
0.005208764264,0.9666230679,-11.71439838
0.005208873373,0.9667984843,-11.71479988
0.00520909159,0.9671479464,-11.71585751
0.005209528026,0.9678413868,-11.71775246
0.005210400897,0.969206512,-11.72165871
0.005212146639,0.9718492031,-11.72905064
0.005215638123,0.9767835736,-11.74304962
0.005222621091,0.9852398634,-11.76748848
0.005232621091,0.9940441847,-11.79597187
0.005242621091,0.9989254475,-11.81806755
0.005252621091,0.9998643994,-11.83545113
0.005262621091,0.9968573451,-11.84902382
0.005272621091,0.9899161458,-11.85985661
0.005282621091,0.9790682197,-11.86839199
0.005292621091,0.9643563628,-11.87534237
0.005293871091,0.9622484446,-11.87606716
0.005296371091,0.9578546286,-11.87753105
0.005296381141,0.9578365088,0.0514937602
0.005296401241,0.9578002095,11.85099792
0.005296408263,0.9577875137,11.78431416
0.005296414364,0.9577764869,11.75590134
0.005296422663,0.9577614665,11.73716831
0.005296439261,0.9577314854,11.72547436
0.005296472458,0.9576714635,11.72425365
0.005296538852,0.9575513005,11.72497654
0.005296671639,0.9573104382,11.72529793
0.005296937215,0.9568268061,11.72666931
0.005297468365,0.9558514357,11.72878456
0.005298530665,0.9538688064,11.73347282
0.005300655266,0.9497761726,11.74196529
0.005304904467,0.9410839081,11.75812244
0.005313402869,0.9216937423,11.78524399
0.005323402869,0.8955174088,11.81084728
0.005333402869,0.8658068776,11.83045101
0.005343402869,0.8326793909,11.84603405
0.005353402869,0.7962656617,11.85793972
0.005363402869,0.756709516,11.86759853
0.005373402869,0.7141669393,11.87494183
0.005383402869,0.6688058376,11.88108063
0.005393402869,0.6208053231,11.88570595
0.005394652869,0.6146289706,11.88630676
0.005397152869,0.6021629572,11.88732147
0.005397777869,0.5990231633,11.88756466
0.005399027869,0.5927157998,11.88804531
0.005399340369,0.5911332369,11.88816357
0.005399577855,0.5899290442,-9.908818245
0.005399678347,0.5894190669,-12.92861652
0.005399768894,0.5889593959,-10.93398571
0.00539981065,0.5887473226,-11.99581146
0.005399848678,0.5885542035,-11.62584591
0.005399888842,0.5883501768,-11.7459898
0.005399926196,0.588160336,-11.7060585
0.005399989873,0.5878367424,-11.72085571
0.005400087638,0.5873396993,-11.71295452
0.005400283169,0.5863448977,-11.71989918
0.00540067423,0.5843527317,-11.71647263
0.005401456351,0.58035779,-11.72474957
0.005403020595,0.5723260045,-11.72686005
0.005406149082,0.5560973287,-11.74410534
0.005412406057,0.5230017304,-11.76222801
0.005422406057,0.4684513807,-11.79631233
0.005432406057,0.4120522439,-11.81493664
0.005442406057,0.3540269434,-11.83744431
0.005452406057,0.2946044505,-11.84723473
0.005462406057,0.2340192795,-11.86288452
0.005472406057,0.1725105494,-11.86745453
0.005482406057,0.1103209928,-11.87901497
0.005483656057,0.1025116295,-11.87763309
0.005486156057,0.08687441051,-11.87912464
0.005486781057,0.08296161145,-11.87950802
0.005488031057,0.07513222098,-11.88023186
0.005490531057,0.05946003273,-11.88162518
0.005490541107,0.05939699709,0.04739936069
0.005490561207,0.05927092955,11.8469038
0.005490568228,0.05922688916,11.78022861
0.005490574327,0.05918863416,11.7518158
0.005490582625,0.05913658813,11.73307991
0.005490599221,0.05903249234,11.72138214
0.005490632413,0.05882430449,11.72016144
0.005490698797,0.05840792134,11.72088623
0.005490831564,0.05757512525,11.72121048
0.005491097099,0.05590940639,11.72258949
0.005491628169,0.0525775142,11.72471905
0.005492690308,0.04591200501,11.72943306
0.005494814586,0.03257514909,11.73797798
0.005499063143,0.005886409432,11.7542305
0.005507560257,-0.04748463631,11.78151798
0.005517560257,-0.1101106256,11.80728722
0.005527560257,-0.1723020524,11.82702827
0.005537560257,-0.2338134944,11.84273148
0.005547560257,-0.2944021821,11.85474586
0.005557560257,-0.3538289964,11.86450863
0.005567560257,-0.4118593931,11.87195492
0.005577560257,-0.4682643712,11.87819862
0.005578810257,-0.4751895666,11.87877655
0.005581310257,-0.488951534,11.8800602
0.005581935257,-0.4923733175,11.88036919
0.005583185257,-0.4991940558,11.88097763
0.005583497757,-0.5008944273,11.88112736
0.005584122757,-0.5042893887,11.88142395
0.005584279007,-0.5051369071,11.88149738
0.005584591507,-0.5068305135,11.8816433
0.005585216507,-0.510211885,11.88193321
0.005585219632,-0.5102287531,6.190529823
0.005585225882,-0.5102625489,-2.447388172
0.005585238382,-0.510330081,-9.653598785
0.005585243793,-0.5103592873,-10.54516411
0.005585251314,-0.5103999376,-11.19508171
0.00558525864,-0.5104395151,-11.47994614
0.005585273292,-0.5105186701,-11.68487263
0.005585289816,-0.5106079578,-11.71696758
0.005585319442,-0.5107679963,-11.72076416
0.00558536023,-0.5109882951,-11.72011757
0.005585441805,-0.511428833,-11.72083282
0.005585604956,-0.512309432,-11.72133255
0.005585931257,-0.5140690804,-11.72298717
0.005586583859,-0.5175818801,-11.72569275
0.005587889064,-0.5245813131,-11.73148823
0.005590499473,-0.5384739041,-11.7420311
0.005595720292,-0.5658207536,-11.7616148
0.005605720292,-0.6164767742,-11.79230785
0.005615720292,-0.6646998525,-11.81646442
0.005625720292,-0.7102997303,-11.83502769
0.005635720292,-0.7530962825,-11.84986019
0.005645720292,-0.7929207683,-11.86125088
0.005655720292,-0.8296159506,-11.87055683
0.005665720292,-0.8630369902,-11.87768555
0.005675720292,-0.8930520415,-11.88369274
0.005685720292,-0.9195426106,-11.88826561
0.005685876542,-0.9199279547,-11.8884058
0.005686189042,-0.9206960797,10.31636715
0.005686275219,-0.920907259,12.59236813
0.005686361147,-0.9211175442,11.16362286
0.005686405445,-0.9212259054,11.92699814
0.005686450162,-0.9213351607,11.63249493
0.005686496234,-0.9214476347,11.74839687
0.005686543642,-0.9215633273,11.70174885
0.005686620904,-0.921751678,11.72395515
0.005686735157,-0.9220298529,11.71056843
0.005686953785,-0.9225607514,11.72210693
0.005687391039,-0.9236173034,11.71485615
0.005688265549,-0.9257096052,11.72726727
0.005690014569,-0.9298101664,11.72636223
0.005693512608,-0.9376740456,11.74837208
0.005700508687,-0.9520393014,11.76459503
0.005710508687,-0.9693730474,11.80081177
0.005720508687,-0.9828811288,11.81472683
0.005730508687,-0.9925101995,11.83987808
0.005740508687,-0.9982222915,11.84540844
0.005750508687,-0.999994874,11.864007
0.005760508687,-0.9978209138,11.8646059
0.005770508687,-0.9917090535,11.8792963
0.005771758687,-0.9906691909,11.87614346
0.005774258687,-0.9884062409,11.8775301
0.005774268737,-0.9883967042,-0.05147922039
0.005774288837,-0.9883775115,-11.85096836
0.00577429586,-0.9883707762,-11.78428459
0.00577430196,-0.9883649349,-11.75587273
0.005774310259,-0.9883570075,-11.73713875
0.005774326858,-0.9883411527,-11.72544479
0.005774360054,-0.9883093834,-11.72422504
0.005774426448,-0.988245666,-11.72494793
0.005774559236,-0.9881177545,-11.72527027
0.005774824811,-0.9878599644,-11.72664356
0.00577535596,-0.9873359799,-11.72876263
0.00577641826,-0.9862551093,-11.73345661
0.00577854286,-0.9839616418,-11.74196148
0.005782792059,-0.9788490534,-11.75814247
0.005791290457,-0.9665349126,-11.78530788
0.005801290457,-0.9485197067,-11.81095505
0.005811290457,-0.9267611504,-11.83059692
0.005821290457,-0.9013450742,-11.84621239
0.005831290457,-0.8723717928,-11.85814476
0.005841290457,-0.8399556279,-11.86782742
0.005851290457,-0.8042246103,-11.87519169
0.005861290457,-0.7653196454,-11.8813467
0.005871290457,-0.7233942747,-11.88598633
0.005872540457,-0.7179493904,-11.8865881
0.005875040457,-0.7069270015,-11.88760662
0.005875665457,-0.7041440606,-11.88784981
0.005876915457,-0.6985456347,-11.88833237
0.005877227957,-0.6971392632,-11.88845062
0.005877852957,-0.6943185329,-11.88868618
0.005878009207,-0.6936116219,-11.88874435
0.00587812795,-0.693073988,8.359361649
0.005878180458,-0.6928361058,13.23933601
0.005878220408,-0.6926550865,11.1944294
0.005878240296,-0.6925649643,11.71652985
0.005878263892,-0.6924580336,11.71348763
0.005878286763,-0.6923543215,11.71387482
0.005878323335,-0.6921885014,11.71401787
0.00587839648,-0.6918567419,11.7143631
0.005878542769,-0.6911928058,11.71502686
0.005878835347,-0.6898631454,11.71636391
0.005879420504,-0.6871967912,11.71899414
0.005880590818,-0.681836307,11.72415352
0.005882931446,-0.6710050106,11.7340126
0.005887612701,-0.6489094496,11.75208855
0.005896975211,-0.6030538082,11.78251934
0.005906975211,-0.5517757535,11.80806065
0.005916975211,-0.4983201623,11.82801151
0.005926975211,-0.442897886,11.84368134
0.005936975211,-0.3857277036,11.85604382
0.005946975211,-0.3270352185,11.86587334
0.005956975211,-0.2670520842,11.87373257
0.005966975211,-0.2060150206,11.88008404
0.005968225211,-0.1983232498,11.88077545
0.005968537711,-0.1963983774,11.88094807
0.005968775196,-0.1949350536,-9.915990829
0.005968875688,-0.1943157166,-12.93577385
0.005968966235,-0.1937576085,-10.94112682
0.005969008001,-0.1935001463,-12.00303078
0.005969046043,-0.1932656318,-11.63290024
0.005969086221,-0.1930179447,-11.75314903
0.005969123593,-0.1927875429,-11.71315479
0.005969187288,-0.1923948228,-11.72797012
0.005969285068,-0.1917918921,-11.72003365
0.005969480626,-0.1905858368,-11.72695923
0.005969871744,-0.1881728321,-11.72345448
0.005970653978,-0.1833434552,-11.73161125
0.005972218447,-0.1736715287,-11.7334547
0.005975347386,-0.1542782784,-11.75021935
0.005981605262,-0.1153203994,-11.76742744
0.005991605262,-0.05272123963,-11.80026054
0.006001605262,0.01008598879,-11.81780338
0.006011605262,0.07285340875,-11.83939934
0.006021605262,0.1353333145,-11.84837818
0.006031605262,0.1972791255,-11.86333275
0.006041605262,0.2584463656,-11.8672657
0.006051605262,0.3185936213,-11.87827396
0.006061605262,0.3774835467,-11.87922764
0.006062855262,0.3847447336,-11.88196564
0.006063167762,0.3865563571,-11.88212585
0.006063792762,0.3901750743,-11.88241196
0.006063949012,0.3910788298,-11.88248253
0.006064261512,0.3928852081,-11.88262272
0.006064374969,0.3935406506,8.232279778
0.006064443502,0.3939364552,13.65136623
0.006064500346,0.3942647278,10.78115082
0.006064524192,0.3944024146,11.81003857
0.006064547187,0.3945351839,11.71297741
0.006064571446,0.394675225,11.72084904
0.006064598731,0.3948327601,11.72011948
0.006064653302,0.3951477408,11.720541
0.006064762442,0.3957775831,11.72093773
0.006064980724,0.3970367312,11.72198772
0.006065417286,0.3995527625,11.72386742
0.006066290412,0.4045758247,11.72774601
0.006068036662,0.4145852029,11.73508072
0.006071529163,0.4344531,11.74897671
0.006078514165,0.4735518098,11.7732296
0.006086490119,0.5170778632,11.79629326
0.006096490119,0.5698023438,11.81934547
0.006106063499,0.6181733012,11.83675766
0.006116063499,0.6663094163,11.85101032
0.006126063499,0.7118159533,11.86234093
0.006136063499,0.7545132637,11.87122822
0.006146063499,0.7942329049,11.87841606
0.006156063499,0.8308179975,11.88409996
0.006157313499,0.8351634145,11.88475037
0.006159813499,0.8436994553,11.88596821
0.006160438499,0.8458009958,11.88626099
0.006161688499,0.8499649763,11.88683987
0.006162000999,0.8509978056,11.88698101
0.006162625999,0.8530535698,11.8872633
0.006163875999,0.8571255803,11.88781643
0.006163882249,0.8571457863,2.716604233
0.006163894749,0.8571862578,-8.498290062
0.006163901764,0.8572089672,-10.18908501
0.006163906748,0.8572250605,-10.80566025
0.00616391406,0.8572487235,-11.29797935
0.006163925804,0.8572867513,-11.60910034
0.006163941087,0.8573361635,-11.70092869
0.006163962427,0.8574051857,-11.71472931
0.006163994711,0.8575095534,-11.7142086
0.00616405928,0.8577182293,-11.71470261
0.006164188417,0.8581351042,-11.71516705
0.006164446693,0.8589671254,-11.71642685
0.006164963243,0.8606244326,-11.71864891
0.006165996345,0.8639118671,-11.7232523
0.006168062547,0.8703773022,-11.73187351
0.006172194953,0.8828671575,-11.74804401
0.006180459763,0.9060532451,-11.77558422
0.006190459763,0.9308360219,-11.80226517
0.006200459763,0.9519452453,-11.82292652
0.006210459763,0.9692975283,-11.83923149
0.006220459763,0.9828244448,-11.85192585
0.006230459763,0.9924726486,-11.86210728
0.006240459763,0.9982039332,-11.87009144
0.006250459763,0.9999958277,-11.87664413
0.006251709763,0.9999423027,-11.87731266
0.006252022263,0.9999192953,-11.87748814
0.006252647263,0.9998616576,-11.87783623
0.006252650388,0.9998613596,-6.186435699
0.006252656638,0.9998607039,2.451478481
0.006252669138,0.9998593926,9.657690048
0.00625267455,0.9998587966,10.54938316
0.006252682072,0.9998580217,11.19928169
0.006252689399,0.9998572469,11.48412609
0.006252704054,0.9998556972,11.68899918
0.006252720581,0.999853909,11.72106457
0.006252750216,0.9998506904,11.72485065
0.006252791019,0.99984622,11.72420216
0.006252872626,0.9998371005,11.72490883
0.006253035839,0.9998180866,11.72539425
0.006253362267,0.9997768402,11.72701931
0.006254015121,0.9996817708,11.72966671
0.006255320829,0.9994412065,11.73534679
0.006257932246,0.9987582564,11.74566841
0.006263155079,0.9965859652,11.76483917
0.006273155079,0.9894353151,11.79482555
0.006283155079,0.9783798456,11.81838512
0.006293155079,0.9634631276,11.83643627
0.006303155079,0.9447441101,11.85082531
0.006313155079,0.9222965837,11.86182594
0.006323155079,0.8962091804,11.87078571
0.006333155079,0.8665848374,11.87760258
0.006343155079,0.8335404992,11.88332939
0.006353155079,0.7972065806,11.88764668
0.006354405079,0.7924405336,11.8882122
0.006356905079,0.7827621102,11.88916397
0.006356915129,0.7827228308,-0.03986453637
0.006356935229,0.7826442122,-11.83937359
0.006356942248,0.7826167345,-11.77271461
0.006356948345,0.7825928926,-11.74430084
0.006356956641,0.7825604677,-11.72556114
0.006356973232,0.7824955583,-11.71385956
0.006357006415,0.7823656797,-11.71264076
0.00635707278,0.7821059227,-11.71337795
0.006357205511,0.7815859914,-11.71372509
0.006357470971,0.7805444598,-11.71514893
0.006358001893,0.7784548402,-11.71736813
0.006359063736,0.7742496729,-11.72226048
0.006361187422,0.7657361627,-11.73114777
0.006365434793,0.7483016253,-11.74804878
0.006373929537,0.7118467093,-11.77649593
0.006383929537,0.6663420796,-11.80343628
0.006393929537,0.6182076931,-11.82417393
0.006403929537,0.5676335096,-11.84073734
0.006413929537,0.5148191452,-11.85350132
0.006423929537,0.4599730372,-11.86392593
0.006433929537,0.4033116102,-11.8719635
0.006443929537,0.3450585008,-11.87873745
0.006445179537,0.3376763463,-11.87937832
0.006445492037,0.3358275294,-11.87955666
0.006446117037,0.3321260214,-11.87991238
0.006446273287,0.3311998248,-11.88000107
0.006446585787,0.3293465078,-11.88017654
0.006446699243,0.3286733329,8.234712601
0.006446767776,0.3282666206,13.65379238
0.006446824625,0.3279291987,10.78350544
0.006446848475,0.3277876377,11.81252003
0.006446871473,0.3276511133,11.71537971
0.006446895735,0.3275070786,11.72326279
0.006446923024,0.3273450732,11.7225275
0.0064469776,0.3270210326,11.72294331
0.006447086753,0.3263728321,11.72332764
0.00644730506,0.325075984,11.72435474
0.006447741672,0.3224804401,11.72618675
0.006448614897,0.3172821105,11.72997093
0.006450361347,0.3068569005,11.73712063
0.006453854248,0.2858969569,11.7506628
0.006460840048,0.2435740978,11.77427006
0.006470840048,0.1821940392,11.80171776
0.006480840048,0.120094955,11.82293606
0.006490840048,0.05752190575,11.83956623
0.006500840048,-0.005278153345,11.85247993
0.006510840048,-0.06805738062,11.86272717
0.006520840048,-0.1305680275,11.87073231
0.006530840048,-0.1925633699,11.87720013
0.006540840048,-0.253798753,11.88229179
0.006542090048,-0.261387676,11.88287735
0.006542402548,-0.2632823884,11.88301659
0.006543027548,-0.2670688033,11.8832922
0.006543183798,-0.2680147588,11.88336086
0.006543496298,-0.269905895,11.88349724
0.006543609755,-0.2705922425,-8.231407166
0.006543678288,-0.271006763,-13.65049553
0.00654373513,-0.2713505328,-10.78030396
0.006543758975,-0.2714947164,-11.80914593
0.006543781969,-0.271633774,-11.71211147
0.006543806227,-0.2717804611,-11.71997929
0.006543833511,-0.2719454169,-11.71924973
0.006543888079,-0.2722753584,-11.7196722
0.006543997215,-0.2729350924,-11.72007084
0.006544215487,-0.2742542326,-11.7211237
0.006544652032,-0.2768909037,-11.72301006
0.006545525121,-0.2821580172,-11.7269001
0.0065472713,-0.2926665843,-11.73425865
0.006550763657,-0.3135767877,-11.74819851
0.006557748371,-0.3549342453,-11.77253246
0.006564363285,-0.3934731483,-11.79203701
0.006571072493,-0.431866914,-11.8086853
0.006577726026,-0.4691844285,-11.82277584
0.006585133289,-0.5097621083,-11.83588696
0.006592574484,-0.5494139194,-11.84699154
0.006602110904,-0.5984634161,-11.85853958
0.006612110904,-0.6475871205,-11.86828327
0.006622110904,-0.694155097,-11.87595367
0.006632110904,-0.7379835248,-11.88220501
0.006642110904,-0.7788994908,-11.88716888
0.006642267154,-0.7795148492,-11.8872633
0.006642579654,-0.7807432413,10.3175087
0.006642665831,-0.7810814381,12.59350204
0.006642751763,-0.7814185023,11.16474533
0.006642796063,-0.7815921307,11.92815018
0.006642840784,-0.7817673683,11.63361168
0.006642886859,-0.7819479108,11.74953651
0.006642934272,-0.7821335196,11.70287323
0.006643011537,-0.7824359536,11.72508526
0.006643125791,-0.7828828096,11.7116909
0.006643344411,-0.7837367058,11.7232275
0.006643781651,-0.7854400277,11.71596241
0.00664465613,-0.7888289094,11.72835445
0.006646405089,-0.7955351472,11.72740459
0.006649903007,-0.8086586595,11.7493372
0.006656898843,-0.8337276578,11.76541042
0.006666898843,-0.8667538762,11.80145073
0.006676898843,-0.8963594437,11.81521034
0.006686898843,-0.9224274755,11.84023285
0.006696898843,-0.944855094,11.8456459
0.006706898843,-0.9635538459,11.86414433
0.006716898843,-0.9784498811,11.86465073
0.006726898843,-0.9894843698,11.87926102
0.006728148843,-0.9905898571,11.87609768
0.006730648843,-0.9926174283,11.87746525
0.006731273843,-0.99308604,11.87783909
0.006731430093,-0.9932008386,11.87792492
0.006731742593,-0.9934274554,11.87809563
0.006731856049,-0.9935088158,-8.236795425
0.006731924582,-0.9935576916,-13.65587711
0.006731981435,-0.9935981631,-10.78553391
0.006732005288,-0.9936150312,-11.81466007
0.006732028288,-0.9936313629,-11.71745586
0.006732052554,-0.9936485291,-11.72535038
0.006732079845,-0.9936677814,-11.72461414
0.006732134427,-0.993706286,-11.7250309
0.006732243591,-0.9937828779,-11.72541714
0.006732461919,-0.993934691,-11.72644806
0.006732898574,-0.9942326546,-11.72828674
0.006733771886,-0.9948061705,-11.73208523
0.006735518509,-0.9958632588,-11.73926449
0.006739011754,-0.9976176023,-11.75286198
0.006745998246,-0.9996839166,-11.77657318
0.006755998246,-0.9992898703,-11.80415154
0.006765998246,-0.9949521422,-11.82548428
0.006775998246,-0.9866877198,-11.84221172
0.006785998246,-0.974529326,-11.85520554
0.006795998246,-0.9585249424,-11.86551666
0.006805998246,-0.9387376308,-11.87356853
0.006815998246,-0.9152455926,-11.88006592
0.006825998246,-0.8881415129,-11.88517094
0.006835998246,-0.8575323224,-11.88938427
0.006836154496,-0.857026875,-11.88941765
0.006836466996,-0.8560134768,10.31538391
0.006836553173,-0.8557334542,12.59138012
0.006836639098,-0.855453968,11.16265488
0.006836683393,-0.8553097844,11.92600346
0.006836728107,-0.8551642299,11.63153172
0.006836774176,-0.8550141454,11.7474165
0.006836821582,-0.8548596501,11.70078182
0.006836898841,-0.8546076417,11.72298527
0.006837013093,-0.8542346954,11.70960999
0.006837231726,-0.8535196781,11.72115517
0.006837668994,-0.8520848751,11.71392918
0.00683854353,-0.8491960168,11.7263813
0.006840292601,-0.8433414102,11.72556496
0.006843790743,-0.8313273787,11.74773598
0.006850787026,-0.8061004877,11.76426125
0.006860787026,-0.7673517466,11.80084705
0.006870787026,-0.7255746126,11.81508255
0.006880787026,-0.6809339523,11.84050655
0.006890787026,-0.6336060166,11.84627628
0.006900787026,-0.5837774873,11.86507893
0.006910787026,-0.5316450596,11.86585999
0.006920787026,-0.4774144292,11.88070488
0.006922037026,-0.4704986513,11.87757111
0.006924537026,-0.4565804601,11.87899303
0.006925162026,-0.4530831873,11.87937927
0.006925318276,-0.4522077739,11.87946892
0.006925630776,-0.4504556358,11.8796463
0.006925744233,-0.4498190582,-8.23524189
0.006925812766,-0.4494344592,-13.65432262
0.006925869616,-0.4491153359,-10.78402042
0.006925893466,-0.4489814341,-11.81306267
0.006925916465,-0.4488523006,-11.71590614
0.006925940728,-0.4487160742,-11.72379208
0.006925968017,-0.4485628307,-11.72305679
0.006926022595,-0.4482563138,-11.7234726
0.006926131751,-0.447643131,-11.72385597
0.006926350063,-0.4464161098,-11.72488213
0.006926786686,-0.4439595938,-11.72671223
0.006927659933,-0.4390365183,-11.73049259
0.006929406427,-0.4291509092,-11.73763561
0.006932899415,-0.4092258215,-11.75116348
0.006939885391,-0.3687939942,-11.77474499
0.006949885391,-0.3097017705,-11.80216026
0.006959885391,-0.249387309,-11.82335186
0.006969885391,-0.1880886257,-11.83995724
0.006979885391,-0.1260476261,-11.85284901
0.006989885391,-0.06350919604,-11.86307526
0.006999885391,-0.0007201104891,-11.87106037
0.007009885391,0.06207181513,-11.87750816
0.007019885391,0.1246187687,-11.8825798
0.007021135391,0.1324076056,-11.88316345
0.007023635391,0.1479602903,-11.88424873
0.007023645441,0.1480227411,0.04477789253
0.007023665541,0.1481476426,11.84428501
0.007023672561,0.1481912583,11.77761555
0.00702367866,0.1482291669,11.74920273
0.007023686957,0.14828071,11.73046684
0.007023703552,0.148383826,11.71876812
0.00702373674,0.1485900432,11.71755028
0.007023803118,0.1490024626,11.71828365
0.007023935872,0.149827227,11.71862316
0.007024201381,0.1514764279,11.72003365
0.007024732399,0.1547735631,11.72222614
0.007025794436,0.1613626331,11.72706509
0.007027918508,0.174518913,11.73584938
0.007032166653,0.2007358819,11.75255871
0.007040662943,0.2527222335,11.78066635
0.007047245084,0.292509079,11.798913
0.007053533618,0.3300548196,11.8134594
0.007060203573,0.3693135083,11.82693291
0.007069349726,0.4220788181,11.84186363
0.007079349726,0.4781692624,11.85516071
0.007089349726,0.5323725939,11.8653841
0.007099349726,0.5844748616,11.87381172
0.007109349726,0.6342705488,11.88027477
0.007119349726,0.6815629601,11.88578987
0.007120599726,0.6872891188,11.88629436
0.007120912226,0.688714087,11.88643932
0.007121149712,0.6897951365,-9.9105196
0.007121250204,0.6902521849,-12.9303112
0.007121340751,0.6906636953,-10.93567181
0.007121382509,0.6908534169,-11.99751472
0.00712142054,0.6910261512,-11.62750816
0.007121460707,0.691208601,-11.74767494
0.007121498066,0.6913781762,-11.70772743
0.007121561747,0.6916671991,-11.7225256
0.007121659516,0.6921107173,-11.71461105
0.007121855053,0.6929970384,-11.72154331
0.007122246127,0.6947664022,-11.71807957
0.007123028276,0.698292613,-11.72629261
0.007124592572,0.705294311,-11.72827053
0.007127721166,0.7190926671,-11.74526882
0.007133978353,0.745850563,-11.76292706
0.007143978353,0.7862043977,-11.79636574
0.007153978353,0.8234554529,-11.81443501
0.007163978353,0.8574566841,-11.8364687
0.007173978353,0.8880739212,-11.84584427
0.007183978353,0.9151863456,-11.86113834
0.007193978353,0.9386869669,-11.86539364
0.007203978353,0.9584830403,-11.87668514
0.007205228353,0.9606930017,-11.87527084
0.007207728353,0.9649350047,-11.8767004
0.007208353353,0.9659583569,-11.87706852
0.007209603353,0.9679603577,-11.87776375
0.007209915853,0.9684515595,-11.8779335
0.007210540853,0.969422698,-11.87827206
0.007210697103,0.9696631432,-11.87835598
0.007210815846,0.9698452353,8.369729042
0.007210868355,0.9699255824,13.24969673
0.00721090832,0.9699866772,11.20451927
0.007210928218,0.9700170755,11.72702122
0.007210951826,0.9700531363,11.72382069
0.007210974711,0.9700880647,11.72421932
0.007211011294,0.970143795,11.72435379
0.00721108446,0.9702551961,11.72468853
0.007211230793,0.9704774022,11.72532845
0.007211523459,0.9709192514,11.72661877
0.007212108789,0.9717931747,11.72915649
0.007213279451,0.9735015631,11.73413277
0.007215620775,0.9767602086,11.74363899
0.007220303422,0.9826427102,11.76105595
0.007229668716,0.9918516874,11.79032612
0.007239668716,0.9978938699,11.81481361
0.007249668716,0.9999978542,11.83386707
0.007259668716,0.9981552362,11.84875965
0.007269668716,0.9923734069,11.86043453
0.007279668716,0.9826751351,11.86964512
0.007289668716,0.9690986872,11.87693977
0.007299668716,0.9516977072,11.88276863
0.007309668716,0.9305407405,11.8874445
0.007310918716,0.9276360273,11.88795662
0.007313418716,0.9216551185,11.88894939
0.007314043716,0.9201242924,11.88918781
0.007314199966,0.9197393656,11.88924789
0.007314512466,0.9189668894,11.88936615
0.007315137466,0.9174112678,11.88960171
0.007315140591,0.9174034595,6.198194981
0.007315146841,0.9173878431,-2.439726114
0.007315159341,0.9173565507,-9.645936966
0.00731516475,0.9173430204,-10.53726101
0.00731517227,0.9173241854,-11.18721676
0.007315179593,0.9173058867,-11.47211933
0.00731519424,0.9172692299,-11.677145
0.007315210757,0.9172279239,-11.70929241
0.007315240368,0.9171537757,-11.71310616
0.007315281126,0.9170516729,-11.71246147
0.007315362642,0.9168473482,-11.7131834
0.007315525675,0.9164378643,-11.71369648
0.00731585174,0.9156160951,-11.71537876
0.007316503869,0.9139610529,-11.71813774
0.007317808129,0.9106048346,-11.72403812
0.007320416648,0.9037092924,-11.73478222
0.007325633686,0.8891918659,-11.75474072
0.007335633686,0.8587084413,-11.78607464
0.007345485409,0.8253624439,-11.81044102
0.007355485409,0.7882820368,-11.82952785
0.007365485409,0.7480906248,-11.84481049
0.007375485409,0.7049468756,-11.85659695
0.007385485409,0.6590210199,-11.86626053
0.007395485409,0.6104943156,-11.87371826
0.007396735409,0.6042550206,-11.87462521
0.007399235409,0.5916650295,-11.87623978
0.007399860409,0.5884945989,-11.87662792
0.007401110409,0.5821265578,-11.87739372
0.007403610409,0.5692831278,-11.8788681
0.007403688534,0.5688794851,-11.87891293
0.007403844784,0.5680718422,-11.87900257
0.007404157284,0.5664548278,-11.87917995
0.007404270741,0.5658671856,8.235707283
0.007404339274,0.5655121207,13.65478802
0.007404396125,0.565217495,10.78447342
0.007404419976,0.5650938749,11.81354046
0.007404442975,0.564974606,11.71636963
0.007404467239,0.5648488402,11.72425747
0.007404494529,0.5647073388,11.72352123
0.007404549108,0.5644242764,11.72393703
0.007404658266,0.5638579726,11.72432041
0.007404876583,0.5627245903,11.72534561
0.007405313216,0.560454607,11.72717476
0.007406186482,0.5559020042,11.73095226
0.007407933014,0.5467467904,11.73809052
0.007411426079,0.5282399654,11.7516098
0.007418412209,0.4904719293,11.77517414
0.007428412209,0.4347848594,11.80256939
0.007438412209,0.377381891,11.82374191
0.007448412209,0.3184895515,11.84033203
0.007458412209,0.2583402991,11.85320759
0.007468412209,0.1971715093,11.86341953
0.007478412209,0.135224551,11.87139034
0.007488412209,0.07274392992,11.87782383
0.007498412209,0.009976220317,11.88288021
0.007499662209,0.002122402191,11.883461
0.007502162209,-0.01358514186,11.88454342
0.007502787209,-0.01751165465,11.88480282
0.007502943459,-0.01849324442,11.88486767
0.007503255959,-0.02045636624,11.88499641
0.007503369415,-0.02116907947,-8.229909897
0.007503437949,-0.02159958705,-13.64899921
0.007503494787,-0.02195663191,-10.7788496
0.007503518631,-0.02210641094,-11.80761242
0.007503541622,-0.02225083299,-11.71062469
0.007503565878,-0.02240319923,-11.71848488
0.00750359316,-0.02257457562,-11.71775818
0.007503647725,-0.02291732281,-11.71818066
0.007503756853,-0.02360281162,-11.71858215
0.00750397511,-0.0249737557,-11.71963978
0.007504411624,-0.02771550044,-11.72153568
0.007505284651,-0.03319834173,-11.72544479
0.007507030706,-0.04416086525,-11.73284054
0.007510522816,-0.06606864184,-11.74685001
0.007517507037,-0.1097782552,-11.77131081
0.007527507037,-0.1719726473,-11.79982471
0.007536579999,-0.2278206795,-11.82009983
0.007546579999,-0.2885104418,-11.83790874
0.007556579999,-0.3480615914,-11.85180664
0.007566579999,-0.4062391222,-11.86288261
0.007576579999,-0.4628133774,-11.87159157
0.007586579999,-0.5175611377,-11.87866116
0.007596579999,-0.5702663064,-11.88427162
0.007597829999,-0.5767003894,-11.88491631
0.007598142499,-0.5783033967,-11.88506985
0.007598767499,-0.5815026164,-11.88537598
0.007598923749,-0.5823010802,-11.88545132
0.007599236249,-0.5838962197,-11.885602
0.007599861249,-0.5870797038,-11.8859005
0.007599864374,-0.5870956182,-6.194497585
0.007599870624,-0.5871273875,2.443419695
0.007599883124,-0.5871909857,9.649630547
0.007599888534,-0.587218523,10.54107094
0.007599896054,-0.5872567296,11.19100952
0.007599903379,-0.5872939825,11.47589397
0.007599918028,-0.5873684883,11.68087101
0.007599934548,-0.5874524713,11.71299267
0.007599964167,-0.5876030922,11.71679592
0.007600004939,-0.5878103375,11.71614838
0.007600086484,-0.5882247686,11.71686172
0.007600249573,-0.589053154,11.71735859
0.007600575751,-0.590708077,11.71900845
0.007601228108,-0.5940104127,11.72170448
0.007602532822,-0.600585103,11.72747898
0.007605142249,-0.6136130095,11.7379818
0.007610361104,-0.6391705275,11.7574873
0.007620361104,-0.6861993074,11.78804874
0.007630361104,-0.7305198908,11.8120842
0.007640361104,-0.7719575167,11.83053875
0.007650361104,-0.8103485107,11.84528065
0.007660361104,-0.8455414772,11.85659981
0.007670361104,-0.8773974776,11.86585522
0.007680361104,-0.9057907462,11.87295341
0.007681611104,-0.9090906978,11.87381935
0.007684111104,-0.9155222178,11.87535191
0.007689111104,-0.9277060032,11.87818432
0.007690361104,-0.9306093454,11.87883949
0.007690367354,-0.9306237102,2.707634211
0.007690379854,-0.9306524396,-8.507256508
0.007690386871,-0.9306685925,-10.19851685
0.007690391857,-0.9306800365,-10.81508732
0.007690399171,-0.9306968451,-11.30729485
0.00769041092,-0.930723846,-11.61822891
0.007690426211,-0.9307589531,-11.70994663
0.007690447563,-0.9308080077,-11.72370052
0.007690479874,-0.9308822155,-11.72317505
0.007690544497,-0.9310304523,-11.72366428
0.007690673743,-0.9313265085,-11.72411728
0.007690932235,-0.9319167733,-11.72535706
0.007691449219,-0.9330899119,-11.7275362
0.007692483186,-0.9354066849,-11.73205757
0.00769455112,-0.9399216771,-11.74051857
0.007698686989,-0.9484748244,-11.75638866
0.007706958727,-0.9636544585,-11.78339481
0.007716958727,-0.9785274863,-11.80951023
0.007726958727,-0.9895387292,-11.82969379
0.007736958727,-0.9966447353,-11.84558678
0.007746958727,-0.999817431,-11.85791206
0.007756958727,-0.9990442991,-11.86775494
0.007766958727,-0.9943283796,-11.87541771
0.007776958727,-0.9856883287,-11.88165855
0.007786958727,-0.9731582403,-11.8865366
0.007788208727,-0.9713207483,-11.88711166
0.007790708727,-0.967466116,-11.88816166
0.007791333727,-0.9664651155,-11.88841343
0.007792583727,-0.9644184709,-11.88891125
0.007792896227,-0.9638975263,-11.88903332
0.007793521227,-0.9628444314,-11.8892765
0.007793677477,-0.9625788331,-11.88933659
0.007793989977,-0.9620448351,-11.88945675
0.007794103434,-0.9618501067,8.22545433
0.007794171967,-0.9617322087,13.64454556
0.007794228796,-0.9616342783,10.77451801
0.007794252635,-0.9615932107,11.80304241
0.00779427562,-0.961553514,11.70619583
0.007794299869,-0.9615116715,11.71403122
0.007794327146,-0.9614645839,11.71330833
0.007794381698,-0.9613702893,11.71373272
0.007794490804,-0.9611813426,11.71413708
0.007794709015,-0.9608021379,11.71520138
0.007795145436,-0.9600383639,11.71710968
0.00779601828,-0.9584890604,11.72104263
0.007797763966,-0.9553040266,11.72848511
0.00780125534,-0.9485895634,11.74258232
0.007808238086,-0.9337947369,11.76720047
0.007817178697,-0.9122321606,11.79317665
0.007827178697,-0.8847084641,11.81606388
0.007837178697,-0.8536932468,11.83407402
0.007847178697,-0.819308877,11.84814644
0.007857178697,-0.7816910744,11.85937786
0.007867178697,-0.7409882545,11.86823463
0.007877178697,-0.6973611116,11.87544441
0.007878428697,-0.6917105913,11.87619781
0.007880928697,-0.6802818179,11.87771702
0.007881553697,-0.6773982644,11.87808228
0.007881709947,-0.6766757965,11.87817383
0.007882022447,-0.6752287745,11.87835503
0.007882135904,-0.6747027636,-8.236531258
0.007882204437,-0.674384892,-13.65561104
0.007882261289,-0.6741210818,-10.78527355
0.007882285141,-0.674010396,-11.81438446
0.007882308142,-0.6739036441,-11.71718788
0.007882332407,-0.6737909913,-11.72508049
0.007882359698,-0.6736642718,-11.72434235
0.007882414279,-0.6734107733,-11.72475815
0.007882523442,-0.6729035974,-11.72514057
0.007882741767,-0.6718881726,-11.72616386
0.007883178417,-0.6698536277,-11.72798824
0.007884051717,-0.6657694578,-11.73175716
0.007885798317,-0.6575410366,-11.7388773
0.007889291518,-0.6408476233,-11.75236511
0.00789627792,-0.6065428853,-11.77587414
0.00790627792,-0.5554243326,-11.80320168
0.00791627792,-0.5021138191,-11.82432175
0.00792627792,-0.4468216896,-11.840868
0.00793627792,-0.3897661269,-11.85370922
0.00794627792,-0.3311723769,-11.8638916
0.00795627792,-0.2712716162,-11.87183666
0.00796627792,-0.2103002518,-11.87824631
0.00797627792,-0.1484989524,-11.88328075
0.00797752792,-0.1407275498,-11.88385963
0.00798002792,-0.1251591891,-11.88493633
0.00798065292,-0.1212621182,-11.88519478
0.00798190292,-0.1134624407,-11.88570499
0.00798190917,-0.113423422,-2.714490652
0.00798192167,-0.113345392,8.500405312
0.007981928686,-0.1133015901,10.19130707
0.00798193367,-0.1132704765,10.80788136
0.007981940982,-0.1132248268,11.30017281
0.007981952728,-0.1131514981,11.61124992
0.007981968012,-0.113056086,11.70305252
0.007981989355,-0.1129228398,11.71684361
0.007982021646,-0.1127212495,11.71632385
0.007982086227,-0.1123180464,11.71681976
0.007982215391,-0.1115115881,11.71728897
0.007982473717,-0.1098984554,11.71855736
0.00798299037,-0.1066713184,11.72079754
0.007984023676,-0.100213699,11.72543621
0.007986090289,-0.08728607744,11.73412514
0.007990223514,-0.06138885021,11.75042725
0.007998489964,-0.009487695992,11.77820873
0.008008489964,0.05331872031,11.8051424
0.008018489964,0.1159147099,11.8260231
0.008028489964,0.1780532449,11.84251785
0.008038489964,0.2394890636,11.85537148
0.008048489964,0.2999797463,11.86568642
0.008058489964,0.3592865467,11.87377644
0.008068489964,0.4171754122,11.88040924
0.008069739964,0.4243003726,11.88108635
0.008072239964,0.4384713471,11.88247776
0.008077239964,0.4664852321,11.8850584
0.008077259495,0.466593802,11.88506794
0.008077298557,0.4668108523,11.88508701
0.008077376682,0.4672448933,11.88512516
0.008077405046,0.4674024582,-2.052240372
0.008077427891,0.4675293565,-12.43875027
0.008077437716,0.4675839245,-11.95769787
0.008077445838,0.4676290452,-11.81685257
0.008077454998,0.4676799178,-11.7532692
0.008077473318,0.4677816331,-11.71815014
0.008077509497,0.4679825604,-11.71663475
0.008077567233,0.4683031142,-11.7174654
0.008077682703,0.4689440429,-11.7176609
0.008077913645,0.4702251554,-11.71893787
0.008078375528,0.4727844,-11.72076511
0.008079299294,0.4778909385,-11.72498226
0.008081146826,0.4880555272,-11.73253822
0.008084841891,0.5081861019,-11.74718666
0.008092232019,0.5476147532,-11.77218151
0.008102232019,0.5990728736,-11.79980946
0.008112232019,0.6481667757,-11.82096386
0.008122232019,0.6947026253,-11.8378191
0.008132232019,0.73849684,-11.85070705
0.008142232019,0.7793765068,-11.86120892
0.008152232019,0.8171803951,-11.8692131
0.008162232019,0.8517591953,-11.87595367
0.008163482019,0.8558478355,-11.87657261
0.008165982019,0.863866508,-11.87795734
0.008166607019,0.8658379316,-11.87829208
0.008167857019,0.8697407246,-11.87894917
0.008168169519,0.8707080483,-11.87911034
0.008168407005,0.8714409471,9.917836189
0.008168507497,0.871750474,12.93762302
0.008168598044,0.8720290661,10.94297886
0.008168639812,0.8721575141,12.00490665
0.008168677858,0.8722744584,11.63473511
0.008168718039,0.87239784,11.75501537
0.008168755416,0.8725126386,11.71500683
0.008168819116,0.8727081418,11.72983265
0.008168916899,0.8730079532,11.72189522
0.008169112465,0.8736065626,11.72883129
0.008169503597,0.8747998476,11.72533703
0.008170285861,0.8771705627,11.73352242
0.008171850389,0.8818483353,11.73541641
0.008174979446,0.8909478784,11.75228596
0.008181237558,0.9081104398,11.76968575
0.008191237558,0.9326108098,11.80279732
0.008201237558,0.953430593,11.82057858
0.008211237558,0.9704875946,11.84238625
0.008221237558,0.9837145805,11.85154247
0.008231237558,0.9930592775,11.86665058
0.008241237558,0.9984847903,11.8707056
0.008251237558,0.9999697804,11.88181686
0.008261237558,0.9975082874,11.88284206
0.008271237558,0.991110146,11.89154339
0.008271393808,0.9909790754,11.88956261
0.008271706308,0.9907140136,11.88944149
0.008271819758,0.990616858,-8.225126266
0.008271888292,0.990557909,-13.64457607
0.008271945118,0.9905088544,-10.77439594
0.008271968955,0.9904882908,-11.8029213
0.008271991939,0.9904683828,-11.70610046
0.008272016187,0.990447402,-11.71393108
0.008272043462,0.990423739,-11.71320915
0.008272098013,0.9903763533,-11.71363258
0.008272207115,0.9902812839,-11.71403599
0.008272425318,0.9900896549,-11.71509933
0.008272861725,0.9897008538,-11.71700573
0.008273734538,0.9889009595,-11.72093582
0.008275480164,0.9872118831,-11.72837162
0.008278971417,0.9834777117,-11.74245548
0.008283477583,0.9779587388,-11.75877666
0.008289304126,0.9696612358,-11.77744007
0.008295272222,0.9598150849,-11.79383373
0.008304343314,0.9422703981,-11.8147068
0.008314343314,0.9193854928,-11.8328476
0.008324343314,0.8928721547,-11.84720516
0.008334343314,0.8628350496,-11.8584671
0.008344343314,0.8293927312,-11.86753082
0.008354343314,0.7926771641,-11.8747139
0.008355593314,0.7878646851,-11.87552643
0.008358093314,0.7780941725,-11.87706184
0.008358718314,0.7756214142,-11.87743092
0.008359968314,0.7706401348,-11.87815952
0.008359974564,0.7706151009,-2.706959248
0.008359987064,0.770565033,8.507928848
0.008359994082,0.7705369592,10.19922733
0.008359999067,0.7705169916,10.81579781
0.008360006382,0.7704876661,11.3079977
0.008360018131,0.7704406381,11.61891747
0.008360033422,0.7703793645,11.7106266
0.008360054775,0.7702938318,11.72437572
0.008360087089,0.7701643109,11.72384834
0.008360151716,0.7699052691,11.72433472
0.00836028097,0.7693867683,11.72478104
0.008360539478,0.7683481574,11.72600746
0.008361056493,0.7662649751,11.7281599
0.008362090525,0.7620743513,11.73262882
0.008364158588,0.7535967827,11.74098778
0.008368294714,0.7362613082,11.75666523
0.008376566967,0.7001107931,11.78332329
0.008386566967,0.6538946629,11.8090744
0.008396566967,0.6050979495,11.82894611
0.008406566967,0.5539132357,11.84457207
0.008416566967,0.5005424023,11.85666656
0.008426566967,0.4451961815,11.86631012
0.008436566967,0.3880929947,11.87380123
0.008446566967,0.3294581771,11.87989521
0.008456566967,0.269523114,11.88464737
0.008457816967,0.2619515657,11.88520813
0.008460316967,0.2467603981,11.88623047
0.008460941967,0.2429529577,11.88647556
0.008461098217,0.2420005053,11.8865366
0.00846121696,0.2412765324,-8.361566544
0.008461269469,0.2409563363,-13.24153996
0.008461309421,0.2407127023,-11.19657612
0.008461329312,0.2405913919,-11.7187624
0.00846135291,0.2404474765,-11.7156868
0.008461375784,0.2403079718,-11.71607685
0.008461412359,0.2400848866,-11.71621895
0.008461485508,0.2396387011,-11.71656227
0.008461631806,0.2387461662,-11.71722317
0.008461924403,0.2369604856,-11.71855545
0.008462509597,0.2333867252,-11.72117519
0.008463679985,0.2262298018,-11.72631264
0.008466020761,0.2118796259,-11.73613071
0.008470702312,0.1830449104,-11.75413036
0.008480065415,0.1249254495,-11.78442955
0.008490065415,0.06238031015,-11.80985069
0.008500065415,-0.0004110142763,-11.82969952
0.008510065415,-0.06320071965,-11.84527969
0.008520065415,-0.12574099,-11.85756111
0.008530065415,-0.1877850294,-11.86731339
0.008540065415,-0.2490879744,-11.87510014
0.008550065415,-0.30940786,-11.88137913
0.008551315415,-0.3168668151,-11.882061
0.008553815415,-0.331725657,-11.8833952
0.008554440415,-0.3354277313,-11.88371658
0.008555690415,-0.3428162634,-11.88435078
0.008555696665,-0.3428531587,-2.713144064
0.008555709165,-0.3429269195,8.501747131
0.008555716181,-0.3429683447,10.19272327
0.008555721165,-0.3429977596,10.80929756
0.008555728478,-0.3430409133,11.30157375
0.008555740224,-0.3431102335,11.61262226
0.00855575551,-0.3432004452,11.70440865
0.008555776854,-0.3433264196,11.71819019
0.008555809149,-0.3435170054,11.71766663
0.008555873739,-0.3438980877,11.71815681
0.008556002918,-0.3446601331,11.71861267
0.008556261277,-0.3461835384,11.71985722
0.008556777994,-0.3492275774,11.72204685
0.008557811429,-0.3553045988,11.72658825
0.008559878299,-0.3674134612,11.73508739
0.008564012038,-0.3914432824,11.75102711
0.008572279516,-0.4386946857,11.77815247
0.008582279516,-0.4942548275,11.80439472
0.008592279516,-0.5478644371,11.82468033
0.008602279516,-0.5993118286,11.84066105
0.008612279516,-0.6483939886,11.85306835
0.008622279516,-0.6949172616,11.86299515
0.008632279516,-0.7386980057,11.87074757
0.008642279516,-0.7795634866,11.87708855
0.008643529516,-0.784458518,11.87773228
0.008646029516,-0.7941031456,11.87905788
0.008646654516,-0.7964837551,11.87937737
0.008646810766,-0.7970770001,11.87945652
0.008647123266,-0.7982611656,11.87961483
0.008647748266,-0.8006202579,11.87992859
0.008647751391,-0.8006320596,6.188526154
0.008647757641,-0.8006556034,-2.449390173
0.008647770141,-0.8007026315,-9.655601501
0.008647775552,-0.8007230163,-10.54722881
0.008647783074,-0.8007513285,-11.19713783
0.008647790401,-0.8007788658,-11.48199177
0.008647805054,-0.8008340001,-11.68689251
0.008647821579,-0.8008962274,-11.71897316
0.00864785121,-0.801007688,-11.72276402
0.008647892005,-0.8011611104,-11.72211742
0.008647973596,-0.8014677763,-11.72282887
0.008648136777,-0.802080512,-11.72332287
0.00864846314,-0.8033034801,-11.7249651
0.008649115866,-0.8057392836,-11.72764778
0.008650421317,-0.8105701208,-11.73339653
0.00865303222,-0.8200680017,-11.74384975
0.008658254025,-0.8383990526,-11.76326656
0.008668254025,-0.8709690571,-11.79367256
0.008678254025,-0.9001017809,-11.8175869
0.008688254025,-0.9256821871,-11.83594131
0.008698254025,-0.947609365,-11.85059261
0.008708254025,-0.9657967091,-11.86182308
0.008718254025,-0.9801725745,-11.87098503
0.008728254025,-0.9906800985,-11.87798214
0.008738254025,-0.9972778559,-11.88386917
0.008748254025,-0.9999397993,-11.88833237
0.008749504025,-0.999995172,-11.88891506
0.008749816525,-0.9999993443,-11.88903999
0.008750441525,-0.9999961257,-11.8892889
0.008750597775,-0.9999929667,-11.88935089
0.008750910275,-0.9999836683,-11.88947392
0.008751023732,-0.9999793172,8.225435257
0.008751092265,-0.9999764562,13.64452553
0.008751149094,-0.9999739528,10.77449799
0.008751172933,-0.9999728203,11.80302143
0.008751195917,-0.9999717474,11.7061758
0.008751220167,-0.9999706149,11.71401119
0.008751247443,-0.9999693036,11.71328831
0.008751301996,-0.9999665618,11.71371078
0.008751411101,-0.9999607205,11.71411419
0.008751629312,-0.9999476075,11.71517658
0.008752065733,-0.9999157786,11.71708107
0.008752938576,-0.9998295307,11.72100544
0.008754684261,-0.9995669127,11.7284317
0.008758175631,-0.9986808896,11.74249744
0.008764340417,-0.9959434271,11.76438141
0.008771068825,-0.9912506342,11.78480244
0.008778250499,-0.9842876196,11.80302906
0.008786476332,-0.9738512635,11.82041359
0.008796476332,-0.9576644897,11.83727551
0.008806476332,-0.9376981854,11.85064697
0.008816476332,-0.9140312076,11.86114597
0.008826476332,-0.8867570162,11.86961937
0.008836476332,-0.8559831381,11.87634373
0.008837726332,-0.851896286,11.87710762
0.008838038832,-0.8508663177,11.87729168
0.008838663832,-0.8487966061,11.87765598
0.008838820082,-0.848277092,11.87774658
0.008839132582,-0.8472356796,11.87792683
0.008839246039,-0.8468568325,-8.236960411
0.008839314572,-0.8466277122,-13.65604019
0.008839371425,-0.8464375734,-10.78569126
0.008839395278,-0.8463577628,-11.81482601
0.008839418279,-0.8462807536,-11.71761513
0.008839442545,-0.8461995125,-11.7255106
0.008839469836,-0.8461081386,-11.72477245
0.008839524418,-0.8459252715,-11.72518826
0.008839633583,-0.845559299,-11.72557163
0.008839851912,-0.8448261023,-11.72659492
0.008840288571,-0.843355,-11.72842216
0.008841161889,-0.8403937221,-11.7321949
0.008842908526,-0.834395349,-11.73932457
0.008846401798,-0.8220978379,-11.75282764
0.008853388342,-0.7963209152,-11.77636433
0.008863388342,-0.7567691803,-11.80372524
0.008873388342,-0.7142308354,-11.82487202
0.008883388342,-0.6688737273,-11.8414402
0.008893388342,-0.6208768487,-11.85429668
0.008903388342,-0.5704297423,-11.86448956
0.008913388342,-0.5177313685,-11.87244034
0.008923388342,-0.4629897177,-11.87885094
0.008933388342,-0.4064208865,-11.88388348
0.008934638342,-0.3992323279,-11.8844614
0.008937138342,-0.3847818375,-11.88553715
0.008937763342,-0.3811542392,-11.88579464
0.008939013342,-0.3738814592,-11.88630486
0.008939325842,-0.3720596433,-11.88642979
0.008939950842,-0.3684117198,-11.88667774
0.008941200842,-0.3610988855,-11.88716507
0.008941207092,-0.3610622585,-2.715948582
0.008941219592,-0.3609890044,8.498948097
0.008941226607,-0.360947907,10.18977356
0.008941231591,-0.3609187007,10.8063488
0.008941238902,-0.360875845,11.29865837
0.008941250648,-0.3608070314,11.60976601
0.008941265931,-0.3607174754,11.70158672
0.008941287271,-0.3605923951,11.71538544
0.008941319558,-0.3604031801,11.71486664
0.008941384131,-0.3600246906,11.7153635
0.008941513276,-0.3592675626,11.71583462
0.008941771568,-0.3577525318,11.71710777
0.00894228815,-0.3547196984,11.71935749
0.008943321316,-0.3486428261,11.72401333
0.008945387647,-0.3364452422,11.73273754
0.008949520309,-0.3118820488,11.7491045
0.008957785634,-0.2621415555,11.77700138
0.008967785634,-0.2010295689,11.80405712
0.008977785634,-0.1391242146,11.82503891
0.008987785634,-0.0766698122,11.84161949
0.008997785634,-0.01391282212,11.85454941
0.009007785634,0.04889907315,11.86493206
0.009017785634,0.1115179881,11.87308407
0.009027785634,0.1736967862,11.879776
0.009029035634,0.181425944,11.88045979
0.009031535634,0.1968502104,11.8818655
0.009032160634,0.2006988376,11.8822031
0.009033410634,0.208386749,11.88287163
0.009033723134,0.2103067338,11.88303471
0.009034348134,0.2141442746,11.88336086
0.009034504384,0.2151031345,11.88344097
0.009034623127,0.215831697,-8.364645958
0.009034675636,0.2161538303,-13.2446146
0.009034715593,0.2163989544,-11.19956779
0.009034735487,0.21652098,-11.72187138
0.009034759088,0.2166657597,-11.71874714
0.009034781967,0.2168060839,-11.7191391
0.009034818544,0.2170304358,-11.71927547
0.0090348917,0.2174791098,-11.71961021
0.009035038011,0.2183763087,-11.72025394
0.009035330634,0.2201701701,-11.72154999
0.00903591588,0.2237556428,-11.72409821
0.00903708637,0.2309174687,-11.72909641
0.009039427352,0.2452032715,-11.73864269
0.009044109315,0.2736126482,-11.75613308
0.009053473242,0.3296966851,-11.78552341
0.009063473242,0.3883258104,-11.81011391
0.009073473242,0.445422411,-11.82925129
0.009083473242,0.5007610917,-11.8442173
0.009093473242,0.5541235209,-11.85596371
0.009103473242,0.6052991152,-11.86524963
0.009113473242,0.654085815,-11.8726263
0.009123473242,0.7002911568,-11.87854671
0.009124723242,0.705876112,-11.87918758
0.009127223242,0.716915071,-11.88044071
0.009127233292,0.7169591188,0.04858512059
0.009127253392,0.7170471549,11.84809113
0.009127260414,0.7170779109,11.78141403
0.009127266513,0.7171046138,11.75300121
0.009127274812,0.717140913,11.73426628
0.009127291408,0.7172136307,11.72257042
0.009127324602,0.7173589468,11.72135258
0.009127390988,0.7176494598,11.72208023
0.009127523762,0.7182301879,11.72241211
0.009127789308,0.7193901539,11.72380543
0.009128320401,0.7217040062,11.72596359
0.009129382587,0.7263075709,11.73073578
0.009131506959,0.7354174852,11.73939228
0.009135755703,0.7532426715,11.75585842
0.009144253191,0.7872703671,11.7835331
0.009154253191,0.8244339824,11.80969715
0.009164253191,0.8583439589,11.82977772
0.009174253191,0.8888664246,11.84577274
0.009184253191,0.9158809781,11.85803604
0.009194253191,0.9392809272,11.86800861
0.009204253191,0.9589740038,11.87563133
0.009214253191,0.9748824239,11.88201618
0.009224253191,0.9869434237,11.88686275
0.009225503191,0.9881780148,11.88748932
0.009228003191,0.9904642105,11.88855457
0.009228628191,0.9909975529,11.88881016
0.009228784441,0.9911285043,11.88887405
0.009229096941,0.9913876057,11.88900089
0.009229210397,0.9914807081,-8.225906372
0.00922927893,0.9915366769,-13.64499664
0.009229335761,0.9915829897,-10.77495575
0.0092293596,0.9916023612,-11.80350304
0.009229382585,0.9916210175,-11.70664215
0.009229406835,0.991640687,-11.7144804
0.009229434112,0.9916628003,-11.71375561
0.009229488666,0.9917069077,-11.71417904
0.009229597774,0.991794765,-11.71458054
0.009229815989,0.9919691086,-11.71563911
0.00923025242,0.9923122525,-11.71753788
0.009231125282,0.9929760695,-11.72145081
0.009232871006,0.9942140579,-11.72885418
0.009236362453,0.9963310957,-11.74287796
0.009243345348,0.9991260171,-11.76736069
0.009253223879,0.9997948408,-11.79559135
0.009262513289,0.9969107509,-11.81638241
0.009272507778,0.9900167584,-11.83415794
0.009282507778,0.9792128801,-11.84804726
0.009292507778,0.9645445347,-11.85912704
0.009302507778,0.9460695386,-11.86785698
0.009312507778,0.9238608479,-11.87496281
0.009313757778,0.9208264351,-11.87570381
0.009316257778,0.9145873785,-11.87720013
0.009316882778,0.9129922986,-11.87755966
0.009317039028,0.9125913382,-11.87764931
0.009317157771,0.9122860432,8.370430946
0.009317210279,0.9121508598,13.25039673
0.009317250245,0.9120479226,11.2052002
0.009317270145,0.9119966626,11.72772884
0.009317293753,0.9119358063,11.72451687
0.009317316639,0.9118767977,11.7249155
0.009317353223,0.9117823839,11.72504902
0.009317426391,0.9115934968,11.72537994
0.009317572726,0.9112151265,11.72601509
0.009317865398,0.910456121,11.72729397
0.00931845074,0.9089287519,11.72981071
0.009319621426,0.9058372974,11.73474407
0.009321962796,0.8995074034,11.74416733
0.009326645537,0.886265099,11.76142883
0.009336011018,0.8574910164,11.79042339
0.009346011018,0.8234933019,11.81465912
0.009356011018,0.7862456441,11.83349705
0.009366011018,0.7458950281,11.84820271
0.009376011018,0.7026007175,11.85971737
0.009386011018,0.6565335393,11.86878967
0.009396011018,0.6078753471,11.87596321
0.009406011018,0.5568181276,11.88168716
0.009416011018,0.5035634041,11.88627338
0.009417261018,0.4967624247,11.88677502
0.009419761018,0.4830689728,11.88774872
0.009419771068,0.4830136597,-0.04127939045
0.009419791168,0.4829030931,-11.84078789
0.009419798188,0.4828644693,-11.77412605
0.009419804286,0.4828309119,-11.74571228
0.009419812582,0.4827852547,-11.72697353
0.009419829174,0.4826939702,-11.7152729
0.009419862359,0.4825113416,-11.71405506
0.009419928727,0.4821460545,-11.7147913
0.009420061465,0.4814152122,-11.71513653
0.009420326939,0.479952544,-11.71655941
0.009420857889,0.4770231545,-11.71877289
0.009421919787,0.4711485505,-11.72365665
0.009424043584,0.4593366385,-11.73252678
0.009428291179,0.435469538,-11.74939632
0.009436786368,0.3868221343,-11.77778816
0.009446786368,0.3281562924,-11.8046751
0.009456786368,0.2681953609,-11.82536793
0.009466786368,0.2071759701,-11.84189129
0.009476786368,0.1453389525,-11.85461998
0.009486786368,0.08292835206,-11.86501122
0.009496786368,0.02019047551,-11.87301445
0.009506786368,-0.042627085,-11.87975502
0.009508036368,-0.05047253147,-11.88039017
0.009510536368,-0.06615360081,-11.8817873
0.009511161368,-0.07007147372,-11.88212395
0.009511317618,-0.07105077058,-11.88220787
0.009511630118,-0.07300917059,-11.88237476
0.009512255118,-0.07692510635,-11.88270569
0.009512258243,-0.07694467902,-6.191304684
0.009512264493,-0.07698383182,2.446610451
0.009512276992,-0.07706213742,9.652821541
0.009512282403,-0.07709603757,10.54436302
0.009512289924,-0.07714315504,11.19428539
0.00951229725,-0.07718904316,11.47915363
0.009512311901,-0.07728082687,11.68408966
0.009512328424,-0.07738433033,11.71618843
0.009512358049,-0.07756990939,11.71998405
0.009512398834,-0.0778253898,11.71933556
0.009512480403,-0.07833634317,11.72004509
0.009512643541,-0.0793581754,11.72053432
0.009512969818,-0.08140160143,11.72216702
0.009513622371,-0.08548741788,11.72483063
0.009514927478,-0.09365465492,11.73054314
0.009517537692,-0.1099697053,11.74092388
0.00952275812,-0.1425066739,11.76020336
0.00953275812,-0.2043751478,11.79037666
0.00954275812,-0.2654370368,11.81408596
0.00955275812,-0.3254513741,11.83226109
0.00956275812,-0.3841812909,11.8467598
0.00957275812,-0.4413950145,11.85786343
0.00958275812,-0.4968667626,11.86692429
0.00959275812,-0.5503776073,11.8738451
0.00960275812,-0.6017163992,11.87968159
0.00960400812,-0.6079708338,11.88022041
0.00960432062,-0.6095285416,11.880373
0.00960494562,-0.612637043,11.88067722
0.00960619562,-0.6188256145,11.88127518
0.00960620187,-0.6188564301,2.710065842
0.00960621437,-0.6189181209,-8.504826546
0.009606221387,-0.6189527512,-10.19596004
0.009606226372,-0.6189773679,-10.81253147
0.009606233685,-0.6190134287,-11.30476856
0.009606245433,-0.619071424,-11.61575413
0.009606260721,-0.6191468239,-11.70750141
0.00960628207,-0.6192522049,-11.72126865
0.009606314374,-0.6194115281,-11.72074604
0.009606378983,-0.6197301745,-11.72123814
0.009606508199,-0.6203671694,-11.72169781
0.009606766632,-0.6216399074,-11.72294998
0.009607283499,-0.6241804361,-11.72515583
0.009608317232,-0.6292417645,-11.72972775
0.009610384698,-0.6392845511,-11.73828697
0.009614519629,-0.6590448022,-11.75434399
0.009622789492,-0.6972178817,-11.78168488
0.009632789492,-0.7408540249,-11.80815315
0.009642789492,-0.7815663815,-11.82863617
0.009652789492,-0.8191942573,-11.8447876
0.009662789492,-0.8535891175,-11.85733795
0.009672789492,-0.8846153021,-11.86738014
0.009682789492,-0.9121502638,-11.87522125
0.009692789492,-0.936085403,-11.88162422
0.009702789492,-0.9563262463,-11.88664913
0.009704039492,-0.9585924745,-11.88724136
0.009706539492,-0.9629473686,-11.88832569
0.009707164492,-0.963999033,-11.88858604
0.009707320742,-0.9642596245,-11.88865089
0.009707633242,-0.9647780061,-11.88878059
0.009707746699,-0.9649652839,8.226125717
0.009707815232,-0.9650781751,13.64521503
0.009707872063,-0.9651716352,10.77516747
0.009707895902,-0.9652107954,11.80372715
0.009707918888,-0.9652485847,11.70685863
0.009707943138,-0.9652884007,11.71469784
0.009707970416,-0.9653331637,11.713974
0.00970802497,-0.9654225707,11.71439552
0.009708134079,-0.965601027,11.71479702
0.009708352297,-0.9659566283,11.71585464
0.009708788732,-0.9666624665,11.7177496
0.009709661603,-0.9680522084,11.72165585
0.009711407345,-0.9707443118,11.72904682
0.009714898828,-0.9757779241,11.74304676
0.009721881795,-0.9844340682,11.76748466
0.009731881795,-0.9935272336,11.7959671
0.009741881795,-0.998699367,11.81806183
0.009751881795,-0.9999300838,11.83544445
0.009761881795,-0.9972145557,11.84901714
0.009771881795,-0.9905635118,11.85984898
0.009781881795,-0.9800031185,11.86838341
0.009791881795,-0.965575099,11.87533379
0.009793131795,-0.9635023475,11.87605762
0.009795631795,-0.9591786265,11.87752151
0.009795641845,-0.9591607451,-0.0515030548
0.009795661945,-0.959125042,-11.85100746
0.009795668968,-0.959112525,-11.78432369
0.009795675068,-0.9591016769,-11.75591087
0.009795683367,-0.9590869546,-11.73717785
0.009795699966,-0.9590573907,-11.72548294
0.009795733163,-0.9589983225,-11.72426319
0.009795799557,-0.9588800073,-11.72498608
0.009795932344,-0.9586428404,-11.72530651
0.009796197919,-0.9581665993,-11.72667885
0.00979672907,-0.9572060704,-11.7287941
0.00979779137,-0.9552531242,-11.73348236
0.009799915972,-0.9512195587,-11.74197483
0.009804165174,-0.9426445961,-11.75813198
0.00981266358,-0.9234856963,-11.78525352
0.00982266358,-0.8975749612,-11.81085777
0.00983266358,-0.8681218028,-11.83046246
0.00984266358,-0.8352426291,-11.84604549
0.00985266358,-0.7990671396,-11.85795116
0.00986266358,-0.7597380877,-11.86760998
0.00987266358,-0.7174106836,-11.87495518
0.00988266358,-0.6722519398,-11.88109303
0.00989266358,-0.6244401932,-11.88571835
0.00989391358,-0.6182864904,-11.88631916
0.00989641358,-0.6058650017,-11.88733482
0.00989703858,-0.6027361155,-11.88757706
0.00989828858,-0.5964506269,-11.88805866
0.00989860108,-0.5948734283,-11.88817596
0.009898838566,-0.5936733484,9.908804893
0.009898939058,-0.5931651592,12.92860317
0.009899029604,-0.5927070379,10.93397236
0.00989907136,-0.5924956799,11.99579906
0.009899109388,-0.5923032165,11.62583351
0.009899149552,-0.5920998454,11.74597645
0.009899186907,-0.5919106603,11.70604515
0.009899250583,-0.5915881395,11.72084236
0.009899348349,-0.5910927653,11.71294117
0.009899543879,-0.5901014209,11.71988678
0.00989993494,-0.5881159306,11.71646023
0.009900717061,-0.5841343403,11.72473621
0.009902281304,-0.5761289597,11.72684669
0.009905409791,-0.559951961,11.74409199
0.009911666764,-0.5269553065,11.76221466
0.009921666764,-0.4725502133,11.79629993
0.009931666764,-0.4162802398,11.81492424
0.009941666764,-0.3583673835,11.83743191
0.009951666764,-0.2990401983,11.84722233
0.009961666764,-0.238532871,11.86287212
0.009971666764,-0.1770841479,11.86744213
0.009981666764,-0.1149365455,11.87900352
0.009982916764,-0.1071311459,11.87762165
0.009985416764,-0.09150101244,11.8791132
0.009986041764,-0.08758980036,11.87949562
0.009987291764,-0.07976338267,11.88022041
0.009989791764,-0.06409627199,11.88161373
0.009989801814,-0.06403325498,-0.04741075262
0.009989821914,-0.06390722096,-11.84691525
0.009989828935,-0.06386319548,-11.78024006
0.009989835034,-0.06382495165,-11.75182724
0.009989843332,-0.06377291679,-11.73309135
0.009989859928,-0.06366885453,-11.72139359
0.00998989312,-0.06346072257,-11.72017288
0.009989959504,-0.06304445863,-11.72089767
0.009990092271,-0.0622118935,-11.72122192
0.009990357806,-0.06054663658,-11.72260094
0.009990888876,-0.05721561611,-11.72473049
0.009991951016,-0.05055170506,-11.7294445
0.009994075295,-0.03721741959,-11.73798847
0.009998323854,-0.01053134073,-11.75424194
0.01000682097,0.0428443104,-11.78152943
0.01001682097,0.1054926291,-11.80729771
0.01002682097,0.1677246243,-11.82703781
0.01003682097,0.2292946726,-11.84274006
0.01004682097,0.2899598181,-11.85475349
0.01005682097,0.3494805992,-11.86451626
0.01006682097,0.4076221585,-11.87196255
0.01007682097,0.4641550183,-11.8782053
0.01007807097,0.4710973203,-11.87878323
0.01008057097,0.4848943353,-11.88006592
0.01008119597,0.4883250296,-11.88037491
0.01008244597,0.4951637685,-11.88098335
0.01008275847,0.4968686998,-11.88113308
0.01008338347,0.5002728105,-11.88142967
0.01008463347,0.507057786,-11.88201141
0.01008463972,0.5070916414,-2.710800886
0.01008465222,0.5071593523,8.504092216
0.01008465924,0.5071973205,10.19518757
0.01008466422,0.5072243214,10.811759
0.01008467154,0.5072639585,11.30400562
0.01008468328,0.5073275566,11.61500549
0.01008469857,0.5074102879,11.70676327
0.01008471992,0.5075259209,11.72053432
0.01008475222,0.5077007413,11.72001171
0.01008481683,0.5080504417,11.72050381
0.01008494603,0.5087495446,11.72096539
0.01008520445,0.5101466775,11.72222137
0.01008572128,0.5129370093,11.72443295
0.01008675494,0.5185013413,11.72901726
0.01008882227,0.5295642018,11.73760033
0.01009295691,0.551420033,11.75370216
0.01010122621,0.5940008163,11.78112507
0.01011122621,0.6433414221,11.80768013
0.01012122621,0.6901430488,11.82823849
0.01013122621,0.7342210412,11.84445477
0.01014122621,0.7754013538,11.85706234
0.01015122621,0.8135215044,11.86715698
0.01016122621,0.8484311104,11.87504482
0.01017122621,0.8799923062,11.88149166
0.01018122621,0.9080805779,11.88655567
0.01018247621,0.9113417268,11.88715267
0.01018497621,0.9176952243,11.88824749
0.01018498626,0.9177203178,-0.04077991098
0.01018500636,0.917770505,-11.84028721
0.01018501338,0.9177880287,-11.77362633
0.01018501948,0.9178032279,-11.74521255
0.01018502777,0.9178239107,-11.72647381
0.01018504437,0.9178652763,-11.71477127
0.01018507755,0.9179480076,-11.71355152
0.01018514392,0.9181133509,-11.7142849
0.01018527665,0.9184435606,-11.7146244
0.01018554212,0.9191020727,-11.71603394
0.01018607306,0.9204114079,-11.71822357
0.01018713494,0.9229993224,-11.72305775
0.0101892587,0.9280517697,-11.73183346
0.01019350621,0.9376600385,-11.7485218
0.01020200124,0.9548668861,-11.77658653
0.01021200124,0.9716335535,-11.80313969
0.01022200124,0.9845656753,-11.82354641
0.01023200124,0.9936121702,-11.83982468
0.01024200124,0.9987373352,-11.85234261
0.01025200124,0.9999209642,-11.8625555
0.01026200124,0.997158289,-11.87040901
0.01027200124,0.9904603362,-11.8770256
0.01027325124,0.9893475771,-11.8776474
0.01027325749,0.989341855,-2.706440449
0.01027326999,0.989330411,8.508450508
0.01027327701,0.9893239737,10.19977093
0.010273282,0.9893193841,10.81633949
0.01027328931,0.9893127084,11.30853176
0.01027330106,0.9893019199,11.61944008
0.01027331635,0.9892879128,11.71114254
0.01027333771,0.9892683029,11.72488976
0.01027337002,0.9892386198,11.72436333
0.01027343465,0.9891791344,11.7248497
0.01027356391,0.9890596271,11.72529793
0.01027382243,0.9888187051,11.72652721
0.01027433947,0.9883290529,11.72868729
0.01027537356,0.9873184562,11.73316956
0.01027744172,0.9851722121,11.74155426
0.01028157805,0.9803810716,11.75728226
0.01028985072,0.9688159823,11.78403187
0.01029985072,0.9513459206,11.8098793
0.01030985072,0.9301213622,11.82983494
0.01031985072,0.9052260518,11.84553242
0.01032985072,0.8767581582,11.8576889
0.01033985072,0.8448301554,11.86738491
0.01034985072,0.8095679879,11.87491798
0.01035985072,0.7711107731,11.8810463
0.01036985072,0.7296103835,11.88582325
0.01037110072,0.7242168784,11.88638687
0.01037360072,0.7132962346,11.88741398
0.01037422572,0.7105384469,11.88766098
0.01037547572,0.7049900889,11.88814735
0.01037578822,0.7035961747,11.88826752
0.01037641322,0.70080024,11.88850403
0.01037656947,0.7000995278,11.88856316
0.01037688197,0.6986961961,11.88868046
0.01037699542,0.6981859803,-8.226231575
0.01037706396,0.6978776455,-13.6453228
0.01037712079,0.697621882,-10.77527428
0.01037714463,0.697514534,-11.80384159
0.01037716761,0.6974110603,-11.70697021
0.01037719186,0.6973018646,-11.71481037
0.01037721914,0.6971789598,-11.71408749
0.0103772737,0.6969332099,-11.71451187
0.0103773828,0.696441412,-11.71491718
0.01037760102,0.6954568028,-11.71598339
0.01037803746,0.6934837699,-11.71789551
0.01037891034,0.6895219684,-11.72183609
0.01038065609,0.6815362573,-11.72929287
0.01038414759,0.66531986,-11.74341869
0.01039113059,0.6319344044,-11.76808929
0.01040113059,0.5820234418,-11.79686451
0.01041113059,0.5298154354,-11.81921101
0.01042113059,0.4755165279,-11.83680916
0.01043113059,0.4193409383,-11.85056782
0.01044113059,0.3615104258,-11.86155987
0.01045113059,0.3022531867,-11.87023067
0.01046113059,0.2418031096,-11.87729549
0.01046238059,0.2341748178,-11.87803268
0.01046488059,0.2188753486,-11.87952137
0.01046550559,0.2150419056,-11.87987995
0.01046675559,0.2073651105,-11.88058662
0.01046706809,0.2054439038,-11.88076019
0.01046730558,0.2039833367,9.916176796
0.01046740607,0.203365162,12.93595982
0.01046749662,0.202808097,10.94131279
0.01046753839,0.2025511116,12.00321865
0.01046757643,0.2023170441,11.63308334
0.01046761661,0.2020698041,11.753335
0.01046765398,0.2018398196,11.71333885
0.01046771767,0.2014478296,11.72815514
0.01046781545,0.2008460164,11.7202177
0.01046801101,0.1996421665,11.72714329
0.01046840213,0.1972335726,11.72363663
0.01046918437,0.1924128085,11.73179054
0.01047074884,0.182757467,11.73362827
0.01047387779,0.1633947343,11.75038147
0.01048013569,0.1244873181,11.7675705
0.01049013569,0.06193958223,11.8003788
0.01050013569,-0.0008525962476,11.81790066
0.01051013569,-0.06364141405,11.83948135
0.01052013569,-0.1261790544,11.8484478
0.01053013569,-0.1882187426,11.86339188
0.01054013569,-0.249515608,11.86731625
0.01055013569,-0.309827745,11.87831879
0.01056013569,-0.3689171374,11.87926674
0.01056138569,-0.3762056828,11.88200378
0.01056169819,-0.3780241907,11.882164
0.01056232319,-0.3816568553,11.8824501
0.01056247944,-0.3825640976,11.88251972
0.01056279194,-0.3843775094,11.88266087
0.0105629054,-0.3850355148,-8.232241631
0.01056297393,-0.3854328692,-13.65132904
0.01056303078,-0.3857624233,-10.78111458
0.01056305462,-0.3859006464,-11.81000042
0.01056307762,-0.3860339224,-11.71294022
0.01056310188,-0.3861745298,-11.72081184
0.01056312916,-0.3863326609,-11.72008133
0.01056318373,-0.3866488934,-11.72050285
0.01056329287,-0.387281239,-11.72089958
0.01056351116,-0.3885453343,-11.72195053
0.01056394772,-0.3910713494,-11.72383118
0.01056482084,-0.3961145282,-11.72770977
0.01056656709,-0.406164974,-11.73504543
0.01057005958,-0.4261180162,-11.74894238
0.01057704457,-0.4653989673,-11.77319813
0.0105850003,-0.5090430379,-11.79621124
0.01059495962,-0.5618734956,-11.81919575
0.01060429343,-0.6093931198,-11.83624649
0.01061429343,-0.6579752564,-11.85060692
0.01062429343,-0.7039605975,-11.86202049
0.01063429343,-0.7471677661,-11.87097263
0.01064429343,-0.7874262333,-11.87821102
0.01065429343,-0.8245770335,-11.88393497
0.01065554343,-0.8289949894,-11.88459015
0.01065804343,-0.8376771212,-11.88581562
0.01065866843,-0.8398154378,-11.88611031
0.01065991843,-0.8440532088,-11.886693
0.01066241843,-0.8523722887,-11.88781357
0.01066242848,-0.8524052501,0.04121287912
0.01066244858,-0.852471292,11.84072018
0.0106624556,-0.852494359,11.77405834
0.0106624617,-0.8525143862,11.74564457
0.01066246999,-0.8525416255,11.72690582
0.01066248659,-0.8525961041,11.71520329
0.01066251977,-0.8527050614,11.71398354
0.01066258614,-0.8529227972,11.71471596
0.01066271888,-0.8533579111,11.71505356
0.01066298435,-0.8542262912,11.71646118
0.0106635153,-0.8559559584,11.7186451
0.01066457719,-0.8593866825,11.72346783
0.01066670098,-0.866133213,11.7322216
0.01067094857,-0.8791623712,11.7488699
0.01067944374,-0.9033333659,11.77686119
0.01068944374,-0.9284842014,11.803339
0.01069944374,-0.9499706626,11.82368088
0.01070944374,-0.9677080512,11.83990288
0.01071944374,-0.9816263318,11.85237122
0.01072944374,-0.9916706085,11.86254025
0.01073944374,-0.9978011847,11.8703537
0.01074944374,-0.9999939203,11.8769331
0.01075069374,-0.9999905229,11.87755108
0.01075100624,-0.9999800324,11.87772369
0.01075124372,-0.9999694824,-9.919212341
0.01075134421,-0.9999643564,-12.93899632
0.01075143476,-0.9999593496,-10.94434834
0.01075147653,-0.9999569654,-12.00629139
0.01075151458,-0.9999547005,-11.63608837
0.01075155476,-0.9999522567,-11.75638771
0.01075159214,-0.9999499917,-11.71636772
0.01075165585,-0.999945879,-11.7311964
0.01075175363,-0.9999393225,-11.72325134
0.0107519492,-0.9999250174,-11.73018169
0.01075234035,-0.9998918772,-11.72667027
0.01075312263,-0.9998075366,-11.73482895
0.0107546872,-0.9995663762,-11.73666191
0.01075781635,-0.9987942576,-11.75342178
0.01076407463,-0.9960923195,-11.77061176
0.01077407463,-0.9885811806,-11.80343628
0.01078407463,-0.9771686196,-11.82096863
0.01079407463,-0.9618995786,-11.84256554
0.01080407463,-0.9428343773,-11.85153389
0.01081407463,-0.9200482368,-11.86648178
0.01082407463,-0.893631041,-11.87038994
0.01083407463,-0.8636871576,-11.88137436
0.01084407463,-0.8303346634,-11.88228321
0.01085407463,-0.793705225,-11.89088249
0.01085423088,-0.7931076288,-11.8888998
0.01085454338,-0.7919101715,-11.88877583
0.01085516838,-0.7895061374,-11.88922882
0.01085517151,-0.7894940972,-6.197807312
0.01085517776,-0.7894699574,2.440141439
0.01085519026,-0.7894217372,9.646390915
0.01085519567,-0.7894008756,10.53773594
0.01085520319,-0.7893719077,11.18769932
0.01085521051,-0.7893436551,11.47260284
0.01085522516,-0.7892871499,11.67762661
0.01085524167,-0.7892234325,11.70977211
0.01085527129,-0.7891091108,11.7135849
0.01085531205,-0.7889518142,11.71294022
0.01085539356,-0.7886369824,11.7136631
0.0108555566,-0.7880067229,11.71417618
0.01085588268,-0.7867437005,11.71585941
0.01085653483,-0.7842077017,11.71861935
0.01085783913,-0.779096365,11.72452259
0.01086044774,-0.7687169909,11.73527241
0.01086566495,-0.7473415732,11.75524139
0.01087566495,-0.7041463256,11.78659439
0.01088566495,-0.6581721306,11.81130314
0.01089566495,-0.6096004248,11.83033466
0.01090566495,-0.5586228967,11.84557724
0.01091566495,-0.5054407716,11.85733414
0.01092566495,-0.4502638876,11.86697388
0.01093566495,-0.3933100402,11.87441349
0.01093691495,-0.3860769868,11.87531853
0.01093941495,-0.371539861,11.87692928
0.01094441495,-0.3421942592,11.87991047
0.0109445712,-0.3412716091,11.87999916
0.0109448837,-0.3394253552,11.88017464
0.01094499716,-0.3387547135,-8.234714508
0.01094506569,-0.3383495212,-13.65379429
0.01094512254,-0.3380133808,-10.78350735
0.01094514639,-0.3378723562,-11.81252193
0.01094516939,-0.3377363384,-11.71538162
0.01094519365,-0.3375928402,-11.72326469
0.01094522094,-0.3374314606,-11.72252941
0.01094527552,-0.3371086419,-11.72294521
0.01094538467,-0.3364628553,-11.72332954
0.01094560298,-0.3351708651,-11.72435665
0.01094603959,-0.3325849771,-11.72618866
0.01094691281,-0.3274056911,-11.72997284
0.01094865926,-0.3170177341,-11.73712349
0.01095215217,-0.2961285114,-11.75066757
0.01095913797,-0.2539323568,-11.77427578
0.01096913797,-0.1926989257,-11.80172443
0.01097913797,-0.1307049692,-11.82294464
0.01098913797,-0.06819520146,-11.83957481
0.01099913797,-0.005416289903,-11.85248947
0.01100913797,0.0573839955,-11.8627367
0.01101913797,0.1199578121,-11.87074184
0.01102913797,0.1820582151,-11.87720871
0.01103913797,0.2434401065,-11.88229942
0.01104038797,0.2510502338,-11.88288498
0.01104070047,0.2529503405,-11.88302422
0.01104132547,0.256747663,-11.88330078
0.01104148172,0.2576963902,-11.88336849
0.01104179422,0.2595930696,-11.88350487
0.01104190767,0.2602814436,8.231399536
0.01104197621,0.260697186,13.65048695
0.01104203305,0.2610419691,10.78029633
0.01104205689,0.2611865997,11.80913734
0.01104207989,0.2613260448,11.71210289
0.01104210414,0.2614731491,11.7199707
0.01104213143,0.2616386116,11.7192421
0.011042186,0.2619695365,11.71966362
0.01104229513,0.2626312375,11.72006226
0.01104251341,0.2639542818,11.72111607
0.01104294995,0.2665989101,11.72300243
0.01104382304,0.2718821168,11.72689247
0.01104556922,0.2824237943,11.73425102
0.01104906157,0.303403914,11.74819088
0.01105604628,0.3449158967,11.77252483
0.0110626444,0.3835215271,11.79198456
0.01106849462,0.4172020257,11.80664539
0.01107481802,0.4529714286,11.82038403
0.0110813591,0.4892192483,11.8324213
0.01108843063,0.5274752975,11.84356213
0.01109733652,0.5741645694,11.85506821
0.01110733652,0.62444067,11.86553001
0.01111733652,0.6722524166,11.87375546
0.01112733652,0.7174111009,11.8804369
0.01113733652,0.7597384453,11.88573647
0.01113858652,0.764821887,11.88634586
0.01113889902,0.7660853863,11.88649178
0.01113952402,0.7686035037,11.88677979
0.01113968027,0.7692311406,11.88685131
0.01113999277,0.7704842687,11.88699341
0.01114010623,0.7709385157,-8.227908134
0.01114017476,0.771212697,-13.64699459
0.01114023159,0.7714399695,-10.77689743
0.01114025544,0.7715352774,-11.80555058
0.01114027842,0.7716271877,-11.70862579
0.01114030268,0.7717241049,-11.71647358
0.01114032996,0.7718330622,-11.71574688
0.01114038452,0.7720509768,-11.71616745
0.01114049363,0.7724865675,-11.71656322
0.01114071187,0.7733566165,-11.71761227
0.01114114834,0.7750923038,-11.71949005
0.01114202129,0.7785462737,-11.72336292
0.01114376718,0.7853837609,-11.73068619
0.01114725895,0.7987743616,-11.74455833
0.01115424251,0.8243960142,-11.76876354
0.01116424251,0.8583095074,-11.79695606
0.01117424251,0.8888356686,-11.81880569
0.01118424251,0.9158540368,-11.83597755
0.01119424251,0.9392579198,-11.84936714
0.01120424251,0.9589549899,-11.86003876
0.01121424251,0.9748674631,-11.86843014
0.01122424251,0.9869326353,-11.87525272
0.01122549251,0.9881677032,-11.87596226
0.01122799251,0.9904549122,-11.87739658
0.01122861751,0.9909886122,-11.87774086
0.01122877376,0.9911196232,-11.87782669
0.01122908626,0.9913787842,-11.87799835
0.01122919971,0.9914719462,8.236891747
0.01122926825,0.9915279746,13.65597343
0.0112293251,0.9915742874,10.78562832
0.01122934895,0.9915937185,11.81475925
0.01122937195,0.9916123748,11.71755123
0.01122939622,0.9916321039,11.72544765
0.01122942351,0.9916542172,11.72471046
0.01122947809,0.9916983843,11.72512722
0.01122958726,0.9917863607,11.72551346
0.01122980559,0.9919608831,11.72654343
0.01123024224,0.9923043251,11.72838211
0.01123111556,0.9929687977,11.73217869
0.01123286219,0.9942080975,11.73935413
0.01123635545,0.9963273406,11.7529459
0.01124334197,0.999125123,11.77664661
0.01125334197,0.9997795224,11.80421352
0.01126334197,0.9964883327,11.82553768
0.01127334197,0.9892644286,11.84226036
0.01128334197,0.978136301,11.85525036
0.01129334197,0.9631479383,11.86555862
0.01130334197,0.9443585277,11.87360954
0.01131334197,0.9218420982,11.88010597
0.01132334197,0.8956876397,11.88521099
0.01133334197,0.8659982681,11.88942432
0.01133349822,0.865506947,11.8894577
0.01133381072,0.8645217419,-10.31534386
0.0113338969,0.8642494678,-12.59134007
0.01133398283,0.8639777303,-11.16261482
0.01133402712,0.8638375998,-11.9259634
0.01133407184,0.8636960387,-11.63149261
0.0113341179,0.8635500669,-11.74737644
0.01133416531,0.8633998632,-11.70074177
0.01133424257,0.8631548285,-11.72294521
0.01133435682,0.8627921343,-11.70956993
0.01133457545,0.8620968461,-11.72111511
0.01133501272,0.8607013226,-11.71388912
0.01133588726,0.8578908443,-11.72634125
0.01133763633,0.8521922827,-11.7255249
0.01134113448,0.8404870629,-11.74769592
0.01134813077,0.8158643842,-11.76422024
0.01135813077,0.7779462934,-11.80080605
0.01136813077,0.7369579673,-11.81504059
0.01137813077,0.6930612326,-11.84046364
0.01138813077,0.6464293003,-11.84623337
0.01139813077,0.59724617,-11.86503506
0.01140813077,0.5457059741,-11.86581707
0.01141813077,0.4920121729,-11.88066101
0.01141938077,0.4851594865,-11.87752724
0.01142188077,0.4713647664,-11.87894917
0.01142250577,0.4678977728,-11.8793354
0.01142266202,0.4670298994,-11.87942505
0.01142297452,0.4652927816,-11.87960243
0.01142308798,0.4646616578,8.235285759
0.01142315651,0.4642803371,13.65436649
0.01142321336,0.4639639258,10.78406334
0.01142323721,0.4638311863,11.81310749
0.01142326021,0.4637031555,11.71595001
0.01142328447,0.4635680616,11.72383595
0.01142331176,0.4634161294,11.72309971
0.01142336634,0.4631122351,11.72351551
0.0114234755,0.4625042677,11.72389984
0.01142369381,0.4612876475,11.72492599
0.01142413043,0.4588518441,11.7267561
0.01142500368,0.4539698958,11.73053551
0.01142675018,0.4441651106,11.73767853
0.01143024317,0.4243963063,11.75120735
0.01143722916,0.3842550516,11.77478886
0.01144722916,0.3255269229,11.80220318
0.01145722916,0.2655140758,11.82339382
0.01146722916,0.2044533491,11.8399992
0.01147722916,0.1425857544,11.85288906
0.01148722916,0.08015544713,11.86311436
0.01149722916,0.01740879379,11.87109852
0.01150722916,-0.04540656134,11.8775444
0.01151722916,-0.108042717,11.88261509
0.01151847916,-0.1158473119,11.88319778
0.01152097916,-0.1314345896,11.88428307
0.01152098921,-0.1314971745,-0.04474394396
0.01152100931,-0.1316223741,-11.84425163
0.01152101634,-0.131666109,-11.77758217
0.01152102243,-0.131704092,-11.74916935
0.01152103073,-0.1317557693,-11.73043251
0.01152104733,-0.1318591237,-11.71873379
0.01152108051,-0.1320658326,-11.71751595
0.01152114689,-0.1324792206,-11.71824932
0.01152127965,-0.133305952,-11.71858978
0.01152154515,-0.1349591166,-11.72000027
0.01152207617,-0.1382643133,-11.72219181
0.01152313821,-0.1448700577,-11.72703075
0.01152526228,-0.1580618918,-11.73581696
0.01152951042,-0.1843587756,-11.75252628
0.0115380067,-0.2365398705,-11.78063583
0.01154510734,-0.2796387076,-11.80019283
0.0115530822,-0.3273761272,-11.81809998
0.01156028005,-0.3697600365,-11.83178902
0.01157028005,-0.4273707867,-11.84693336
0.01158028005,-0.4832949042,-11.85916042
0.01159028005,-0.5373116732,-11.86855793
0.01160028005,-0.5892078876,-11.8763485
0.01161028005,-0.6387788057,-11.88231945
0.01161153005,-0.6448018551,-11.88306713
0.01161403005,-0.6567281485,-11.88436985
0.01161465505,-0.6596845388,-11.88468266
0.01161590505,-0.6655667424,-11.88530064
0.01161840505,-0.6772075891,-11.88649082
0.0116184151,-0.6772540808,0.04253532365
0.0116184352,-0.6773470044,11.84204197
0.01161844222,-0.6773794293,11.77537727
0.01161844832,-0.6774076223,11.7469635
0.01161845662,-0.6774459481,11.72822571
0.01161847321,-0.6775226593,11.71652412
0.0116185064,-0.6776760221,11.71530437
0.01161857277,-0.6779826283,11.71603394
0.01161870551,-0.6785954833,11.71636868
0.011618971,-0.6798197627,11.71776867
0.01161950197,-0.6822626591,11.71993828
0.01162056392,-0.6871256828,11.72473431
0.01162268782,-0.6967597604,11.73343468
0.01162693561,-0.7156539559,11.74998188
0.01163543119,-0.7518999577,11.77779198
0.01164543119,-0.7918126583,11.80408669
0.01165543119,-0.828600347,11.82427311
0.01166543119,-0.8621180058,11.84035969
0.01167543119,-0.8922332525,11.85270977
0.01168543119,-0.9188272357,11.86277294
0.01169543119,-0.9417950511,11.87049294
0.01170543119,-0.9610460401,11.8769865
0.01170668119,-0.9631870985,11.87759495
0.01170699369,-0.9637131095,11.8777647
0.01170761869,-0.9647539258,11.87810516
0.01170777494,-0.9650118351,11.87818909
0.01170808744,-0.9655247927,11.87835693
0.0117082009,-0.9657101035,-8.236535072
0.01170826943,-0.9658218026,-13.65561676
0.01170832628,-0.9659143686,-10.78528118
0.01170835014,-0.9659531713,-11.814394
0.01170837314,-0.9659905434,-11.71719742
0.0117083974,-0.966029942,-11.72509193
0.01170842469,-0.9660742283,-11.72435474
0.01170847927,-0.9661627412,-11.72477245
0.01170858844,-0.9663394094,-11.72515965
0.01170880676,-0.9666914344,-11.72619247
0.01170924341,-0.9673900008,-11.72803497
0.01171011671,-0.9687652588,-11.73184204
0.01171186331,-0.9714282751,-11.73903465
0.01171535652,-0.9764029384,-11.75266171
0.01172234292,-0.984939158,-11.77642441
0.01173234292,-0.9938521981,-11.80406952
0.01174234292,-0.998842895,-11.82545948
0.01175234292,-0.9998916388,-11.84223747
0.01176234292,-0.996994257,-11.85527515
0.01177234292,-0.9901622534,-11.86562634
0.01178234292,-0.9794224501,-11.87371349
0.01179234292,-0.9648174047,-11.88024235
0.01180234292,-0.9464045763,-11.88537502
0.01181234292,-0.924256742,-11.88961411
0.01181238355,-0.9241592884,7.112448692
0.0118124648,-0.9239641428,14.51944256
0.01181249222,-0.9238982201,11.25026798
0.01181250859,-0.923858881,11.67043018
0.0118125236,-0.9238227606,11.70717335
0.01181254009,-0.9237831235,11.71243668
0.01181257307,-0.9237037301,11.71321392
0.01181263903,-0.9235448837,11.71332264
0.01181277095,-0.9232267141,11.71404552
0.01181303478,-0.9225884676,11.71515369
0.01181356244,-0.9213043451,11.71761894
0.01181461776,-0.918705821,11.72220707
0.01181672841,-0.9133875966,11.73125362
0.01182094971,-0.9022702575,11.74775028
0.01182939231,-0.8781397343,11.77619362
0.01183921254,-0.8469687104,11.80241299
0.01184921254,-0.8119152784,11.82344437
0.01185921254,-0.77365762,11.83980274
0.01186921254,-0.7323466539,11.8528347
0.01187921254,-0.6881454587,11.86304092
0.01188921254,-0.641228497,11.87133217
0.01189921254,-0.5917808414,11.87788391
0.01190046254,-0.5854315758,11.87864304
0.01190077504,-0.5838386416,11.87882328
0.01190101252,-0.5826265216,-9.918109894
0.01190111302,-0.5821132064,-12.93789101
0.01190120356,-0.5816505551,-10.94324112
0.01190124533,-0.5814370513,-12.00516987
0.01190128338,-0.5812425613,-11.63499069
0.01190132356,-0.5810371041,-11.75527287
0.01190136094,-0.580845952,-11.71526051
0.01190142464,-0.5805200934,-11.73008347
0.01190152242,-0.5800197124,-11.72213936
0.01190171799,-0.5790182948,-11.72906399
0.01190210912,-0.5770128369,-11.72554684
0.01190289139,-0.57299155,-11.73368931
0.01190445593,-0.5649074912,-11.73549557
0.011907585,-0.548576355,-11.75219727
0.01191384314,-0.5152844191,-11.7692852
0.01192384314,-0.4604549408,-11.80195999
0.01193384314,-0.4038082659,-11.81936646
0.01194384314,-0.3455679417,-11.84085274
0.01195384314,-0.2859638035,-11.84972954
0.01196384314,-0.225231111,-11.86459827
0.01197384314,-0.1636095196,-11.86844635
0.01198384314,-0.1013422459,-11.87938213
0.01199384314,-0.03867502138,-11.88025761
0.01199509314,-0.03082580306,-11.88298798
0.01199759314,-0.01512214728,-11.88413048
0.01199821814,-0.01119549945,-11.88438034
0.01199946814,-0.003341745352,-11.88490582
0.01199978064,-0.00137825578,-11.88503456
0.01200001813,0.0001139111919,9.911937714
0.01200011862,0.0007453219732,12.93173313
0.01200020917,0.001314243069,10.93709946
0.01200025093,0.001576630399,11.99896145
0.01200028896,0.00181560521,11.62892437
0.01200032913,0.002068000846,11.74911594
0.01200036649,0.002302753506,11.7091589
0.01200043018,0.002702896949,11.7239666
0.01200052795,0.003317209892,11.71605396
0.01200072349,0.004545831587,11.72299862
0.01200111458,0.007003053091,11.71955299
0.01200189675,0.01191735361,11.727808
0.01200346109,0.02174497209,11.72986317
0.01200658978,0.04139295965,11.74701595
0.01201284715,0.08063336462,11.76495647
0.01202284715,0.1430603117,11.79880142
0.01203226667,0.2013514489,11.81602573
0.01204226667,0.2624586523,11.83861828
0.01205226667,0.3225300312,11.84844875
0.01206226667,0.3813285232,11.86411572
0.01207226667,0.438622117,11.86867046
0.01208226667,0.494184643,11.88020325
0.01209226667,0.5477968454,11.88162231
0.01209351667,0.5543506145,11.88440895
0.01209601667,0.5673551559,11.88567257
0.01209602672,0.5674071908,-0.04336200282
0.01209604682,0.5675111413,-11.84287643
0.01209605384,0.5675475001,-11.77620983
0.01209605993,0.567579031,-11.74779606
0.01209606823,0.5676219463,-11.72905827
0.01209608482,0.567707777,-11.71735764
0.01209611801,0.5678794384,-11.71613789
0.01209618438,0.5682226419,-11.71686745
0.01209631713,0.5689088106,-11.71719933
0.01209658263,0.5702798963,-11.7185955
0.01209711362,0.5730172992,-11.72075748
0.0120981756,0.5784730315,-11.7255373
0.01210029956,0.5893069506,-11.73420811
0.01210454748,0.61065799,-11.75069809
0.01211304332,0.6520401239,-11.7784071
0.01212304332,0.6983602643,-11.80460072
0.01213304332,0.7419242859,-11.82470036
0.01214304332,0.7825602889,-11.84071255
0.01215304332,0.8201078773,-11.85299778
0.01216304332,0.8544188738,-11.86300278
0.01217304332,0.8853579164,-11.87067032
0.01218304332,0.9128028154,-11.87711716
0.01218429332,0.9159821868,-11.87771893
0.01218460582,0.9167681932,-11.87788773
0.01218523082,0.9183296561,-11.87822533
0.01218648082,0.9214100242,-11.87888718
0.01218648707,0.921425283,-2.707682133
0.01218649957,0.9214558005,8.50720787
0.01218650659,0.9214729071,10.19846725
0.01218651158,0.921485126,10.81503773
0.01218651889,0.9215029478,11.30724525
0.01218653064,0.9215316176,11.61818027
0.01218654593,0.9215689301,11.70989895
0.01218656728,0.921620965,11.72365284
0.01218659959,0.9216997623,11.72312737
0.01218666422,0.9218571782,11.7236166
0.01218679346,0.9221715927,11.72407055
0.01218705195,0.922798574,11.72531033
0.01218756893,0.9240452051,11.72749043
0.0121886029,0.9265092015,11.73201275
0.01219067082,0.9313198328,11.7404747
0.01219480667,0.9404686093,11.75634956
0.01220307837,0.9568552375,11.78336334
0.01221307837,0.9732118249,11.80948734
0.01222307837,0.9857276082,11.82967854
0.01223307837,0.9943531752,11.84557915
0.01224307837,0.9990544915,11.85791111
0.01225307837,0.9998129606,11.8677597
0.01226307837,0.9966256022,11.8754282
0.01227307837,0.9895051122,11.88167572
0.01228307837,0.9784793854,11.88655758
0.01228432837,0.9768286347,11.8871336
0.01228682837,0.9733464122,11.88818455
0.01228745337,0.9724382758,11.88843727
0.01228870337,0.9705770612,11.88893604
0.01228901587,0.9701023698,11.88905811
0.01228964087,0.9691418409,11.8893013
0.01228979712,0.9688993692,11.88936138
0.01229010962,0.9684116244,11.88948154
0.01229022308,0.968233645,-8.225429535
0.01229029161,0.9681258798,-13.64451981
0.01229034844,0.9680363536,-10.77449322
0.01229037228,0.9679988027,-11.80301666
0.01229039526,0.967962563,-11.70617008
0.01229041951,0.9679242969,-11.71400642
0.01229044679,0.9678812027,-11.71328354
0.01229050134,0.9677949548,-11.71370697
0.01229061045,0.9676221609,-11.71411133
0.01229082866,0.9672752023,-11.71517563
0.01229126508,0.9665758014,-11.71708393
0.01229213792,0.9651552439,-11.72101593
0.01229388361,0.9622270465,-11.72845745
0.01229737498,0.9560236931,-11.74255371
0.01230435771,0.942240119,-11.767169
0.01231269139,0.9234186411,-11.79154682
0.01232261594,0.8977068663,-11.81462383
0.01233261594,0.8682703376,-11.83293247
0.01234261594,0.8354071975,-11.84723377
0.01235261594,0.7992470264,-11.85864162
0.01236261594,0.7599326372,-11.86763382
0.01237261594,0.7176191211,-11.8749485
0.01237386594,0.7121272683,-11.87571239
0.01237636594,0.7010120749,-11.87725258
0.01237699094,0.6982061863,-11.87762356
0.01237824094,0.6925620437,-11.87835503
0.01237855344,0.6911443472,-11.87853432
0.01237879093,0.6900651455,9.918397903
0.01237889142,0.6896080375,12.93817997
0.01237898197,0.689195931,10.94353008
0.01237902374,0.6890057325,12.00546265
0.01237906178,0.6888324618,11.63527679
0.01237910196,0.688649416,11.75556278
0.01237913934,0.6884791255,11.71554852
0.01237920304,0.6881887317,11.73037243
0.01237930083,0.6877428889,11.72242737
0.0123794964,0.6868503094,11.72935295
0.01237988753,0.6850620508,11.7258358
0.01238066981,0.6814731956,11.73397827
0.01238223435,0.6742461324,11.73578548
0.01238536344,0.659597218,11.75249004
0.01239162162,0.6295403242,11.76957989
0.01240162162,0.5795118213,11.80225754
0.01241162162,0.5271962881,11.81966591
0.01242162162,0.4728001654,11.84115314
0.01243162162,0.4165381193,11.85002899
0.01244162162,0.3586321473,11.86489677
0.01245162162,0.299310863,11.86874104
0.01246162162,0.2388083041,11.8796711
0.01247162162,0.1773632765,11.88054085
0.01247287162,0.1696284264,11.88327026
0.01247537162,0.1541278213,11.8844099
0.01247599662,0.1502465755,11.88465977
0.01247724662,0.1424771845,11.88518429
0.01247755912,0.1405334473,11.88531303
0.01247818412,0.1366443634,11.88556862
0.01247834037,0.1356717497,11.88563156
0.01247865287,0.1337261498,11.88575745
0.01247876633,0.1330196559,-8.229150772
0.01247883486,0.1325928569,-13.64824009
0.0124788917,0.1322388947,-10.77811146
0.01247891554,0.1320903897,-11.80683327
0.01247893853,0.1319472045,-11.70987034
0.01247896279,0.1317961365,-11.71772671
0.01247899007,0.1316262186,-11.71700001
0.01247904463,0.1312863678,-11.71742344
0.01247915375,0.1306066215,-11.71782589
0.012479372,0.1292469501,-11.71888542
0.0124798085,0.1265268773,-11.72078609
0.0124806815,0.1210838854,-11.72470284
0.01248242749,0.1101871356,-11.73211384
0.01248591948,0.0883551836,-11.74615288
0.01249290344,0.04457420111,-11.77066708
0.01250290344,-0.01824186742,-11.79924774
0.01251290344,-0.08098594099,-11.82143116
0.01252290344,-0.1434103996,-11.83889008
0.01253290344,-0.2052688897,-11.85252476
0.01254290344,-0.2663172781,-11.86340427
0.01255290344,-0.3263146281,-11.87196922
0.01256290344,-0.3850241601,-11.87893295
0.01257290344,-0.442214191,-11.88446808
0.01257305969,-0.443094492,-11.88457108
0.01257337219,-0.4448538721,-11.88472939
0.01257348565,-0.445492208,8.230171204
0.01257355418,-0.4458776712,13.64925098
0.01257361102,-0.446197331,10.77909279
0.01257363487,-0.4463313818,11.80786514
0.01257365786,-0.4464606643,11.71086884
0.01257368212,-0.4465970397,11.71872807
0.0125737094,-0.4467504025,11.7179985
0.01257376396,-0.4470570982,11.71841717
0.01257387309,-0.4476703405,11.71880817
0.01257409135,-0.4488961995,11.71984863
0.01257452787,-0.4513453543,11.7217083
0.01257540091,-0.4562335014,11.72554588
0.01257714698,-0.46596843,11.73280048
0.01258063914,-0.4852688611,11.74654198
0.01258762344,-0.5231596828,11.77050972
0.01259762344,-0.5756396055,11.79840565
0.01260762344,-0.6258477569,11.82000446
0.01261762344,-0.6735859513,11.83695984
0.01262762344,-0.7186658382,11.8501606
0.01263762344,-0.7609094381,11.86066532
0.01264762344,-0.8001500964,11.86890602
0.01265762344,-0.8362329006,11.87559128
0.01265887344,-0.8405140042,11.8762846
0.01266137344,-0.8489204049,11.87768555
0.01266199844,-0.8509893417,11.87802315
0.01266324844,-0.8550878167,11.87868786
0.01266356094,-0.8561041951,11.87885094
0.01266418594,-0.8581270576,11.87917519
0.01266434219,-0.8586307168,11.87925529
0.01266465469,-0.8596355319,11.87941551
0.01266476814,-0.8599995375,-8.235479355
0.01266483668,-0.8602191806,-13.65456295
0.01266489353,-0.8604012728,-10.78425789
0.01266491738,-0.8604776859,-11.81331539
0.01266494038,-0.8605512977,-11.71615219
0.01266496464,-0.8606289029,-11.72404003
0.01266499193,-0.8607162237,-11.7233057
0.01266504651,-0.8608907461,-11.72372437
0.01266515567,-0.8612394929,-11.72411442
0.01266537398,-0.8619357944,-11.72515202
0.01266581061,-0.8633235097,-11.72700596
0.01266668387,-0.8660794497,-11.73083305
0.01266843038,-0.8715130091,-11.73806858
0.01267192341,-0.8820645809,-11.75177383
0.01267890947,-0.9018883705,-11.77568054
0.01268890947,-0.9272322655,-11.80350494
0.01269890947,-0.9489167929,-11.82504749
0.01270890947,-0.96685642,-11.84195518
0.01271890947,-0.9809802771,-11.85510731
0.01272890947,-0.9912326336,-11.86555767
0.01273890947,-0.9975730777,-11.87373352
0.01274890947,-0.9999765158,-11.88034153
0.01275890947,-0.9984335303,-11.88554573
0.01276015947,-0.9979633093,-11.88614368
0.01276265947,-0.996838212,-11.88725758
0.01276765947,-0.9938505292,-11.88931942
0.01276781572,-0.9937413335,-11.88938046
0.01276812822,-0.993520081,-11.88950253
0.01276824168,-0.9934387803,8.2254076
0.01276831021,-0.9933894277,13.64449883
0.01276836704,-0.9933484197,10.77447224
0.01276839088,-0.9933311343,11.80299377
0.01276841386,-0.9933145046,11.70614815
0.01276843811,-0.9932968616,11.71398449
0.01276846539,-0.9932770729,11.71326065
0.01276851994,-0.9932373166,11.71368408
0.01276862904,-0.993157506,11.71408844
0.01276884725,-0.9929964542,11.71515179
0.01276928368,-0.9926687479,11.71705723
0.01277015652,-0.9919909835,11.72098541
0.0127719022,-0.9905459285,11.7284193
0.01277539357,-0.9872984886,11.74249935
0.01277932553,-0.9830725193,11.75682735
0.01278465629,-0.9763855934,11.77424908
0.01278966758,-0.9691004753,11.78853512
0.01279794239,-0.9549720287,11.80872631
0.01280794239,-0.9344578981,11.82815647
0.01281794239,-0.910255909,11.84350395
0.01282794239,-0.8824615479,11.85552692
0.01283794239,-0.8511845469,11.8651762
0.01284794239,-0.8165482879,11.87281036
0.01284919239,-0.8119891882,11.87367153
0.01285169239,-0.8027210832,11.8752985
0.01285231739,-0.8003730178,11.87568951
0.01285356739,-0.7956399322,11.87646198
0.01285606739,-0.7860267162,11.87794781
0.01285607744,-0.7859876752,-0.05107634142
0.01285609754,-0.7859095931,-11.85058022
0.01285610456,-0.7858823538,-11.7838974
0.01285611066,-0.7858586311,-11.75548458
0.01285611896,-0.785826385,-11.73675156
0.01285613556,-0.7857618928,-11.72505665
0.01285616876,-0.7856328487,-11.72383595
0.01285623515,-0.785374701,-11.72455788
0.01285636794,-0.7848579884,-11.72487736
0.01285663351,-0.7838228345,-11.72624683
0.01285716465,-0.7817460895,-11.72835827
0.01285822693,-0.7775664926,-11.73303699
0.0128603515,-0.7691035867,-11.74151134
0.01286460064,-0.7517681122,-11.75763416
0.01287309891,-0.7155025005,-11.78469372
0.01288309891,-0.6702244878,-11.81023502
0.01289309891,-0.6223014593,-11.82978535
0.01290309891,-0.5719224811,-11.84532356
0.01291309891,-0.5192863345,-11.85719013
0.01292309891,-0.4646008611,-11.86681843
0.01293309891,-0.4080817997,-11.87413788
0.01294309891,-0.3499522507,-11.88025761
0.01295309891,-0.2904415727,-11.88487148
0.01295434891,-0.2829172611,-11.88547134
0.01295684891,-0.267816782,-11.88648415
0.01295685896,-0.2677559257,0.04254394397
0.01295687906,-0.2676342428,11.84205246
0.01295688608,-0.2675917447,11.77538776
0.01295689217,-0.2675548494,11.74697399
0.01295690047,-0.2675046027,11.7282362
0.01295691706,-0.267404139,11.71653652
0.01295695025,-0.2672032118,11.71531868
0.01295701662,-0.2668013275,11.71605396
0.01295714937,-0.2659974396,11.71639729
0.01295741485,-0.2643890381,11.7178154
0.01295794583,-0.2611700892,11.7200222
0.01295900777,-0.2547234893,11.72489071
0.01296113167,-0.2417965382,11.73373222
0.01296537947,-0.2158157974,11.75054741
0.01297387505,-0.1634117365,11.77884388
0.01298387505,-0.1011427939,11.80563545
0.01299387505,-0.03847468644,11.82625008
0.01300387505,0.02434526384,11.84270668
0.01301387505,0.08706913143,11.8553772
0.01302387505,0.1494493783,11.86571598
0.01303387505,0.2112398148,11.87367058
0.01304387505,0.2721965909,11.88036537
0.01304512505,0.279745549,11.88099575
0.01304762505,0.2947912216,11.88238144
0.01304825005,0.2985414267,11.88271523
0.01304950005,0.3060279489,11.88337421
0.01304981255,0.3078966439,11.88353634
0.01305043755,0.3116304874,11.88385773
0.0130505938,0.3125631809,11.88393688
0.0130509063,0.3144277036,11.88409519
0.01305101976,0.3151043355,-8.230799675
0.01305108829,0.315512985,-13.64988422
0.01305114513,0.3158518672,-10.77970505
0.01305116898,0.3159940243,-11.80851173
0.01305119197,0.3161310554,-11.7114954
0.01305121623,0.3162756562,-11.71935844
0.01305124351,0.3164382875,-11.71862793
0.01305129808,0.3167634904,-11.71904564
0.01305140721,0.3174138069,-11.71943665
0.01305162548,0.3187139928,-11.72047424
0.01305206201,0.3213125765,-11.72233009
0.01305293507,0.3265024424,-11.7261591
0.0130546812,0.3368525803,-11.73339844
0.01305817345,0.3574299216,-11.74711037
0.01306515796,0.3980585635,-11.7710228
0.01307515796,0.4548746049,-11.79884815
0.01308515796,0.5098954439,-11.82038498
0.01309515796,0.5629040003,-11.8372879
0.01310515796,0.6136909723,-11.85043907
0.01311515796,0.6620560288,-11.86089897
0.01312515796,0.7078082561,-11.86909771
0.01313515796,0.7507670522,-11.87574482
0.01313640796,0.7559319139,-11.87643337
0.01313890796,0.7661214471,-11.87782574
0.01313953296,0.7686393857,-11.87816048
0.01314078296,0.773639679,-11.87882042
0.01314328296,0.7834967971,-11.88009167
0.01314329301,0.7835360765,0.0489342697
0.01314331311,0.7836145163,11.84844017
0.01314332013,0.7836419344,11.78176212
0.01314332623,0.7836657166,11.7533493
0.01314333453,0.7836981416,11.73461533
0.01314335113,0.7837628722,11.72291946
0.01314338432,0.7838923931,11.72170067
0.01314345071,0.7841513157,11.72242832
0.01314358348,0.7846687436,11.72275925
0.01314384903,0.7857019901,11.72415066
0.01314438013,0.7877619267,11.72630596
0.01314544233,0.7918553948,11.73107052
0.01314756673,0.7999363542,11.73971367
0.01315181553,0.8156692386,11.75615311
0.01316031313,0.8453804851,11.78378105
0.01317031313,0.8772528172,11.80989552
0.01318031313,0.9056630135,11.82993317
0.01319031313,0.9304989576,11.84589005
0.01320031313,0.9516626596,11.85811806
0.01321031313,0.9690705538,11.86805916
0.01322031313,0.9826540351,11.87565231
0.01323031313,0.9923593402,11.88201046
0.01324031313,0.9981483221,11.88683128
0.01324156313,0.9985952973,11.88745499
0.01324406313,0.9993043542,11.88851452
0.01324468813,0.9994431138,11.8887682
0.01324593813,0.9996743202,11.88927078
0.01324625063,0.9997225404,11.88939381
0.01324648811,0.9997565746,-9.907583237
0.01324658861,0.9997702837,-12.92737961
0.01324667915,0.9997823238,-10.93274689
0.01324672091,0.9997877479,-11.99455833
0.01324675893,0.9997926354,-11.62461948
0.01324679909,0.9997977614,-11.74474239
0.01324683645,0.9998024702,-11.70482063
0.01324690012,0.999810338,-11.71961212
0.01324699788,0.9998220801,-11.71171188
0.01324719341,0.9998444915,-11.71865177
0.01324758446,0.9998848438,-11.71522045
0.01324836656,0.9999473095,-11.72348118
0.01324993077,0.9999998808,-11.72556782
0.01325305917,0.9998152852,-11.74276066
0.01325931599,0.9982873797,-11.76078987
0.01326691685,0.9943563342,-11.7882719
0.01327470258,0.9879789352,-11.80327892
0.01328327745,0.9782205224,-11.8252306
0.01329327745,0.9632569551,-11.83716202
0.01330327745,0.9444918036,-11.85442734
0.01331327745,0.9219991565,-11.86026382
0.01332327745,0.8958678246,-11.87277603
0.01333327745,0.8662009239,-11.87500858
0.01333452745,0.8622496724,-11.87787342
0.0133345337,0.8622297645,-2.706810713
0.0133345462,0.8621899486,8.508010864
0.01333455321,0.8621676564,10.19942665
0.0133345582,0.862151742,10.81602669
0.01333456551,0.8621284962,11.30825043
0.01333457726,0.8620910645,11.61917877
0.01333459255,0.8620423675,11.71089458
0.01333461391,0.8619743586,11.72464561
0.01333464622,0.8618714213,11.72411823
0.01333471085,0.8616654277,11.72460365
0.0133348401,0.8612530231,11.72505093
0.01333509861,0.8604264855,11.72627735
0.01333561562,0.8587666154,11.7284317
0.01333664965,0.8554196358,11.73290253
0.0133387177,0.8486176133,11.74126625
0.0133428538,0.8345848322,11.75695229
0.01335112601,0.8048382401,11.78362465
0.01336112601,0.7659842372,11.80939198
0.01337112601,0.7241072655,11.82927799
0.01338112601,0.6793726087,11.84491444
0.01339112601,0.6319567561,11.85701752
0.01340112601,0.5820468664,11.86666775
0.01341112601,0.5298398733,11.87416267
0.01342112601,0.4755418599,11.88025951
0.01343112601,0.4193671048,11.88501072
0.01343237601,0.412224263,11.88557148
0.01343487601,0.3978627324,11.88659382
0.01343550101,0.3942568898,11.88683891
0.01343675101,0.3870269954,11.88732338
0.01343675726,0.3869907856,2.71610713
0.01343676976,0.386918366,-8.498789787
0.01343677678,0.3868777156,-10.18960667
0.01343678176,0.3868488371,-10.80618191
0.01343678907,0.3868064582,-11.29849339
0.01343680082,0.3867384195,-11.60960484
0.0134368161,0.386649847,-11.70142746
0.01343683744,0.3865261972,-11.71522713
0.01343686973,0.3863390982,-11.71470833
0.0134369343,0.3859648407,-11.71520519
0.01343706344,0.3852161765,-11.71567631
0.01343732173,0.3837180436,-11.71695042
0.01343783831,0.3807187378,-11.71920013
0.01343887146,0.3747081459,-11.72385883
0.01344093776,0.3626398742,-11.73258591
0.01344507036,0.338321954,-11.74895954
0.01345333556,0.2890183926,-11.77686882
0.01346333556,0.2283372581,-11.80393505
0.01347333556,0.166754961,-11.82492733
0.01348333556,0.1045145541,-11.84151649
0.01349333556,0.0418616794,-11.85445404
0.01350333556,-0.02095640451,-11.86484241
0.01351333556,-0.08369178325,-11.8730011
0.01352333556,-0.1460968703,-11.87969875
0.01352458556,-0.1538619846,-11.88038349
0.01352708556,-0.1693632901,-11.88179016
0.01352771056,-0.1732322276,-11.88212872
0.01352896056,-0.1809620559,-11.88279724
0.01352927306,-0.1828927845,-11.88296127
0.01352989806,-0.1867521107,-11.88328743
0.01353005431,-0.187716499,-11.88336754
0.01353017305,-0.1884492636,8.364719391
0.01353022556,-0.1887732595,13.24468803
0.01353026552,-0.1890197992,11.19963932
0.01353028541,-0.1891425401,11.72194576
0.01353030901,-0.1892881691,11.71882057
0.01353033189,-0.1894293129,11.71921253
0.01353036847,-0.1896549761,11.71934891
0.01353044163,-0.1901062578,11.71968365
0.01353058794,-0.1910087168,11.72032642
0.01353088056,-0.1928131431,11.72162247
0.01353146581,-0.1964200437,11.72417068
0.0135326363,-0.203625828,11.72916794
0.01353497729,-0.2180039734,11.73871422
0.01353965926,-0.2466156483,11.75620079
0.01354902321,-0.3031742275,11.78558731
0.01355902321,-0.3624112606,11.81017208
0.01356902321,-0.4202180505,11.8293047
0.01357902321,-0.4763664305,11.84426498
0.01358902321,-0.5306347609,11.85600662
0.01359902321,-0.5828089714,11.86528683
0.01360902321,-0.6326830983,11.87265778
0.01361902321,-0.6800602674,11.87857246
0.01362027321,-0.6857974529,11.87921333
0.01362277321,-0.6971445084,11.88046455
0.01362278326,-0.6971898079,-0.04856117815
0.01362280336,-0.6972802877,-11.84806728
0.01362281038,-0.6973119378,-11.78139019
0.01362281648,-0.6973394156,-11.75297737
0.01362282478,-0.6973767877,-11.73424244
0.01362284137,-0.6974515319,-11.72254658
0.01362287457,-0.6976009607,-11.72132778
0.01362294095,-0.6978997588,-11.72205639
0.01362307373,-0.6984969974,-11.72238827
0.01362333927,-0.6996899843,-11.72378159
0.01362387037,-0.7020701766,-11.7259407
0.01362493255,-0.7068070173,-11.73071289
0.01362705692,-0.7161861062,-11.73937035
0.01363130566,-0.734559834,-11.75583839
0.01363980314,-0.7697242498,-11.78351784
0.01364980314,-0.8082893491,-11.80968761
0.01365980314,-0.8436645269,-11.8297739
0.01366980314,-0.8757101297,-11.84577465
0.01367980314,-0.904299736,-11.85804272
0.01368980314,-0.9293204546,-11.86802197
0.01369980314,-0.9506735802,-11.8756485
0.01370980314,-0.9682748318,-11.88203907
0.01371980314,-0.9820547104,-11.88689041
0.01372105314,-0.9835056663,-11.88751793
0.01372355314,-0.9862254262,-11.88858509
0.01372417814,-0.9868673682,-11.88884068
0.01372433439,-0.9870254993,-11.88890457
0.01372464689,-0.987338841,-11.88903141
0.01372476035,-0.9874516726,8.225875854
0.01372482888,-0.9875195622,13.64496517
0.01372488571,-0.9875757694,10.77492523
0.01372490955,-0.9875992537,11.80347157
0.01372493254,-0.987621963,11.70661163
0.01372495679,-0.9876458049,11.71444893
0.01372498406,-0.9876726866,11.71372509
0.01372503862,-0.9877262712,11.71414757
0.01372514772,-0.9878331423,11.71455002
0.01372536594,-0.9880453944,11.7156086
0.01372580237,-0.9884644151,11.71750641
0.01372667523,-0.9892801642,11.72141933
0.01372842095,-0.9908223748,11.72882175
0.01373191239,-0.9935490489,11.74284363
0.01373889528,-0.9975668788,11.76732254
0.01374889528,-0.9999759197,11.79585743
0.01375889528,-0.9984385371,11.81799698
0.01376889528,-0.9929607511,11.83541965
0.01377889528,-0.983564198,11.84902668
0.01378889528,-0.9702860117,11.85988998
0.01379889528,-0.953178525,11.86845207
0.01380889528,-0.9323092699,11.87542629
0.01381014528,-0.9294400811,11.87615395
0.01381264528,-0.9235298038,11.87762356
0.01381265533,-0.9235056043,-0.05140102655
0.01381267543,-0.9234571457,-11.85090542
0.01381268245,-0.923440218,-11.78422165
0.01381268855,-0.9234254956,-11.75580883
0.01381269685,-0.9234055281,-11.73707581
0.01381271345,-0.9233654737,-11.7253809
0.01381274665,-0.9232853651,-11.72416115
0.01381281304,-0.9231250286,-11.72488308
0.01381294583,-0.9228039384,-11.72520447
0.0138132114,-0.922159791,-11.72657585
0.01381374255,-0.9208637476,-11.72869015
0.01381480484,-0.9182409048,-11.73337555
0.01381692944,-0.9128726721,-11.74186325
0.01382117862,-0.9016491771,-11.75801086
0.013829677,-0.8772825599,-11.7851162
0.013839677,-0.8454136252,-11.81070232
0.013849677,-0.8102082014,-11.83028984
0.013859677,-0.7718052864,-11.84585953
0.013869677,-0.7303563952,-11.8577528
0.013879677,-0.6860251427,-11.86740017
0.013889677,-0.6389864087,-11.87473583
0.013899677,-0.5894259214,-11.88086605
0.013909677,-0.5375392437,-11.88548565
0.013910927,-0.5308999419,-11.88608551
0.013913427,-0.5175235271,-11.88709927
0.013914052,-0.5141593218,-11.8873415
0.013915302,-0.507407248,-11.88782215
0.01391530825,-0.5073733926,-2.716605425
0.01391532075,-0.5073057413,8.498291969
0.01391532776,-0.5072677135,10.1890831
0.01391533275,-0.5072407126,10.80565834
0.01391534006,-0.5072011352,11.29797649
0.0139153518,-0.507137537,11.60909748
0.01391536709,-0.5070548058,11.70092678
0.01391538843,-0.5069392323,11.71472836
0.01391542071,-0.5067643523,11.71420956
0.01391548528,-0.5064145923,11.71470642
0.01391561442,-0.5057147145,11.71517849
0.01391587269,-0.504314065,11.71645355
0.01391638924,-0.501508832,11.71870518
0.01391742235,-0.4958824217,11.72336674
0.01391948855,-0.484567225,11.73210049
0.01392362096,-0.4616937339,11.74848557
0.01393188578,-0.4150286615,11.77641582
0.01394188578,-0.3570823371,11.80350685
0.01395188578,-0.29772681,11.82451916
0.01396188578,-0.2371962667,11.8411274
0.01397188578,-0.1757296324,11.85408306
0.01398188578,-0.1135694608,11.86448956
0.01399188578,-0.05096109211,11.87266541
0.01400188578,0.01184840035,11.87938023
0.01400313578,0.01970138401,11.88006687
0.01400563578,0.03540322185,11.88147831
0.01400626078,0.03932746872,11.88181782
0.01400751078,0.04717408121,11.88248825
0.01400751703,0.04721330479,2.711284399
0.01400752953,0.0472917594,-8.503605843
0.01400753654,0.04733579606,-10.19467926
0.01400754153,0.04736708105,-10.81125259
0.01400754884,0.04741298035,-11.3035059
0.01400756059,0.04748670757,-11.6145153
0.01400757587,0.04758264869,-11.70627785
0.01400759722,0.04771662503,-11.72004986
0.01400762952,0.04791934043,-11.71952534
0.01400769412,0.04832477123,-11.72001362
0.01400782332,0.04913560674,-11.72046661
0.01400808173,0.05075717717,-11.72170353
0.01400859854,0.05399991199,-11.72387886
0.01400963215,0.06048364192,-11.72839165
0.01401169938,0.07344317436,-11.73683643
0.01401583383,0.09932287782,-11.7526741
0.01402410275,0.1508638114,-11.7796154
0.01403410275,0.2126379609,-11.80566502
0.01404410275,0.2735729516,-11.82578754
0.01405410275,0.3334282339,-11.84162807
0.01406410275,0.3919676542,-11.85391235
0.01407410275,0.4489601552,-11.86372948
0.01408410275,0.5041808486,-11.87138271
0.01409410275,0.5574117303,-11.87763119
0.01409535275,0.5639151335,-11.87826443
0.01409785275,0.5768171549,-11.8795681
0.01409847775,0.5800205469,-11.87988186
0.01409972775,0.5864004493,-11.88050079
0.01410004025,0.5879898071,-11.88065243
0.01410066525,0.5911616683,-11.88095379
0.0141008215,0.591953218,-11.88102818
0.014101134,0.5935346484,-11.88117695
0.01410124745,0.5941081643,8.233722687
0.01410131599,0.5944545269,13.65280819
0.01410137283,0.5947417021,10.78255177
0.01410139668,0.5948621631,11.81151581
0.01410141968,0.5949782729,11.71440887
0.01410144394,0.5951008201,11.72228813
0.01410147123,0.5952385664,11.72155666
0.0141015258,0.5955140591,11.72197628
0.01410163495,0.5960648656,11.72237015
0.01410185324,0.5971655846,11.72341633
0.01410228984,0.5993637443,11.72528553
0.01410316302,0.6037464142,11.72914219
0.01410490939,0.6124570966,11.73643589
0.01410840213,0.6296562552,11.75025272
0.01411538761,0.6631367207,11.77436352
0.01412538761,0.7088267803,11.80244255
0.01413538761,0.7517194152,11.82420349
0.01414538761,0.7916453481,11.84130001
0.01415538761,0.8284470439,11.85461807
0.01416538761,0.8619791865,11.8652153
0.01417538761,0.8921095133,11.87352371
0.01418538761,0.9187191129,11.88025284
0.01419538761,0.9417029619,11.88556862
0.01419663761,0.9443163276,11.88617992
0.01419913761,0.9493681192,11.88731956
0.01419976261,0.9505945444,11.88759327
0.01420101261,0.9530033469,11.88813496
0.01420132511,0.9535963535,11.88826752
0.01420195011,0.9547713995,11.88853168
0.01420210636,0.9550628662,11.88859653
0.01420241886,0.9556429982,11.88872719
0.01420253232,0.9558526874,-8.226179123
0.01420260085,0.9559791684,-13.64526844
0.01420265768,0.9560838342,-10.77521992
0.01420268152,0.9561277628,-11.80378151
0.01420270451,0.9561700225,-11.70691204
0.01420272876,0.9562146664,-11.71475124
0.01420275603,0.9562647939,-11.71402645
0.01420281059,0.9563649893,-11.71444893
0.0142029197,0.9565650821,-11.71484947
0.01420313792,0.9569638968,-11.71590614
0.01420357435,0.9577561021,-11.71780109
0.01420444722,0.9593189359,-11.72170544
0.01420619297,0.9623579383,-11.7290926
0.01420968446,0.9680882096,-11.74308491
0.01421666745,0.9781486392,-11.76751041
0.01422666745,0.9892730713,-11.79597664
0.01423666745,0.9964932799,-11.81805801
0.01424666745,0.9997807741,-11.83542919
0.01425666745,0.9991226196,-11.84899139
0.01426666745,0.9945213795,-11.85981464
0.01427666745,0.9859952331,-11.86834049
0.01428666745,0.9735777974,-11.87528419
0.01428791745,0.9717542529,-11.87600803
0.01429041745,0.9679275155,-11.87746906
0.0142904275,0.9679116607,0.05155501515
0.0142904476,0.967879951,11.85105896
0.01429045462,0.9678688645,11.78437519
0.01429046072,0.9678592086,11.75596237
0.01429046902,0.9678460956,11.73722935
0.01429048562,0.9678198695,11.72553539
0.01429051882,0.9677673578,11.72431564
0.01429058521,0.9676622152,11.72503757
0.014290718,0.9674513936,11.72535896
0.01429098357,0.9670277834,11.7267313
0.01429151472,0.9661724567,11.7288475
0.01429257703,0.9644296169,11.73353577
0.01429470163,0.9608150125,11.74202919
0.01429895084,0.9530729055,11.7581892
0.01430744926,0.9355566502,11.78531551
0.01431744926,0.9115344286,11.81092453
0.01432744926,0.8839147687,11.83053303
0.01433744926,0.8528066874,11.84612083
0.01434744926,0.8183329701,11.85802937
0.01435744926,0.7806296945,11.86769199
0.01436744926,0.7398455739,11.87503815
0.01437744926,0.6961416602,11.88117886
0.01438744926,0.6496903896,11.88580608
0.01438869926,0.6436998248,11.8864069
0.01439119926,0.6315999627,11.88742161
0.01439182426,0.6285505295,11.88766479
0.01439307426,0.6224226356,11.8881464
0.01439338676,0.6208846569,11.8882637
0.01439362425,0.6197142601,-9.908717155
0.01439372474,0.6192185879,-12.92851543
0.01439381529,0.6187717319,-10.93388462
0.01439385705,0.618565619,-11.99570942
0.01439389507,0.6183778644,-11.62574577
0.01439393524,0.6181795001,-11.74588871
0.01439397259,0.6179950237,-11.70595741
0.01439403627,0.6176804304,-11.72075462
0.01439413403,0.6171972156,-11.71285343
0.01439432956,0.6162301302,-11.71979809
0.01439472062,0.6142931581,-11.71637154
0.01439550274,0.6104080081,-11.72464848
0.01439706698,0.60259372,-11.72675896
0.01440019546,0.5867912173,-11.7440033
0.01440645243,0.5545122623,-11.76212597
0.01441645243,0.5011653304,-11.79621029
0.01442645243,0.4458405077,-11.81483555
0.01443645243,0.388756156,-11.83734322
0.01444645243,0.3301375806,-11.84713459
0.01445645243,0.2702161074,-11.86278534
0.01446645243,0.2092282027,-11.86735725
0.01447645243,0.1474145651,-11.87892056
0.01447770243,0.1396419257,-11.87753963
0.01448020243,0.1240712851,-11.87903118
0.01448082743,0.1201736853,-11.87941456
0.01448207743,0.1123730019,-11.88013935
0.01448457743,0.09675130993,-11.88153362
0.01448458748,0.09668845683,0.0474913232
0.01448460758,0.09656275809,11.84699631
0.0144846146,0.09651884437,11.78032112
0.0144846207,0.09648069739,11.75190735
0.01448462899,0.0964288041,11.73317242
0.01448464559,0.09632501751,11.72147465
0.01448467878,0.09611742944,11.72025299
0.01448474517,0.09570225328,11.72097778
0.01448487793,0.09487184137,11.72130203
0.01448514347,0.09321082383,11.72268105
0.01448567454,0.08988802135,11.7248106
0.01448673668,0.0832394436,11.72952461
0.01448886097,0.06993146241,11.73806858
0.01449310954,0.04328050464,11.75432014
0.01450160668,-0.01009492483,11.78160477
0.01451160668,-0.0728623271,11.80737019
0.01452160668,-0.1353421658,11.82710648
0.01453160668,-0.1972878873,11.84280491
0.01454160668,-0.2584549785,11.85481453
0.01455160668,-0.3186020851,11.86457253
0.01456160668,-0.3774918318,11.87201405
0.01457160668,-0.4348917603,11.87825203
0.01457285668,-0.441950649,11.878829
0.01457535668,-0.4559862018,11.88011074
0.01457598168,-0.459477663,11.88041878
0.01457723168,-0.4664392173,11.88102722
0.01457973168,-0.480275631,11.88219738
0.01457974173,-0.4803310335,-0.04682942107
0.01457976183,-0.4804418087,-11.84633636
0.01457976886,-0.4804804921,-11.77966213
0.01457977496,-0.4805141091,-11.75124931
0.01457978325,-0.4805598259,-11.73251438
0.01457979985,-0.4806512594,-11.72081757
0.01457983304,-0.4808341265,-11.71959877
0.01457989942,-0.481199801,-11.72032928
0.01458003219,-0.4819308817,-11.72066593
0.01458029772,-0.4833920598,-11.72206783
0.01458082877,-0.4863103628,-11.72424221
0.01458189089,-0.492130667,-11.72904778
0.01458401512,-0.5037053227,-11.73776817
0.01458826359,-0.5265833139,-11.75435543
0.01459676053,-0.5711977482,-11.78224468
0.01460676053,-0.6216098666,-11.80862522
0.01461676053,-0.6695687771,-11.82888985
0.01462676053,-0.7148851752,-11.84504223
0.01463676053,-0.7573803067,-11.85744286
0.01464676053,-0.7968863249,-11.8675375
0.01465676053,-0.8332474828,-11.87526894
0.01466676053,-0.8663201332,-11.88175392
0.01467676053,-0.8959738016,-11.88669205
0.01467801053,-0.8994341493,-11.8873291
0.01467832303,-0.9002906084,-11.88746834
0.01467894803,-0.9019930363,-11.887743
0.01468019803,-0.9053561091,-11.88828278
0.01468020428,-0.9053727984,-2.717069864
0.01468021678,-0.905406177,8.497824669
0.01468022379,-0.9054248333,10.18859482
0.01468022878,-0.9054381251,10.80517101
0.01468023609,-0.9054576755,11.29749489
0.01468024783,-0.9054889679,11.60862637
0.01468026311,-0.9055297375,11.70046043
0.01468028445,-0.9055866003,11.71426392
0.01468031674,-0.9056726098,11.71374416
0.0146803813,-0.9058445096,11.71423817
0.01468051043,-0.9061879516,11.71470356
0.0146807687,-0.9068729281,11.71596622
0.01468128523,-0.9082357883,11.71819401
0.01468231828,-0.9109328389,11.72280788
0.0146843844,-0.9162116051,11.73145008
0.01468851662,-0.9263051152,11.74765968
0.01469678107,-0.9446125031,11.77526951
0.01470678107,-0.9633556008,11.80202389
0.01471678107,-0.9782968163,11.82274628
0.01472678107,-0.9893770814,11.8391037
0.01473678107,-0.9965527654,11.85184288
0.01474678107,-0.9997954965,11.86206436
0.01475678107,-0.9990924597,11.87008381
0.01476678107,-0.994446516,11.87666798
0.01476803107,-0.993589282,11.87734032
0.01476834357,-0.9933653474,11.87751579
0.01476858106,-0.9931926727,-9.919419289
0.01476868155,-0.9931189418,-12.93920135
0.0147687721,-0.993052125,-10.94455242
0.01476881387,-0.9930211902,-12.00649834
0.01476885192,-0.9929929972,-11.6362896
0.0147688921,-0.9929631352,-11.75659275
0.01476892948,-0.9929352999,-11.7165699
0.01476899319,-0.9928876758,-11.73139858
0.01476909097,-0.992814362,-11.72345257
0.01476928655,-0.9926665425,-11.73038197
0.01476967769,-0.9923664927,-11.72686768
0.01477045998,-0.991748333,-11.73501968
0.01477202456,-0.9904401302,-11.7368412
0.01477515371,-0.987536788,-11.75357723
0.01478141202,-0.9805861712,-11.77072525
0.01479141202,-0.9663386941,-11.80349159
0.01480141202,-0.9482775331,-11.8209753
0.01481141202,-0.9264739156,-11.8425312
0.01482141202,-0.9010139704,-11.85146427
0.01483141202,-0.8719981313,-11.86638165
0.01484141202,-0.8395408988,-11.87026501
0.01485141202,-0.8037703633,-11.88122654
0.01486141202,-0.7648277879,-11.88211536
0.01487141202,-0.722866714,-11.89069939
0.01487156827,-0.7221879959,-11.88871574
0.01487188077,-0.7208284736,-11.88859177
0.01487199423,-0.7203341722,8.225977898
0.01487206276,-0.7200354338,13.6454277
0.01487211959,-0.7197875977,10.77522564
0.01487214343,-0.7196836472,11.80379677
0.01487216641,-0.7195833325,11.70694923
0.01487219066,-0.7194775343,11.71478558
0.01487221794,-0.7193585038,11.71406269
0.01487227249,-0.7191203833,11.71448708
0.01487238159,-0.7186438441,11.71489239
0.01487259981,-0.7176897526,11.71595764
0.01487303623,-0.7157775164,11.7178688
0.01487390908,-0.7119369507,11.72180843
0.01487565478,-0.7041916847,11.72926331
0.01487914617,-0.6884480119,11.74338436
0.01488612896,-0.6559743881,11.76804829
0.01489612896,-0.6072867513,11.79681492
0.01490612896,-0.5562024117,11.81915569
0.01491612896,-0.5029230118,11.83674908
0.01492612896,-0.447658807,11.85050488
0.01493612896,-0.3906278908,11.86149406
0.01494612896,-0.3320553601,11.87016392
0.01495612896,-0.2721723318,11.87722874
0.01495737896,-0.2646065354,11.87796593
0.01495987896,-0.2494264394,11.87945461
0.01496050396,-0.2456216663,11.87981319
0.01496175396,-0.2380007803,11.88051987
0.01496206646,-0.2360932529,11.88069344
0.01496230394,-0.2346429974,-9.916244507
0.01496240444,-0.2340291739,-12.93602657
0.01496249498,-0.2334760129,-10.94137955
0.01496253675,-0.2332208306,-12.00328636
0.01496257479,-0.2329883873,-11.6331501
0.01496261497,-0.2327428758,-11.75340271
0.01496265234,-0.2325145006,-11.71340561
0.01496271604,-0.2321252376,-11.72822189
0.01496281382,-0.2315276116,-11.72028446
0.01496300938,-0.2303320765,-11.72721004
0.0149634005,-0.2279399931,-11.72370338
0.01496418274,-0.2231516987,-11.7318573
0.01496574721,-0.2135590464,-11.73369503
0.01496887617,-0.1943127513,-11.75044823
0.01497513408,-0.1556023508,-11.76763725
0.01498513408,-0.09326959401,-11.80044365
0.01499513408,-0.03056873754,-11.81796455
0.01500513408,0.03225275874,-11.83954239
0.01501513408,0.09494696558,-11.84850597
0.01502513408,0.1572664678,-11.86344719
0.01503513408,0.2189653069,-11.8673687
0.01504513408,0.2797999978,-11.87836742
0.01505513408,0.3395304084,-11.87931061
0.01505638408,0.3469072878,-11.88204861
0.01505669658,0.3487481773,-11.88220787
0.01505732158,0.3524259329,-11.88249397
0.01505747783,0.3533445001,-11.88256359
0.01505779033,0.3551806808,-11.88270378
0.01505841533,0.3588488698,-11.88298225
0.01505841845,0.3588671982,-6.191577911
0.0150584247,0.3589038551,2.446340322
0.0150584372,0.358977139,9.652550697
0.01505844261,0.3590088785,10.54408264
0.01505845013,0.3590529859,11.19400597
0.01505845746,0.3590959311,11.47887611
0.01505847211,0.3591818511,11.68381596
0.01505848863,0.3592787385,11.71591759
0.01505851826,0.3594524562,11.71971703
0.01505855904,0.3596915603,11.71907139
0.01505864061,0.3601697087,11.7197876
0.01505880374,0.3611257374,11.72029018
0.01505913001,0.3630366325,11.72195053
0.01505978255,0.366853863,11.7246685
0.01506108762,0.3744697571,11.73048592
0.01506369778,0.3896254897,11.74107265
0.01506891808,0.419618547,11.76073742
0.01507712493,0.4658458233,11.78652668
0.01508510598,0.5096144676,11.80727768
0.01509497546,0.5619558096,11.8275671
0.01510424442,0.6091489792,11.84290504
0.01511424442,0.6577433348,11.85574436
0.01512424442,0.7037419081,11.8661747
0.01513424442,0.7469630837,11.8741827
0.01514424442,0.7872363925,11.88087845
0.01515424442,0.8244028091,11.88599586
0.01515549442,0.828822732,11.88664913
0.01515580692,0.8299196959,11.88679314
0.01515643192,0.8321041465,11.88707733
0.01515768192,0.8364343643,11.88763523
0.01515768817,0.8364558816,2.716423512
0.01515770067,0.8364989161,-8.498470306
0.01515770769,0.8365231156,-10.18927479
0.01515771267,0.8365402222,-10.80585098
0.01515771998,0.8365654349,-11.29816723
0.01515773173,0.8366058469,-11.6092844
0.01515774701,0.8366584182,-11.70111084
0.01515776835,0.8367318511,-11.71491051
0.01515780064,0.8368429542,-11.7143898
0.01515786521,0.8370649815,-11.71488285
0.01515799435,0.8375086188,-11.71534729
0.01515825263,0.8383942842,-11.71660614
0.01515876918,0.8401589394,-11.71882629
0.0151598023,0.8436616659,-11.72342587
0.01516186854,0.8505604267,-11.73203945
0.01516600102,0.8639266491,-11.7481966
0.01517426597,0.8889032006,-11.77571297
0.01518426597,0.9159132242,-11.80236816
0.01519426597,0.9393084645,-11.82300663
0.01520426597,0.9589967728,-11.83929348
0.01521426597,0.9749003053,-11.85197067
0.01522426597,0.986956358,-11.86213779
0.01523426597,0.9951173663,-11.8701086
0.01524426597,0.9993510842,-11.8766489
0.01524551597,0.9996031523,-11.87731647
0.01524582847,0.9996564984,-11.877491
0.01524645347,0.9997517467,-11.87783909
0.01524645659,0.9997521639,-6.186438084
0.01524646284,0.999753058,2.451476097
0.01524647534,0.9997547865,9.657687187
0.01524648075,0.9997555614,10.54938126
0.01524648827,0.9997565746,11.19927883
0.0152464956,0.9997575879,11.48412323
0.01524651026,0.9997596145,11.68899632
0.01524652678,0.9997618794,11.72106171
0.01524655642,0.9997659326,11.72484779
0.01524659722,0.9997714758,11.7241993
0.01524667883,0.9997822642,11.72490692
0.01524684204,0.9998031259,11.72539234
0.01524716847,0.9998417497,11.7270174
0.01524782132,0.9999063015,11.72966576
0.01524912703,0.9999849796,11.73534775
0.01525173845,0.9999403358,11.74567223
0.01525696128,0.9990435839,11.76484871
0.01526696128,0.9943267107,11.79484463
0.01527696128,0.9856856465,11.81841278
0.01528696128,0.9731545448,11.83647251
0.01529696128,0.9567828178,11.85086918
0.01530696128,0.9366351366,11.86187744
0.01531696128,0.9127909541,11.87084293
0.01532696128,0.8853444457,11.87766647
0.01533696128,0.8544038534,11.8833971
0.01534696128,0.8200913668,11.88772011
0.01534821128,0.815571785,11.88828659
0.01535071128,0.8063820601,11.88923836
0.01535072133,0.8063446879,-0.03978966922
0.01535074143,0.8062700033,-11.83929825
0.01535074845,0.8062438965,-11.77263927
0.01535075455,0.8062212467,-11.7442255
0.01535076284,0.8061904311,-11.72548676
0.01535077943,0.8061287403,-11.71378422
0.01535081262,0.8060053587,-11.71256638
0.01535087898,0.8057584763,-11.71330357
0.01535101171,0.8052642345,-11.71364975
0.01535127717,0.8042742014,-11.71507454
0.01535180809,0.8022873402,-11.71729279
0.01535286993,0.7982869148,-11.72218418
0.01535499361,0.7901796103,-11.73107147
0.01535924097,0.7735444307,-11.74797058
0.01536773569,0.7386336327,-11.77641392
0.01537773569,0.694848597,-11.80335236
0.01538773569,0.6483212709,-11.82408714
0.01539773569,0.5992353559,-11.8406477
0.01540773569,0.5477845073,-11.85341072
0.01541773569,0.4941717982,-11.86383438
0.01542773569,0.4386088252,-11.87187099
0.01543773569,0.3813148439,-11.8786459
0.01543898569,0.3740426004,-11.87928581
0.01543929819,0.3722209036,-11.8794651
0.01543992319,0.3685732186,-11.87982082
0.01544007944,0.3676604331,-11.87990856
0.01544039194,0.3658337295,-11.88008499
0.0154405054,0.3651702106,8.234804153
0.01544057393,0.3647693098,13.65388489
0.01544063078,0.364436686,10.78359509
0.01544065463,0.3642971516,11.81261349
0.01544067763,0.3641625643,11.71547127
0.01544070189,0.364020586,11.72335434
0.01544072918,0.3638608754,11.72261906
0.01544078375,0.3635414541,11.72303486
0.01544089291,0.3629024625,11.72341919
0.01544111121,0.3616239727,11.7244463
0.01544154783,0.3590649366,11.72627831
0.01544242106,0.3539387882,11.73006248
0.01544416752,0.3436546922,11.73721218
0.01544766043,0.3229635656,11.75075436
0.01545464626,0.2811247706,11.77436066
0.01546464626,0.2203117758,11.80180645
0.01547464626,0.1586293131,11.8230238
0.01548464626,0.09632081538,11.83965111
0.01549464626,0.03363218158,11.85256195
0.01550464626,-0.02918918058,11.86280632
0.01551464626,-0.09189534932,11.87080765
0.01552464626,-0.1542388499,11.8772707
0.01553464626,-0.2159736305,11.88235855
0.01553589626,-0.2236355096,11.88294315
0.01553620876,-0.2255488485,11.88308239
0.01553683376,-0.2293729037,11.883358
0.01553699001,-0.2303283662,11.88342667
0.01553730251,-0.2322386205,11.88356304
0.01553741597,-0.2329319417,-8.231341362
0.0155374845,-0.2333506793,-13.65042973
0.01553754134,-0.2336979508,-10.78024006
0.01553756519,-0.2338436246,-11.80907822
0.01553758818,-0.2339840829,-11.71204662
0.01553761244,-0.234132275,-11.71991348
0.01553763972,-0.2342989296,-11.71918392
0.01553769429,-0.2346322387,-11.7196064
0.01553780343,-0.2352987528,-11.72000504
0.0155380217,-0.2366314679,-11.72105885
0.01553845824,-0.2392955571,-11.72294521
0.01553933133,-0.2446183264,-11.72683525
0.0155410775,-0.2552416027,-11.73419476
0.01554456985,-0.276394695,-11.74813652
0.01555155454,-0.3182915151,-11.77247334
0.0155580837,-0.3569031954,-11.79174805
0.01556216683,-0.3807485998,-11.80219841
0.01556682314,-0.4076346159,-11.81300354
0.01557121061,-0.4326494336,-11.82201195
0.01557684493,-0.4642883837,-11.8323679
0.01558398484,-0.5035408735,-11.8435154
0.01559398484,-0.5567964911,-11.85639381
0.01560398484,-0.6078546643,-11.86648655
0.01561398484,-0.6565139294,-11.87461281
0.01562398484,-0.7025821805,-11.8810339
0.01563398484,-0.7458776832,-11.88631535
0.01563523484,-0.7510860562,-11.8868618
0.01563554734,-0.7523809075,-11.8870039
0.01563578482,-0.7533630133,9.909958839
0.01563588532,-0.7537780404,12.92975044
0.01563597586,-0.7541518211,10.935112
0.01563601762,-0.7543240786,11.9969492
0.01563605565,-0.7544808984,11.62695503
0.01563609582,-0.7546465397,11.74711323
0.01563613317,-0.7548004985,11.70717049
0.01563619685,-0.7550629377,11.7219677
0.01563629462,-0.7554655075,11.71405602
0.01563649016,-0.7562699318,11.72098827
0.01563688123,-0.7578752637,11.71753025
0.01563766337,-0.7610722184,11.72574997
0.01563922764,-0.7674108744,11.72774506
0.0156423562,-0.7798652053,11.74477196
0.01564861332,-0.8038651347,11.7624855
0.01565861332,-0.8396273851,11.79600048
0.01566861332,-0.8720760345,11.81413364
0.01567861332,-0.9010830522,11.83622169
0.01568861332,-0.9265338778,11.8456459
0.01569861332,-0.9483280778,11.86098099
0.01570861332,-0.9663796425,11.86527348
0.01571861332,-0.980617404,11.8765974
0.01571986332,-0.9821259379,11.87518787
0.01572236332,-0.9849613309,11.87662601
0.01572298832,-0.9856321812,11.87699604
0.01572423832,-0.9869283438,11.87769508
0.01572455082,-0.9872428775,11.87786579
0.01572517582,-0.9878605604,11.87820625
0.01572517894,-0.9878636003,6.186804771
0.01572518519,-0.9878696799,-2.451109886
0.01572519769,-0.9878818989,-9.657320976
0.01572520311,-0.9878871441,-10.5490036
0.01572521063,-0.9878944755,-11.19890308
0.01572521795,-0.987901628,-11.48374939
0.01572523261,-0.9879159331,-11.68862724
0.01572524914,-0.9879320264,-11.7206955
0.01572527877,-0.9879608154,-11.72448254
0.01572531957,-0.9880004525,-11.72383404
0.01572540118,-0.9880795479,-11.72454262
0.01572556438,-0.9882368445,-11.72502995
0.0157258908,-0.9885484576,-11.72665882
0.01572654363,-0.9891591072,-11.7293148
0.01572784929,-0.9903305173,-11.7350111
0.01573046062,-0.9924733043,-11.74536324
0.01573568327,-0.9959567785,-11.76459217
0.01574568327,-0.9996321797,-11.79467583
0.01575568327,-0.9993625283,-11.81831741
0.01576568327,-0.995148778,-11.83643913
0.01577568327,-0.9870076776,-11.8508873
0.01578568327,-0.9749712348,-11.86194038
0.01579568327,-0.9590870738,-11.87094498
0.01580568327,-0.9394178391,-11.8778019
0.01581568327,-0.9160411954,-11.88356304
0.01582568327,-0.8890492916,-11.8879118
0.01582693327,-0.8854262829,-11.88848019
0.01582943327,-0.8780165911,-11.88943863
0.01582944332,-0.8779863715,0.03958977386
0.01582946342,-0.8779258728,11.83909798
0.01582947044,-0.8779047728,11.77243996
0.01582947654,-0.8778864145,11.74402618
0.01582948483,-0.8778614402,11.72528744
0.01582950142,-0.8778115511,11.7135849
0.01582953461,-0.8777116537,11.7123661
0.01582960097,-0.8775117397,11.71310329
0.0158297337,-0.8771115541,11.71344948
0.01582999916,-0.876309216,11.71487331
0.01583053007,-0.8746973276,11.71709061
0.01583159191,-0.8714442849,11.72198009
0.01583371557,-0.8648220897,11.73086166
0.0158379629,-0.8511168957,11.74775219
0.01584645756,-0.8218983412,11.77617931
0.01585645756,-0.784508884,11.80310059
0.01586645756,-0.7440233231,11.82382202
0.01587645756,-0.7006014585,11.84037113
0.01588645756,-0.6544146538,11.85312462
0.01589645756,-0.6056451201,11.8635416
0.01590645756,-0.5544854403,11.87157345
0.01591645756,-0.5011374354,11.87834454
0.01591770756,-0.494325459,11.87898445
0.01591802006,-0.4926176667,11.87916279
0.01591864506,-0.4891964495,11.87951851
0.01591864818,-0.4891793132,6.188118458
0.01591865443,-0.4891450703,-2.449795008
0.01591866693,-0.4890765548,-9.656006813
0.01591867234,-0.4890469015,-10.54764748
0.01591867986,-0.4890056849,-11.19755459
0.01591868719,-0.4889655113,-11.48240662
0.01591870184,-0.4888851941,-11.68730164
0.01591871837,-0.4887946248,-11.71937847
0.015918748,-0.4886322021,-11.72316647
0.0159187888,-0.4884085357,-11.72251701
0.01591887039,-0.4879611135,-11.72322369
0.01591903358,-0.4870658815,-11.72370625
0.01591935995,-0.4852738678,-11.72532749
0.0159200127,-0.4816837311,-11.72796631
0.0159213182,-0.4744791985,-11.73363113
0.0159239292,-0.459974885,-11.74391937
0.0159291512,-0.4305987954,-11.7630291
0.0159391512,-0.373077929,-11.79291058
0.0159491512,-0.3140847087,-11.81637669
0.0159591512,-0.2538519204,-11.83434677
0.0159691512,-0.1926173121,-11.84866619
0.0159791512,-0.130622521,-11.85961056
0.0159891512,-0.06811222434,-11.86852646
0.0159991512,-0.005333124194,-11.87531281
0.0160091512,0.05746702477,-11.88102055
0.0160104012,0.06530617177,-11.88154316
0.0160129012,0.0809719041,-11.88271427
0.0160135262,0.08488536626,-11.88299656
0.0160147762,0.09270830452,-11.88355255
0.0160150887,0.09466316551,-11.88368893
0.0160157137,0.09857177734,-11.88395882
0.0160169637,0.1063843891,-11.88449001
0.01601696995,0.1064234376,-2.713276625
0.01601698245,0.1065015271,8.501618385
0.01601698947,0.1065453589,10.19258404
0.01601699445,0.1065765023,10.80915642
0.01601700177,0.1066221818,11.30143356
0.01601701351,0.1066955701,11.61248589
0.0160170288,0.1067910641,11.70427322
0.01601705014,0.1069244072,11.71805763
0.01601708244,0.107126154,11.71753693
0.01601714703,0.1075296327,11.71803188
0.0160172762,0.1083365381,11.71849918
0.01601753456,0.1099501401,11.71976376
0.01601805127,0.113176465,11.72199631
0.01601908469,0.1196255013,11.72661877
0.01602115154,0.1325081736,11.73527813
0.01602528523,0.158204332,11.75152302
0.01603355262,0.209259212,11.77920246
0.01604111756,0.2554849088,11.80007172
0.01604961196,0.3066972494,11.81913948
0.01605757885,0.3539382219,11.83387184
0.01606757885,0.4119658172,11.8486414
0.01607757885,0.4683675766,11.86042118
0.01608757885,0.5229209065,11.86963367
0.01609757885,0.5754104853,11.87712574
0.01610757885,0.6256291866,11.88302231
0.01610882885,0.6317369342,11.88370895
0.01611132885,0.6438350081,11.88497829
0.01611195385,0.6468348503,11.88528347
0.01611320385,0.6528044939,11.88588619
0.01611351635,0.6542906761,11.88603401
0.01611414135,0.6572553515,11.88632774
0.0161142976,0.657994926,11.88640022
0.01611441634,0.6585565805,-8.361693382
0.01611446885,0.6588048339,-13.24166393
0.0161145088,0.6589936614,-11.19669437
0.01611452869,0.6590876579,-11.71888351
0.01611455229,0.6591991782,-11.71580505
0.01611457516,0.6593072414,-11.7161932
0.01611461174,0.6594799757,-11.71633244
0.01611468489,0.6598254442,-11.71667099
0.01611483119,0.6605158448,-11.71732044
0.01611512379,0.6618950963,-11.71863174
0.01611570898,0.6646468043,-11.72120857
0.01611687937,0.6701232195,-11.72626209
0.01611922016,0.6809670329,-11.73591805
0.01612390172,0.7022104859,-11.75361061
0.01613326486,0.7428568602,-11.78335953
0.01614326486,0.7834261656,-11.80827427
0.01615326486,0.8209035993,-11.82768822
0.01616326486,0.8551412821,-11.84289455
0.01617326486,0.8860041499,-11.85485268
0.01618326486,0.9133703709,-11.86432743
0.01619326486,0.9371319413,-11.87187576
0.01620326486,0.9571950436,-11.87795448
0.01620342111,0.9574787617,-11.87803745
0.01620373361,0.9580433965,-11.8782053
0.01620435861,0.9591615796,-11.87854004
0.01620436173,0.9591671228,-6.187138557
0.01620436798,0.9591782093,2.450776577
0.01620438048,0.9592004418,9.656988144
0.01620438589,0.9592100382,10.54865932
0.01620439342,0.9592233896,11.19856071
0.01620440074,0.9592363834,11.48340893
0.0162044154,0.9592624307,11.6882906
0.01620443192,0.9592917562,11.72036171
0.01620446156,0.9593443274,11.7241497
0.01620450236,0.9594166279,11.72350121
0.01620458396,0.9595611095,11.72421074
0.01620474716,0.9598492384,11.72469902
0.01620507357,0.9604225159,11.72633171
0.01620572638,0.9615569711,11.72899342
0.016207032,0.9637773037,11.73470211
0.01620964324,0.9680233002,11.74507809
0.01621486573,0.9757323861,11.76435184
0.01622486573,0.9875560403,11.7945118
0.01623486573,0.9954822063,11.81821823
0.01624486573,0.9994797111,11.83639431
0.01625486573,0.9995326996,11.85089111
0.01626486573,0.9956409931,11.86198616
0.01627486573,0.9878199697,11.87102795
0.01628486573,0.9761004448,11.87791824
0.01629486573,0.9605287313,11.883708
0.01630486573,0.9411662221,11.8880825
0.01630611573,0.9384829998,11.88865471
0.01630861573,0.9329431057,11.88961887
0.01630862578,0.9329203367,-0.03940960392
0.01630864588,0.9328748584,-11.83891773
0.0163086529,0.9328590035,-11.77225971
0.016308659,0.9328451753,-11.74384689
0.01630866729,0.9328263998,-11.72510719
0.01630868389,0.9327888489,-11.71340466
0.01630871707,0.9327136874,-11.71218586
0.01630878343,0.9325631857,-11.7129221
0.01630891616,0.9322618246,-11.71326828
0.01630918162,0.9316570759,-11.71469116
0.01630971253,0.9304398894,-11.7169075
0.01631077435,0.9279744029,-11.72179413
0.016312898,0.922919631,-11.73067188
0.0163171453,0.9123181105,-11.74755287
0.0163256399,0.8891739845,-11.77596283
0.01633508621,0.8604661822,-11.80153942
0.01634508621,0.8267759681,-11.82253361
0.01635508621,0.7898228765,-11.83929062
0.01636508621,0.7497527599,-11.85220337
0.01637508621,0.7067236304,-11.86274147
0.01638508621,0.6609054208,-11.87086582
0.01639508621,0.6124789715,-11.87770939
0.01639633621,0.606251657,-11.87835789
0.01639664871,0.6046889424,-11.87853813
0.01639727371,0.6015565991,-11.87889767
0.01639742996,0.6007720828,-11.87898636
0.01639754871,0.6001754999,8.369093895
0.01639760121,0.5999115705,13.24905968
0.01639764118,0.5997106433,11.20389748
0.01639766108,0.5996105671,11.72637367
0.01639768468,0.5994918942,11.72318268
0.01639770757,0.5993767977,11.72357845
0.01639774415,0.5991927981,11.72371292
0.01639781731,0.5988246799,11.72404385
0.01639796364,0.5980880857,11.72467899
0.0163982563,0.5966133475,11.72595978
0.01639884162,0.5936579108,11.72847843
0.01640001226,0.5877228975,11.7334156
0.01640235355,0.5757578611,11.74284649
0.01640703611,0.5514566302,11.76011944
0.01641640123,0.5014436841,11.78913116
0.01642640123,0.446128428,11.81337929
0.01643640123,0.3890525401,11.8322258
0.01644640123,0.3304412067,11.84693909
0.01645640123,0.2705258131,11.85846043
0.01646640123,0.2095427513,11.86754036
0.01647640123,0.1477327347,11.87472534
0.01648640123,0.08533968031,11.8804636
0.01649640123,0.02260982618,11.88506889
0.01649655748,0.02162831835,11.88513565
0.01649686998,0.01966524124,11.88526344
0.01649698343,0.01895250566,-8.229644775
0.01649705197,0.01852197573,-13.64873314
0.01649710881,0.01816491038,-10.77859116
0.01649713265,0.01801512204,-11.80733967
0.01649715564,0.01787068881,-11.71036053
0.0164971799,0.0177183114,-11.71821976
0.01649720718,0.01754692197,-11.7174921
0.01649726174,0.01720413938,-11.71791553
0.01649737087,0.01651857235,-11.71831703
0.01649758912,0.01514741313,-11.71937656
0.01649802563,0.0124050118,-11.72127342
0.01649889865,0.006919949781,-11.72518635
0.01650064468,-0.004050633404,-11.73258781
0.01650413675,-0.02598901652,-11.74660969
0.01651112088,-0.06981769949,-11.77109241
0.01652112088,-0.1323172301,-11.79963207
0.01653076575,-0.1921052337,-11.82107449
0.01654076575,-0.2533471584,-11.83865452
0.01655076575,-0.3135892451,-11.85237885
0.01656076575,-0.3725937307,-11.8633213
0.01657076575,-0.4301277697,-11.87193108
0.01658076575,-0.4859642684,-11.87892437
0.01659076575,-0.5398828983,-11.88447857
0.01659201575,-0.5464771986,-11.88511658
0.01659232825,-0.5481204987,-11.88526917
0.01659295325,-0.5514008403,-11.88557148
0.0165931095,-0.5522195697,-11.88564682
0.01659322824,-0.5528414249,8.362445831
0.01659328075,-0.5531163216,13.24241543
0.0165933207,-0.5533254147,11.19742584
0.01659334059,-0.553429544,11.71964455
0.01659336419,-0.5535530448,11.71655369
0.01659338707,-0.5536727309,11.71694374
0.01659342364,-0.5538640618,11.71708107
0.01659349679,-0.5542467237,11.71741962
0.0165936431,-0.5550116301,11.71806717
0.0165939357,-0.5565400124,11.7193737
0.01659452091,-0.5595911145,11.72194386
0.01659569133,-0.5656706691,11.72698212
0.01659803216,-0.5777376294,11.73660851
0.01660271383,-0.6014940739,11.75424576
0.01661207716,-0.6474255323,11.78389645
0.01662207716,-0.6940024495,11.80872345
0.01663207716,-0.7378404737,11.8280611
0.01664207716,-0.7787665129,11.84320164
0.01665207716,-0.8166191578,11.85510159
0.01666207716,-0.8512489796,11.86452484
0.01667207716,-0.8825193048,11.87202644
0.01668207716,-0.9103067517,11.87806225
0.01668332716,-0.9135296941,11.87871647
0.01668363966,-0.9143266082,11.87887955
0.01668387715,-0.9149299264,-9.918066025
0.01668397764,-0.9151845574,-12.93785191
0.01668406819,-0.9154136777,-10.94320679
0.01668410996,-0.9155192971,-12.00513744
0.016684148,-0.9156154394,-11.63496113
0.01668418818,-0.9157169461,-11.75524426
0.01668422556,-0.9158112407,-11.7152338
0.01668428926,-0.9159719348,-11.73005962
0.01668438705,-0.9162182808,-11.72212124
0.01668458261,-0.9167099595,-11.72905636
0.01668497375,-0.917689085,-11.72555923
0.01668575601,-0.9196307659,-11.73374176
0.01668732055,-0.9234474897,-11.73562622
0.01669044962,-0.9308127165,-11.75247955
0.01669670776,-0.9444612265,-11.76984692
0.01670670776,-0.9632319808,-11.80291367
0.01671670776,-0.9782012701,-11.82065582
0.01672670776,-0.9893100262,-11.84242916
0.01673670776,-0.9965144396,-11.85155296
0.01674670776,-0.9997860789,-11.86663342
0.01675670776,-0.99911201,-11.87066174
0.01676670776,-0.9944948554,-11.88174915
0.01677670776,-0.9859529734,-11.88275242
0.01678670776,-0.9735199213,-11.89143372
0.01678686401,-0.973295033,-11.88945293
0.01678717651,-0.9728423953,-11.88933182
0.01678728996,-0.9726771712,8.225236893
0.0167873585,-0.972577095,13.64468575
0.01678741532,-0.9724940062,10.77450371
0.01678743916,-0.9724590778,11.80303478
0.01678746214,-0.9724254012,11.70621014
0.01678748639,-0.9723898768,11.71404171
0.01678751367,-0.9723498821,11.71331978
0.01678756822,-0.9722697735,11.71374321
0.01678767732,-0.9721091986,11.71414757
0.01678789552,-0.971786797,11.71521091
0.01678833193,-0.9711363912,11.71711826
0.01678920475,-0.9698137045,11.72104931
0.01679095039,-0.9670808315,11.72848892
0.01679444166,-0.9612665176,11.74257946
0.0168014242,-0.9482532144,11.76718521
0.01680942258,-0.9311059117,11.79066467
0.01681922797,-0.9068818092,11.81367683
0.01682922797,-0.8786332607,11.83218288
0.01683922797,-0.846917212,11.84663582
0.01684922797,-0.8118587136,11.85815907
0.01685922797,-0.7735962272,11.86723995
0.01686922797,-0.7322806716,11.8746233
0.01687047797,-0.7269095182,11.87539482
0.01687297797,-0.7160331607,11.87694931
0.01687360297,-0.7132863402,11.87732315
0.01687485297,-0.707759738,11.87806129
0.01687516547,-0.7063712478,11.87824249
0.01687540295,-0.7053142786,-9.918689728
0.01687550344,-0.7048665285,-12.93847084
0.01687559399,-0.7044628263,-10.94382095
0.01687563576,-0.7042765617,-12.00575638
0.01687567381,-0.7041068077,-11.63556385
0.01687571399,-0.7039275169,-11.75585461
0.01687575137,-0.7037606835,-11.71583748
0.01687581507,-0.7034762502,-11.73066235
0.01687591286,-0.7030394673,-11.72271633
0.01687610843,-0.7021650672,-11.72964096
0.01687649956,-0.7004131079,-11.7261219
0.01687728184,-0.6968964934,-11.73426056
0.0168788464,-0.689812839,-11.73606014
0.0168819755,-0.6754463315,-11.7527504
0.01688823372,-0.645935595,-11.76981544
0.01689823372,-0.5967271924,-11.80246162
0.01690823372,-0.5451638103,-11.81984329
0.01691823372,-0.4914489388,-11.84131145
0.01692823372,-0.4357945025,-11.85017109
0.01693823372,-0.3784202039,-11.86502552
0.01694823372,-0.3195524216,-11.86885929
0.01695823372,-0.2594235539,-11.87978077
0.01696823372,-0.1982708275,-11.88064194
0.01696948372,-0.1905667335,-11.88337135
0.01697198372,-0.1751237512,-11.88451004
0.01697260872,-0.1712561101,-11.88475895
0.01697385872,-0.1635129601,-11.88528252
0.01697417122,-0.1615755707,-11.88541126
0.01697479622,-0.1576989442,-11.88566589
0.01697495247,-0.1567294002,-11.88572884
0.01697526497,-0.1547898799,-11.88585472
0.01697537843,-0.1540855616,8.229053497
0.01697544696,-0.1536600739,13.64814281
0.0169755038,-0.1533071995,10.77801704
0.01697552764,-0.1531591564,11.80673409
0.01697555063,-0.1530164033,11.70977402
0.01697557489,-0.1528657973,11.71762943
0.01697560217,-0.1526964009,11.71690273
0.01697565673,-0.1523575932,11.71732616
0.01697576585,-0.1516799182,11.71772861
0.0169759841,-0.1503243446,11.7187891
0.0169764206,-0.1476123631,11.72068882
0.01697729359,-0.142185092,11.72460651
0.01697903957,-0.1313178688,11.73201847
0.01698253154,-0.1095373183,11.74605942
0.01698951548,-0.06582854688,11.77057743
0.01699951548,-0.003044324927,11.79916382
0.01700951548,0.05975190923,11.82135201
0.01701951548,0.1223123297,11.83881569
0.01702951548,0.1843900383,11.85245514
0.01703951548,0.245740056,11.86333942
0.01704951548,0.3061202466,11.87190819
0.01705951548,0.3652923107,11.87887669
0.01706951548,0.4230227172,11.88441658
0.01706967173,0.4239121079,11.88451958
0.01706998423,0.4256896377,11.88467789
0.01707009769,0.4263345897,-8.230222702
0.01707016622,0.4267240465,-13.64930248
0.01707022306,0.4270470142,-10.77914238
0.0170702469,0.4271824658,-11.80791855
0.01707026989,0.4273130894,-11.71091938
0.01707029415,0.4274508655,-11.71877956
0.01707032143,0.4276058376,-11.71804905
0.017070376,0.4279157221,-11.71846771
0.01707048513,0.428535372,-11.71885967
0.01707070339,0.4297740161,-11.71990013
0.01707113991,0.4322489202,-11.72175884
0.01707201295,0.4371889532,-11.72559643
0.01707375903,0.4470293522,-11.73285103
0.01707725119,0.4665476382,-11.74659061
0.01708423551,0.5049010515,-11.77055454
0.01709423551,0.5581040978,-11.79844666
0.01710423551,0.6091045141,-11.82003975
0.01711423551,0.6577011347,-11.83699131
0.01712423551,0.7037020922,-11.8501873
0.01713423551,0.7469258308,-11.86068726
0.01714423551,0.7872018218,-11.86892319
0.01715423551,0.8243710995,-11.87560368
0.01715548551,0.8287913799,-11.876297
0.01715798551,0.8374782801,-11.87769699
0.01715861051,0.8396177888,-11.87803459
0.01715986051,0.8438580036,-11.87869835
0.01716017301,0.8449099064,-11.87886143
0.01716079801,0.8470039368,-11.87918568
0.01716095426,0.8475254178,-11.87926579
0.01716126676,0.8485659361,-11.87942505
0.01716138021,0.8489428759,8.235469818
0.01716144875,0.8491703868,13.65455341
0.0171615056,0.8493589759,10.78424835
0.01716152945,0.8494380713,11.8133049
0.01716155245,0.8495143056,11.7161417
0.01716157671,0.8495947123,11.72403049
0.017161604,0.8496851325,11.72329617
0.01716165858,0.8498659134,11.72371483
0.01716176774,0.8502271771,11.72410488
0.01716198605,0.8509484529,11.72514248
0.01716242268,0.8523862362,11.72699642
0.01716329594,0.8552424908,11.73082447
0.01716504245,0.8608777523,11.73806
0.01716853548,0.8718366027,11.75176716
0.01717552153,0.8924894333,11.77567673
0.01718552153,0.9190511107,11.8035059
0.01719552153,0.9419857264,11.82505226
0.01720552153,0.9612027407,11.84196472
0.01721552153,0.9766263366,11.85512066
0.01722552153,0.9881956577,11.86557484
0.01723552153,0.9958649874,11.8737545
0.01724552153,0.9996041059,11.88036633
0.01725552153,0.9993982911,11.88557434
0.01725677153,0.9990950227,11.88617325
0.01725927153,0.9983036518,11.88728809
0.01726427153,0.9959822893,11.88935184
0.01726442778,0.9958938956,11.88941288
0.01726474028,0.9957141876,11.88953495
0.01726485374,0.9956480265,-8.225375175
0.01726492227,0.9956077933,-13.64446545
0.0172649791,0.9955742955,-10.77444077
0.01726500294,0.9955602288,-11.8029604
0.01726502592,0.995546639,-11.70611572
0.01726505017,0.9955322742,-11.71395206
0.01726507745,0.9955160618,-11.71322823
0.017265132,0.9954835773,-11.71365166
0.01726524111,0.9954182506,-11.71405602
0.01726545932,0.9952862263,-11.71511841
0.01726589574,0.9950165749,-11.7170248
0.01726676858,0.9944547415,-11.72095299
0.01726851426,0.9932414889,-11.72838593
0.01727200562,0.9904565811,-11.74246407
0.01727597335,0.986713171,-11.75691605
0.01728005519,0.9822221994,-11.77045345
0.01728422757,0.9769639969,-11.78282738
0.01729013814,0.9683669209,-11.79842663
0.01729870502,0.9535393715,-11.81726933
0.01730870502,0.9327409863,-11.83493519
0.01731870502,0.9082614779,-11.84874153
0.01732870502,0.8801974654,-11.85976315
0.01733870502,0.8486597538,-11.86845589
0.01734870502,0.813772738,-11.87553596
0.01734995502,0.8091831207,-11.87627602
0.01735245502,0.7998543382,-11.87776756
0.01735308002,0.7974911928,-11.8781271
0.01735308314,0.7974793911,-6.186727047
0.01735308939,0.7974556684,2.451186419
0.01735310189,0.7974082828,9.657398224
0.0173531073,0.7973877788,10.54908276
0.01735311483,0.7973592281,11.19898224
0.01735312215,0.7973314524,11.48382854
0.01735313681,0.7972759008,11.68870449
0.01735315333,0.7972131968,11.72077179
0.01735318297,0.7971007824,11.72455788
0.01735322377,0.7969459295,11.72390842
0.01735330537,0.7966361046,11.72461319
0.01735346858,0.7960158587,11.72509575
0.017353795,0.7947728038,11.72671318
0.01735444784,0.7922766209,11.72934818
0.01735575351,0.7872443795,11.73500252
0.01735836485,0.7770212889,11.74527264
0.01736358754,0.7559504509,11.76434803
0.01737358754,0.7133542299,11.79417229
0.01738358754,0.6679427624,11.81759262
0.01739358754,0.6198952794,11.83552361
0.01740358754,0.5694012642,11.84980965
0.01741358754,0.5166601539,11.86072254
0.01742358754,0.4618799686,11.86960697
0.01743358754,0.405276984,11.87636185
0.01744358754,0.3470745683,11.88203716
0.01745358754,0.2875023782,11.88631439
0.01745374379,0.2865619361,11.88645077
0.01745405629,0.2846802473,11.88658237
0.01745416975,0.2839967906,-8.228339195
0.01745423828,0.2835838795,-13.64741707
0.01745429511,0.283241421,-10.77731705
0.01745431896,0.283097744,-11.80599499
0.01745434195,0.2829592228,-11.70905685
0.0174543662,0.2828130424,-11.71690845
0.01745439348,0.282648623,-11.71618271
0.01745444804,0.2823197842,-11.71660709
0.01745455716,0.2816619873,-11.7170105
0.0174547754,0.2803459764,-11.71807194
0.01745521188,0.2777124345,-11.71997643
0.01745608485,0.2724390328,-11.72390175
0.01745783077,0.2618678212,-11.73132801
0.01746132263,0.2406321764,-11.74539757
0.01746830633,0.1978236437,-11.76996613
0.01747830633,0.1358836591,-11.7986145
0.01748830633,0.07340739667,-11.82085419
0.01749830633,0.01064142957,-11.83836269
0.01750830633,-0.05216653273,-11.85204124
0.01751830633,-0.1147686169,-11.86295986
0.01752830633,-0.1769177616,-11.87156105
0.01753830633,-0.23836869,-11.87855911
0.01753955633,-0.2459888607,-11.87928772
0.01754205633,-0.2611831725,-11.88076019
0.01754705633,-0.2913747728,-11.88348866
0.01754721258,-0.2923137844,-11.88356876
0.01754752508,-0.2941909432,-11.88372993
0.01754763854,-0.2948721945,8.231164932
0.01754770707,-0.2952836156,13.65024853
0.01754776391,-0.2956248224,10.78005886
0.01754778776,-0.2957679629,11.80888557
0.01754781075,-0.2959059477,11.7118578
0.01754783501,-0.296051532,11.71972179
0.01754786229,-0.2962152958,11.71899033
0.01754791686,-0.2965427339,11.71940804
0.01754802599,-0.2971975505,11.71979809
0.01754824426,-0.298506707,11.72083473
0.0175486808,-0.3011233807,11.72268772
0.01754955388,-0.3063499331,11.726511
0.01755130004,-0.3167752028,11.7337389
0.01755479235,-0.3375100791,11.74742889
0.01756177698,-0.378482461,11.77130318
0.01757177698,-0.435855031,11.79908371
0.01758177698,-0.4915075004,11.8205843
0.01759177698,-0.5452201962,11.8374567
0.01760177698,-0.5967811942,11.85058498
0.01761177698,-0.6459869742,11.8610239
0.01762177698,-0.6926432848,11.86920643
0.01763177698,-0.7365660667,11.87583828
0.01763302698,-0.7418554425,11.87652493
0.01763552698,-0.7522966266,11.87791443
0.01763615198,-0.7548780441,11.87824821
0.01763740198,-0.7600058317,11.8789072
0.01763771448,-0.761280477,11.87906837
0.01763833948,-0.7638209462,11.87938976
0.01763958948,-0.768866539,11.88001919
0.01763959573,-0.7688916326,2.708812237
0.01763960823,-0.7689418793,-8.50607872
0.01763961525,-0.7689700723,-10.19727898
0.01763962024,-0.7689900994,-10.81384945
0.01763962755,-0.7690194249,-11.30607128
0.0176396393,-0.7690666318,-11.61703014
0.01763965459,-0.7691280246,-11.70876217
0.01763967594,-0.7692137361,-11.72252274
0.01763970825,-0.7693434358,-11.72199821
0.01763977286,-0.7696027756,-11.72248936
0.01763990209,-0.7701209784,-11.72294617
0.01764016056,-0.7711558938,-11.72419167
0.01764067748,-0.7732195854,-11.72638512
0.01764171134,-0.7773225904,-11.73093224
0.01764377904,-0.7854298949,-11.73944283
0.01764791446,-0.8012455106,-11.75540924
0.01765618529,-0.8312436342,-11.78258896
0.01766618529,-0.8645091653,-11.80888939
0.01767618529,-0.8943628073,-11.82923126
0.01768618529,-0.920686841,-11.84526253
0.01769618529,-0.9433773756,-11.85770988
0.01770618529,-0.9623447657,-11.86766148
0.01771618529,-0.977514267,-11.87542152
0.01772618529,-0.9888259768,-11.88175297
0.01773618529,-0.9962351918,-11.88671112
0.01773743529,-0.9968853593,-11.88729572
0.01773993529,-0.9980010986,-11.88836479
0.01774056029,-0.9982416034,-11.88862133
0.01774181029,-0.9986763597,-11.88912868
0.01774212279,-0.9987754226,-11.88925362
0.01774236027,-0.9988481402,9.907722473
0.01774246077,-0.9988782406,12.9275198
0.01774255131,-0.9989050031,10.93288612
0.01774259307,-0.998917222,11.99469852
0.01774263109,-0.9989283085,11.62475681
0.01774267126,-0.998939991,11.74488258
0.01774270861,-0.9989507794,11.70495892
0.01774277228,-0.9989690185,11.7197504
0.01774287004,-0.998996675,11.71184921
0.01774306557,-0.9990509748,11.7187891
0.01774345662,-0.999154985,11.71535587
0.01774423873,-0.9993448853,11.72361469
0.01774580294,-0.9996523261,11.72569561
0.01774893135,-0.9999774694,11.74287796
0.01775518819,-0.9994687438,11.7608881
0.01776347528,-0.9964178205,11.79023266
0.01777154822,-0.9908485413,11.80552959
0.01778047648,-0.9817218781,11.82768822
0.01779047648,-0.9678342938,11.83908463
0.01780047648,-0.9501271248,11.85594273
0.01781047648,-0.9286702275,11.86145878
0.01782047648,-0.9035483003,11.87372971
0.01782172648,-0.900155127,11.87242889
0.01782422648,-0.8932024837,11.87406826
0.01782922648,-0.8786377311,11.87719727
0.01782938273,-0.8781685233,11.87727261
0.01782969523,-0.8772276044,11.8774538
0.01783032023,-0.8753355742,11.8778162
0.01783032335,-0.875326097,6.186416149
0.0178303296,-0.8753071427,-2.451497316
0.0178303421,-0.875269115,-9.657709122
0.01783034751,-0.8752526641,-10.54940319
0.01783035504,-0.8752298355,-11.19930172
0.01783036236,-0.8752075434,-11.48414612
0.01783037702,-0.8751630187,-11.68901825
0.01783039354,-0.875112772,-11.72108364
0.01783042318,-0.8750226498,-11.72486877
0.01783046398,-0.8748984933,-11.72421932
0.01783054559,-0.8746500611,-11.72492504
0.0178307088,-0.8741524816,-11.72540665
0.01783103523,-0.8731545806,-11.72702503
0.01783168809,-0.8711477518,-11.72966003
0.0178329938,-0.867090106,-11.73531532
0.01783560522,-0.8588001132,-11.7455864
0.01784082806,-0.8415287137,-11.76466465
0.01785082806,-0.8059478998,-11.79449272
0.01786082806,-0.7671864033,-11.81791782
0.01787082806,-0.7253971696,-11.83585453
0.01788082806,-0.6807451844,-11.85014439
0.01789082806,-0.6334065199,-11.86106014
0.01790082806,-0.5835681558,-11.86994743
0.01791082806,-0.5314266682,-11.87670326
0.01792082806,-0.4771879017,-11.88237858
0.01793082806,-0.4210658967,-11.8866539
0.01793207806,-0.4139291644,-11.88721466
0.01793239056,-0.4121409953,-11.88733578
0.01793262804,-0.4107809961,9.909645081
0.01793272853,-0.410205245,12.92944145
0.01793281908,-0.4096862972,10.93481064
0.01793286084,-0.4094469547,11.99664688
0.01793289887,-0.4092289507,11.62666225
0.01793293903,-0.4089986682,11.74681854
0.01793297639,-0.4087844789,11.70688057
0.01793304007,-0.4084192812,11.72168064
0.01793313784,-0.4078584909,11.71377659
0.01793333337,-0.4067364335,11.7207222
0.01793372444,-0.4044905007,11.71729183
0.01793450657,-0.3999913037,11.72556496
0.01793607084,-0.3909640312,11.72766495
0.01793919938,-0.3727970719,11.74489403
0.01794545646,-0.3360380828,11.76298428
0.01795545646,-0.2762358189,11.79702663
0.01796545646,-0.2153434008,11.81561184
0.01797545646,-0.1536011249,11.83808804
0.01798545646,-0.09125264734,11.84784794
0.01799545646,-0.02854403667,11.86347103
0.01800545646,0.03427722305,11.86801338
0.01801545646,0.09696320444,11.87954903
0.01802545646,0.1592665166,11.88099003
0.01802549708,0.1595185101,-7.119303703
0.01802557833,0.1600224674,-14.52558613
0.01802560576,0.1601925641,-11.25671101
0.01802562213,0.1602941006,-11.6768961
0.01802563715,0.1603872478,-11.71358776
0.01802565364,0.1604895443,-11.71883488
0.01802568663,0.1606941223,-11.71960545
0.01802575261,0.1611032784,-11.71970463
0.01802588457,0.1619214863,-11.72040939
0.01802614848,0.1635575891,-11.72148037
0.0180266763,0.1668284386,-11.72387028
0.01802773195,0.1733646095,-11.72831249
0.01802984325,0.186413765,-11.7370739
0.01803406584,0.212411359,-11.75303268
0.01804251102,0.2639398575,-11.78051186
0.01805251102,0.323982954,-11.80617332
0.01806251102,0.3827474117,-11.82626915
0.01807251102,0.4400013685,-11.84183025
0.01808251102,0.4955188334,-11.85416889
0.01809251102,0.5490807295,-11.86376953
0.01810251102,0.6004756093,-11.87152386
0.01811251102,0.6495007277,-11.8775959
0.01811376102,0.6554524899,-11.87829876
0.01811626102,0.6672343612,-11.87959862
0.01811688602,0.6701542139,-11.87991047
0.01811813602,0.6759628654,-11.88052654
0.01811844852,0.6774085164,-11.88067818
0.01811868601,0.6785054207,9.916276932
0.0181187865,0.6789691448,12.93606663
0.01811887705,0.679386735,10.94142532
0.01811891881,0.679579258,12.00333595
0.01811895686,0.6797545552,11.63320065
0.01811899703,0.6799396873,11.75345707
0.01811903441,0.6801118851,11.71346283
0.0181190981,0.6804052591,11.72828388
0.01811919588,0.6808553338,11.72035313
0.01811939144,0.6817547679,11.72729206
0.01811978256,0.6835505366,11.72381306
0.0181205648,0.6871297359,11.73202133
0.01812212928,0.6942381859,11.73396587
0.01812525824,0.7082532048,11.75092411
0.01813151615,0.7354566455,11.76849365
0.01814151615,0.7765504718,11.80183601
0.01815151615,0.8145796061,11.81981659
0.01816151615,0.8493939638,11.8417902
0.01817151615,0.8808561563,11.85109329
0.01818151615,0.9088420272,11.86632824
0.01819151615,0.9332411289,11.87049961
0.01820151615,0.9539570808,11.88171196
0.01821151615,0.9709082842,11.88283253
0.01821276615,0.9727589488,11.8855896
0.01821526615,0.9762802124,11.88678551
0.01822026615,0.9825992584,11.88890648
0.0182204224,0.9827811122,11.88898563
0.0182207349,0.9831420183,-10.31579971
0.01822082041,0.9832401276,-12.58847904
0.01822090665,0.9833387733,-11.16418076
0.01822095096,0.983389318,-11.92605782
0.01822099582,0.9834404588,-11.63178539
0.01822104201,0.9834929705,-11.7479744
0.01822108952,0.9835469723,-11.70109463
0.01822116697,0.9836347699,-11.72345543
0.01822128128,0.9837639332,-11.70996094
0.01822149986,0.9840094447,-11.72158623
0.01822193702,0.9844949841,-11.71426868
0.01822281134,0.9854437709,-11.72675991
0.01822455998,0.9872520566,-11.72581387
0.01822805727,0.9905109406,-11.74793434
0.01823505185,0.9955925941,-11.76417828
0.01824505185,0.9995167255,-11.80057335
0.01825505185,0.9994962811,-11.81452274
0.01826505185,0.995531261,-11.83982372
0.01827505185,0.987637341,-11.84536648
0.01828505185,0.9758456349,-11.86409378
0.01829505185,0.9602027535,-11.86469078
0.01830505185,0.9407703876,-11.87949657
0.01830630185,0.9380785227,-11.87631893
0.01830880185,0.9325214028,-11.87771797
0.0183088119,0.9324986339,0.05129129812
0.018308832,0.9324529767,11.85078049
0.01830883902,0.9324370623,11.78409672
0.01830884512,0.932423234,11.75568485
0.01830885342,0.9324043393,11.73695087
0.01830887002,0.9323666692,11.72525692
0.01830890322,0.9322912693,11.72403622
0.01830896961,0.9321402907,11.7247591
0.0183091024,0.9318378568,11.72508049
0.01830936797,0.9312310219,11.72645283
0.01830989912,0.9300096631,11.72856903
0.01831096141,0.9275358319,11.73325825
0.01831308599,0.9224642515,11.74175358
0.01831733516,0.9118289948,11.75791454
0.0183258335,0.8886167407,11.78504276
0.0183358335,0.8580643535,11.81065083
0.0183458335,0.8241255879,11.83025742
0.0183558335,0.7869343758,11.84584141
0.0183658335,0.7466374636,11.85774517
0.0183758335,0.7033939362,11.86740303
0.0183858335,0.6573744416,11.87474537
0.0183958335,0.6087605953,11.88088226
0.0184058335,0.5577442646,11.88550663
0.0184070835,0.5512081981,11.88610744
0.0184095835,0.5380344987,11.88712215
0.0184102085,0.534720242,11.88736439
0.0184114585,0.5280669332,11.88784599
0.018411771,0.5263985395,11.88796329
0.01841200849,0.5251292586,-9.909017563
0.01841210898,0.5245918036,-12.92881584
0.01841219953,0.524107337,-10.93418503
0.01841224128,0.5238838792,-11.99601364
0.01841227931,0.5236803889,-11.62604332
0.01841231947,0.5234653354,-11.74619007
0.01841235683,0.5232653618,-11.70625782
0.01841242051,0.5229243636,-11.72105598
0.01841251827,0.5224006772,-11.71315384
0.0184127138,0.5213527083,-11.72009945
0.01841310487,0.5192543268,-11.71667194
0.01841388699,0.5150483251,-11.72494888
0.01841545124,0.5065989494,-11.72705936
0.01841857974,0.4895543456,-11.74430561
0.01842483674,0.4549042583,-11.76242828
0.01843483674,0.3980891109,-11.7965126
0.01844483674,0.3397028744,-11.815135
0.01845483674,0.2799760103,-11.83764076
0.01846483674,0.2191442102,-11.84742737
0.01847483674,0.1574475467,-11.8630743
0.01848483674,0.0951295048,-11.86763954
0.01849483674,0.03243602812,-11.87919521
0.01849608674,0.02458525822,-11.87781239
0.01849858674,0.008879655972,-11.87930202
0.01850358674,-0.02253424749,-11.88215828
0.01850374299,-0.02351573482,-11.88222599
0.01850405549,-0.02547864057,-11.88239098
0.01850416895,-0.02619126998,8.232499123
0.01850423748,-0.02662172541,13.65158367
0.01850429432,-0.0269787591,10.78135681
0.01850431817,-0.02712853998,11.8102541
0.01850434117,-0.02727296762,11.7131834
0.01850436543,-0.02742533758,11.72105503
0.01850439271,-0.02759671211,11.72032261
0.01850444728,-0.02793945931,11.72073936
0.01850455642,-0.02862494253,11.72112751
0.01850477471,-0.02999586798,11.72216034
0.01850521127,-0.03273754567,11.72400475
0.01850608441,-0.03822014481,11.72781372
0.01850783067,-0.04918172956,11.73501301
0.01851132321,-0.07108581066,11.74864674
0.01851830828,-0.1147807613,11.77241898
0.01852830828,-0.1769297868,11.80006981
0.01853830828,-0.2383805662,11.82145786
0.01854830828,-0.2988905609,11.83823109
0.01855830828,-0.3582209647,11.85126972
0.01856830828,-0.4161376357,11.86162758
0.01857830828,-0.47241202,11.86973381
0.01858830828,-0.5268219709,11.87629414
0.01859830828,-0.5791528225,11.88147354
0.01859846453,-0.5799528956,11.88157177
0.01859877703,-0.5815513134,-10.3231945
0.0185988632,-0.5819917321,-12.5991869
0.01859894916,-0.5824308395,-11.17036915
0.01859899347,-0.5826571584,-11.9339304
0.01859903821,-0.5828855634,-11.63921833
0.0185990843,-0.5831208825,-11.75526047
0.01859913173,-0.583362937,-11.70853043
0.01859920902,-0.5837572813,-11.73077869
0.01859932328,-0.5843400359,-11.71735764
0.01859954186,-0.5854539871,-11.72890949
0.01859997902,-0.5876786113,-11.72162056
0.01860085335,-0.5921145678,-11.7340126
0.01860260201,-0.6009326577,-11.73301888
0.01860609933,-0.6183502674,-11.75491333
0.01861309397,-0.6522814035,-11.77088356
0.01862309397,-0.6985880136,-11.80684471
0.01863309397,-0.7421376705,-11.82051659
0.01864309397,-0.7827584147,-11.84549046
0.01865309397,-0.8202899694,-11.85082722
0.01866309397,-0.8545842171,-11.86927319
0.01867309397,-0.8855057955,-11.86968803
0.01868309397,-0.912932694,-11.88422394
0.01869309397,-0.9367566705,-11.88172245
0.01869434397,-0.9394765496,-11.88619328
0.01869684397,-0.9447421432,-11.88739014
0.01869746897,-0.9460222125,-11.88763428
0.01869871897,-0.9485384822,-11.8881731
0.01869903147,-0.9491584301,-11.88830566
0.01869965647,-0.9503872991,-11.88856888
0.01869981272,-0.9506922364,-11.88863373
0.01870012522,-0.9512993693,-11.88876438
0.01870023868,-0.9515188932,8.226142883
0.01870030721,-0.9516512156,13.64523125
0.01870036405,-0.9517608881,10.77518368
0.01870038788,-0.9518067837,11.80374432
0.01870041087,-0.9518510699,11.70687485
0.01870043512,-0.9518978,11.71471405
0.0187004624,-0.9519503117,11.71399021
0.01870051695,-0.9520552158,11.71441174
0.01870062606,-0.9522647262,11.71481323
0.01870084428,-0.9526823759,11.7158699
0.01870128072,-0.9535123706,11.71776485
0.01870215359,-0.9551507235,11.7216711
0.01870389933,-0.9583413005,11.72906017
0.01870739082,-0.9643761516,11.74305534
0.01871437379,-0.9750509262,11.76748562
0.01872437379,-0.987065196,11.79595757
0.01873437379,-0.9951840043,11.81804276
0.01874437379,-0.9993752241,11.83541489
0.01875437379,-0.9996224046,11.84897804
0.01876437379,-0.9959245324,11.85980129
0.01877437379,-0.9882962108,11.86832714
0.01878437379,-0.97676754,11.87526894
0.01878562379,-0.9750542641,11.87599277
0.01878812379,-0.9714474678,11.8774538
0.01878813384,-0.971432507,-0.05157059431
0.01878815394,-0.9714025259,-11.85107517
0.01878816096,-0.9713920355,-11.7843914
0.01878816706,-0.9713829756,-11.75597858
0.01878817536,-0.9713705778,-11.73724556
0.01878819196,-0.9713457823,-11.72555065
0.01878822516,-0.9712961912,-11.7243309
0.01878829155,-0.9711968899,-11.72505379
0.01878842434,-0.9709977508,-11.72537518
0.01878868991,-0.970597446,-11.72674656
0.01878922107,-0.9697886705,-11.72886276
0.01879028337,-0.9681388736,-11.73355103
0.01879240798,-0.9647098184,-11.7420454
0.01879665719,-0.9573367238,-11.75820541
0.01880515562,-0.9405491352,-11.78533363
0.01881515562,-0.917365849,-11.81094456
0.01882515562,-0.8905621767,-11.83055496
0.01883515562,-0.8602439165,-11.84614372
0.01884515562,-0.8265305758,-11.85805416
0.01885515562,-0.7895553708,-11.86771774
0.01886515562,-0.7494640946,-11.8750658
0.01887515562,-0.7064150572,-11.88120747
0.01888515562,-0.6605781317,-11.88583565
0.01888640562,-0.6546613574,-11.88643646
0.01888890562,-0.6427071095,-11.88745213
0.01888953062,-0.6396936178,-11.88769531
0.01889078062,-0.6336371899,-11.88817596
0.01889109312,-0.6321169138,-11.88829422
0.0188913306,-0.6309599876,9.908686638
0.01889143109,-0.6304699779,12.92848587
0.01889152164,-0.6300283074,10.9338541
0.0188915634,-0.6298245192,11.9956789
0.01889160142,-0.6296389103,11.62571621
0.01889164159,-0.6294428706,11.74585819
0.01889167894,-0.6292604804,11.70592785
0.01889174262,-0.6289494634,11.72072411
0.01889184038,-0.6284717917,11.71282291
0.01889203591,-0.6275156736,11.71976852
0.01889242697,-0.6256006956,11.71634197
0.01889320909,-0.6217593551,11.72461796
0.01889477333,-0.6140317917,11.72672844
0.01889790181,-0.5983994007,11.74397278
0.01890415877,-0.5664471388,11.76209545
0.01891415877,-0.5135838389,11.79617882
0.01892415877,-0.4586936533,11.81480312
0.01893415877,-0.4019932151,11.83731079
0.01894415877,-0.3437063098,11.84710217
0.01895415877,-0.284062922,11.86275387
0.01896415877,-0.22329849,11.86732674
0.01897415877,-0.1616527885,11.87889004
0.01897540877,-0.153897211,11.87750912
0.01897790877,-0.1383580267,11.87900066
0.01897853377,-0.1344677508,11.87938404
0.01897978377,-0.1266810298,11.88010883
0.01898228377,-0.1110846251,11.88150311
0.01898229382,-0.1110218689,-0.04752153903
0.01898231392,-0.1108963564,-11.84702587
0.01898232094,-0.1108525172,-11.78035069
0.01898232704,-0.1108144298,-11.75193787
0.01898233534,-0.110762611,-11.73320198
0.01898235193,-0.1106589735,-11.72150421
0.01898238513,-0.1104517058,-11.72028351
0.01898245151,-0.1100371405,-11.7210083
0.01898258428,-0.1092079654,-11.72133255
0.01898284981,-0.1075493768,-11.72271156
0.01898338089,-0.1042313203,-11.72484016
0.01898444303,-0.09759175032,-11.72955513
0.01898656732,-0.08429986984,-11.73809814
0.01899081589,-0.05767342076,-11.75434971
0.01899931305,-0.00431624474,-11.78163338
0.01900931305,0.05848220736,-11.80739784
0.01901931305,0.1210498586,-11.82713318
0.01902931305,0.1831397712,-11.8428297
0.01903931305,0.2445069253,-11.85483742
0.01904931305,0.3049091101,-11.86459351
0.01905931305,0.3641079664,-11.87203312
0.01906931305,0.421869874,-11.8782692
0.01907056305,0.4289776385,-11.87884617
0.01907306305,0.4431133866,-11.88012695
0.01907368805,0.4466303587,-11.88043594
0.01907493805,0.45364362,-11.88104343
0.01907743805,0.4675857723,-11.88221264
0.0190774481,0.4676415622,0.04681358114
0.0190774682,0.4677532017,11.84632015
0.01907747522,0.4677921832,11.77964687
0.01907748132,0.4678260684,11.75123405
0.01907748961,0.4678721428,11.73249817
0.01907750621,0.4679642916,11.72080135
0.0190775394,0.4681485891,11.71958351
0.01907760578,0.4685171247,11.72031403
0.01907773855,0.4692538977,11.72064972
0.01907800408,0.4707265198,11.72205162
0.01907853514,0.4736678302,11.72422695
0.01907959725,0.4795345962,11.72903252
0.01908172148,0.4912037849,11.73775291
0.01908596995,0.514277637,11.75434113
0.01909446688,0.5593097806,11.78223228
0.01910446688,0.6102568507,11.80861568
0.01911446688,0.6587955356,11.82888222
0.01912446688,0.7047342062,11.84503651
0.01913446688,0.7478916645,11.85743999
0.01914446688,0.7880975604,11.8675375
0.01915446688,0.8251931071,11.8752718
0.01916446688,0.8590320945,11.88175869
0.01917446688,0.8894807696,11.88669968
0.01917571688,0.8930423856,11.88733768
0.01917602938,0.8939241767,11.88747597
0.01917665438,0.8956774473,11.88775158
0.01917681063,0.8961135745,11.88781929
0.01917712313,0.8969833255,11.88795471
0.01917774813,0.8987123966,11.8882246
0.01917775125,0.8987209797,6.196819305
0.0191777575,0.8987382054,-2.441099644
0.01917777,0.8987726569,-9.647310257
0.01917777541,0.8987875581,-10.53867817
0.01917778293,0.8988082409,-11.1886282
0.01917779026,0.8988284469,-11.47352314
0.01917780491,0.8988687396,-11.67853069
0.01917782142,0.8989142179,-11.71066856
0.01917785104,0.8989957571,-11.71447754
0.0191778918,0.8991078734,-11.71383095
0.01917797333,0.8993319869,-11.71454906
0.01917813638,0.8997794986,-11.71505356
0.01917846249,0.9006716609,-11.71671772
0.0191791147,0.9024446607,-11.71944332
0.01918041913,0.9059451818,-11.72527599
0.01918302799,0.9127634168,-11.73589039
0.0191882457,0.9256623983,-11.75560474
0.0191982457,0.9475926161,-11.78652382
0.0192082457,0.9657831788,-11.81086159
0.0192182457,0.9801622033,-11.82957554
0.0192282457,0.990672946,-11.8445425
0.0192382457,0.9972739816,-11.85606003
0.0192482457,0.9999392629,-11.86549187
0.0192582457,0.9986581802,-11.87275028
0.0192594957,0.9982206821,-11.87363434
0.0192619957,0.9971609116,-11.87520504
0.0192626207,0.9968575239,-11.87558174
0.0192638707,0.9962046742,-11.87632561
0.0192663707,0.9947145581,-11.87775803
0.01926638075,0.9947080612,0.05126631632
0.01926640085,0.9946950674,11.85077095
0.01926640787,0.9946905375,11.78408813
0.01926641397,0.9946866035,11.75567532
0.01926642227,0.9946812391,11.73694229
0.01926643887,0.9946705103,11.72524738
0.01926647206,0.9946489334,11.72402763
0.01926653846,0.9946057796,11.72475147
0.01926667124,0.9945188761,11.72507381
0.01926693682,0.9943430424,11.72644901
0.01926746796,0.9939830303,11.72857094
0.01926853025,0.9932298064,11.73327065
0.01927065484,0.9915906191,11.74178791
0.019274904,0.9877825379,11.75799084
0.01928340233,0.9780573845,11.78519344
0.01929340233,0.9630458951,11.8108778
0.01930340233,0.9442337155,11.83055019
0.01931340233,0.9216950536,11.84619045
0.01932340233,0.895518899,11.85814476
0.01933340233,0.8658085465,11.86784363
0.01934340233,0.8326812387,11.87522316
0.01935340233,0.7962677479,11.88139057
0.01936340233,0.7567117214,11.88604069
0.01936465233,0.7515538931,11.88664436
0.01936715233,0.7410994768,11.88766479
0.01936777733,0.7384572029,11.88790894
0.01936902733,0.7331385612,11.88839245
0.01936933983,0.7318018079,11.8885107
0.01936996483,0.7291198373,11.88874626
0.01937012108,0.7284476161,11.88880444
0.01937043358,0.727101028,11.88892078
0.01937054704,0.7266114354,-8.225991249
0.01937061557,0.7263154984,-13.64508247
0.0193706724,0.7260700464,-10.77504158
0.01937069624,0.7259670496,-11.80359459
0.01937071923,0.7258676887,-11.7067318
0.01937074348,0.7257629037,-11.714571
0.01937077076,0.7256449461,-11.71384811
0.01937082531,0.7254090905,-11.7142725
0.01937093442,0.7249370217,-11.71467781
0.01937115263,0.7239919305,-11.71574497
0.01937158907,0.7220976353,-11.71765804
0.01937246193,0.7182927132,-11.72160053
0.01937420766,0.7106182575,-11.72906208
0.01937769913,0.6950137615,-11.74319553
0.01938468205,0.6628090739,-11.76788139
0.01939468205,0.6144843698,-11.79667377
0.01940468205,0.5637345314,-11.81903267
0.01941468205,0.5107599497,-11.83664227
0.01942468205,0.4557695687,-11.85041046
0.01943468205,0.3989805281,-11.86141014
0.01944468205,0.340616852,-11.87008667
0.01945468205,0.2809089422,-11.87715816
0.01945593205,0.2733626366,-11.87789631
0.01945843205,0.2582198679,-11.87938595
0.01945905705,0.2544240654,-11.87974453
0.01946030705,0.2468207777,-11.88045311
0.01946061955,0.2449175566,-11.88062668
0.01946085704,0.2434705645,9.916311264
0.01946095753,0.242858097,12.93609428
0.01946104808,0.2423061728,10.9414463
0.01946108984,0.2420515567,12.00335407
0.01946112789,0.241819635,11.6332159
0.01946116806,0.2415746599,11.75346947
0.01946120544,0.2413467914,11.71347237
0.01946126913,0.2409583926,11.72828865
0.01946136691,0.240362078,11.72035122
0.01946156247,0.2391691804,11.7272768
0.01946195359,0.2367822975,11.72377014
0.01946273583,0.23200427,11.7319231
0.01946430031,0.2224315107,11.73375988
0.01946742927,0.2032224536,11.75051212
0.01947368719,0.164576143,11.76769733
0.01948368719,0.1023170575,11.80049992
0.01949368719,0.03965417296,11.81801701
0.01950368719,-0.02316520736,11.83959198
0.01951368719,-0.08589316905,11.8485527
0.01952368719,-0.1482821405,11.86349106
0.01953368719,-0.2100859135,11.86740971
0.01954368719,-0.271060586,11.87840652
0.01955368719,-0.3309654891,11.87934685
0.01955493719,-0.3383665681,11.88208389
0.01955524969,-0.3402135968,11.88224316
0.01955587469,-0.3439036906,11.88252926
0.01955603094,-0.344825387,11.88259888
0.01955634344,-0.3466677964,11.88273907
0.01955696844,-0.3503485918,11.88301754
0.01955697156,-0.3503669798,6.191613197
0.01955697781,-0.3504037559,-2.446305275
0.01955699031,-0.350477308,-9.652516365
0.01955699572,-0.3505091369,-10.54404736
0.01955700324,-0.3505533934,-11.19397068
0.01955701057,-0.3505965173,-11.47883987
0.01955702522,-0.3506827354,-11.68378067
0.01955704174,-0.3507799506,-11.7158823
0.01955707137,-0.3509542346,-11.71968174
0.01955711215,-0.3511941731,-11.7190361
0.01955719372,-0.3516739905,-11.71975231
0.01955735685,-0.3526333272,-11.72025585
0.01955768312,-0.3545508981,-11.7219162
0.01955833566,-0.3583815694,-11.72463322
0.01955964073,-0.3660247624,-11.73045158
0.01956225087,-0.3812367916,-11.74103832
0.01956747115,-0.4113491774,-11.76070499
0.01957566363,-0.4577018023,-11.78645515
0.01958338136,-0.5002613068,-11.80659485
0.01959313051,-0.5523296595,-11.82680416
0.01960211499,-0.5984839797,-11.84186745
0.01961211499,-0.6476066709,-11.8549242
0.01962211499,-0.6941735744,-11.86552334
0.01963211499,-0.7380008698,-11.87366104
0.01964211499,-0.7789156437,-11.88045883
0.01965211499,-0.8167563677,-11.8856554
0.01965336499,-0.8212627172,-11.88631725
0.01965586499,-0.8301232457,-11.88745785
0.01965648999,-0.8323064446,-11.88773155
0.01965649312,-0.8323172927,-6.196327209
0.01965649937,-0.8323390484,2.441591263
0.01965651187,-0.8323826194,9.647802353
0.01965651728,-0.8324014544,10.53918552
0.0196565248,-0.8324276209,11.18913269
0.01965653212,-0.8324531317,11.47402573
0.01965654677,-0.8325040936,11.6790266
0.01965656329,-0.8325616121,11.71116066
0.0196565929,-0.8326646686,11.71496868
0.01965663367,-0.832806468,11.71432209
0.0196567152,-0.8330899477,11.71503925
0.01965687826,-0.8336562514,11.71554184
0.01965720438,-0.8347861767,11.71720219
0.01965785663,-0.8370354772,11.71992111
0.01965916112,-0.8414919376,11.72574043
0.01966177009,-0.8502349257,11.73632812
0.01966698805,-0.8670333028,11.75599384
0.01967698805,-0.8966077566,11.78682709
0.01968698805,-0.9226437807,11.81109238
0.01969698805,-0.9450384974,11.82974339
0.01970698805,-0.9637036324,11.84465504
0.01971698805,-0.9785654545,11.85612392
0.01972698805,-0.9895653129,11.86551285
0.01973698805,-0.9966598153,11.87273216
0.01973823805,-0.9972704649,11.87361145
0.01974073805,-0.9983071685,11.87517262
0.01974136305,-0.9985278845,11.87554646
0.01974261305,-0.9989230633,11.87628651
0.01974511305,-0.9995286465,11.87771034
0.0197451231,-0.9995305538,-0.0513143912
0.0197451432,-0.9995344281,-11.85081863
0.01974515022,-0.9995357394,-11.78413582
0.01974515632,-0.9995369315,-11.755723
0.01974516462,-0.9995385408,-11.73698997
0.01974518122,-0.9995416999,-11.72529507
0.01974521441,-0.9995479584,-11.72407627
0.01974528081,-0.9995604157,-11.72480011
0.01974541359,-0.999584794,-11.72512245
0.01974567917,-0.9996315241,-11.7264986
0.01974621031,-0.9997165203,-11.72862244
0.01974727261,-0.9998531938,-11.73332691
0.01974939719,-0.9999928474,-11.74185085
0.01975364637,-0.9997375607,-11.75806713
0.01976214471,-0.997089982,-11.78529644
0.01977214471,-0.9903357029,-11.81101036
0.01978214471,-0.9796730876,-11.8307085
0.01979214471,-0.9651440382,-11.84637356
0.01980214471,-0.9468060732,-11.8583498
0.01981214471,-0.924731493,-11.86806965
0.01982214471,-0.8990074396,-11.8754673
0.01983214471,-0.8697353601,-11.88165188
0.01984214471,-0.8370308876,-11.8863163
0.01984339471,-0.8327077627,-11.88692188
0.01984589471,-0.8239076734,-11.88794518
0.01984651971,-0.821675837,-11.88819027
0.01984776971,-0.817174077,-11.88867569
0.01984808221,-0.8160408139,-11.8887949
0.01984870721,-0.813764751,-11.88903046
0.01984886346,-0.8131937385,-11.88908958
0.01984917596,-0.8120494485,-11.88920593
0.01984928942,-0.8116332293,8.2257061
0.01984935795,-0.8113815784,13.64479733
0.01984941478,-0.811172843,10.77476311
0.01984943862,-0.8110852242,11.80330181
0.01984946161,-0.8110007644,11.7064476
0.01984948586,-0.8109115958,11.7142849
0.01984951313,-0.8108112812,11.71356201
0.01984956769,-0.8106105924,11.7139864
0.01984967679,-0.8102089763,11.71439171
0.01984989501,-0.809404552,11.71545887
0.01985033143,-0.8077911735,11.71737099
0.01985120429,-0.804546237,11.72131252
0.01985295,-0.7979838252,11.72877216
0.01985644141,-0.7845718265,11.7429018
0.01986342424,-0.7566217184,11.76758003
0.01987342424,-0.7140729427,11.79636288
0.01988342424,-0.6687059999,11.8187151
0.01989342424,-0.6207000613,11.83631897
0.01990342424,-0.5702444315,11.85008335
0.01991342424,-0.5175383687,11.86108017
0.01992342424,-0.4627897739,11.86975765
0.01993342424,-0.4062147737,11.8768301
0.01993467424,-0.3990255296,11.87756824
0.01993717424,-0.3845736384,11.87905884
0.01993779924,-0.3809456825,11.87941837
0.01993904924,-0.3736722469,11.880126
0.01993905549,-0.3736358285,2.708924532
0.01993906799,-0.3735629618,-8.505964279
0.01993907501,-0.373522073,-10.19716072
0.01993907999,-0.3734930158,-10.81373215
0.01993908731,-0.3734503686,-11.30595684
0.01993909906,-0.3733819127,-11.61691761
0.01993911435,-0.373292774,-11.70865059
0.0199391357,-0.3731683195,-11.7224102
0.019939168,-0.3729799986,-11.72188377
0.01993923262,-0.3726032674,-11.72237015
0.01993936185,-0.3718496263,-11.72281933
0.01993962031,-0.3703416288,-11.72404861
0.01994013723,-0.3673227131,-11.72621059
0.01994117107,-0.3612732887,-11.73069477
0.01994323876,-0.3491289616,-11.73908329
0.01994737412,-0.3246655762,-11.75481606
0.01995564486,-0.2750979662,-11.78157043
0.01996564486,-0.2141872942,-11.80742168
0.01997564486,-0.1524313241,-11.82737827
0.01998564486,-0.09007377923,-11.84307384
0.01999564486,-0.02736075781,-11.85523224
0.02000564486,0.03546024486,-11.86493397
0.02001564486,0.0981412977,-11.87248039
0.02002564486,0.1604350358,-11.87862968
0.02003564486,0.2220956087,-11.88343716
0.02003580111,0.2230527401,-11.8835392
0.02003611361,0.2249663323,-11.88367844
0.02003622706,0.2256608754,8.231231689
0.0200362956,0.2260803431,13.65031338
0.02003635244,0.2264282405,10.78012943
0.02003637628,0.2265741676,11.80896187
0.02003639928,0.2267148793,11.71193314
0.02003642353,0.2268633246,11.7198
0.02003645082,0.2270302773,11.71907043
0.02003650539,0.2273641676,11.71949291
0.02003661452,0.2280318737,11.71989155
0.02003683279,0.2293669581,11.72094631
0.02003726933,0.2320358455,11.72283363
0.02003814242,0.2373683453,11.72672558
0.02003988858,0.248011753,11.7340889
0.02004338091,0.269207716,11.74803638
0.02005036557,0.3112006783,11.77238655
0.02005686772,0.3497557938,11.79159737
0.02006093088,0.3735563755,11.80201054
0.02006507421,0.3975757658,11.81170559
0.02006904783,0.4203584492,11.82001686
0.02007431906,0.4501741827,11.82998753
0.02008113437,0.4879871905,11.84102345
0.02009113437,0.5418310165,11.85442543
0.02010113437,0.5935364962,11.86492348
0.02011113437,0.6428995132,11.87336159
0.02012113437,0.6897253394,11.88002586
0.02013113437,0.7338291407,11.88549614
0.02013238437,0.7391419411,11.88606262
0.02013269687,0.7404630184,11.88620949
0.02013332187,0.74309659,11.88650131
0.02013347812,0.7437531948,11.88657379
0.02013379062,0.7450643182,11.88671875
0.02013441562,0.747677803,11.8870039
0.02013441874,0.7476908565,6.195600033
0.02013442499,0.7477169037,-2.442317724
0.02013443749,0.7477690578,-9.648529053
0.0201344429,0.7477916479,-10.53993416
0.02013445042,0.747823,-11.18987846
0.02013445774,0.7478535771,-11.47476768
0.02013447239,0.7479146719,-11.67975998
0.02013448891,0.7479835749,-11.71188831
0.02013451853,0.7481070757,-11.71569443
0.0201345593,0.7482770085,-11.71504784
0.02013464083,0.748616755,-11.71576309
0.02013480391,0.7492957115,-11.71626377
0.02013513005,0.7506511807,-11.71791935
0.02013578234,0.7533527017,-11.72062778
0.02013708692,0.7587177753,-11.72642803
0.02013969607,0.7692946196,-11.73697948
0.02014491438,0.789825201,-11.75657654
0.02015491438,0.8267781138,-11.78729439
0.02016491438,0.8604680896,-11.8114624
0.02017491438,0.8907621503,-11.83003044
0.02018491438,0.9175408483,-11.84487247
0.02019491438,0.9406983852,-11.85628033
0.02020491438,0.9601434469,-11.86561394
0.02021491438,0.9757992625,-11.87278557
0.02021616438,0.9774865508,-11.87365913
0.02021866438,0.9806801677,-11.87520885
0.02022366438,0.9863408208,-11.87807465
0.02022382063,0.9865020514,-11.87815952
0.02022413313,0.9868216515,10.32658577
0.02022421864,0.9869084358,12.5992527
0.02022430491,0.986995697,11.17483044
0.02022434925,0.9870404601,11.93699837
0.02022439415,0.9870857,11.64239502
0.02022444037,0.9871321917,11.75880241
0.02022448791,0.9871798754,11.71178913
0.0202245654,0.9872574806,11.73421288
0.02022467972,0.9873715043,11.72065449
0.02022489823,0.9875881076,11.73228741
0.02022533525,0.9880156517,11.72488117
0.02022620929,0.9888484478,11.73728752
0.02022795737,0.9904245138,11.73609161
0.02023145354,0.9932179451,11.75782108
0.02023844588,0.9973660111,11.773283
0.02024844588,0.9999523163,11.80879211
0.02025844588,0.9985922575,11.82194519
0.02026844588,0.9932912588,11.84660912
0.02027844588,0.9840701222,11.85153866
0.02028844588,0.9709653854,11.86976433
0.02029844588,0.9540286064,11.86984444
0.02030844588,0.9333267808,11.88421726
0.02031844588,0.9089415073,11.88142967
0.02032844588,0.8809690475,11.89346981
0.0203284865,0.8808482885,-7.111723423
0.02032856775,0.8806064725,-14.51996994
0.02032859518,0.8805248141,-11.25025654
0.02032861154,0.8804760575,-11.67046452
0.02032862655,0.880431354,-11.70722675
0.02032864304,0.8803822398,-11.7124939
0.02032867602,0.8802839518,-11.71327305
0.02032874197,0.8800872564,-11.71338081
0.02032887388,0.8796934485,-11.71410465
0.02032913769,0.878903985,-11.71521378
0.02032966531,0.8773178458,-11.71768093
0.02033072055,0.8741166592,-11.72227192
0.02033283103,0.8675991297,-11.73132515
0.02033705199,0.8541075587,-11.74783421
0.02034549391,0.825332284,-11.77630043
0.02035549391,0.788249135,-11.80297375
0.02036549391,0.74805516,-11.82393265
0.02037549391,0.704908967,-11.84023762
0.02038549391,0.6589808464,-11.85322857
0.02039549391,0.6104519963,-11.86340427
0.02040549391,0.5595139861,-11.87167263
0.02041549391,0.5063678026,-11.8782053
0.02041674391,0.4995796382,-11.87896347
0.02041705641,0.4978777468,-11.87914276
0.02041768141,0.4944682419,-11.87949848
0.02041783766,0.4936146736,-11.87958622
0.0204179564,0.4929656982,8.368494987
0.02041800891,0.4926786125,13.24846172
0.02041804888,0.4924601018,11.20331478
0.02041806877,0.4923512638,11.72576714
0.02041809238,0.4922221601,11.72258472
0.02041811526,0.4920970201,11.7229805
0.02041815184,0.4918968976,11.72311497
0.02041822501,0.4914966226,11.72344685
0.02041837134,0.490695715,11.72408295
0.02041866399,0.4890926778,11.72536564
0.0204192493,0.4858816564,11.7278862
0.02042041992,0.4794399142,11.732831
0.02042276116,0.4664790034,11.74227428
0.02042744364,0.4402571321,11.75957108
0.0204368086,0.3866932988,11.78862286
0.0204468086,0.3280243278,11.81290722
0.0204568086,0.2680607438,11.83178234
0.0204668086,0.2070392817,11.84652042
0.0204768086,0.1452007294,11.8580637
0.0204868086,0.08278913051,11.86716366
0.0204968086,0.02005079947,11.87436676
0.0205068086,-0.04276666418,11.88012314
0.0205080586,-0.05061205849,11.88074398
0.0205105586,-0.06629300117,11.88195801
0.0205155586,-0.09760195017,11.884202
0.02051571485,-0.09857896715,11.88426781
0.02051602735,-0.1005327031,11.88440037
0.02051614081,-0.1012419388,-8.230505943
0.02051620934,-0.1016703174,-13.64959431
0.02051626618,-0.1020255983,-10.77942848
0.02051629003,-0.1021746397,-11.80822182
0.02051631302,-0.102318339,-11.71121693
0.02051633728,-0.1024699509,-11.71907997
0.02051636456,-0.1026404724,-11.71835136
0.02051641912,-0.1029815003,-11.71877384
0.02051652826,-0.1036635265,-11.71917439
0.02051674652,-0.1050274223,-11.7202301
0.02051718304,-0.1077546328,-11.72212219
0.0205180561,-0.1132065952,-11.72602367
0.0205198022,-0.1241001263,-11.73340416
0.02052329441,-0.145841077,-11.74738598
0.02053027883,-0.1891019046,-11.77179623
0.02053806143,-0.2368739843,-11.79450607
0.02054584947,-0.2841125727,-11.81311893
0.02055410237,-0.3334259987,-11.82941341
0.02056410237,-0.3919654787,-11.84515858
0.02057410237,-0.4489580393,-11.85765266
0.02058410237,-0.5041787624,-11.86745358
0.02059410237,-0.5574097633,-11.87536335
0.02060410237,-0.608440876,-11.88162041
0.02060535237,-0.6146549582,-11.88233376
0.02060785237,-0.6269689798,-11.88367271
0.02061285237,-0.6511300206,-11.88615322
0.02061300862,-0.6518747807,-11.88622665
0.02061332112,-0.6533625126,10.31854153
0.02061340663,-0.6537691355,12.59121418
0.02061349287,-0.6541790962,11.16688251
0.02061353719,-0.6543896794,11.92883205
0.02061358206,-0.6546028256,11.63447475
0.02061362825,-0.6548222303,11.75071812
0.02061367577,-0.6550478339,11.70380211
0.02061375324,-0.655415535,11.72617722
0.02061386754,-0.655957818,11.71266365
0.02061408611,-0.6569937468,11.72428513
0.02061452323,-0.6590618491,11.7169323
0.02061539748,-0.6631831527,11.7293787
0.02061714598,-0.6713656783,11.72832298
0.02062064299,-0.6874865294,11.75025558
0.02062763699,-0.7187250257,11.76613808
0.02063763699,-0.7609646916,11.802104
0.02064763699,-0.8002011776,11.81567574
0.02065763699,-0.8362796307,11.84066391
0.02066763699,-0.8690576553,11.84592152
0.02067763699,-0.8984059095,11.86440945
0.02068763699,-0.9242085814,11.86477947
0.02069763699,-0.9463638067,11.87939453
0.02069888699,-0.9488722682,11.87619114
0.02070138699,-0.9537133574,11.87754345
0.02070201199,-0.9548869133,11.87791348
0.02070326199,-0.957189858,11.87858582
0.02070326824,-0.9572011828,2.707381248
0.02070328074,-0.9572239518,-8.507509232
0.02070328776,-0.9572367072,-10.19878387
0.02070329274,-0.9572457671,-10.81535435
0.02070330006,-0.957259059,-11.30755901
0.02070331181,-0.9572803974,-11.61848736
0.0207033271,-0.9573081732,-11.71020222
0.02070334845,-0.9573469758,-11.7239542
0.02070338076,-0.9574055672,-11.72342873
0.02070344539,-0.9575227499,-11.72391701
0.02070357464,-0.9577566385,-11.72437
0.02070383313,-0.9582224488,-11.72560787
0.02070435013,-0.9591464996,-11.72778416
0.02070538412,-0.9609642625,-11.73229885
0.0207074521,-0.9644779563,-11.7407465
0.02071158807,-0.9710163474,-11.75659275
0.02071986,-0.9821220636,-11.78355598
0.02072986,-0.9920040965,-11.80962658
0.02073986,-0.9979711175,-11.82977104
0.02074986,-0.9999996424,-11.84563065
0.02075986,-0.9980815649,-11.85792542
0.02076986,-0.9922245741,-11.86774254
0.02077986,-0.9824516773,-11.87538147
0.02078986,-0.968801558,-11.88160229
0.02079986,-0.9513279796,-11.88646126
0.02080111,-0.9488782287,-11.88703442
0.02080361,-0.9438032508,-11.88807964
0.020804235,-0.9424980879,-11.88833046
0.020805485,-0.9398441315,-11.88882637
0.0208057975,-0.9391716123,-11.88894844
0.0208064225,-0.9378156662,-11.88918972
0.02080657875,-0.93747437,-11.8892498
0.02080689125,-0.936789155,-11.88936901
0.02080751625,-0.9354079366,-11.88960552
0.02080751938,-0.9354009628,-6.198198795
0.02080752563,-0.9353870749,2.439722061
0.02080753813,-0.9353592992,9.645932198
0.02080754354,-0.9353473186,10.53725624
0.02080755106,-0.9353305697,11.18721294
0.02080755838,-0.9353142977,11.47211456
0.02080757303,-0.9352817535,11.67714119
0.02080758954,-0.9352450371,11.7092886
0.02080761915,-0.9351791143,11.71310234
0.02080765991,-0.9350883961,11.7124567
0.02080774143,-0.9349067807,11.71317959
0.02080790446,-0.9345427155,11.71369171
0.02080823053,-0.9338117242,11.71537304
0.02080888266,-0.9323379397,11.71813107
0.02081018691,-0.9293435216,11.72402859
0.02081279543,-0.9231675863,11.73476791
0.02081801247,-0.9100735188,11.75471687
0.02082801247,-0.8822543621,11.78603458
0.02083736179,-0.8530935645,11.80928135
0.02084736179,-0.8186487556,11.82859612
0.02085736179,-0.7809730768,11.84405422
0.02086736179,-0.7402152419,11.85597515
0.02087736179,-0.6965361238,11.86574078
0.02088736179,-0.6501081586,11.87327862
0.02088861179,-0.6441203356,11.87419415
0.02089111179,-0.6320260167,11.87582493
0.02089611179,-0.6073724627,11.87884331
0.02089626804,-0.6065922379,11.87893295
0.02089658054,-0.6050300598,-10.32580376
0.02089666605,-0.6046022177,-12.59846783
0.02089675232,-0.604170382,-11.17405128
0.02089679665,-0.6039483547,-11.93619633
0.02089684155,-0.603723526,-11.64161587
0.02089688776,-0.6034920216,-11.75800419
0.02089693531,-0.6032537818,-11.71099949
0.0208970128,-0.6028653979,-11.7334156
0.02089712711,-0.6022921801,-11.71985817
0.02089734563,-0.6011956334,-11.73148155
0.02089778266,-0.5989990234,-11.72406483
0.02089865672,-0.5945923924,-11.73644447
0.02090040484,-0.5857254863,-11.73520184
0.02090390109,-0.5677806139,-11.75683594
0.02091089359,-0.5310778618,-11.77212524
0.02092089359,-0.4768260419,-11.80741215
0.02093089359,-0.420692414,-11.8203764
0.02094089359,-0.3628984988,-11.84487534
0.02095089359,-0.3036723733,-11.8496666
0.02096089359,-0.2432478219,-11.86777115
0.02097089359,-0.1818632782,-11.86775398
0.02098089359,-0.1197609976,-11.88204384
0.02099089359,-0.05718607828,-11.87919521
0.02099214359,-0.04934326559,-11.88366985
0.02099464359,-0.03364899382,-11.88480473
0.02099526859,-0.02972397767,-11.88503265
0.02099542484,-0.02874265052,-11.88509655
0.02099573734,-0.02677991241,-11.8852253
0.02099585079,-0.02606729232,8.229681969
0.02099591932,-0.0256368313,13.64877224
0.02099597616,-0.02527981997,10.77862835
0.02099600001,-0.02513005398,11.80737877
0.020996023,-0.02498564497,11.71039867
0.02099604725,-0.02483328804,11.7182579
0.02099607453,-0.02466192469,11.71753025
0.0209961291,-0.02431919426,11.71795368
0.02099623823,-0.02363372408,11.71835518
0.02099645648,-0.02226275206,11.71941376
0.02099689299,-0.01952068321,11.72131062
0.02099776601,-0.0140361283,11.72522259
0.02099951204,-0.00306591508,11.7326231
0.02100300412,0.01887429692,11.74664116
0.02100998826,0.06271690875,11.77111816
0.02101998826,0.1252600551,11.7996521
0.02102982445,0.1862976998,11.82147121
0.02103982445,0.2476213574,11.83896542
0.02104982445,0.3079677522,11.85262394
0.02105982445,0.3670987487,11.86351681
0.02106982445,0.4247809649,11.87208652
0.02107982445,0.4807867706,11.87905121
0.02108982445,0.5348951221,11.88458157
0.02109107445,0.5415145755,11.88521767
0.02109138695,0.5431641936,11.8853693
0.02109162443,0.5444164872,-9.911585808
0.02109172492,0.5449460149,-12.93137455
0.02109181547,0.5454229116,-10.93673325
0.02109185723,0.5456428528,-11.99858761
0.02109189526,0.5458430648,-11.62855721
0.02109193543,0.5460545421,-11.7487402
0.02109197279,0.5462511778,-11.70878315
0.02109203648,0.5465862751,-11.72358418
0.02109213425,0.5471006036,-11.71566582
0.02109232979,0.5481286645,-11.72259521
0.02109272087,0.5501822233,-11.71912289
0.02109350304,0.554279387,-11.72732258
0.02109506737,0.5624334216,-11.72926998
0.02109819603,0.5785777569,-11.74621296
0.02110445335,0.6101894975,-11.76376724
0.02111445335,0.6587315798,-11.79706573
0.02112445335,0.7046738863,-11.81501293
0.02113445335,0.7478352189,-11.83694553
0.02114445335,0.7880452275,-11.84623051
0.02115445335,0.8251451254,-11.86144733
0.02116445335,0.8589885235,-11.8656311
0.02117445335,0.889441967,-11.87685966
0.02117570335,0.8930041194,-11.87543774
0.02117820335,0.8999630213,-11.87685299
0.02117882835,0.9016681314,-11.87721729
0.02118007835,0.9050365686,-11.87790489
0.02118039085,0.9058699608,-11.87807274
0.02118101585,0.9075262547,-11.87840748
0.0211811721,0.9079381227,-11.87849045
0.0211814846,0.9087592959,-11.87865639
0.0211821096,0.9103910923,-11.8789835
0.02118211272,0.9103992581,-6.187581539
0.02118211897,0.9104154706,2.450333834
0.02118213147,0.9104479551,9.656544685
0.02118213689,0.9104620218,10.54820251
0.02118214441,0.9104815722,11.19810677
0.02118215173,0.910500586,11.48295593
0.02118216639,0.9105386734,11.68784428
0.02118218291,0.9105815887,11.71991825
0.02118221255,0.9106585383,11.7237072
0.02118225335,0.9107644558,11.72305965
0.02118233494,0.9109759927,11.72376919
0.02118249814,0.9113984704,11.72426033
0.02118282453,0.9122405052,11.72589588
0.02118347732,0.9139130712,11.72856426
0.02118478288,0.9172120094,11.73428631
0.02118739402,0.9236245155,11.74468803
0.02119261629,0.9357020259,11.76400948
0.02120261629,0.9560075998,11.7942524
0.02121261629,0.9725402594,11.81803036
0.02122261629,0.9852346778,11.83626842
0.02123261629,0.9940408468,11.85081959
0.02124261629,0.998924017,11.86196232
0.02125261629,0.9998648763,11.87104702
0.02126261629,0.9968597293,11.87797546
0.02127261629,0.9899204373,11.88380051
0.02128261629,0.9790743589,11.88820744
0.02128386629,0.9774459004,11.8887825
0.02128417879,0.9770293236,11.88890648
0.02128480379,0.9761849642,11.88915253
0.02128605379,0.9744510055,11.88963413
0.02128606004,0.974442184,2.718417645
0.02128607254,0.974424541,-8.496479034
0.02128607955,0.9744146466,-10.18717766
0.02128608454,0.9744076133,-10.80375385
0.02128609185,0.9743973017,-11.29609394
0.02128610359,0.974380672,-11.60725403
0.02128611887,0.9743590951,-11.69910526
0.02128614021,0.9743289351,-11.71291542
0.02128617249,0.9742832184,-11.71239758
0.02128623705,0.9741917849,-11.71289444
0.02128636616,0.9740083218,-11.71336651
0.02128662439,0.9736395478,-11.71464062
0.02128714086,0.9728942513,-11.71689129
0.02128817378,0.9713729024,-11.72154999
0.02129023964,0.9682075977,-11.73027992
0.02129437135,0.9613881707,-11.74665546
0.02130147019,0.9481614232,-11.77094364
0.0213090537,0.9319488406,-11.79267502
0.0213190537,0.9073426127,-11.81562614
0.0213290537,0.8791555762,-11.83372211
0.0213390537,0.8474988937,-11.84782219
0.0213490537,0.8124974966,-11.85911274
0.0213590537,0.774289608,-11.86797523
0.0213690537,0.7330259085,-11.87522793
0.0213703037,0.7276610732,-11.8759737
0.0213728037,0.7167970538,-11.87749672
0.0213734287,0.7140533328,-11.87786293
0.02137358495,0.713365674,-11.87795448
0.02137389745,0.7119882703,-11.87813663
0.02137452245,0.709225297,-11.87849712
0.02137452557,0.7092114687,-6.187097073
0.02137453182,0.7091837525,2.450816393
0.02137454432,0.7091283798,9.657028198
0.02137454973,0.7091044188,10.54870129
0.02137455726,0.7090710998,11.19860268
0.02137456458,0.7090386152,11.48344994
0.02137457924,0.7089737058,11.6883316
0.02137459576,0.7089004517,11.72040081
0.0213746254,0.7087691426,11.72418785
0.0213746662,0.7085882425,11.7235384
0.0213747478,0.7082263827,11.72424412
0.021374911,0.7075020671,11.72472572
0.02137523741,0.7060512304,11.72634411
0.02137589022,0.7031405568,11.72897911
0.02137719585,0.697283864,11.7346344
0.0213798071,0.6854301095,11.74490643
0.0213850296,0.6611723304,11.76398563
0.0213950296,0.612760067,11.79381561
0.0214050296,0.5619295239,11.81723976
0.0214150296,0.5088813305,11.83517361
0.0214250296,0.4538247585,11.84946156
0.0214350296,0.3969771862,11.86037827
0.0214450296,0.3385629058,11.86926556
0.0214550296,0.2788124681,11.8760252
0.0214650296,0.2179617137,11.88170528
0.0214750296,0.1562507451,11.88598919
0.02147507023,0.1559986174,-7.115987778
0.02147515148,0.1554943472,-14.52294731
0.02147517891,0.1553241014,-11.25378609
0.02147519528,0.1552225053,-11.67397594
0.02147521029,0.1551292986,-11.71069622
0.02147522678,0.1550269425,-11.71595287
0.02147525977,0.1548222005,-11.71672916
0.02147532573,0.1544127017,-11.71683598
0.02147545767,0.1535936147,-11.717556
0.02147572154,0.1519551426,-11.7186594
0.02147624928,0.1486769319,-11.7211132
0.02147730475,0.1421156526,-11.7256794
0.02147941571,0.1289746314,-11.73468304
0.02148363762,0.1026268378,-11.75110245
0.02149208145,0.04973321036,-11.77940941
0.02150208145,-0.01307774428,-11.80591965
0.02151208145,-0.07583709061,-11.82674217
0.02152208145,-0.1382971406,-11.84292793
0.02153208145,-0.2002113909,-11.85581112
0.02154208145,-0.2613354921,-11.86588669
0.02155208145,-0.3214282393,-11.87405586
0.02156208145,-0.3802524507,-11.88049126
0.02156333145,-0.387504667,-11.88123608
0.02156583145,-0.4019369185,-11.88261795
0.02156645645,-0.4055296183,-11.88294983
0.02156770645,-0.4126962423,-11.88360596
0.02157020645,-0.4269526303,-11.88486958
0.0215702165,-0.4270097315,0.04415639117
0.0215702366,-0.427123934,11.84366226
0.02157024362,-0.4271638095,11.77699375
0.02157024972,-0.4271984398,11.74858093
0.02157025801,-0.4272455871,11.72984314
0.02157027461,-0.4273398519,11.71814346
0.02157030779,-0.4275283813,11.71692276
0.02157037417,-0.4279053509,11.71765137
0.02157050692,-0.4286590815,11.71798229
0.02157077243,-0.4301656485,11.7193737
0.02157130343,-0.4331751764,11.72152901
0.02157236544,-0.4391797781,11.72629547
0.02157448947,-0.4511300027,11.73493958
0.02157873751,-0.4747873247,11.75137997
0.02158723361,-0.5210706592,11.77900028
0.02159723361,-0.5736350417,11.80510139
0.02160723361,-0.6239355206,11.82512188
0.02161723361,-0.6717735529,11.84106445
0.02162723361,-0.7169604897,11.85328865
0.02163723361,-0.7593178749,11.86323738
0.02164723361,-0.7986785769,11.87085342
0.02165723361,-0.8348872066,11.87725258
0.02165848361,-0.839184463,11.87784863
0.02166098361,-0.8476232886,11.87916851
0.02166160861,-0.8497003913,11.87948608
0.02166176486,-0.8502176404,11.87956524
0.0216618836,-0.850610137,-8.368523598
0.02166193611,-0.8507835865,-13.24849224
0.02166197607,-0.8509154916,-11.20334625
0.02166199597,-0.8509811759,-11.72580242
0.02166201957,-0.8510590792,-11.72262001
0.02166204246,-0.8511345387,-11.72301769
0.02166207904,-0.8512551785,-11.72315407
0.0216621522,-0.8514963388,-11.72348976
0.02166229853,-0.8519780636,-11.72413445
0.02166259119,-0.8529393673,-11.72543335
0.0216631765,-0.8548533916,-11.72798824
0.02166434712,-0.8586466312,-11.73299789
0.02166668836,-0.866093576,-11.74256802
0.02167137085,-0.8804236054,-11.76010609
0.02168073582,-0.9067858458,-11.78958893
0.02169073582,-0.9314684868,-11.81426907
0.02170073582,-0.9524750113,-11.83348656
0.02171073582,-0.969722569,-11.84851933
0.02172073582,-0.9831430912,-11.86031532
0.02173073582,-0.9926835299,-11.86963367
0.02174073582,-0.998306334,-11.8770237
0.02175073582,-0.9999893308,-11.88293743
0.02176073582,-0.9977257848,-11.88768959
0.02176198582,-0.9971656203,-11.8882103
0.02176448582,-0.995860815,-11.88922119
0.02176511082,-0.9954962134,-11.88946438
0.02176526707,-0.9954026341,-11.88952446
0.02176538581,-0.9953309298,8.358578682
0.02176543832,-0.9952989817,13.23855305
0.02176547827,-0.995274663,11.1936655
0.02176549816,-0.9952625036,11.71573544
0.02176552175,-0.9952480793,11.7127037
0.02176554462,-0.9952341318,11.71308994
0.02176558119,-0.9952116609,11.71323204
0.02176565433,-0.9951666594,11.71357632
0.02176580062,-0.9950759411,11.71423721
0.02176609319,-0.9948920608,11.71557045
0.02176667834,-0.9945142269,11.7181921
0.02176784862,-0.9937182069,11.72333336
0.0217701892,-0.9919649959,11.73315811
0.02177487035,-0.9878154397,11.7511692
0.02177822066,-0.9843207002,11.76279736
0.02178126059,-0.9807723165,11.77254009
0.02178563,-0.9750456214,11.78530312
0.02179218302,-0.9650810361,11.80205059
0.02180165036,-0.9478011131,11.82196712
0.02181165036,-0.9259092808,11.8385849
0.02182165036,-0.9003633857,11.85166931
0.02183165036,-0.8712641001,11.86205006
0.02184165036,-0.8387263417,11.87033463
0.02185165036,-0.8028785586,11.87701416
0.02185290036,-0.7981717587,11.87774086
0.02185321286,-0.7969873548,11.8779211
0.02185345035,-0.7960851789,-9.919010162
0.02185355084,-0.7957029343,-12.93879128
0.02185364138,-0.795358181,-10.94414139
0.02185368316,-0.7951990962,-12.00608063
0.0218537212,-0.7950541377,-11.63588142
0.02185376139,-0.7949009538,-11.75617695
0.02185379877,-0.7947584391,-11.71615696
0.02185386247,-0.7945154309,-11.73098373
0.02185396026,-0.7941421866,-11.72303677
0.02185415583,-0.793394804,-11.72996235
0.02185454697,-0.7918964624,-11.72644234
0.02185532925,-0.788885355,-11.7345829
0.02185689381,-0.7828061581,-11.73638248
0.02186002294,-0.7704213262,-11.7530756
0.0218662812,-0.7447632551,-11.77014256
0.0218762812,-0.7013916969,-11.8027935
0.0218862812,-0.655252099,-11.82017899
0.0218962812,-0.606526494,-11.84165001
0.0219062812,-0.5554072261,-11.8505106
0.0219162812,-0.5020959973,-11.86536598
0.0219262812,-0.446803242,-11.86919785
0.0219362812,-0.3897471428,-11.88011742
0.0219462812,-0.331152916,-11.88097382
0.0219475312,-0.3237319291,-11.88370323
0.0219500312,-0.3088305295,-11.88484001
0.0219506562,-0.3050931394,-11.88508892
0.0219519062,-0.2976042926,-11.88561153
0.0219544062,-0.2825719714,-11.88661766
0.02195441625,-0.2825113833,0.04240958393
0.02195443635,-0.2823902369,11.84191799
0.02195444337,-0.2823479176,11.7752533
0.02195444947,-0.2823111713,11.74684048
0.02195445777,-0.282261163,11.72810268
0.02195447436,-0.2821611464,11.71640205
0.02195450754,-0.2819610834,11.71518421
0.02195457392,-0.2815609574,11.71591949
0.02195470666,-0.2807605565,11.71626377
0.02195497215,-0.2791591585,11.71768188
0.02195550312,-0.2759540677,11.71988964
0.02195656506,-0.2695346773,11.72476006
0.02195868895,-0.2566601634,11.73360538
0.02196293672,-0.2307763249,11.7504282
0.02197143226,-0.1785340756,11.77873802
0.02198143226,-0.1164000705,11.80554199
0.02199143226,-0.05380668491,11.82616711
0.02200143226,0.008999049664,11.84263229
0.02201143226,0.07176926732,11.85530949
0.02202143226,0.1342562437,11.86565495
0.02203143226,0.1962133795,11.87361526
0.02204143226,0.2573961318,11.88031483
0.02204268226,0.2649774849,11.88094521
0.02204518226,0.2800906301,11.8823328
0.02204580726,0.2838582695,11.88266659
0.02204705726,0.2913803756,11.88332653
0.02204736976,0.2932581007,11.8834877
0.02204799476,0.2970101535,11.88380909
0.02204815101,0.2979474664,11.8838892
0.02204846351,0.299821198,11.88404751
0.02204857697,0.3005011976,-8.230847359
0.0220486455,0.3009118736,-13.64993095
0.02204870234,0.3012524545,-10.77975178
0.02204872619,0.3013952971,-11.80856037
0.02204874918,0.3015330434,-11.71154308
0.02204877344,0.3016783595,-11.71940613
0.02204880072,0.3018417954,-11.71867466
0.02204885529,0.3021686375,-11.71909332
0.02204896442,0.3028222322,-11.71948338
0.02204918269,0.3041289449,-11.72052193
0.02204961922,0.3067407012,-11.72237682
0.02205049229,0.3119572401,-11.72620583
0.02205223842,0.3223620057,-11.73344517
0.02205573068,0.3430539072,-11.74715424
0.0220627152,0.3839323223,-11.7710638
0.0220727152,0.4411530495,-11.7988863
0.0220827152,0.4966327548,-11.82041931
0.0220927152,0.5501524806,-11.83731747
0.0221027152,0.601500988,-11.85046577
0.0221127152,0.6504756212,-11.86092281
0.0221227152,0.6968832016,-11.86911774
0.0221327152,0.7405404449,-11.87576103
0.0221339652,0.7457954884,-11.87644958
0.0221364652,0.7561673522,-11.877841
0.0221370902,0.758731246,-11.87817574
0.0221383402,0.7638238668,-11.87883568
0.0221408402,0.7738675475,-11.88010502
0.02214085025,0.7739075422,0.04892057553
0.02214087035,0.7739875317,11.84842682
0.02214087738,0.7740154266,11.78174782
0.02214088347,0.7740397453,11.75333595
0.02214089177,0.7740727067,11.73460102
0.02214090837,0.7741387486,11.72290516
0.02214094156,0.7742707729,11.72168732
0.02214100795,0.7745346427,11.72241497
0.02214114073,0.7750620842,11.7227459
0.02214140628,0.7761152983,11.72413731
0.02214193738,0.7782152295,11.72629261
0.02214299957,0.782389164,11.73105812
0.02214512397,0.7906321883,11.73970127
0.02214937277,0.8066942692,11.75614262
0.02215787036,0.837082684,11.78377247
0.02216787036,0.8697821498,11.80989075
0.02217787036,0.8990489244,11.82993221
0.02218787036,0.9247675538,11.845891
0.02219787036,0.9468365908,11.85812283
0.02220787036,0.9651688337,11.86806774
0.02221787036,0.9796920419,11.8756628
0.02222787036,0.9903488755,11.88202477
0.02223787036,0.9970971942,11.88684845
0.02223912036,0.9976644516,11.88747215
0.02224162036,0.9986142516,11.88853264
0.02224224536,0.9988132119,11.88878632
0.02224349536,0.9991649389,11.8892889
0.02224380786,0.9992432594,11.88941288
0.02224404535,0.9993001819,-9.907564163
0.02224414584,0.9993236065,-12.92736149
0.02224423639,0.9993443489,-10.93272877
0.02224427814,0.999353826,-11.99453926
0.02224431617,0.9993623495,-11.62460136
0.02224435633,0.9993713498,-11.74472427
0.02224439368,0.9993796349,-11.70480251
0.02224445735,0.9993936419,-11.71959305
0.02224455512,0.9994148612,-11.71169281
0.02224475064,0.9994561076,-11.7186327
0.02224514169,0.9995341301,-11.71520138
0.02224592379,0.9996720552,-11.7234621
0.022247488,0.9998754263,-11.72554874
0.02225061641,0.9999924898,-11.74274063
0.02225687322,0.9990676641,-11.76076794
0.02226505462,0.995529592,-11.78984451
0.02227308401,0.9894999862,-11.80511284
0.02228195518,0.9799112678,-11.82724762
0.02229195518,0.9654550552,-11.83873749
0.02230195518,0.9471886754,-11.85566616
0.02231195518,0.9251841307,-11.86123943
0.02232195518,0.8995283246,-11.87355232
0.02233195518,0.8703224659,-11.87562752
0.02233211143,0.8698385954,-11.87775421
0.02233242393,0.8688682318,10.32673931
0.02233251011,0.8686000705,12.60290432
0.02233259607,0.8683322668,11.17393398
0.02233264039,0.8681941628,11.93763065
0.02233268514,0.8680545688,11.64280415
0.02233273124,0.8679107428,11.75891018
0.02233277868,0.8677626252,11.71213722
0.02233285597,0.8675211668,11.73439884
0.02233297023,0.867163837,11.72095203
0.02233318879,0.8664791584,11.73249054
0.02233362592,0.8651047349,11.72514725
0.02233450016,0.8623364568,11.73745728
0.02233624866,0.8567218781,11.73628044
0.02233974564,0.8451831937,11.75784779
0.02234673961,0.8208875656,11.77319908
0.02235673961,0.7834087014,11.80841446
0.02236673961,0.7428380847,11.82143784
0.02237673961,0.6993358135,11.84586811
0.02238673961,0.6530736089,11.85071754
0.02239673961,0.6042339802,11.86875153
0.02240673961,0.5530097485,11.86878777
0.02241673961,0.4996030331,11.88300228
0.02242673961,0.444224596,11.88020039
0.02242798961,0.4371744692,11.88464069
0.02243048961,0.4229937494,11.8857708
0.02243111461,0.4194321036,11.88599777
0.02243236461,0.4122895002,11.88650417
0.02243267711,0.4104998708,11.88662815
0.02243330211,0.4069158435,11.88687515
0.02243455211,0.3997290432,11.88735962
0.02243455836,0.399693042,2.71614337
0.02243457086,0.3996210396,-8.498753548
0.02243457788,0.3995806277,-10.18956852
0.02243458286,0.399551928,-10.80614376
0.02243459017,0.3995098174,-11.29845619
0.02243460192,0.3994421661,-11.60956764
0.0224346172,0.39935413,-11.70139122
0.02243463854,0.3992311954,-11.71518993
0.02243467083,0.3990451992,-11.71467209
0.0224347354,0.398673147,-11.71516895
0.02243486454,0.3979288638,-11.71564007
0.02243512283,0.3964394927,-11.71691418
0.0224356394,0.3934576511,-11.71916389
0.02243667255,0.3874815106,-11.72382259
0.02243873884,0.3754805624,-11.73255062
0.02244287143,0.3512907922,-11.74892426
0.0224511366,0.3022172153,-11.77683449
0.0224611366,0.2417664826,-11.80390263
0.0224711366,0.1803615987,-11.82489491
0.0224811366,0.1182449237,-11.84148598
0.0224911366,0.05566158518,-11.85442448
0.0225011366,-0.00714142574,-11.86481476
0.0225111366,-0.06991625577,-11.87297535
0.0225211366,-0.1324151456,-11.87967396
0.0225223866,-0.1401958019,-11.8803587
0.0225248866,-0.1557307094,-11.88176537
0.0225255116,-0.1596085727,-11.88210392
0.0225267616,-0.1673568636,-11.8827734
0.0225270741,-0.1692923456,-11.88293648
0.0225276991,-0.1731613427,-11.88326263
0.02252770223,-0.1731806695,-6.191861153
0.02252770848,-0.173219353,2.44605422
0.02252772098,-0.1732967049,9.652265549
0.02252772639,-0.1733301878,10.54378891
0.02252773391,-0.1733767241,11.19371414
0.02252774123,-0.1734220535,11.47858524
0.02252775589,-0.1735127121,11.6835289
0.02252777241,-0.173614949,11.71563148
0.02252780203,-0.1737982482,11.71942806
0.02252784281,-0.1740505993,11.71877956
0.02252792438,-0.1745552272,11.71949005
0.02252808751,-0.1755643785,11.71998024
0.02252841377,-0.1775821149,11.72161579
0.02252906629,-0.1816153526,11.72428513
0.02253037133,-0.1896725893,11.73000717
0.0225329814,-0.20574826,11.74040699
0.02253820156,-0.2377292961,11.75972176
0.02254820156,-0.2982505858,11.78995609
0.02255820156,-0.3575948477,11.81371689
0.02256820156,-0.4155278206,11.83193588
0.02257820156,-0.4718208909,11.84647274
0.02258820156,-0.5262519121,11.8576107
0.02259820156,-0.5786060691,11.86670208
0.02260820156,-0.6286767125,11.8736515
0.02261820156,-0.676266253,11.87951469
0.02261945156,-0.6820310354,11.88005638
0.02261976406,-0.6834656596,11.88020992
0.02262038906,-0.6863270402,11.88051605
0.02262054531,-0.6870407462,11.88059235
0.02262085781,-0.6884661317,11.88074303
0.02262097126,-0.6889829636,-8.234154701
0.0226210398,-0.6892949939,-13.6532402
0.02262109664,-0.6895537376,-10.78297234
0.02262112049,-0.6896622181,-11.81195927
0.02262114349,-0.6897668839,-11.71483803
0.02262116775,-0.689877212,-11.72272015
0.02262119504,-0.6900013089,-11.72198677
0.02262124961,-0.6902495027,-11.72240734
0.02262135876,-0.6907455325,-11.72280025
0.02262157707,-0.6917366982,-11.72384357
0.02262201367,-0.6937151551,-11.72570992
0.02262288687,-0.6976563334,-11.72956085
0.02262463327,-0.7054755688,-11.7368412
0.02262812609,-0.7208583355,-11.75063419
0.02263511171,-0.7505750656,-11.77469921
0.02264511171,-0.7905849814,-11.80272102
0.02265511171,-0.8274748921,-11.82443047
0.02266511171,-0.861099124,-11.84148121
0.02267511171,-0.8913249373,-11.85475731
0.02268511171,-0.918033123,-11.86531639
0.02269511171,-0.9411183,-11.87358952
0.02270511171,-0.9604892731,-11.88028526
0.02271511171,-0.9760696292,-11.88556957
0.02271636171,-0.9777474403,-11.88617706
0.02271886171,-0.9809219837,-11.88730907
0.02271948671,-0.9816778302,-11.88758183
0.02272073671,-0.9831441045,-11.88811874
0.02272323671,-0.9858946204,-11.88915443
0.02272324676,-0.9859051704,0.0398731865
0.02272326686,-0.9859262705,11.83938122
0.02272327388,-0.9859336615,11.77272224
0.02272327997,-0.9859400988,11.74430847
0.02272328827,-0.985948801,11.72556877
0.02272330486,-0.9859662056,11.71386623
0.02272333804,-0.9860009551,11.71264648
0.02272340441,-0.9860703945,11.71338177
0.02272353714,-0.9862087965,11.71372318
0.0227238026,-0.9864834547,11.71513939
0.02272433352,-0.9870246053,11.71734047
0.02272539536,-0.9880738854,11.72219849
0.02272751905,-0.9900405407,11.73101902
0.02273176642,-0.9934446216,11.7477932
0.02274026117,-0.9981284142,11.77600861
0.02275026117,-0.9999986291,11.8027153
0.02276026117,-0.9979223609,11.82325172
0.02277026117,-0.9919077158,11.83964062
0.02278026117,-0.9819784164,11.85225487
0.02279026117,-0.9681737423,11.86255264
0.02280026117,-0.950548172,11.87048054
0.02281026117,-0.929171145,11.87716198
0.02281041742,-0.928807795,11.87717628
0.02281072992,-0.928078413,11.87734795
0.02281135492,-0.9266089201,11.87771511
0.02281135804,-0.9266015291,6.186314583
0.02281136429,-0.9265867472,-2.451599836
0.02281137679,-0.9265572429,-9.657813072
0.02281138221,-0.9265444279,-10.54951096
0.02281138973,-0.9265266657,-11.19940853
0.02281139706,-0.9265093207,-11.48425293
0.02281141171,-0.9264746904,-11.68912411
0.02281142824,-0.9264355898,-11.72118855
0.02281145787,-0.9263654947,-11.72497368
0.02281149868,-0.9262688756,-11.72432423
0.02281158028,-0.9260755181,-11.72502995
0.0228117435,-0.9256880879,-11.7255125
0.02281206993,-0.9249102473,-11.72713184
0.02281272279,-0.9233429432,-11.72976971
0.02281402851,-0.9201617241,-11.73542881
0.02281663996,-0.913613677,-11.74570942
0.02282186285,-0.8997815847,-11.76480484
0.02283186285,-0.8706080317,-11.79466152
0.02284186285,-0.837998569,-11.81811047
0.02285186285,-0.8020819426,-11.83606625
0.02286186285,-0.7629998326,-11.85037327
0.02287186285,-0.720906496,-11.86130333
0.02288186285,-0.6759681106,-11.87020111
0.02289186285,-0.6283619404,-11.87696552
0.02290186285,-0.5782759786,-11.88264751
0.02291186285,-0.5259077549,-11.8869276
0.02291311285,-0.5192114711,-11.88748837
0.02291342535,-0.5175324082,-11.88760948
0.02291405035,-0.5141682029,-11.8878479
0.0229142066,-0.5133259296,-11.88790703
0.02291432534,-0.5126855373,8.360198021
0.02291437785,-0.5124022365,13.24017239
0.0229144178,-0.5121866465,11.19524384
0.02291443769,-0.5120792985,11.71737766
0.02291446129,-0.511951983,11.71432209
0.02291448416,-0.5118284822,11.71471119
0.02291452073,-0.5116310716,11.71485329
0.02291459388,-0.5112361312,11.71519756
0.02291474017,-0.5104459524,11.71586132
0.02291503276,-0.508864224,11.71719646
0.02291561793,-0.5056957006,11.71982479
0.02291678827,-0.49933815,11.72497749
0.02291912895,-0.4865424037,11.73482513
0.02292381032,-0.4606380165,11.7528801
0.02293317306,-0.4076564312,11.7832756
0.02294317306,-0.3495157659,11.80878353
0.02295317306,-0.2899957299,11.8287077
0.02296317306,-0.2293311954,11.84435272
0.02297317306,-0.167761609,11.85669327
0.02298317306,-0.1055299416,11.8664999
0.02299317306,-0.042881798,11.87433815
0.02300317306,0.01993557997,11.88066673
0.02300442306,0.02778730541,11.88135529
0.02300473556,0.02974998765,11.88152695
0.02300536056,0.03367500007,11.88186741
0.02300551681,0.03465617448,11.88195229
0.02300582931,0.03661842272,11.88212013
0.02300645431,0.04054248706,11.88245392
0.02300645743,0.04056210816,6.191052437
0.02300646368,0.04060134292,-2.446862936
0.02300647618,0.04067981988,-9.653074265
0.02300648159,0.04071378708,-10.54462337
0.02300648911,0.04076100513,-11.19454479
0.02300649644,0.04080699757,-11.47941113
0.02300651109,0.04089897871,-11.68434429
0.02300652761,0.04100270942,-11.71644115
0.02300655724,0.04118869081,-11.72023678
0.02300659802,0.04144473746,-11.71958733
0.0230066796,0.04195681587,-11.72029686
0.02300684274,0.0429809466,-11.72078514
0.02300716902,0.0450290665,-11.72241783
0.02300782159,0.04912472889,-11.72507858
0.02300912673,0.05731350929,-11.73078632
0.02301173701,0.07367895544,-11.74115849
0.02301695756,0.1063459963,-11.76042271
0.02302695756,0.168570593,-11.79056835
0.02303695756,0.2301299274,-11.81425571
0.02304695756,0.2907810211,-11.83241177
0.02305695756,0.3502845466,-11.84689426
0.02306695756,0.4084056616,-11.85798359
0.02307695756,0.4649150074,-11.86703014
0.02308695756,0.5195894837,-11.87394047
0.02309695756,0.5722134709,-11.87976551
0.02309820756,0.5786368251,-11.88030243
0.02309852006,0.5802370906,-11.88045502
0.02309914506,0.5834309459,-11.88075924
0.02310039506,0.5897915959,-11.88135529
0.02310040131,0.5898233056,-2.71014595
0.02310041381,0.5898867249,8.504746437
0.02310042082,0.5899223089,10.19587612
0.02310042581,0.5899476409,10.81244755
0.02310043312,0.589984715,11.30468559
0.02310044487,0.5900443196,11.61567211
0.02310046016,0.5901218653,11.7074213
0.02310048151,0.5902301669,11.72118855
0.02310051381,0.5903940201,11.72066593
0.02310057842,0.5907216072,11.72115803
0.02310070764,0.5913764834,11.7216177
0.02310096607,0.5926851034,11.72287083
0.02310148293,0.5952976346,11.72507668
0.02310251665,0.6005039215,11.72964954
0.0231045841,0.6108401418,11.73821068
0.02310871901,0.6312017441,11.75427151
0.02311698881,0.6706334352,11.78162098
0.02312698881,0.7158873677,11.80809879
0.02313698881,0.75831604,11.82859135
0.02314698881,0.7977520227,11.84475136
0.02315698881,0.8340396285,11.8573103
0.02316698881,0.867035687,11.86736107
0.02317698881,0.8966099024,11.87521076
0.02318698881,0.9226456285,11.88162231
0.02319698881,0.9450401068,11.8866539
0.02319823881,0.9475787878,11.88724804
0.02320073881,0.9524807334,11.88833427
0.02320136381,0.953669548,11.88859463
0.02320152006,0.9539644718,11.88866043
0.0232016388,0.9541879296,-8.35943985
0.02320169131,0.9542866349,-13.23941326
0.02320173126,0.9543616176,-11.19450188
0.02320175115,0.9543989301,-11.71660519
0.02320177474,0.9544431567,-11.7135601
0.02320179761,0.9544860721,-11.71394634
0.02320183419,0.9545545578,-11.71408749
0.02320190733,0.9546914101,-11.71442986
0.02320205362,0.9549645782,-11.71508694
0.0232023462,0.9555084109,-11.71641159
0.02320293136,0.9565864205,-11.71901703
0.02320410167,0.9587036967,-11.72412586
0.02320644231,0.9627825022,-11.73388767
0.02321112357,0.9703146815,-11.75177956
0.0232204861,0.9828549623,-11.78188324
0.0232304861,0.9924928546,-11.80712223
0.0232404861,0.9982138276,-11.82681561
0.0232504861,0.9999953508,-11.84226322
0.0232604861,0.9978302717,-11.85443401
0.0232704861,0.9917272925,-11.8640995
0.0232804861,0.9817103744,-11.8718195
0.0232817361,0.9801848531,-11.87265968
0.0232842361,0.9769525528,-11.87429237
0.0232892361,0.9697656631,-11.87731457
0.02328939235,0.9695255756,-11.87740421
0.02328970485,0.9690426588,-11.8775816
0.02328981831,0.9688664675,8.237305641
0.02328988684,0.9687597156,13.65638638
0.02328994369,0.9686710835,10.78602886
0.02328996755,0.9686338305,11.81518173
0.02328999055,0.9685979486,11.71796036
0.02329001481,0.9685599804,11.72585773
0.02329004211,0.9685173631,11.72511959
0.02329009669,0.96843189,11.72553539
0.02329020585,0.9682607055,11.72591877
0.02329042419,0.9679169059,11.72694492
0.02329086085,0.9672238827,11.72877407
0.02329173419,0.9658159614,11.73255253
0.02329348085,0.9629129171,11.73969364
0.02329697418,0.956759274,11.7532177
0.02330396084,0.9430723786,11.77679539
0.02331396084,0.9203281403,11.8042078
0.02332396084,0.893951714,11.8253994
0.02333396084,0.8640472889,11.84200764
0.02334396084,0.830732882,11.85489845
0.02335396084,0.7941399813,11.86512089
0.02336396084,0.7544128895,11.87309551
0.02337396084,0.7117085457,11.87952614
0.02338396084,0.6661953926,11.88457394
0.02338521084,0.6603175998,11.88515377
0.02338771084,0.6484401226,11.88623142
0.02339271084,0.6242082119,11.88822556
0.02339286709,0.6234409213,11.88828468
0.02339317959,0.621904552,11.88840199
0.02339329305,0.6213461161,-8.226510048
0.02339336158,0.6210086942,-13.64560127
0.02339341841,0.6207287312,-10.77554512
0.02339344225,0.62061131,-11.80412674
0.02339346524,0.6204980612,-11.70724678
0.02339348949,0.6203785539,-11.71508884
0.02339351677,0.6202441454,-11.71436596
0.02339357132,0.6199752092,-11.71479034
0.02339368043,0.6194371581,-11.71519566
0.02339389865,0.6183601618,-11.71626091
0.0233943351,0.6162027121,-11.71817303
0.02339520798,0.6118739247,-11.72211266
0.02339695376,0.603161335,-11.72956848
0.02340044531,0.5855193734,-11.7436924
0.0234074284,0.5493987799,-11.76836014
0.0234174284,0.495849371,-11.79713058
0.0234274284,0.4403431118,-11.81947327
0.0234374284,0.3830989897,-11.8370676
0.0234474284,0.3243429959,-11.85082245
0.0234574284,0.2643069327,-11.86181068
0.0234674284,0.2032277733,-11.87047577
0.0234774284,0.1413465738,-11.87753582
0.0234786784,0.1335671693,-11.87827206
0.0234811784,0.1179841161,-11.87975883
0.0234818034,0.1140836552,-11.88011742
0.0234830534,0.1062775105,-11.88082314
0.0234833659,0.1043249369,-11.8809967
0.0234839909,0.1004185751,-11.88134098
0.02348414715,0.09944174439,-11.88142586
0.02348445965,0.09748779237,-11.88159657
0.02348457311,0.09677829593,8.233294487
0.02348464164,0.09634970129,13.65237617
0.02348469849,0.09599418193,10.78212833
0.02348472234,0.09584503621,11.81106758
0.02348474533,0.0957012102,11.71397209
0.02348476959,0.09554947168,11.72184753
0.02348479688,0.09537880868,11.72111416
0.02348485145,0.09503747523,11.72153091
0.0234849606,0.09435477108,11.72191715
0.02348517889,0.09298923612,11.72294807
0.02348561547,0.09025764465,11.72478771
0.02348648864,0.08479243517,11.72858715
0.02348823497,0.07385453582,11.73576736
0.02349172764,0.05195337161,11.74936581
0.02349871297,0.008086545393,11.77307415
0.02350871297,-0.05471787602,11.80064678
0.02351871297,-0.1173063517,11.82196999
0.02352871297,-0.1794318706,11.8386879
0.02353871297,-0.2408492565,11.85167885
0.02354871297,-0.3013161421,11.86199474
0.02355871297,-0.3605938256,11.87006187
0.02356871297,-0.4184484482,11.87658691
0.02357871297,-0.4746516347,11.88173389
0.02357886922,-0.4755155146,11.88183117
0.02357918172,-0.4772419035,11.88197803
0.02357929518,-0.4778682292,-8.232927322
0.02357936371,-0.4782464206,-13.65200901
0.02357942056,-0.4785600901,-10.78177738
0.0235794444,-0.4786916375,-11.81069946
0.0235794674,-0.4788184762,-11.71361732
0.02357949166,-0.4789523184,-11.72149277
0.02357951895,-0.4791027904,-11.7207613
0.02357957352,-0.4794037342,-11.72118282
0.02357968266,-0.4800054431,-11.72157764
0.02357990095,-0.4812082052,-11.72262573
0.02358033753,-0.4836110175,-11.72450161
0.02358121068,-0.4884056747,-11.72837067
0.02358295698,-0.4979507327,-11.73568726
0.02358644959,-0.516859889,-11.74954891
0.02359343481,-0.5539224744,-11.77374077
0.02360343481,-0.6051068306,-11.80192089
0.02361343481,-0.6539031267,-11.82376575
0.02362343481,-0.7001187205,-11.84093571
0.02363343481,-0.7435712814,-11.85431671
0.02364343481,-0.7840893269,-11.86497021
0.02365343481,-0.8215129375,-11.87333012
0.02366343481,-0.8556943536,-11.88010502
0.02367343481,-0.8864988089,-11.88546371
0.02367468481,-0.8901056647,-11.88607883
0.02367718481,-0.8971545696,-11.88722992
0.02367780981,-0.8988822699,-11.88750553
0.02367905981,-0.9022960067,-11.88805199
0.02367937231,-0.9031407833,-11.88818645
0.0236796098,-0.9037804604,9.908782959
0.02367971029,-0.904050529,12.92857647
0.02367980083,-0.9042935371,10.93394089
0.02367984259,-0.9044054747,11.99576473
0.02367988062,-0.9045073986,11.62579823
0.02367992078,-0.904614985,11.7459383
0.02367995814,-0.9047150016,11.70600605
0.02368002181,-0.9048854113,11.72079945
0.02368011958,-0.905146718,11.71289349
0.02368031511,-0.9056682587,11.71982861
0.02368070617,-0.9067073464,11.71638203
0.02368148829,-0.9087689519,11.72461987
0.02368305253,-0.9128264189,11.72665405
0.02368618102,-0.9206764102,11.74375153
0.02369243798,-0.935306251,11.76160049
0.02370243798,-0.9556783438,11.79529953
0.02371243798,-0.972278893,11.81359291
0.02372243798,-0.985042274,11.83581448
0.02373243798,-0.9939181209,11.84535885
0.02374243798,-0.9988714457,11.86079693
0.02375243798,-0.9998826981,11.86518574
0.02376243798,-0.996947825,11.87659264
0.02376368798,-0.996303916,11.8751936
0.02376618798,-0.9948318005,11.87665081
0.02376681298,-0.9944253564,11.8770256
0.02376806298,-0.9935665727,11.87773418
0.02376806923,-0.9935621023,2.70653224
0.02376808173,-0.9935532212,-8.508356094
0.02376808875,-0.9935482144,-10.19967651
0.02376809374,-0.9935446978,-10.81624603
0.02376810105,-0.9935394526,-11.30844116
0.0237681128,-0.9935310483,-11.61935139
0.02376812809,-0.9935201406,-11.71105576
0.02376814945,-0.9935048819,-11.72480392
0.02376818176,-0.9934817553,-11.72427654
0.02376824639,-0.9934353828,-11.72476387
0.02376837565,-0.9933421612,-11.7252121
0.02376863417,-0.9931537509,-11.72644234
0.0237691512,-0.9927690029,-11.72860432
0.02377018528,-0.9919680953,-11.7330904
0.02377225342,-0.9902407527,-11.74148178
0.02377638972,-0.9862847328,-11.75722313
0.0237846623,-0.9763774276,-11.78399563
0.0237946623,-0.9608834982,-11.809865
0.0238046623,-0.9415974021,-11.82983971
0.0238146623,-0.9185952544,-11.84555244
0.0238246623,-0.891967833,-11.85772038
0.0238346623,-0.8618201613,-11.86742592
0.0238446623,-0.8282713294,-11.87496758
0.0238546623,-0.7914537191,-11.88110256
0.0238646623,-0.7515125871,-11.88588524
0.0238659123,-0.7463080287,-11.88644981
0.0238684123,-0.7357611656,-11.88747787
0.0238690373,-0.7330959439,-11.88772488
0.0238702873,-0.7277317047,-11.8882122
0.0238705998,-0.7263836265,-11.88833237
0.0238712248,-0.7236790657,-11.88856983
0.02387138105,-0.7230011821,-11.88862896
0.02387169355,-0.7216433287,-11.88874626
0.02387180701,-0.7211496234,8.226165771
0.02387187554,-0.7208512425,13.645257
0.02387193237,-0.7206037045,10.77521038
0.02387195621,-0.7204998732,11.80377388
0.0238719792,-0.7203996778,11.70690441
0.02387200345,-0.7202939987,11.71474552
0.02387203073,-0.7201750875,11.71402168
0.02387208528,-0.7199372649,11.71444607
0.02387219439,-0.7194612622,11.71485138
0.02387241261,-0.7185083032,11.71591759
0.02387284904,-0.7165983915,11.7178297
0.02387372192,-0.7127622962,11.72176933
0.02387546766,-0.7050259709,11.72922611
0.02387895915,-0.6892997622,11.74335003
0.02388594214,-0.6568599343,11.76801872
0.02389594214,-0.6082189083,11.79679108
0.02390594214,-0.5571775436,11.81913471
0.02391594214,-0.5039372444,11.83673191
0.02392594214,-0.4487081468,11.85048962
0.02393594214,-0.3917081952,11.86148167
0.02394594214,-0.3331623673,11.87015247
0.02395594214,-0.2733016908,11.87721825
0.02395719214,-0.265738368,11.87795544
0.02395969214,-0.2505630255,11.87944412
0.02396031714,-0.24675937,11.8798027
0.02396156714,-0.2391407341,11.88051033
0.02396187964,-0.2372337431,11.8806839
0.02396211712,-0.2357839048,-9.916254044
0.02396221761,-0.2351702601,-12.93603706
0.02396230816,-0.2346172482,-10.94138908
0.02396234993,-0.2343621403,-12.00329685
0.02396238797,-0.2341297716,-11.63315964
0.02396242815,-0.2338843346,-11.75341225
0.02396246552,-0.233656019,-11.71341515
0.02396252922,-0.2332668602,-11.72823238
0.023962627,-0.2326693982,-11.72029495
0.02396282256,-0.2314742059,-11.72721958
0.02396321368,-0.2290827781,-11.72371292
0.02396399591,-0.2242957801,-11.73186684
0.02396556039,-0.214705646,-11.73370457
0.02396868935,-0.1954640895,-11.75045776
0.02397494726,-0.1567617804,-11.76764584
0.02398494726,-0.09443823993,-11.80045128
0.02399494726,-0.03174199164,-11.81797218
0.02400494726,0.0310795214,-11.83955002
0.02401494726,0.09377837926,-11.84851265
0.02402494726,0.1561071426,-11.86345387
0.02403494726,0.2178198099,-11.86737442
0.02404494726,0.2786728442,-11.87837315
0.02405494726,0.3384260833,-11.87931538
0.02405619726,0.3458061218,-11.88205338
0.02405650976,0.3476478159,-11.88221264
0.02405713476,0.3513271809,-11.88249874
0.02405729101,0.3522461653,-11.88256836
0.02405760351,0.3540831208,-11.88270855
0.02405822851,0.3577529788,-11.88298702
0.02405823163,0.3577713072,-6.19158268
0.02405823788,0.3578079641,2.446335554
0.02405825038,0.3578813076,9.652545929
0.02405825579,0.3579130471,10.54407787
0.02405826331,0.3579571843,11.1940012
0.02405827064,0.3580001593,11.47887135
0.02405828529,0.3580861092,11.68381119
0.02405830181,0.3581830561,11.71591282
0.02405833144,0.3583568335,11.71971226
0.02405837222,0.3585960567,11.71906662
0.02405845379,0.3590744138,11.71978283
0.02405861692,0.3600308597,11.72028542
0.02405894319,0.3619426489,11.72194576
0.02405959573,0.3657616377,11.72466373
0.0240609008,0.3733810782,11.73048115
0.02406351095,0.388544172,11.74106789
0.02406873125,0.4185527563,11.76073265
0.02407693646,0.4647976458,11.7865181
0.02408485095,0.5082350969,11.80711365
0.02409469361,0.5604901314,11.82738781
0.02410389158,0.6073892713,11.84265614
0.02411389158,0.6560717821,11.8555479
0.02412389158,0.7021651268,11.86601925
0.02413389158,0.7454872727,11.87405777
0.02414389158,0.7858673334,11.88077831
0.02415389158,0.8231459856,11.8859148
0.02415514158,0.8275802732,11.88656998
0.02415764158,0.8362954259,11.88769817
0.02415765163,0.8363300562,-0.04132840037
0.02415767173,0.8363992572,-11.84083557
0.02415767875,0.8364234567,-11.77417374
0.02415768485,0.8364444375,-11.74575996
0.02415769315,0.8364730477,-11.72702122
0.02415770974,0.836530149,-11.71531868
0.02415774292,0.8366443515,-11.71409893
0.02415780929,0.8368726969,-11.71483135
0.02415794203,0.8373289704,-11.71516895
0.0241582075,0.8382397294,-11.71657562
0.02415873845,0.840054214,-11.71875858
0.02415980035,0.8436551094,-11.72357941
0.02416192416,0.8507441282,-11.73232841
0.02416617176,0.8644664288,-11.74896812
0.02417466696,0.8900545835,-11.77694321
0.02418466696,0.916921556,-11.80340481
0.02419466696,0.9401698709,-11.82373238
0.02420466696,0.9597077966,-11.83994102
0.02421466696,0.9754581451,-11.85239887
0.02422466696,0.9873588085,-11.86255646
0.02423466696,0.9953628778,-11.87036133
0.02424466696,0.9994386435,-11.87693214
0.02424591696,0.9996709228,-11.87754917
0.02424622946,0.9997193813,-11.87772179
0.02424646695,0.9997535944,9.919215202
0.02424656744,0.9997674227,12.93899918
0.02424665799,0.9997795224,10.9443512
0.02424669976,0.999785006,12.00629425
0.0242467378,0.9997899532,11.63609028
0.02424677799,0.9997950792,11.75639057
0.02424681537,0.999799788,11.71636963
0.02424687907,0.9998077154,11.73119831
0.02424697686,0.9998195767,11.7232542
0.02424717243,0.9998421669,11.73018456
0.02424756357,0.9998828173,11.72667313
0.02424834586,0.9999459982,11.73483276
0.02424991043,0.9999998212,11.73666763
0.02425303957,0.9998176098,11.75342941
0.02425929786,0.9982940555,11.77062416
0.02426929786,0.9926579595,11.80345535
0.02427929786,0.9831043482,11.82099438
0.02428929786,0.9696708918,11.84259796
0.02429929786,0.9524105191,11.85157108
0.02430929786,0.9313914776,11.86652374
0.02431929786,0.9066966176,11.87043762
0.02432929786,0.878423512,11.88142586
0.02433929786,0.8466836214,11.88233757
0.02434929786,0.8116022348,11.89094162
0.02435054786,0.8069888949,11.88925076
0.02435055411,0.8069656491,2.717894554
0.02435056661,0.8069192767,-8.497070312
0.02435057362,0.8068932295,-10.18768501
0.02435057861,0.806874752,-10.80423069
0.02435058592,0.8068476319,-11.2965374
0.02435059766,0.8068040013,-11.6076746
0.02435061294,0.8067473173,-11.69951057
0.02435063428,0.8066680431,-11.71331692
0.02435066656,0.8065481782,-11.71279907
0.02435073113,0.8063082695,-11.71329689
0.02435086025,0.8058281541,-11.71376991
0.0243511185,0.8048662543,-11.71504593
0.024351635,0.8029360771,-11.71730232
0.024352668,0.7990504503,-11.72197151
0.02435473399,0.7911782861,-11.73072052
0.02435886598,0.7750354409,-11.74713421
0.02436712997,0.741193831,-11.77511215
0.02437712997,0.6975805759,-11.80225468
0.02438712997,0.651214242,-11.82330894
0.02439712997,0.6022778749,-11.83995247
0.02440712997,0.5509645939,-11.85294056
0.02441712997,0.4974768758,-11.86337757
0.02442712997,0.4420258701,-11.87158489
0.02443712997,0.3848304152,-11.87833118
0.02443837997,0.3775694966,-11.8790226
0.02443869247,0.3757506013,-11.8792038
0.02443931747,0.3721084893,-11.87956238
0.02443947372,0.3711970747,-11.87965202
0.02443978622,0.3693731427,-11.87982941
0.02444041122,0.3657210171,-11.88018036
0.02444041434,0.3657027483,-6.188780308
0.02444042059,0.3656661808,2.449133635
0.02444043309,0.3655931056,9.655344963
0.0244404385,0.3655614555,10.5469656
0.02444044602,0.3655174673,11.19687557
0.02444045335,0.3654746115,11.48173141
0.024440468,0.3653889,11.68663406
0.02444048453,0.3652922511,11.71871567
0.02444051416,0.3651189506,11.72250557
0.02444055495,0.3648802936,11.72185612
0.02444063654,0.3644029796,11.72256374
0.02444079972,0.363447994,11.72304726
0.02444112607,0.3615369201,11.72467041
0.02444177878,0.3577102125,11.727314
0.0244430842,0.3500387967,11.73298645
0.02444569504,0.3346258402,11.74329185
0.02445091671,0.3035339415,11.7624321
0.02446091671,0.2431068867,11.79236507
0.02447091671,0.1817204058,11.81587505
0.02448091671,0.1196167469,11.83388042
0.02449091671,0.0570410192,11.84823036
0.02450091671,-0.00575982593,11.85920238
0.02451091671,-0.06853793561,11.86814308
0.02452091671,-0.131045565,11.87495327
0.02453091671,-0.1930360049,11.8806839
0.02453216671,-0.2007362396,11.88120937
0.02453466671,-0.2160990685,11.88238621
0.02453529171,-0.2199316025,11.88266945
0.02453654171,-0.2275864184,11.8832283
0.02453685421,-0.2294979393,11.88336563
0.02453747921,-0.2333183438,11.88363743
0.02453763546,-0.2342728823,11.88370419
0.0245377542,-0.2349981368,-8.364394188
0.02453780671,-0.2353188097,-13.24436569
0.02453784667,-0.2355628014,-11.19932842
0.02453786656,-0.2356842756,-11.72162437
0.02453789016,-0.2358283997,-11.71850586
0.02453791304,-0.2359680831,-11.71889877
0.02453794962,-0.2361914068,-11.71903896
0.02453802277,-0.2366380244,-11.71937943
0.02453816908,-0.2375311106,-11.72003555
0.0245384617,-0.239316687,-11.72135544
0.02453904695,-0.242885381,-11.72395325
0.02454021743,-0.2500128746,-11.72904682
0.02454255839,-0.2642269433,-11.73878098
0.02454724033,-0.2924804688,-11.75662327
0.02455454668,-0.3360566199,-11.78060055
0.02456023521,-0.3694982529,-11.79643536
0.02456475564,-0.3957383335,-11.80749702
0.02457008023,-0.426235348,-11.81904984
0.02457531652,-0.4557616115,-11.8290205
0.02458214688,-0.4935302138,-11.84027767
0.02459095148,-0.5408648849,-11.85232353
0.02460095148,-0.5926113129,-11.863307
0.02461095148,-0.6420189738,-11.87202168
0.02462095148,-0.6888929009,-11.8789978
0.02463095148,-0.7330480218,-11.88461304
0.02463220148,-0.7383674979,-11.8852272
0.02463470148,-0.7488693595,-11.88642216
0.02463532648,-0.7514660954,-11.88671017
0.02463548273,-0.7521134615,-11.88678169
0.02463579523,-0.7534059882,-11.88692474
0.02463590869,-0.7538745403,8.227977753
0.02463597722,-0.754157424,13.64706421
0.02463603406,-0.754391849,10.77696419
0.0246360579,-0.7544901967,11.80562115
0.02463608089,-0.7545849681,11.70869446
0.02463610514,-0.7546849847,11.7165432
0.02463613242,-0.754797399,11.71581554
0.02463618698,-0.7550222278,11.71623611
0.0246362961,-0.7554715872,11.71663189
0.02463651434,-0.7563692927,11.71768093
0.02463695081,-0.7581604123,11.71955776
0.02463782376,-0.7617254853,11.72342873
0.02463956965,-0.7687868476,11.73075104
0.02464306144,-0.7826311588,11.74461746
0.02465004502,-0.8091832399,11.76881409
0.02466004502,-0.8444794416,11.79699612
0.02467004502,-0.8764429092,11.81883621
0.02468004502,-0.9049474597,11.83599854
0.02469004502,-0.9298805594,11.84938049
0.02470004502,-0.9511438608,11.86004448
0.02471004502,-0.9686534405,11.86842918
0.02472004502,-0.9823402166,11.87524509
0.02472129502,-0.9837794304,11.87595367
0.02472379502,-0.9864756465,11.87738609
0.02472442002,-0.9871116877,11.87773132
0.02472457627,-0.9872683287,11.87781715
0.02472488877,-0.9875787497,11.87798786
0.02472500222,-0.9876905084,-8.236903191
0.02472507076,-0.987757802,-13.65598392
0.02472512761,-0.9878134727,-10.78563881
0.02472515146,-0.9878367782,-11.8147707
0.02472517446,-0.9878592491,-11.71756268
0.02472519873,-0.9878829122,-11.72545815
0.02472522602,-0.9879094958,-11.72472095
0.0247252806,-0.9879626036,-11.72513771
0.02472538977,-0.9880684614,-11.72552395
0.0247256081,-0.9882788062,-11.72655392
0.02472604475,-0.9886939526,-11.7283926
0.02472691807,-0.9895018339,-11.73219013
0.0247286647,-0.9910282493,-11.73936653
0.02473215796,-0.993722856,-11.75296116
0.02473914449,-0.9976747632,-11.77666473
0.02474914449,-0.9999855757,-11.80423737
0.02475914449,-0.9983498454,-11.82556725
0.02476914449,-0.9927740693,-11.84229469
0.02477914449,-0.9832803011,-11.85528946
0.02478914449,-0.9699059725,-11.86560249
0.02479914449,-0.9527038336,-11.87365627
0.02480914449,-0.9317418337,-11.88015747
0.02481914449,-0.9071026444,-11.88526535
0.02482914449,-0.8788836002,-11.88948154
0.02482918512,-0.8787617683,7.112581253
0.02482926637,-0.8785180449,14.51957512
0.02482929379,-0.8784356713,11.25040054
0.02482931016,-0.8783865571,11.6705637
0.02482932517,-0.8783414364,11.70730686
0.02482934166,-0.8782919049,11.71256924
0.02482937464,-0.878192842,11.71334743
0.0248294406,-0.8779945374,11.7134552
0.02482957252,-0.8775975108,11.71417904
0.02482983635,-0.87680161,11.71528816
0.02483036401,-0.8752025366,11.71775436
0.02483141934,-0.8719756007,11.7223444
0.02483353001,-0.8654068708,11.73139477
0.02483775133,-0.8518140316,11.74790001
0.02484619397,-0.822840631,11.7763586
0.02485619397,-0.7855348587,11.80302143
0.02486619397,-0.74512887,11.82397366
0.02487619397,-0.7017822862,11.8402729
0.02488619397,-0.6556660533,11.85325909
0.02489619397,-0.6069621444,11.86343098
0.02490619397,-0.5558629036,11.87169743
0.02491619397,-0.5025699139,11.87822819
0.02491744397,-0.4957644343,11.8789854
0.02491775647,-0.4940582812,11.8791647
0.02491838147,-0.490640223,11.87952042
0.0249183846,-0.4906231165,6.188120365
0.02491839085,-0.4905889034,-2.449793339
0.02491840335,-0.4905204475,-9.656004906
0.02491840876,-0.490490824,-10.54764557
0.02491841628,-0.4904496372,-11.19755268
0.02491842361,-0.4904095232,-11.48240566
0.02491843826,-0.4903292954,-11.68729973
0.02491845478,-0.4902387857,-11.71937656
0.02491848442,-0.4900765121,-11.72316551
0.02491852521,-0.4898530543,-11.72251511
0.02491860681,-0.4894060493,-11.72322178
0.02491876999,-0.488511622,-11.72370529
0.02491909637,-0.4867212772,-11.72532558
0.02491974912,-0.4831344187,-11.72796535
0.02492105462,-0.4759364128,-11.73362923
0.02492366562,-0.4614448249,-11.74391842
0.02492888762,-0.4320929646,-11.7630291
0.02493888762,-0.3746140003,-11.79291248
0.02494888762,-0.3156566322,-11.81637955
0.02495888762,-0.2554534972,-11.83435059
0.02496888762,-0.1942422092,-11.84867096
0.02497888762,-0.132264331,-11.85961533
0.02498888762,-0.06976445764,-11.86853123
0.02499888762,-0.006989263929,-11.87531757
0.02500888762,0.0558135137,-11.88102531
0.02501013762,0.06365345418,-11.88154888
0.02501263762,0.07932106405,-11.88271904
0.02501326262,0.08323505521,-11.88300133
0.02501451262,0.09105914086,-11.88355732
0.02501482512,0.09301429987,-11.8836937
0.02501545012,0.09692353755,-11.88396454
0.02501670012,0.1047374755,-11.88449478
0.02501670637,0.104776524,-2.713281631
0.02501671886,0.1048546359,8.501613617
0.02501672588,0.1048984751,10.19257832
0.02501673087,0.1049296185,10.80915165
0.02501673818,0.1049753129,11.30142879
0.02501674992,0.1050487086,11.61248016
0.02501676521,0.1051442176,11.70426846
0.02501678655,0.105277583,11.71805286
0.02501681885,0.1054793671,11.71753216
0.02501688344,0.1058829129,11.71802711
0.02501701262,0.1066899672,11.71849442
0.02501727097,0.1083038598,11.71975899
0.02501778768,0.1115307733,11.72199059
0.02501882111,0.1179810539,11.726614
0.02502088795,0.1308664232,11.73527336
0.02502502164,0.1565687656,11.75151825
0.02503328903,0.2076393664,11.77919769
0.02504088241,0.2540561855,11.80013847
0.02504940308,0.3054478168,11.81924725
0.0250574235,0.3530251682,11.83404922
0.0250674235,0.4110762179,11.84877968
0.0250774235,0.4675049484,11.86053085
0.0250874235,0.5220886469,11.86972046
0.0250974235,0.5746119022,11.8771944
0.0251074235,0.6248674393,11.88307762
0.0251086735,0.6309799552,11.88376331
0.0251111735,0.6430878639,11.88502979
0.0251117985,0.6460901499,11.88533401
0.0251130485,0.6520648003,11.88593578
0.025113361,0.6535521746,11.88608265
0.025113986,0.656519413,11.88637638
0.02511398912,0.6565341949,6.194972515
0.02511399537,0.6565638185,-2.442944765
0.02511400787,0.6566230655,-9.649155617
0.02511401328,0.6566486955,-10.5405817
0.0251140208,0.656684339,-11.19052219
0.02511402813,0.6567190289,-11.47540855
0.02511404278,0.6567884684,-11.68039227
0.0251140593,0.6568667293,-11.71251678
0.02511408891,0.6570070386,-11.71632099
0.02511412969,0.6572001576,-11.71567345
0.02511421123,0.6575862169,-11.7163887
0.02511437431,0.6583577991,-11.71688652
0.02511470047,0.6598989964,-11.71853924
0.0251153528,0.6629729867,-11.72124004
0.02511665745,0.6690875888,-11.72702599
0.02511926676,0.6811814308,-11.73754883
0.02512448539,0.704816699,-11.75709343
0.02513448539,0.7479688525,-11.78771973
0.02514448539,0.788169086,-11.81181145
0.02515448539,0.8252587914,-11.83031368
0.02516448539,0.8590915799,-11.84509659
0.02517448539,0.889533937,-11.85645294
0.02518448539,0.9164656997,-11.86574078
0.02519448539,0.9397805929,-11.87286949
0.02519573539,0.9424358606,-11.87373829
0.02519823539,0.9475719333,-11.87527847
0.02520323539,0.957141459,-11.87812424
0.02520339164,0.9574252963,-11.87820911
0.02520370414,0.9579902887,-11.87837696
0.02520381759,0.9581944942,8.236515045
0.02520388612,0.9583176374,13.65559769
0.02520394298,0.958419621,10.78526306
0.02520396683,0.9584623575,11.81437397
0.02520398983,0.9585036039,11.71717834
0.0252040141,0.9585470557,11.72507191
0.02520404139,0.9585958719,11.72433567
0.02520409597,0.9586935043,11.72475338
0.02520420513,0.9588883519,11.72514057
0.02520442345,0.9592767358,11.7261734
0.0252048601,0.9600480795,11.72801685
0.0252057334,0.9615691304,11.73182392
0.02520748,0.9645242691,11.73901844
0.0252109732,0.9700857401,11.75264835
0.0252179596,0.979804337,11.77641678
0.0252279596,0.9904264212,11.80406952
0.0252379596,0.9971397519,11.82546711
0.0252479596,0.9999178052,11.84225082
0.0252579596,0.9987496734,11.85529613
0.0252679596,0.993639946,11.86565208
0.0252779596,0.9846087098,11.87374496
0.0252879596,0.9716917276,11.88027859
0.0252979596,0.9549399018,11.88541698
0.0252992096,0.9525794387,11.88600636
0.0253017096,0.9476823211,11.88710499
0.0253067096,0.9371879101,11.88913822
0.02530686585,0.9368450046,11.8891983
0.02530717835,0.9361564517,11.88931847
0.02530780335,0.9347686172,11.88955498
0.02530780648,0.9347616434,6.198148727
0.02530781273,0.9347476959,-2.439772129
0.02530782523,0.9347197413,-9.645982742
0.02530783064,0.9347077012,-10.53730774
0.02530783816,0.9346908927,-11.18726444
0.02530784548,0.934674561,-11.47216606
0.02530786013,0.9346418381,-11.67719173
0.02530787664,0.9346048832,-11.70933914
0.02530790626,0.934538722,-11.71315193
0.02530794701,0.9344475269,-11.71250725
0.02530802853,0.9342650175,-11.71322918
0.02530819156,0.9338992834,-11.7137413
0.02530851763,0.933164835,-11.71542263
0.02530916976,0.9316841364,-11.7181797
0.02531047403,0.9286759496,-11.72407627
0.02531308256,0.9224725962,-11.73481178
0.02531829962,0.9093242884,-11.75475597
0.02532829962,0.8814035654,-11.78606606
0.02533766009,0.852114141,-11.80933094
0.02534766009,0.8175709248,-11.82863522
0.02535766009,0.7798010707,-11.84408569
0.02536766009,0.7389537096,-11.8560009
0.02537766009,0.6951900721,-11.86576176
0.02538766009,0.6486828327,-11.87329578
0.02538891009,0.6426855326,-11.87421036
0.02539141009,0.6305723786,-11.87584114
0.02539641009,0.6058824062,-11.87885761
0.02539656634,0.6051011086,-11.87894821
0.02539687884,0.6035366654,10.3257885
0.02539696435,0.6031082273,12.59845257
0.02539705062,0.602675736,11.17403698
0.02539709496,0.6024534702,11.93618107
0.02539713985,0.6022282839,11.64160061
0.02539718607,0.6019964218,11.75798988
0.02539723361,0.601757884,11.71098518
0.0253973111,0.6013689637,11.73340034
0.02539742541,0.6007949114,11.71984291
0.02539764393,0.599696815,11.73146725
0.02539808096,0.5974971652,11.72405052
0.02539895502,0.5930843949,11.73643017
0.02540070315,0.5842052698,11.73518753
0.02540419939,0.5662367344,11.75682259
0.02541119189,0.5294887424,11.77211285
0.02542119189,0.4751776755,11.80740166
0.02543119189,0.4189912677,11.82036686
0.02544119189,0.3611513078,11.84486675
0.02545119189,0.3018860519,11.84965897
0.02546119189,0.2414293736,11.86776352
0.02547119189,0.1800199002,11.86774731
0.02548119189,0.1178999543,11.88203812
0.02549119189,0.0553147234,11.87918949
0.02549244189,0.04747113958,11.88366413
0.02549494189,0.03177567199,11.884799
0.02549556689,0.02785043046,11.88502693
0.02549572314,0.02686905116,11.88509083
0.02549603564,0.02490621433,11.88521957
0.0254961491,0.0241935607,-8.229687691
0.02549621763,0.0237630792,-13.64877701
0.02549627447,0.0234060511,-10.77863407
0.02549629831,0.02325627767,-11.80738449
0.02549632131,0.0231118612,-11.7104044
0.02549634556,0.02295949869,-11.71826363
0.02549637284,0.02278812788,-11.71753597
0.02549642741,0.02244538069,-11.7179594
0.02549653653,0.02175988257,-11.7183609
0.02549675479,0.0203888528,-11.71941948
0.0254971913,0.01764668152,-11.72131634
0.02549806432,0.01216196176,-11.72522831
0.02549981035,0.001191589399,-11.73262787
0.02550330243,-0.02074826509,-11.74664688
0.02551028657,-0.06458745152,-11.77112389
0.02552028657,-0.127119422,-11.79965687
0.02553008899,-0.1879305393,-11.82140923
0.02554008899,-0.2492314428,-11.83891773
0.02555008899,-0.3095487356,-11.85258579
0.02556008899,-0.3686443865,-11.86348724
0.02557008899,-0.4262851775,-11.87206364
0.02558008899,-0.4822435975,-11.87903214
0.02559008899,-0.5362988114,-11.88456726
0.02559133899,-0.5429111719,-11.88520336
0.02559165149,-0.5445590615,-11.885355
0.02559227649,-0.5478485227,-11.88565636
0.02559227962,-0.5478649735,-6.194253922
0.02559228587,-0.5478978157,2.443663359
0.02559229837,-0.5479635,9.649874687
0.02559230378,-0.5479919314,10.54132271
0.0255923113,-0.5480314493,11.19126034
0.02559231862,-0.5480699539,11.47614288
0.02559233327,-0.5481469631,11.68111706
0.02559234979,-0.5482337475,11.71323586
0.02559237941,-0.5483893752,11.71703911
0.02559242019,-0.5486035943,11.71639156
0.02559250173,-0.5490319133,11.71710491
0.02559266482,-0.549888134,11.71760082
0.02559299101,-0.5515987873,11.71924973
0.02559364338,-0.5550131202,11.72194195
0.02559494813,-0.5618137717,11.72771168
0.02559755761,-0.5753014088,11.738204
0.02560277659,-0.6018090844,11.75769043
0.02561277659,-0.6507685184,11.7882185
0.02562277659,-0.6971597672,11.81222534
0.02563277659,-0.7407996058,11.83065605
0.02564277659,-0.7815158367,11.84537601
0.02565277659,-0.8191477656,11.8566761
0.02566277659,-0.8535469174,11.86591434
0.02567277659,-0.8845775127,11.87299824
0.02568277659,-0.912117064,11.87898445
0.02568293284,-0.9125190377,11.87899113
0.02568324534,-0.9133204222,-10.32576942
0.02568333152,-0.9135408401,-12.60174847
0.02568341748,-0.9137603641,-11.17290401
0.0256834618,-0.9138734341,-11.93653202
0.02568350654,-0.913987577,-11.6417408
0.02568355265,-0.9141050577,-11.75783443
0.02568360008,-0.9142258763,-11.71107101
0.02568367738,-0.9144225717,-11.73333263
0.02568379164,-0.9147129059,-11.71989441
0.02568401021,-0.9152669907,-11.73144245
0.02568444734,-0.9163699746,-11.724123
0.0256853216,-0.9185552597,-11.73647785
0.02568707012,-0.9228425622,-11.73538971
0.02569056717,-0.9310824275,-11.75712299
0.02569756126,-0.9462099671,-11.77278328
0.02570756126,-0.964658916,-11.80837917
0.02571756126,-0.979300797,-11.82172966
0.02572756126,-0.9900777936,-11.84643841
0.02573756126,-0.9969474673,-11.85153198
0.02574756126,-0.9998825788,-11.86977673
0.02575756126,-0.9988716841,-11.86999893
0.02576756126,-0.9939186573,-11.88437271
0.02577756126,-0.9850430489,-11.88171196
0.02577881126,-0.9836593866,-11.88616753
0.02578131126,-0.9807100892,-11.8873291
0.02578631126,-0.9740864038,-11.88930702
0.02578646751,-0.9738638997,-11.88939476
0.02578678001,-0.9734160304,-11.88951874
0.02578689347,-0.9732524753,8.22539711
0.025786962,-0.9731534719,13.64448261
0.02578701883,-0.9730712175,10.77445889
0.02578704267,-0.9730367064,11.80298042
0.02578706565,-0.9730033875,11.7061348
0.0257870899,-0.9729682207,11.71397114
0.02578711718,-0.9729286432,11.71324825
0.02578717173,-0.972849369,11.71367168
0.02578728084,-0.9726904631,11.71407604
0.02578749905,-0.9723713398,11.71514034
0.02578793547,-0.97172755,11.71704769
0.02578880831,-0.9704180956,11.72098064
0.02579055399,-0.9677116275,11.72842216
0.02579404536,-0.9619498253,11.74251652
0.02580102809,-0.9490405321,11.76713085
0.02580886749,-0.9323723912,11.7901926
0.02581860542,-0.9085231423,11.81315994
0.02582860542,-0.8804942966,11.83177376
0.02583860542,-0.8489906192,11.84630966
0.02584860542,-0.8141362667,11.85789776
0.02585860542,-0.7760689855,11.86702728
0.02586860542,-0.7349388599,11.87444878
0.02586985542,-0.7295901775,11.87522411
0.02587235542,-0.7187582254,11.87678623
0.02587298042,-0.7160223722,11.87716198
0.02587423042,-0.7105176449,11.87790394
0.02587454292,-0.7091346383,11.87808609
0.02587516792,-0.7063603401,11.87844753
0.02587517104,-0.7063464522,6.187047958
0.02587517729,-0.7063186765,-2.450865507
0.02587518979,-0.7062630653,-9.657076836
0.0258751952,-0.7062389851,-10.54875183
0.02587520273,-0.7062055469,-11.19865322
0.02587521005,-0.7061729431,-11.48350048
0.02587522471,-0.7061077356,-11.6883812
0.02587524123,-0.7060341835,-11.7204504
0.02587527087,-0.705902338,-11.72423649
0.02587531167,-0.7057207227,-11.72358704
0.02587539327,-0.7053573728,-11.72429276
0.02587555647,-0.7046301365,-11.72477436
0.02587588288,-0.703173399,-11.72639275
0.0258765357,-0.7002510428,-11.72902679
0.02587784133,-0.6943711042,-11.73468018
0.02588045259,-0.6824713349,-11.74494934
0.02588567512,-0.6581240296,-11.76402187
0.02589567512,-0.6095497608,-11.79384136
0.02590567512,-0.5585699081,-11.81725788
0.02591567512,-0.5053856373,-11.835186
0.02592567512,-0.450206846,-11.84947014
0.02593567512,-0.3932512999,-11.86038303
0.02594567512,-0.3347437382,-11.86926746
0.02595567512,-0.2749151289,-11.8760252
0.02596567512,-0.2140015364,-11.88170433
0.02597567512,-0.1522433758,-11.88598728
0.02597571575,-0.1519910991,7.115990162
0.025975797,-0.1514865011,14.52294922
0.02597582442,-0.1513161659,11.25378799
0.02597584079,-0.1512144953,11.67397785
0.02597585581,-0.1511212289,11.71069908
0.0259758723,-0.1510187984,11.71595478
0.02597590528,-0.1508139372,11.71673107
0.02597597125,-0.1504041702,11.71683788
0.02597610319,-0.1495845914,11.71755886
0.02597636705,-0.1479450911,11.71866131
0.02597689479,-0.1446648985,11.72111511
0.02597795027,-0.1380997598,11.7256813
0.02598006123,-0.1249515489,11.7346859
0.02598428314,-0.09859151393,11.75110531
0.02599272697,-0.04568191618,11.77941322
0.02600272697,0.01713319309,11.80592346
0.02601272697,0.07988068461,11.82674599
0.02602272697,0.142312929,11.84293175
0.02603272697,0.2041835338,11.85581493
0.02604272697,0.2652482986,11.86588955
0.02605272697,0.3252662718,11.87405968
0.02606272697,0.3840005696,11.88049412
0.02606397697,0.3912404776,11.88123894
0.02606647697,0.4056474864,11.88262081
0.02606710197,0.4092337191,11.88295269
0.02606835197,0.4163872302,11.88360882
0.02607085197,0.4306167662,11.88487244
0.02607086202,0.4306737483,-0.04415353388
0.02607088212,0.4307877421,-11.8436594
0.02607088914,0.4308275282,-11.77699089
0.02607089523,0.4308621287,-11.74857807
0.02607090353,0.4309091568,-11.72984028
0.02607092013,0.4310032427,-11.7181406
0.02607095331,0.4311913848,-11.7169199
0.02607101969,0.4315676391,-11.71764851
0.02607115244,0.4323199391,-11.71797943
0.02607141794,0.4338235855,-11.71937084
0.02607194895,0.4368272424,-11.72152615
0.02607301096,0.4428199828,-11.72629356
0.02607513498,0.4547460377,-11.73493671
0.02607938303,0.4783530235,-11.75137806
0.02608787912,0.5245281458,-11.77899742
0.02609787912,0.576952517,-11.80509949
0.02610787912,0.6270999312,-11.82512093
0.02611787912,0.674772501,-11.84106445
0.02612787912,0.7197819948,-11.85328865
0.02613787912,0.7619508505,-11.86323833
0.02614787912,0.8011126518,-11.87085438
0.02615787912,0.837112844,-11.87725449
0.02615912912,0.841383338,-11.87785053
0.02616162912,0.8497683406,-11.87917042
0.02616225412,0.8518319726,-11.87948895
0.02616225725,0.8518422246,-6.18808651
0.0261622635,0.8518627882,2.44982934
0.026162276,0.8519039154,9.656040192
0.02616228141,0.8519217372,10.54768181
0.02616228893,0.8519464731,11.19758797
0.02616229626,0.851970613,11.48244095
0.02616231091,0.8520187736,11.68733501
0.02616232744,0.852073133,11.7194128
0.02616235707,0.8521705866,11.72320271
0.02616239787,0.852304697,11.72255516
0.02616247946,0.8525727391,11.7232666
0.02616264265,0.853108108,11.7237587
0.02616296902,0.8541762233,11.72539806
0.02616362178,0.8563017249,11.72807503
0.02616492728,0.860509336,11.73381233
0.02616753829,0.8687506914,11.74424267
0.02617276032,0.8845297694,11.76361752
0.02618276032,0.9120751619,11.79395199
0.02619276032,0.9360209107,11.81780624
0.02620276032,0.9562726617,11.83611012
0.02621276032,0.9727504253,11.85071754
0.02622276032,0.9853892326,11.86190891
0.02623276032,0.9941391349,11.87103653
0.02624276032,0.9989655614,11.87800407
0.02625276032,0.9998496175,11.88386345
0.02626276032,0.9967876673,11.88830185
0.02626401032,0.9961279035,11.88888073
0.02626432282,0.9959533811,11.88900566
0.02626494782,0.995592773,11.88925362
0.02626510407,0.9955002069,11.88931465
0.02626541657,0.9953122139,11.88943672
0.02626553002,0.9952430129,-8.225473404
0.02626559855,0.9952009916,-13.64456367
0.02626565538,0.9951660037,-10.77453518
0.02626567922,0.9951512814,-11.80306053
0.02626570221,0.9951370358,-11.706213
0.02626572646,0.9951220155,-11.71404934
0.02626575373,0.9951051474,-11.7133255
0.02626580829,0.9950711727,-11.71374893
0.02626591739,0.995002985,-11.71415234
0.0262661356,0.9948651195,-11.71521568
0.02626657203,0.9945839047,-11.71712017
0.02626744487,0.9939988852,-11.7210474
0.02626919056,0.9927393198,-11.72847748
0.02627268193,0.9898619652,-11.74255085
0.02627663367,0.9860305786,-11.7569418
0.0262807337,0.9814130068,-11.77053642
0.02628488558,0.9760733247,-11.7828474
0.02629142609,0.9663159251,-11.79998112
0.02630019722,0.9506728649,-11.81893444
0.02631019722,0.9293196201,-11.8362484
0.02632019722,0.9042987227,-11.8497839
0.02633019722,0.8757089972,-11.86059666
0.02634019722,0.8436632752,-11.86912918
0.02635019722,0.8082879782,-11.87608433
0.02635144722,0.8036387563,-11.87681103
0.02635175972,0.8024687171,-11.87699795
0.02635238472,0.8001193404,-11.87736893
0.02635363472,0.7953835726,-11.87809753
0.02635364097,0.7953597307,-2.706897259
0.02635365347,0.7953121662,8.507990837
0.02635366049,0.7952854037,10.19929314
0.02635366548,0.7952664495,10.81586266
0.02635367279,0.7952385545,11.30806255
0.02635368454,0.7951937914,11.61898041
0.02635369983,0.7951355577,11.71068859
0.02635372119,0.7950541973,11.72443771
0.0263537535,0.7949309945,11.72391033
0.02635381813,0.7946845889,11.72439671
0.02635394738,0.7941913605,11.72484303
0.02635420589,0.7932032943,11.72606945
0.02635472291,0.7912209034,11.72822285
0.02635575695,0.7872310877,11.73269176
0.02635782502,0.7791519165,11.74105167
0.02636196117,0.7626003623,11.75673008
0.02637023347,0.7279636264,11.78339005
0.02638023347,0.6834769845,11.80914307
0.02639023347,0.636292994,11.82901764
0.02640023347,0.5865978003,11.8446455
0.02641023347,0.5345876217,11.85674095
0.02642023347,0.4804676473,11.86638641
0.02643023347,0.4244515002,11.87387753
0.02644023347,0.3667602241,11.87997246
0.02645023347,0.3076215088,11.88472366
0.02645148347,0.3001389503,11.88528442
0.02645398347,0.2851187885,11.88630676
0.02645460847,0.2813526094,11.88655281
0.02645476472,0.2804103792,11.88661385
0.02645507722,0.2785251141,11.88673592
0.02645519068,0.2778404057,-8.22817421
0.02645525921,0.2774267197,-13.64726448
0.02645531605,0.2770836055,-10.77716351
0.02645533989,0.2769396603,-11.80583286
0.02645536288,0.2768008709,-11.70890141
0.02645538713,0.2766544521,-11.71675205
0.02645541441,0.2764897346,-11.71602631
0.02645546897,0.27616027,-11.71645069
0.02645557809,0.2755012512,-11.7168541
0.02645579633,0.2741828263,-11.71791744
0.02645623281,0.2715443969,-11.71982288
0.02645710576,0.2662614882,-11.72375011
0.02645885168,0.2556717992,-11.73118305
0.0264623435,0.2344014049,-11.74526215
0.02646932715,0.1915324032,-11.76984882
0.02647932715,0.1295264363,-11.79851818
0.02648932715,0.06700927019,-11.82077503
0.02649932715,0.004227653146,-11.83829594
0.02650932715,-0.05857064575,-11.85198498
0.02651932715,-0.1211377978,-11.86291122
0.02652932715,-0.1832268685,-11.87151814
0.02653932715,-0.2445928305,-11.87852192
0.02654932715,-0.3049935102,-11.88409328
0.02654936777,-0.305236578,7.117918015
0.02654944902,-0.3057226837,14.52488899
0.02654947645,-0.3058867455,11.25571823
0.02654949282,-0.3059846759,11.67592144
0.02654950783,-0.3060745001,11.71262932
0.02654952433,-0.3061731458,11.71788025
0.02654955731,-0.3063704669,11.71865177
0.02654962329,-0.3067650199,11.71875286
0.02654975523,-0.3075539768,11.71945858
0.02655001912,-0.3091312647,11.72053337
0.0265505469,-0.3122832477,11.72293186
0.02655160246,-0.318576932,11.72738838
0.02655371358,-0.3311219513,11.73617935
0.02655793582,-0.3560350537,11.75219345
0.02656638029,-0.4050921798,11.77977085
0.02657638029,-0.4617006779,11.80553341
0.02658638029,-0.516487062,11.82571411
0.02659638029,-0.5692350864,11.84134769
0.02660638029,-0.6197366118,11.85375023
0.02661638029,-0.6677923203,11.86340714
0.02662638029,-0.7132125497,11.87121296
0.02663638029,-0.755818069,11.87733078
0.02663763029,-0.7609373927,11.87804031
0.02664013029,-0.7710347772,11.87935066
0.02664075529,-0.7735295296,11.87966537
0.02664091154,-0.7741513252,11.87974453
0.02664122404,-0.7753927708,11.87990093
0.0266413375,-0.7758427262,-8.234995842
0.02664140603,-0.7761143446,-13.65407944
0.02664146288,-0.7763395309,-10.78378773
0.02664148673,-0.7764339447,-11.81281948
0.02664150973,-0.7765250206,-11.71567154
0.02664153399,-0.7766210437,-11.72355843
0.02664156128,-0.7767290473,-11.7228241
0.02664161586,-0.7769449949,-11.72324371
0.02664172501,-0.7773765922,-11.72363472
0.02664194332,-0.7782387137,-11.72467422
0.02664237994,-0.7799585462,-11.72653294
0.02664325318,-0.7833805084,-11.73036957
0.02664499965,-0.7901536822,-11.73762321
0.0266484926,-0.8034136891,-11.7513628
0.0266554785,-0.8287667632,-11.7753334
0.0266654785,-0.8622685671,-11.80323792
0.0266754785,-0.8923674226,-11.82484913
0.0266854785,-0.918944478,-11.84181786
0.0266954785,-0.9418949485,-11.85502338
0.0267054785,-0.9611281157,-11.86552238
0.0267154785,-0.976568222,-11.87374115
0.0267254785,-0.9881541729,-11.88038921
0.0267354785,-0.9958404303,-11.88563061
0.0267367285,-0.9965252876,-11.88623238
0.0267392285,-0.9977106452,-11.88735485
0.0267398535,-0.9979684949,-11.88762474
0.0267411035,-0.9984381199,-11.88815689
0.0267436035,-0.9991924763,-11.88918304
0.02674361355,-0.9991950393,0.0398446545
0.02674363365,-0.9992000461,11.83935261
0.02674364067,-0.9992018342,11.77269363
0.02674364677,-0.9992033839,11.74427986
0.02674365506,-0.9992054105,11.72554016
0.02674367165,-0.9992095828,11.71383762
0.02674370483,-0.9992178679,11.71261883
0.0267437712,-0.9992342591,11.71335316
0.02674390393,-0.9992665648,11.71369648
0.02674416939,-0.9993290305,11.71511269
0.02674470031,-0.9994456172,11.71731663
0.02674576215,-0.9996455312,11.72217751
0.02674788584,-0.9999117851,11.73100662
0.02675213321,-0.9999101758,11.74779606
0.02675907931,-0.99837327,11.77127552
0.02676687138,-0.9943866134,11.79350662
0.02677463677,-0.9880427718,11.81145573
0.02678391139,-0.9773859978,11.82920647
0.02679391139,-0.962179482,11.84407711
0.02680391139,-0.9431756735,11.85611343
0.02681391139,-0.9204496145,11.86538601
0.02682391139,-0.8940909505,11.87310791
0.02682516139,-0.8905457258,11.87384892
0.02682766139,-0.8832907081,11.87544823
0.02682828639,-0.8814427853,11.87583351
0.02682953639,-0.8777062893,11.87659264
0.02682984889,-0.8767637014,11.8767786
0.02683047389,-0.8748683929,11.87714863
0.02683063014,-0.8743924499,11.87724018
0.02683094264,-0.8734380007,11.87742329
0.02683156764,-0.8715190887,11.87778568
0.02683157076,-0.8715094924,6.186385632
0.02683157701,-0.8714902401,-2.451527834
0.02683158951,-0.8714516759,-9.657739639
0.02683159492,-0.8714349866,-10.54943466
0.02683160244,-0.8714118004,-11.19933319
0.02683160977,-0.8713892698,-11.48417664
0.02683162443,-0.8713440895,-11.68904877
0.02683164095,-0.8712931275,-11.72111416
0.02683167059,-0.871201694,-11.72489929
0.02683171139,-0.871075809,-11.72424984
0.026831793,-0.8708238602,-11.72495461
0.02683195621,-0.8703193069,-11.72543716
0.02683228264,-0.8693073392,-11.7270546
0.0268329355,-0.8672725558,-11.72968864
0.02683424121,-0.8631591201,-11.73534203
0.02683685264,-0.8547583818,-11.74561024
0.0268420755,-0.8372687697,-11.76468372
0.0268520755,-0.8012832999,-11.79450321
0.0268620755,-0.7621355057,-11.81792164
0.0268720755,-0.7199798822,-11.83585262
0.0268820755,-0.6749829054,-11.85013866
0.0268920755,-0.6273220181,-11.86105156
0.0269020755,-0.5771853924,-11.86993599
0.0269120755,-0.5247709155,-11.87669086
0.0269220755,-0.470285356,-11.88236427
0.0269320755,-0.4139438272,-11.88663864
0.0269333255,-0.4067816436,-11.8871994
0.026933638,-0.4049871564,-11.88732052
0.02693387548,-0.403622359,9.909660339
0.02693397597,-0.4030445814,12.92945766
0.02693406652,-0.4025238752,10.9348259
0.02693410828,-0.4022836685,11.99666214
0.02693414631,-0.4020649195,11.62667751
0.02693418647,-0.4018338323,11.7468338
0.02693422383,-0.4016188681,11.70689583
0.02693428751,-0.4012524188,11.7216959
0.02693438528,-0.4006896913,11.71379185
0.02693458081,-0.3995637298,11.72073746
0.02693497188,-0.3973100483,11.71730709
0.02693575401,-0.3927955031,11.72558022
0.02693731828,-0.3837380409,11.72768116
0.02694044682,-0.3655127883,11.74491024
0.0269467039,-0.3286457062,11.76300049
0.0269567039,-0.2686944604,11.79704285
0.0269667039,-0.2076828331,11.81562901
0.0269767039,-0.1458515823,11.83810425
0.0269867039,-0.0834447071,11.84786415
0.0269967039,-0.02070851251,11.86348724
0.0270067039,0.04210940376,11.86802864
0.0270167039,0.1047611386,11.87956333
0.0270267039,0.1669994295,11.88100433
0.02702686015,0.1679673046,11.88312912
0.02702717265,0.169902578,-10.32138157
0.02702725883,0.1704361439,-12.59755135
0.02702734477,0.1709682196,-11.16864109
0.02702738908,0.1712425053,-11.9321928
0.02702743381,0.1715193987,-11.63753033
0.0270274799,0.1718046665,-11.75352669
0.02702752732,0.1720981896,-11.70682049
0.02702760459,0.1725764573,-11.72904968
0.02702771885,0.1732835323,-11.71563244
0.02702793745,0.1746360809,-11.72716522
0.02702837464,0.1773401797,-11.71986008
0.02702924903,0.1827443242,-11.73220253
0.0270309978,0.193535924,-11.73112965
0.02703449535,0.2150477022,-11.75285149
0.02704149045,0.2577494085,-11.76852036
0.02705149045,0.3179097176,-11.80408382
0.02706149045,0.3768154085,-11.81742191
0.02707149045,0.4342339933,-11.84209824
0.02708149045,0.4899388254,-11.84719086
0.02709149045,0.5437101126,-11.86542034
0.02710149045,0.5953356028,-11.86566639
0.02711149045,0.6446115971,-11.88005447
0.02711274045,0.6505960822,-11.87685966
0.02711524045,0.6624443531,-11.87817287
0.02712024045,0.6856476068,-11.88077545
0.0271203967,0.6863619685,-11.88082218
0.0271207092,0.6877886057,10.32394505
0.0271207947,0.6881784797,12.59661484
0.02712088097,0.6885716319,11.17222786
0.0271209253,0.688773632,11.93432426
0.02712097018,0.6889780164,11.63980389
0.0271210164,0.6891884804,11.75615883
0.02712106393,0.6894048452,11.70917892
0.02712114142,0.6897574067,11.73158932
0.02712125573,0.6902772784,11.71805096
0.02712147426,0.691270113,11.72968769
0.02712191131,0.6932517886,11.72231483
0.02712278542,0.6971995234,11.73476696
0.02712453364,0.7050317526,11.73367882
0.02712803008,0.7204401493,11.75559425
0.02713502297,0.7502064705,11.7714119
0.02714502297,0.7902434468,11.80734444
0.02715502297,0.8271616697,11.82086754
0.02716502297,0.8608154655,11.84583759
0.02717502297,0.8910720348,11.85104561
0.02718502297,0.9178119302,11.86950302
0.02719502297,0.9409296513,11.86980343
0.02720502297,0.9603339434,11.88435936
0.02721502297,0.9759482145,11.88175106
0.02721627297,0.9776303172,11.88624954
0.02721877297,0.9808134437,11.88743782
0.02721939797,0.9815714359,11.88767815
0.02722064797,0.9830420017,11.8882122
0.02722096047,0.983400166,11.88834476
0.02722158547,0.9841051102,11.88860512
0.02722283547,0.9854695201,11.88911629
0.02722284172,0.9854761958,2.717901945
0.02722285422,0.9854895473,-8.496994019
0.02722286123,0.9854969978,-10.1877203
0.02722286622,0.9855023026,-10.80429649
0.02722287353,0.9855101109,-11.29663086
0.02722288527,0.9855226278,-11.60777855
0.02722290055,0.9855388999,-11.69962406
0.02722292189,0.9855616093,-11.71343136
0.02722295417,0.9855959415,-11.71291256
0.02722301873,0.9856644869,-11.71340752
0.02722314785,0.9858010411,-11.71387672
0.0272234061,0.9860721827,-11.71514511
0.02722392259,0.9866067171,-11.71738338
0.02722495556,0.9876446128,-11.7220192
0.02722702151,0.989595592,-11.73070335
0.02723115342,0.9929969311,-11.74699211
0.02723941723,0.9977900982,-11.77474594
0.02724941723,0.9999933243,-11.80165195
0.02725941723,0.998249948,-11.82250404
0.02726941723,0.9925670028,-11.838974
0.02727941723,0.9829667807,-11.85181141
0.02728941723,0.9694872499,-11.86211872
0.02729941723,0.9521816373,-11.87021446
0.02730941723,0.9311181903,-11.87686729
0.02731066723,0.9282250404,-11.87754726
0.02731097973,0.9274927974,-11.8777256
0.02731121722,0.9269338846,9.919207573
0.02731131771,0.9266967773,12.93898964
0.02731140826,0.9264828563,10.94434071
0.02731145003,0.9263840318,12.00628281
0.02731148808,0.9262939692,11.63607979
0.02731152826,0.9261988401,11.75637817
0.02731156564,0.9261102676,11.71635723
0.02731162934,0.9259591699,11.73118496
0.02731172713,0.9257269502,11.72323895
0.0273119227,0.9252615571,11.73016644
0.02731231384,0.924326539,11.72664928
0.02731309613,0.9224396944,11.73479652
0.0273146607,0.9185991883,11.73660851
0.02731778984,0.9106523395,11.75332642
0.02732404813,0.8937057853,11.77043819
0.02733404813,0.863771081,11.80315113
0.02734404813,0.8304274678,11.82058811
0.02735404813,0.7938065529,11.8421011
0.02736404813,0.7540528178,11.85099602
0.02737404813,0.7113232017,11.86588001
0.02738404813,0.6657862663,11.86973381
0.02739404813,0.617621839,11.88067055
0.02740404813,0.5670198798,11.88153744
0.02741404813,0.5141801834,11.89010334
0.02741420438,0.5133379102,11.8881197
0.02741451688,0.5116518736,-10.31691933
0.02741460305,0.5111865997,-12.59273243
0.02741468899,0.5107224584,-11.16409779
0.02741473329,0.5104831457,-11.92744637
0.02741477801,0.5102415085,-11.63293171
0.02741482408,0.5099924803,-11.74885273
0.0274148715,0.5097362399,-11.70219517
0.02741494876,0.509318471,-11.72441196
0.02741506302,0.5087005496,-11.71102619
0.02741528164,0.507517457,-11.72257805
0.02741571888,0.5051483512,-11.71534443
0.02741659337,0.5003988147,-11.72779846
0.02741834234,0.4908544719,-11.72696877
0.02742184028,0.4715891182,-11.7491312
0.02742883616,0.432384491,-11.76562691
0.02743883616,0.3749137521,-11.80219269
0.02744883616,0.3159633875,-11.81640244
0.02745883616,0.2557660639,-11.84181213
0.02746883616,0.1945593357,-11.84755898
0.02747883616,0.1325847656,-11.86634636
0.02748883616,0.07008696347,-11.86710072
0.02749883616,0.007312549744,-11.88192463
0.02750008616,-0.0005413668114,-11.87878513
0.02750258616,-0.01624861546,-11.88020039
0.02750321116,-0.02017495222,-11.88058472
0.02750446116,-0.02802663296,-11.88128662
0.02750477366,-0.0299893003,-11.88145828
0.02750539866,-0.03391428292,-11.8817997
0.02750664866,-0.04176262021,-11.88247013
0.02750665491,-0.04180185497,-2.711266041
0.02750666741,-0.04188032821,8.503623962
0.02750667443,-0.04192437604,10.19469833
0.02750667941,-0.04195566848,10.81127167
0.02750668673,-0.04200157896,11.30352497
0.02750669847,-0.04207532108,11.61453438
0.02750671376,-0.04217128828,11.70629597
0.02750673511,-0.04230529815,11.72006893
0.02750676741,-0.0425080657,11.71954346
0.02750683201,-0.04291359335,11.72003174
0.02750696121,-0.04372463375,11.72048473
0.02750721961,-0.04534662142,11.72172165
0.02750773642,-0.04859023541,11.72389698
0.02750877004,-0.05507589504,11.72841072
0.02751083727,-0.06803996861,11.73685455
0.02751497173,-0.09393149614,11.75269318
0.02752324066,-0.145506978,11.77963448
0.02753324066,-0.2073421031,11.80568409
0.02754324066,-0.2683589458,11.82580662
0.02755324066,-0.3283166885,11.84164619
0.02756324066,-0.3869787455,11.85393047
0.02757324066,-0.4441135526,11.86374664
0.02758324066,-0.4994956553,11.87139797
0.02759324066,-0.5529064536,11.87764645
0.02759449066,-0.559433639,11.87827873
0.02759699066,-0.5723839998,11.87958241
0.02759761566,-0.5755996704,11.87989616
0.02759886566,-0.5820043087,11.8805151
0.02759917816,-0.5835998654,11.88066673
0.02759980316,-0.5867842436,11.88096714
0.02759995941,-0.5875788927,11.88104248
0.02760027191,-0.5891665816,11.88119125
0.02760035004,-0.5895631313,11.88122749
0.02760050629,-0.5903558135,11.88130188
0.02760081879,-0.5919395089,11.88144875
0.02760093224,-0.5925139189,-8.233451843
0.02760100078,-0.5928607583,-13.65253735
0.02760105762,-0.5931483507,-10.78228855
0.02760108147,-0.5932689905,-11.81123829
0.02760110447,-0.5933852792,-11.71413994
0.02760112873,-0.5935079455,-11.72201824
0.02760115601,-0.5936459303,-11.72128677
0.02760121059,-0.5939218402,-11.72170734
0.02760131973,-0.5944734216,-11.72210121
0.02760153803,-0.5955758095,-11.72314835
0.02760197461,-0.5977771282,-11.72501945
0.02760284779,-0.6021662951,-11.72888088
0.02760459413,-0.6108900905,-11.73618317
0.02760808683,-0.628115952,-11.75001717
0.02761507222,-0.6616521478,-11.77415657
0.02762507222,-0.7074275613,-11.80227089
0.02763507222,-0.7504110932,-11.82405853
0.02764507222,-0.7904330492,-11.84117603
0.02765507222,-0.8273355365,-11.85451126
0.02766507222,-0.8609729409,-11.8651228
0.02767507222,-0.8912124634,-11.87344265
0.02768507222,-0.9179347157,-11.88018036
0.02769507222,-0.9410343766,-11.88550377
0.02769632222,-0.943662405,-11.88611603
0.02769882222,-0.948743701,-11.88725758
0.02769944722,-0.9499775171,-11.88753128
0.02770069722,-0.9524011016,-11.88807392
0.02770100972,-0.9529978633,-11.88820648
0.02770163472,-0.9541803002,-11.88847065
0.02770179097,-0.9544736147,-11.88853645
0.02770210347,-0.9550574422,-11.88866711
0.02770221692,-0.9552685022,8.226239204
0.02770228546,-0.9553957582,13.64532852
0.02770234229,-0.9555011988,10.77527809
0.02770236613,-0.9555453658,11.8038435
0.02770238911,-0.9555879235,11.70697117
0.02770241337,-0.9556328058,11.71481133
0.02770244064,-0.955683291,11.71408653
0.0277024952,-0.955784142,11.71450901
0.02770260431,-0.9559855461,11.71490955
0.02770282253,-0.9563869238,11.71596622
0.02770325896,-0.9571843147,11.71786022
0.02770413184,-0.9587575793,11.72176456
0.02770587759,-0.9618174434,11.72915077
0.02770936909,-0.967589736,11.74314117
0.0277163521,-0.9777347445,11.76756287
0.0277263521,-0.9889816642,11.79602528
0.0277363521,-0.9963255525,11.81810188
0.0277463521,-0.9997373223,11.83546925
0.0277563521,-0.9992036223,11.84902859
0.0277663521,-0.9947265387,11.85984898
0.0277763521,-0.9863237143,11.86837292
0.0277863521,-0.9740283489,11.87531376
0.0277876021,-0.972219944,11.87603664
0.0277901021,-0.9684234262,11.87749863
0.02779011215,-0.9684076905,-0.05152610317
0.02779013225,-0.9683761597,-11.85103035
0.02779013927,-0.9683651924,-11.78434658
0.02779014537,-0.9683555961,-11.75593376
0.02779015367,-0.9683426023,-11.73720074
0.02779017027,-0.968316555,-11.72550583
0.02779020346,-0.9682644606,-11.72428608
0.02779026986,-0.9681600928,-11.72500896
0.02779040265,-0.9679508805,-11.72533035
0.02779066822,-0.967530489,-11.72670269
0.02779119937,-0.9666815996,-11.72881794
0.02779226167,-0.9649514556,-11.73350716
0.02779438628,-0.9613623619,-11.74200153
0.02779863548,-0.9536709189,-11.75816154
0.0278071339,-0.9362546802,-11.78528976
0.0278171339,-0.9123474956,-11.81090069
0.0278271339,-0.884839654,-11.83051109
0.0278371339,-0.8538398147,-11.84609985
0.0278471339,-0.8194702268,-11.85801029
0.0278571339,-0.7818666101,-11.86767387
0.0278671339,-0.7411772609,-11.87502193
0.0278771339,-0.6975628734,-11.88116264
0.0278871339,-0.6511954665,-11.88579178
0.0278883839,-0.6452149749,-11.88639259
0.0278908839,-0.6331350207,-11.88740826
0.0278915089,-0.6300904751,-11.88765144
0.0278927589,-0.6239722967,-11.8881321
0.0278930714,-0.6224367619,-11.88825035
0.02789330888,-0.6212681532,9.908730507
0.02789340937,-0.6207732558,12.92852879
0.02789349992,-0.6203271747,10.93389797
0.02789354168,-0.6201213598,11.99572372
0.0278935797,-0.6199339032,11.62575912
0.02789361987,-0.619735837,11.74590206
0.02789365722,-0.6195516586,11.70597172
0.0278937209,-0.6192375422,11.72076797
0.02789381866,-0.6187551022,11.71286678
0.02789401419,-0.6177895069,11.71981239
0.02789440525,-0.615855515,11.71638584
0.02789518737,-0.6119763851,11.72466183
0.02789675162,-0.6041738987,11.72677231
0.0278998801,-0.5883945823,11.74401665
0.02790613706,-0.556160152,11.76213837
0.02791613706,-0.5028790236,11.79622173
0.02792613706,-0.4476132989,11.81484604
0.02793613706,-0.3905810416,11.83735275
0.02794613706,-0.3320073485,11.84714317
0.02795613706,-0.2721233666,11.86279392
0.02796613706,-0.2111654282,11.86736584
0.02797613706,-0.1493741274,11.87892818
0.02797738706,-0.1416037381,11.87754726
0.02797988706,-0.1260372251,11.87903881
0.02798051206,-0.1221405938,11.87942219
0.02798176206,-0.1143417284,11.88014698
0.02798426206,-0.09872332215,11.88154125
0.02798427211,-0.09866048396,-0.04748404771
0.02798429221,-0.09853480756,-11.84698868
0.02798429923,-0.09849090129,-11.78031349
0.02798430533,-0.09845276922,-11.75190067
0.02798431363,-0.09840088338,-11.73316479
0.02798433022,-0.09829711169,-11.72146702
0.02798436342,-0.09808956832,-11.72024632
0.0279844298,-0.09767446667,-11.72097111
0.02798456257,-0.09684421867,-11.72129536
0.0279848281,-0.09518351406,-11.72267437
0.02798535918,-0.09186132252,-11.72480297
0.02798642132,-0.08521390706,-11.72951794
0.0279885456,-0.07190798223,-11.73806095
0.02799279417,-0.04526007548,-11.75431252
0.02800129131,0.008113477379,-11.78159809
0.02801129131,0.07088591903,-11.80736351
0.02802129131,0.13337861,-11.82710075
0.02803129131,0.19534491,-11.84279919
0.02804129131,0.2565402687,-11.85480881
0.02805129131,0.3167231977,-11.8645668
0.02806129131,0.3756561577,-11.87200832
0.02807129131,0.4331065714,-11.87824631
0.02807254131,0.440172255,-11.87882423
0.02807504131,0.4542217851,-11.88010502
0.02807566631,0.457716763,-11.88041401
0.02807691631,0.4646855593,-11.88102245
0.02807941631,0.4785366654,-11.88219166
0.02807942636,0.4785921276,0.04683452472
0.02807944646,0.4787029922,11.84634113
0.02807945349,0.4787417352,11.77966785
0.02807945958,0.478775382,11.75125504
0.02807946788,0.4788211584,11.73251915
0.02807948448,0.4789126813,11.72082233
0.02807951767,0.479095757,11.71960449
0.02807958405,0.4794618189,11.72033501
0.02807971682,0.4801937044,11.7206707
0.02807998235,0.481656462,11.7220726
0.0280805134,0.4845779538,11.72424793
0.02808157552,0.4904047549,11.72905254
0.02808369976,0.5019925237,11.73777294
0.02808794822,0.5248977542,11.7543602
0.02809644516,0.5695701838,11.7822504
0.02810644516,0.6200564504,11.80862999
0.02811644516,0.6680956483,11.82889462
0.02812644516,0.7134982347,11.845047
0.02813644516,0.756084919,11.85744762
0.02814644516,0.7956876755,11.86754322
0.02815644516,0.8321502209,11.87527466
0.02816644516,0.8653286695,11.88175964
0.02817644516,0.8950920701,11.88669777
0.02817769516,0.8985663652,11.88733482
0.02817800766,0.8994262815,11.88747406
0.02817863266,0.9011357427,11.88774872
0.02817988266,0.9045128822,11.8882885
0.02817988891,0.9045296311,2.717075348
0.02817990141,0.9045631289,-8.497818947
0.02817990843,0.9045819044,-10.1885891
0.02817991341,0.9045952559,-10.80516529
0.02817992072,0.9046148658,-11.29748917
0.02817993247,0.9046462774,-11.60862064
0.02817994775,0.9046872258,-11.70045471
0.02817996909,0.9047443271,-11.71425819
0.02818000137,0.9048306942,-11.71373844
0.02818006594,0.9050033689,-11.71423244
0.02818019507,0.9053482413,-11.71469784
0.02818045333,0.9060361385,-11.7159605
0.02818096986,0.90740484,-11.71818829
0.02818200292,0.9101135731,-11.72280216
0.02818406903,0.9154158235,-11.73144436
0.02818820125,0.9255567193,-11.74765396
0.0281964657,0.9439603686,-11.77526379
0.0282064657,0.9628222585,-11.80201721
0.0282164657,0.9778842926,-11.8227396
0.0282264657,0.9890871048,-11.83909702
0.0282364657,0.9963864088,-11.85183716
0.0282464657,0.9997534156,-11.86205769
0.0282564657,0.9991748929,-11.87007713
0.0282664657,0.9946531057,-11.87666035
0.0282677157,0.9938113093,-11.87733364
0.0282680282,0.9935913086,-11.87750912
0.02826826568,0.9934215546,9.919425964
0.02826836618,0.9933490157,12.93920898
0.02826845672,0.9932833314,10.94456005
0.02826849849,0.993252933,12.00650501
0.02826853654,0.9932252169,11.63629627
0.02826857673,0.9931958318,11.75659943
0.02826861411,0.9931684732,11.71657658
0.02826867781,0.9931216836,11.73140621
0.0282687756,0.993049562,11.72345924
0.02826897117,0.9929041862,11.7303896
0.02826936232,0.9926089048,11.72687435
0.0282701446,0.992000401,11.73502636
0.02827170918,0.9907115698,11.73684788
0.02827483834,0.9878467321,11.75358486
0.02828109665,0.9809728265,11.77073288
0.02829109665,0.9668465853,11.80349827
0.02830109665,0.9489046931,11.82098293
0.02831109665,0.9272179008,11.84253883
0.02832109665,0.9018718004,11.8514719
0.02833109665,0.8729664087,11.86638927
0.02834109665,0.840615809,11.87027264
0.02835109665,0.8049477339,11.88123417
0.02836109665,0.7661028504,11.88212395
0.02837109665,0.7242345214,11.89070702
0.0283712529,0.7235571742,11.88872337
0.0283715654,0.7222004533,11.8885994
0.02837167885,0.7217072248,-8.225969315
0.02837174738,0.7214090824,-13.64542007
0.02837180421,0.7211617827,-10.77521801
0.02837182805,0.7210580111,-11.80378914
0.02837185104,0.7209579349,-11.7069416
0.02837187529,0.720852375,-11.71477699
0.02837190256,0.720733583,-11.71405506
0.02837195711,0.7204958797,-11.71447849
0.02837206622,0.7200203538,-11.7148838
0.02837228443,0.7190682292,-11.71595001
0.02837272086,0.7171599269,-11.71786118
0.02837359371,0.7133271098,-11.7218008
0.0283753394,0.7055972815,-11.72925568
0.02837883079,0.6898838282,-11.74337673
0.02838581358,0.6574687958,-11.76804066
0.02839581358,0.6088598967,-11.79680729
0.02840581358,0.5578480959,-11.81914711
0.02841581358,0.5046347976,-11.83674145
0.02842581358,0.4494298697,-11.85049725
0.02843581358,0.3924512863,-11.86148739
0.02844581358,0.3339238465,-11.87015629
0.02845581358,0.2740785778,-11.87722111
0.02845706358,0.2665169835,-11.87795925
0.02845956358,0.2513449192,-11.87944698
0.02846018858,0.2475420535,-11.87980556
0.02846143858,0.2399249524,-11.88051319
0.02846175108,0.2380183488,-11.88068676
0.02846198857,0.2365688086,9.916251183
0.02846208906,0.2359552681,12.9360342
0.0284621796,0.2354023755,10.94138622
0.02846222137,0.2351473123,12.00329399
0.02846225941,0.2349149883,11.63315678
0.02846229959,0.234669596,11.75340939
0.02846233696,0.2344413251,11.71341324
0.02846240066,0.2340522408,11.72822952
0.02846249844,0.233454898,11.72029209
0.028462694,0.2322599292,11.72721672
0.02846308512,0.2298689634,11.72371101
0.02846386736,0.2250828743,11.73186398
0.02846543183,0.2154944837,11.73370171
0.02846856079,0.1962561905,11.75045586
0.0284748187,0.1575594842,11.76764393
0.0284848187,0.09524234384,11.80045033
0.0284948187,0.03254932538,11.81797028
0.0285048187,-0.03027215227,11.83954906
0.0285148187,-0.09297415614,11.8485117
0.0285248187,-0.155309245,11.86345291
0.0285348187,-0.2170313895,11.86737347
0.0285448187,-0.2778970003,11.87837315
0.0285548187,-0.3376658857,11.87931538
0.0285560687,-0.3450480998,11.88205242
0.0285563812,-0.3468903303,11.88221264
0.0285570062,-0.3505707979,11.88249779
0.02855716245,-0.3514900804,11.88256836
0.02855747495,-0.3533276021,11.88270855
0.02855809995,-0.3569985628,11.88298702
0.02855810307,-0.3570168912,6.19158268
0.02855810932,-0.3570535779,-2.446335793
0.02855812182,-0.3571269512,-9.652546883
0.02855812723,-0.3571586907,-10.54407883
0.02855813476,-0.3572028279,-11.19400215
0.02855814208,-0.3572458327,-11.47887135
0.02855815673,-0.3573318124,-11.68381119
0.02855817325,-0.3574287593,-11.71591377
0.02855820288,-0.3576025963,-11.71971226
0.02855824366,-0.3578419089,-11.71906662
0.02855832523,-0.358320415,-11.71978283
0.02855848836,-0.359277159,-11.72028637
0.02855881463,-0.3611895442,-11.72194672
0.02855946717,-0.3650097251,-11.72466373
0.02856077225,-0.3726316392,-11.7304821
0.0285633824,-0.3877997398,-11.74106789
0.0285686027,-0.4178190231,-11.7607336
0.02857680728,-0.4640788138,-11.78651619
0.02858468694,-0.5073473454,-11.80703068
0.02859451602,-0.5595656633,-11.82729816
0.028603677,-0.606317699,-11.8425293
0.028613677,-0.6550536752,-11.85544872
0.028623677,-0.7012044787,-11.86594105
0.028633677,-0.7445879579,-11.87399578
0.028643677,-0.7850328684,-11.88072777
0.028653677,-0.8223796487,-11.88587379
0.028654927,-0.8268226981,-11.88653088
0.028657427,-0.8355554342,-11.88766098
0.02865743705,-0.8355901241,0.04136569798
0.02865745715,-0.8356595039,11.84087276
0.02865746417,-0.835683763,11.77421093
0.02865747027,-0.8357048035,11.74579716
0.02865747857,-0.8357334137,11.72705841
0.02865749516,-0.8357906342,11.71535683
0.02865752834,-0.8359051347,11.71413612
0.02865759471,-0.8361339569,11.71486855
0.02865772745,-0.8365911245,11.71520615
0.02865799292,-0.8375037313,11.71661186
0.02865852388,-0.8393220305,11.71879482
0.02865958578,-0.8429304957,11.72361469
0.02866170958,-0.8500347733,11.73236275
0.02866595719,-0.8637878895,11.74899864
0.0286744524,-0.8894392252,11.77696896
0.0286844524,-0.91638273,11.80342579
0.0286944524,-0.939709723,11.8237505
0.0287044524,-0.959328115,11.83995628
0.0287144524,-0.9751604199,11.85241127
0.0287244524,-0.9871442318,11.86256695
0.0287344524,-0.9952322841,11.87036991
0.0287444524,-0.9993925691,11.87693977
0.0287457024,-0.999635458,11.8775568
0.0287460149,-0.9996865392,11.87772942
0.02874625239,-0.9997227788,-9.919207573
0.02874635288,-0.9997374415,-12.93899155
0.02874644343,-0.9997503161,-10.94434357
0.0287464852,-0.9997561574,-12.00628662
0.02874652325,-0.9997614026,-11.6360836
0.02874656343,-0.9997668862,-11.75638294
0.02874660081,-0.9997719526,-11.71636295
0.02874666452,-0.9997804165,-11.73119164
0.0287467623,-0.9997931123,-11.72324657
0.02874695787,-0.9998173118,-11.73017693
0.02874734902,-0.9998613,-11.72666645
0.0287481313,-0.999931097,-11.73482513
0.02874969587,-0.9999981523,-11.73666
0.02875282501,-0.9998424649,-11.75342274
0.0287590833,-0.9983718395,-11.77061844
0.0287690833,-0.9928201437,-11.80344963
0.0287790833,-0.9833502173,-11.82099056
0.0287890833,-0.9699994922,-11.84259415
0.0287990833,-0.9528205991,-11.85156822
0.0288090833,-0.9318813682,-11.86652184
0.0288190833,-0.9072644114,-11.87043571
0.0288290833,-0.8790669441,-11.8814249
0.0288390833,-0.8474001288,-11.88233662
0.0288490833,-0.8123890758,-11.89094067
0.0288503333,-0.8077843189,-11.88925076
0.02885033955,-0.8077611327,-2.717893839
0.02885035205,-0.8077148199,8.497070312
0.02885035906,-0.8076888323,10.18768501
0.02885036405,-0.8076704144,10.80423164
0.02885037136,-0.8076432943,11.29653835
0.0288503831,-0.8075997829,11.6076746
0.02885039839,-0.8075431585,11.69951153
0.02885041972,-0.8074640632,11.71331787
0.02885045201,-0.807344377,11.71280003
0.02885051657,-0.8071049452,11.71329689
0.02885064569,-0.8066257238,11.71377087
0.02885090394,-0.8056655526,11.71504688
0.02885142044,-0.8037389517,11.71730232
0.02885245344,-0.7998602986,11.72197151
0.02885451943,-0.7920020819,11.73072147
0.02885865143,-0.7758866549,11.74713421
0.02886691541,-0.7420981526,11.77511311
0.02887691541,-0.6985458732,11.80225372
0.02888691541,-0.6522367001,11.82330799
0.02889691541,-0.6033535004,11.83995247
0.02890691541,-0.5520890951,11.85293961
0.02891691541,-0.4986459017,11.86337662
0.02892691541,-0.4432347417,11.87158394
0.02893691541,-0.3860743344,11.87833023
0.02893816541,-0.3788174689,11.87902164
0.02893847791,-0.3769995868,11.87920189
0.02893910291,-0.3733594418,11.87956142
0.02893925916,-0.372448504,11.87965012
0.02893957166,-0.3706255853,11.8798275
0.02894019666,-0.3669753969,11.88017941
0.02894019978,-0.366957128,6.188778877
0.02894020603,-0.3669206202,-2.449134827
0.02894021853,-0.3668475449,-9.655345917
0.02894022394,-0.3668159246,-10.54696655
0.02894023147,-0.3667719364,-11.19687653
0.02894023879,-0.3667291105,-11.48173237
0.02894025345,-0.3666434586,-11.68663597
0.02894026997,-0.3665468693,-11.71871662
0.0289402996,-0.3663736582,-11.72250748
0.02894034039,-0.3661351502,-11.72185802
0.02894042198,-0.3656580448,-11.7225647
0.02894058516,-0.3647035956,-11.72304821
0.02894091152,-0.3627935052,-11.72467136
0.02894156422,-0.3589687943,-11.7273159
0.02894286964,-0.3513012826,-11.73298836
0.02894548048,-0.3358959258,-11.74329376
0.02895070215,-0.3048181832,-11.76243305
0.02896070215,-0.2444143295,-11.79236698
0.02897070215,-0.1830458939,-11.81587601
0.02898070215,-0.1209550574,-11.83388138
0.02899070215,-0.05838687345,-11.84823227
0.02900070215,0.004411740694,-11.85920429
0.02901070215,0.0671929419,-11.86814404
0.02902070215,0.1297089607,-11.87495422
0.02903070215,0.1917130947,-11.88068485
0.02903195215,0.1994154006,-11.88121128
0.02903445215,0.2147826254,-11.88238716
0.02903507715,0.2186163068,-11.8826704
0.02903632715,0.226273492,-11.88322926
0.02903663965,0.2281856239,-11.88336658
0.02903726465,0.2320072353,-11.88363838
0.0290374209,0.2329620868,-11.88370609
0.02903753965,0.2336875796,8.364392281
0.02903759215,0.234008342,13.24436474
0.02903763211,0.234252423,11.19932747
0.029037652,0.234373942,11.72162342
0.02903767561,0.2345180959,11.71850491
0.02903769848,0.2346578389,11.71889782
0.02903773506,0.2348812371,11.71903706
0.02903780822,0.2353280038,11.71937847
0.02903795453,0.2362213731,11.72003365
0.02903824715,0.2380075306,11.72135448
0.02903883239,0.2415774316,11.72395229
0.02904000287,0.248707369,11.72904587
0.02904234384,0.2629264891,11.73878002
0.02904702577,0.2911910713,11.75662231
0.02905433034,0.3347761035,11.78059387
0.02906001659,0.3682214916,11.79642391
0.02906438499,0.3935984969,11.80713367
0.02906964879,0.4237815738,11.81860638
0.0290747332,0.4524962306,11.82835674
0.02908148993,0.4899359941,11.83960152
0.02909013759,0.5365564823,11.85157871
0.02910013759,0.5884844065,11.86271763
0.02911013759,0.6380898356,11.87155247
0.02912013759,0.6851770282,11.87862206
0.02913013759,0.7295601368,11.88430786
0.02913138759,0.7349090576,11.88493061
0.02913388759,0.7454705238,11.88614082
0.02913451259,0.7480822802,11.88643169
0.02913576259,0.7532711029,11.88700676
0.02913576884,0.7532969117,2.715795755
0.02913578134,0.7533485889,-8.499097824
0.02913578835,0.7533775568,-10.18993473
0.02913579334,0.75339818,-10.80651093
0.02913580065,0.75342834,-11.29881954
0.02913581239,0.7534769177,-11.60992336
0.02913582767,0.7535400391,-11.70174217
0.02913584902,0.7536281347,-11.71553802
0.0291358813,0.7537614703,-11.71501732
0.02913594588,0.7540280819,-11.71550941
0.02913607502,0.7545608282,-11.71597195
0.02913633332,0.7556248307,-11.71722698
0.02913684991,0.7577468753,-11.71944141
0.02913788309,0.7619670033,-11.72402763
0.02913994945,0.7703107595,-11.73261547
0.02914408216,0.7866072655,-11.74872494
0.0291523476,0.8175987005,-11.77615356
0.0291623476,0.8521394134,-11.80271721
0.0291723476,0.8833171725,-11.82327843
0.0291823476,0.9110087752,-11.83949757
0.0291923476,0.935105145,-11.85211658
0.0292023476,0.9555110335,-11.86223125
0.0292123476,0.972145915,-11.87015533
0.0292223476,0.9849442244,-11.87665367
0.0292235976,0.9862715602,-11.87731647
0.0292239101,0.9865939021,-11.87749004
0.0292245351,0.9872271419,-11.87783527
0.02922469135,0.9873831272,-11.87792015
0.02922500385,0.9876921177,-11.87809086
0.0292251173,0.9878033996,8.236800194
0.02922518584,0.9878703356,13.65588188
0.02922524269,0.9879257083,10.78553867
0.02922526654,0.9879489541,11.81466579
0.02922528954,0.9879713058,11.71746063
0.02922531381,0.9879948497,11.7253561
0.0292253411,0.9880213141,11.72461891
0.02922539568,0.9880741835,11.72503662
0.02922550484,0.9881795645,11.72542191
0.02922572317,0.9883889556,11.72645283
0.02922615983,0.988802135,11.72829247
0.02922703314,0.9896060824,11.7320919
0.02922877976,0.99112463,11.73927212
0.02923227301,0.9938034415,11.75287342
0.0292392595,0.9977237582,11.77659035
0.0292492595,0.999989152,11.80417728
0.0292592595,0.9983080626,11.82551861
0.0292692595,0.9926871061,11.84225368
0.0292792595,0.9831484556,11.85525513
0.0292892595,0.9697297215,11.86557293
0.0292992595,0.952483952,11.87363148
0.0293092595,0.931479156,11.88013554
0.0293192595,0.9067982435,11.88524628
0.0293292595,0.8785386086,11.88946533
0.02932930013,0.8784166574,-7.112598419
0.02932938138,0.8781725764,-14.51959229
0.0293294088,0.8780901432,-11.25041771
0.02932942517,0.8780409098,-11.67058086
0.02932944018,0.8779957891,-11.70732403
0.02932945667,0.877946198,-11.7125864
0.02932948965,0.8778469563,-11.7133646
0.02932955561,0.8776484132,-11.71347237
0.02932968753,0.8772508502,-11.71419621
0.02932995136,0.8764538765,-11.71530533
0.02933047903,0.8748527169,-11.71777058
0.02933153436,0.8716216087,-11.72236061
0.02933364502,0.8650445342,-11.73141193
0.02933786634,0.8514352441,-11.74791622
0.02934630899,0.8224297166,-11.77637291
0.02935630899,0.7850874066,-11.80303478
0.02936630899,0.744646728,-11.82398605
0.02937630899,0.7012672424,-11.84028435
0.02938630899,0.655120194,-11.85326958
0.02939630899,0.6063876748,-11.86344147
0.02940630899,0.5552619696,-11.87170696
0.02941630899,0.5019449592,-11.87823772
0.02941755899,0.4951366484,-11.87899494
0.02941787149,0.49342978,-11.87917423
0.02941849649,0.4900103509,-11.87952995
0.02941849962,0.4899932444,-6.188129425
0.02941850587,0.4899590015,2.449784279
0.02941851837,0.4898905456,9.655995369
0.02941852378,0.4898608923,10.54763603
0.0294185313,0.4898197055,11.19754314
0.02941853863,0.4897795618,11.48239613
0.02941855328,0.4896992743,11.68729019
0.02941856981,0.4896087646,11.71936703
0.02941859944,0.4894464016,11.72315598
0.02941864024,0.4892228544,11.72250652
0.02941872183,0.4887756705,11.7232132
0.02941888502,0.4878808856,11.72369576
0.02941921139,0.4860898256,11.725317
0.02941986414,0.4825015366,11.72795582
0.02942116964,0.4753006995,11.73362064
0.02942378064,0.4608035386,11.74390984
0.02942900263,0.4314411283,11.76302052
0.02943900263,0.3739438951,11.7929039
0.02944900263,0.3149708509,11.81637192
0.02945900263,0.2547547519,11.83434296
0.02946900263,0.1935332566,11.84866333
0.02947900263,0.1315479875,11.85960865
0.02948900263,0.06904354692,11.86852455
0.02949900263,0.006266623735,11.8753109
0.02950900263,-0.05653502792,11.88101959
0.02951025263,-0.06437462568,11.88154316
0.02951275263,-0.08004142344,11.88271332
0.02951337763,-0.08395518363,11.88299561
0.02951462763,-0.09177877009,11.8835516
0.02951494013,-0.09373379499,11.88368797
0.02951556513,-0.09764276445,11.88395882
0.02951681513,-0.1054561287,11.88448906
0.02951682138,-0.1054951772,2.713275909
0.02951683388,-0.1055732742,-8.501619339
0.0295168409,-0.1056171134,-10.19258404
0.02951684588,-0.1056482568,-10.80915737
0.02951685319,-0.1056939438,-11.30143452
0.02951686494,-0.1057673395,-11.61248589
0.02951688022,-0.105862841,-11.70427418
0.02951690157,-0.1059961915,-11.71805859
0.02951693386,-0.1061979607,-11.71753788
0.02951699845,-0.1066014841,-11.71803284
0.02951712763,-0.1074084714,-11.71850014
0.02951738599,-0.1090222374,-11.71976471
0.0295179027,-0.1122488976,-11.72199631
0.02951893612,-0.1186986417,-11.72661972
0.02952100297,-0.1315828413,-11.73527908
0.02952513666,-0.1572825015,-11.75152397
0.02953340405,-0.2083462775,-11.77920246
0.02954099654,-0.2547497153,-11.80014133
0.02954951775,-0.3061338365,-11.81925106
0.02955753238,-0.3536651134,-11.8340435
0.02956753238,-0.4116997421,-11.84877586
0.02957753238,-0.4681095779,-11.86052799
0.02958753238,-0.5226719975,-11.86971951
0.02959753238,-0.5751716495,-11.87719345
0.02960753238,-0.6254013777,-11.88307762
0.02960878238,-0.6315105557,-11.88376331
0.02961128238,-0.6436115503,-11.88502979
0.02961190738,-0.6466121078,-11.88533401
0.02961315738,-0.6525833011,-11.88593578
0.02961346988,-0.6540697813,-11.88608265
0.02961409488,-0.6570352912,-11.88637638
0.029614098,-0.6570500731,-6.194972992
0.02961410425,-0.6570796967,2.442944527
0.02961411675,-0.6571388841,9.649155617
0.02961412216,-0.6571645141,10.5405817
0.02961412968,-0.657200098,11.19052219
0.02961413701,-0.6572347879,11.47540855
0.02961415165,-0.6573041677,11.68039227
0.02961416817,-0.657382369,11.71251678
0.02961419779,-0.6575226188,11.71632099
0.02961423856,-0.657715559,11.71567345
0.0296143201,-0.6581014395,11.71638775
0.02961448318,-0.6588726044,11.71688652
0.02961480935,-0.660412848,11.71853924
0.02961546168,-0.6634849906,11.72124004
0.02961676633,-0.6695958376,11.72702599
0.02961937564,-0.6816821098,11.73754883
0.02962459426,-0.7053018212,11.75709248
0.02963459426,-0.7484227419,11.78771973
0.02964459426,-0.7885899544,11.81181049
0.02965459426,-0.8256449699,11.83031273
0.02966459426,-0.8594415188,11.84509659
0.02967459426,-0.8898462653,11.85645199
0.02968459426,-0.9167391658,11.86573982
0.02969459426,-0.9400141835,11.87286949
0.02969584426,-0.9426643848,11.87373829
0.02969834426,-0.9477903247,11.87527847
0.02970334426,-0.9573393464,11.87812424
0.02970350051,-0.9576225877,11.87820911
0.02970381301,-0.9581862688,11.87837696
0.02970392647,-0.9583899975,-8.236515999
0.029703995,-0.9585128427,-13.65559769
0.02970405185,-0.9586145878,-10.78526306
0.02970407571,-0.9586572647,-11.81437492
0.02970409871,-0.9586983919,-11.71717834
0.02970412297,-0.9587417245,-11.72507286
0.02970415026,-0.9587904811,-11.72433662
0.02970420484,-0.9588878155,-11.72475433
0.02970431401,-0.9590822458,-11.72514153
0.02970453233,-0.9594697356,-11.7261734
0.02970496898,-0.9602392912,-11.72801685
0.02970584228,-0.9617567062,-11.73182392
0.02970758888,-0.9647046328,-11.73901939
0.02971108208,-0.9702515602,-11.75264835
0.02971806848,-0.9799408913,-11.77641678
0.02972806848,-0.9905205965,-11.80406952
0.02973806848,-0.9971911907,-11.82546711
0.02974806848,-0.9999263883,-11.84225082
0.02975806848,-0.9987152219,-11.85529518
0.02976806848,-0.9935626388,-11.86565113
0.02977806848,-0.9844889641,-11.87374401
0.02978806848,-0.971529901,-11.88027763
0.02979806848,-0.95473665,-11.88541603
0.02979931848,-0.9523710608,-11.8860054
0.02980181848,-0.9474637508,-11.88710403
0.02980681848,-0.9369490743,-11.88913727
0.02980697473,-0.9366055131,-11.88919735
0.02980728723,-0.9359157681,-11.88931751
0.02980791223,-0.9345253706,-11.88955402
0.02980791536,-0.9345183372,-6.198147774
0.02980792161,-0.9345043898,2.439773083
0.02980793411,-0.9344764352,9.645983696
0.02980793951,-0.9344643354,10.53730965
0.02980794703,-0.9344475269,11.1872654
0.02980795436,-0.9344311357,11.47216702
0.029807969,-0.9343983531,11.67719269
0.02980798552,-0.9343613386,11.7093401
0.02980801513,-0.9342950583,11.71315289
0.02980805589,-0.9342037439,11.7125082
0.02980813741,-0.9340208769,11.71323013
0.02980830044,-0.9336544871,11.71374321
0.02980862651,-0.9329187274,11.71542358
0.02980927864,-0.9314354062,11.71818066
0.0298105829,-0.9284219742,11.72407722
0.02981319143,-0.9222083092,11.73481274
0.0298184085,-0.9090394378,11.75475693
0.0298284085,-0.8810802102,11.78606701
0.02983777991,-0.8517199159,11.80935669
0.02984777991,-0.8171371818,11.8286562
0.02985777991,-0.7793295383,11.84410191
0.02986777991,-0.7384462953,11.85601425
0.02987777991,-0.6946487427,11.8657732
0.02988777991,-0.6481096745,11.87330532
0.02988902991,-0.6421085596,11.87421989
0.02989152991,-0.6299878955,11.87584972
0.02989652991,-0.60528332,11.8788662
0.02989668616,-0.6045015454,11.87895584
0.02989699866,-0.6029362679,-10.32578087
0.02989708417,-0.6025075316,-12.59844494
0.02989717044,-0.6020748615,-11.17402935
0.02989721477,-0.601852417,-11.93617344
0.02989725967,-0.6016271114,-11.64159298
0.02989730588,-0.6013951302,-11.7579813
0.02989735343,-0.6011564136,-11.7109766
0.02989743092,-0.6007673144,-11.73339272
0.02989754523,-0.6001929641,-11.71983528
0.02989776375,-0.5990942121,-11.73145962
0.02989820078,-0.5968933105,-11.72404289
0.02989907484,-0.5924780965,-11.73642254
0.02990082296,-0.5835941434,-11.73518085
0.02990431921,-0.5656160712,-11.75681496
0.02991131171,-0.5288499594,-11.77210712
0.02992131171,-0.4745151103,-11.80739594
0.02993131171,-0.4183075726,-11.82036209
0.02994131171,-0.3604491651,-11.84486198
0.02995131171,-0.3011682332,-11.8496542
0.02996131171,-0.2406987101,-11.8677597
0.02997131171,-0.1792792827,-11.86774445
0.02998131171,-0.1171523109,-11.8820343
0.02999131171,-0.05456299707,-11.87918663
0.02999256171,-0.04671911523,-11.88366032
0.02999506171,-0.03102318384,-11.88479614
0.02999568671,-0.02709785476,-11.88502407
0.02999584296,-0.02611645497,-11.88508797
0.02999615546,-0.02415358089,-11.88521671
0.02999626892,-0.02344091423,8.229690552
0.02999633745,-0.02301042341,13.64877987
0.02999639429,-0.02265339158,10.77863693
0.02999641814,-0.02250361443,11.80738735
0.02999644113,-0.0223591961,11.71040726
0.02999646538,-0.02220683172,11.71826649
0.02999649266,-0.02203545533,11.71753883
0.02999654723,-0.02169270441,11.71796227
0.02999665636,-0.02100719325,11.71836376
0.02999687461,-0.019636143,11.71942234
0.02999731112,-0.0168939326,11.7213192
0.02999818414,-0.0114091523,11.72523117
0.02999993017,-0.0004387261579,11.73263073
0.03000342225,0.02150096372,11.74664974
0.0300104064,0.06533873826,11.77112579
0.0300204064,0.1278661489,11.79965973
0.03003020087,0.1886209399,11.82139492
0.03004020087,0.2499121577,11.83890724
0.03005020087,0.3102171123,11.85257816
0.03006020087,0.3692977428,11.86348152
0.03007020087,0.4269209504,11.87205982
0.03008020087,0.4828593135,11.87902927
0.03009020087,0.5368919969,11.8845644
0.03009145087,0.5435014367,11.8852005
0.03009176337,0.5451485515,11.88535309
0.03009238837,0.5484364629,11.88565445
0.0300923915,0.5484529138,6.19425106
0.03009239775,0.5484857559,-2.443665743
0.03009241025,0.5485513806,-9.649876595
0.03009241566,0.548579812,-10.54132557
0.03009242318,0.5486193299,-11.19126225
0.0300924305,0.5486578345,-11.47614479
0.03009244515,0.5487347841,-11.68111992
0.03009246167,0.5488215089,-11.71323872
0.03009249129,0.548977077,-11.71704197
0.03009253207,0.5491911769,-11.71639347
0.03009261361,0.5496193171,-11.71710777
0.03009277671,0.5504751205,-11.71760368
0.03009310289,0.552184999,-11.71925163
0.03009375526,0.5555977225,-11.72194481
0.03009506001,0.5623951554,-11.72771454
0.0300976695,0.575876236,-11.73820591
0.03010288847,0.6023703218,-11.75769234
0.03011288847,0.6513021588,-11.78821945
0.03012288847,0.6976635456,-11.81222725
0.03013288847,0.741271615,-11.83065701
0.03014288847,0.7819541693,-11.84537697
0.03015288847,0.8195507526,-11.85667706
0.03016288847,0.8539129496,-11.8659153
0.03017288847,0.8849051595,-11.87299919
0.03018288847,0.912405014,-11.8789854
0.03018304472,0.9128063917,-11.87899208
0.03018335722,0.9136065245,10.32576847
0.0301834434,0.9138265252,12.60174751
0.03018352936,0.9140457511,11.17290306
0.03018357368,0.9141586423,11.93653107
0.03018361843,0.9142726064,11.64173985
0.03018366453,0.9143899083,11.75783348
0.03018371197,0.9145104885,11.71107006
0.03018378926,0.9147068858,11.73333168
0.03018390352,0.9149967432,11.71989346
0.03018412209,0.9155499935,11.7314415
0.03018455922,0.9166511893,11.72412205
0.03018543348,0.9188328981,11.7364769
0.030187182,0.9231130481,11.73538876
0.03019067905,0.9313386679,11.75712204
0.03019767315,0.94643718,11.77278233
0.03020767315,0.9648439288,11.80837822
0.03021767315,0.9794428349,11.82172775
0.03022767315,0.9901763797,11.84643745
0.03023767315,0.9970021248,11.85153103
0.03024767315,0.9998931289,11.86977482
0.03025767315,0.9988380075,11.86999798
0.03026767315,0.9938409925,11.8843708
0.03027767315,0.9849216938,11.88171005
0.03027892315,0.9835326076,11.88616562
0.03028142315,0.9805724621,11.88732719
0.03028642315,0.9739271402,11.88930511
0.0302865794,0.9737039804,11.88939285
0.0302868919,0.9732547998,11.88951683
0.03028700535,0.9730907679,-8.225399017
0.03028707389,0.9729914665,-13.64448452
0.03028713071,0.9729089737,-10.77446079
0.03028715455,0.9728743434,-11.80298233
0.03028717754,0.9728409052,-11.7061367
0.03028720179,0.9728056192,-11.71397305
0.03028722906,0.9727659225,-11.71325016
0.03028728362,0.97268641,-11.71367359
0.03028739272,0.9725270271,-11.71407795
0.03028761093,0.9722069502,-11.71514225
0.03028804735,0.9715613127,-11.7170496
0.03028892019,0.9702481031,-11.72098255
0.03029066588,0.9675341845,-11.72842312
0.03029415724,0.9617575407,-11.74251842
0.03030113997,0.9488187432,-11.76713276
0.0303090008,0.9320693016,-11.79025173
0.03031874698,0.9081511497,-11.81322479
0.03032874698,0.8800722957,-11.83182526
0.03033874698,0.8485202789,-11.84635067
0.03034874698,0.8136194944,-11.85793018
0.03035874698,0.7755077481,-11.86705399
0.03036874698,0.7343354225,-11.87447071
0.03036999698,0.7289816141,-11.87524605
0.03037249698,0.7181395292,-11.87680721
0.03037312198,0.7154012322,-11.87718296
0.03037437198,0.7098914981,-11.87792397
0.03037468448,0.7085072398,-11.87810612
0.03037530948,0.7057304978,-11.87846661
0.0303753126,0.7057165504,-6.187067032
0.03037531885,0.7056887746,2.450846195
0.03037533135,0.7056331038,9.657057762
0.03037533676,0.7056090236,10.5487318
0.03037534428,0.7055755258,11.19863319
0.03037535161,0.7055428624,11.48348045
0.03037536627,0.7054776549,11.68836117
0.03037538279,0.7054040432,11.72043133
0.03037541242,0.7052720785,11.72421741
0.03037545323,0.7050902843,11.72356796
0.03037553483,0.7047266364,11.72427368
0.03037569803,0.7039987445,11.72475529
0.03037602444,0.7025406957,11.72637367
0.03037667725,0.6996158361,11.72900772
0.03037798288,0.6937307715,11.7346611
0.03038059414,0.6818210483,11.74493122
0.03038581666,0.6574541926,11.76400566
0.03039581666,0.6088445187,11.79382706
0.03040581666,0.5578320622,11.81724644
0.03041581666,0.5046180487,11.83517551
0.03042581666,0.4494125843,11.8494606
0.03043581666,0.3924334645,11.86037445
0.03044581666,0.3339056075,11.86925983
0.03045581666,0.2740599811,11.87601852
0.03046581666,0.2131327391,11.88169765
0.03047581666,0.1513643712,11.88598156
0.03047585729,0.1511120498,-7.115996361
0.03047593854,0.1506073922,-14.52295494
0.03047596596,0.1504370272,-11.25379467
0.03047598233,0.1503353417,-11.67398357
0.03047599735,0.1502420753,-11.7107048
0.03047601384,0.1501396298,-11.71596146
0.03047604682,0.149934724,-11.71673679
0.03047611279,0.1495249122,-11.71684456
0.03047624472,0.1487052143,-11.71756458
0.03047650859,0.1470655054,-11.71866703
0.03047703633,0.1437848657,-11.72112083
0.03047809181,0.1372189075,-11.72568703
0.03048020277,0.1240691468,-11.73469162
0.03048442468,0.09770648181,-11.75111103
0.03049286851,0.0447934866,-11.77941799
0.03050286851,-0.01802239753,-11.80592823
0.03051286851,-0.08076715469,-11.82675076
0.03052286851,-0.1431931704,-11.84293652
0.03053286851,-0.2050540596,-11.8558197
0.03054286851,-0.2661056817,-11.86589432
0.03055286851,-0.3261071146,-11.87406349
0.03056286851,-0.384821564,-11.88049698
0.03056411851,-0.3920587897,-11.8812418
0.03056661851,-0.4064601958,-11.88262367
0.03056724351,-0.4100450277,-11.8829565
0.03056849351,-0.417195648,-11.88361168
0.03057099351,-0.4314192533,-11.8848753
0.03057100356,-0.4314762056,0.04415033385
0.03057102366,-0.4315901399,11.84365654
0.03057103068,-0.431629926,11.77698803
0.03057103678,-0.4316644967,11.74857426
0.03057104508,-0.4317115247,11.72983742
0.03057106167,-0.4318055809,11.71813679
0.03057109486,-0.4319936335,11.71691704
0.03057116123,-0.4323697388,11.71764469
0.03057129398,-0.4331216812,11.71797562
0.03057155949,-0.4346247017,11.71936798
0.03057209049,-0.4376270771,11.72152328
0.0305731525,-0.4436171949,11.72628975
0.03057527653,-0.4555379152,11.73493385
0.03057952457,-0.4791338146,11.75137424
0.03058802066,-0.5252851248,11.77899456
0.03059802066,-0.5776786804,11.80509663
0.03060802066,-0.627792418,11.82511806
0.03061802066,-0.6754285693,11.84106255
0.03062802066,-0.7203990817,11.85328674
0.03063802066,-0.7625265121,11.86323643
0.03064802066,-0.8016446233,11.87085342
0.03065802066,-0.8375989795,11.87725258
0.03065927066,-0.8418636322,11.87784958
0.03066177066,-0.8502368331,11.87916946
0.03066239566,-0.8522974253,11.87948799
0.03066239879,-0.8523077369,6.188085556
0.03066240504,-0.8523282409,-2.449830294
0.03066241754,-0.8523693085,-9.656041145
0.03066242295,-0.8523871303,-10.54768276
0.03066243047,-0.8524118066,-11.19758892
0.0306624378,-0.8524358869,-11.4824419
0.03066245245,-0.8524840474,-11.68733597
0.03066246898,-0.8525382876,-11.71941376
0.03066249861,-0.852635622,-11.72320366
0.03066253941,-0.8527694941,-11.72255707
0.030662621,-0.8530371785,-11.72326756
0.03066278419,-0.8535717726,-11.72375965
0.03066311057,-0.8546383381,-11.72539997
0.03066376332,-0.8567606807,-11.72807598
0.03066506882,-0.8609620929,-11.73381329
0.03066767984,-0.8691908121,-11.74424362
0.03067290186,-0.8849443197,-11.76361847
0.03068290186,-0.9124394059,-11.79395294
0.03069290186,-0.9363335371,-11.8178072
0.03070290186,-0.9565324187,-11.83611012
0.03071290186,-0.9729562402,-11.85071754
0.03072290186,-0.9855402708,-11.86190891
0.03073290186,-0.9942348599,-11.87103653
0.03074290186,-0.9990056157,-11.87800312
0.03075290186,-0.9998337626,-11.88386345
0.03076290186,-0.9967160225,-11.8883009
0.03076415186,-0.9960493445,-11.88887978
0.03076446436,-0.995873034,-11.88900471
0.03076508936,-0.9955089688,-11.88925266
0.03076524561,-0.9954155684,-11.8893137
0.03076555811,-0.9952258468,-11.88943577
0.03076567156,-0.9951559901,8.225474358
0.0307657401,-0.9951136112,13.64456463
0.03076579693,-0.9950782657,10.77453613
0.03076582077,-0.9950634241,11.80306149
0.03076584375,-0.9950490594,11.70621395
0.030765868,-0.9950339198,11.71405029
0.03076589528,-0.9950168133,11.71332645
0.03076594983,-0.9949826002,11.71374989
0.03076605893,-0.9949137568,11.71415329
0.03076627715,-0.9947747588,11.71521664
0.03076671357,-0.9944910407,11.71712112
0.03076758641,-0.9939012527,11.72104836
0.0307693321,-0.9926319122,11.72847843
0.03077282348,-0.9897352457,11.7425518
0.03077677244,-0.9858849645,11.75693321
0.03078087475,-0.9812425375,11.77053547
0.03078502356,-0.9758844376,11.78283882
0.03079164324,-0.9659639001,11.80016518
0.030800431,-0.9502161741,11.81911469
0.030810431,-0.928776145,11.8363905
0.030820431,-0.9036706686,11.84989643
0.030830431,-0.8749988675,11.86068726
0.030840431,-0.8428737521,11.86920166
0.030850431,-0.8074222803,11.87614346
0.030851681,-0.8027637601,11.8768692
0.0308519935,-0.8015913963,11.87705517
0.0308526185,-0.7992373705,11.87742615
0.0308538685,-0.7944924235,11.87815285
0.03085387475,-0.7944685817,2.706952572
0.03085388725,-0.7944208384,-8.507935524
0.03085389427,-0.7943940759,-10.19923496
0.03085389926,-0.794375062,-10.81580448
0.03085390657,-0.7943471074,-11.30800438
0.03085391832,-0.7943022847,-11.61892414
0.03085393361,-0.7942439318,-11.71063328
0.03085395497,-0.7941623926,-11.7243824
0.03085398728,-0.794039011,-11.72385597
0.03085405191,-0.793792069,-11.72434139
0.03085418116,-0.7932978868,-11.72478771
0.03085443967,-0.7923079729,-11.72601414
0.03085495668,-0.7903217673,-11.72816849
0.03085599072,-0.7863244414,-11.73263836
0.03085805878,-0.7782304287,-11.74100018
0.03086219491,-0.7616494894,-11.7566824
0.03087046717,-0.7269561291,-11.78334904
0.03088046717,-0.6824043989,-11.80910873
0.03089046717,-0.6351595521,-11.82898808
0.03090046717,-0.5854080319,-11.84461975
0.03091046717,-0.5333461165,-11.85671902
0.03092046717,-0.4791793823,-11.86636639
0.03093046717,-0.4231215119,-11.87385941
0.03094046717,-0.3653937876,-11.87995625
0.03095046717,-0.3062240183,-11.8847084
0.03095171717,-0.298737973,-11.88527012
0.03095421717,-0.2837110758,-11.88629246
0.03095484217,-0.2799432874,-11.88653755
0.03095499842,-0.2790006399,-11.88659954
0.03095531092,-0.2771145999,-11.88672161
0.03095542437,-0.2764295638,8.228188515
0.03095549291,-0.2760156989,13.64727879
0.03095554974,-0.2756724656,10.77717686
0.03095557359,-0.2755284607,11.80584812
0.03095559657,-0.2753896117,11.70891571
0.03095562083,-0.2752431035,11.71676636
0.03095564811,-0.2750783265,11.71604156
0.03095570267,-0.2747487128,11.716465
0.03095581179,-0.2740894258,11.7168684
0.03095603003,-0.2727704346,11.71793175
0.0309564665,-0.2701309323,11.71983719
0.03095733946,-0.2648458779,11.72376442
0.03095908537,-0.2542519867,11.7311964
0.0309625772,-0.2329736799,11.7452755
0.03096956085,-0.1900909841,11.76986122
0.03097956085,-0.1280702502,11.79853058
0.03098956085,-0.06554409117,11.82078648
0.03099956085,-0.002759254305,11.83830738
0.03100956085,0.06003646925,11.85199451
0.03101956085,0.1225952581,11.86292076
0.03102956085,0.1846702248,11.87152767
0.03103956085,0.2460163683,11.87852955
0.03104081085,0.25362131,11.87925911
0.03104331085,0.2687837481,11.88073254
0.03104831085,0.2989059985,11.88346291
0.03104956085,0.3063915968,11.88409424
0.0310495671,0.3064289987,2.712887287
0.0310495796,0.3065037429,-8.50200367
0.03104958662,0.3065457046,-10.19299316
0.0310495916,0.3065755367,-10.80956745
0.03104959891,0.3066192567,-11.30183983
0.03104961066,0.3066895008,-11.61288357
0.03104962595,0.3067809343,-11.70466614
0.03104964729,0.3069085777,-11.71844673
0.03104967959,0.3071016967,-11.71792316
0.03104974418,0.3074878752,-11.7184124
0.03104987336,0.3082601428,-11.71886826
0.03105013172,0.3098040223,-11.72011089
0.03105064845,0.3128893673,-11.72229862
0.03105168191,0.3190501034,-11.72683525
0.03105374883,0.3313309848,-11.73532581
0.03105788267,0.3557229936,-11.75125027
0.03106615035,0.403770864,-11.77834702
0.03107615035,0.4604186416,-11.80455971
0.03108615035,0.5152493715,-11.82482052
0.03109615035,0.568046689,-11.84078026
0.03110615035,0.618602097,-11.85317039
0.03111615035,0.666716218,-11.86308002
0.03112615035,0.7121991515,-11.87081909
0.03113615035,0.7548713088,-11.87714672
0.03113740035,0.759999156,-11.8777895
0.03113990035,0.7701140046,-11.87911224
0.03114052535,0.7726131082,-11.87942982
0.03114177535,0.7775755525,-11.88005829
0.0311417816,0.7776002288,-2.708850861
0.0311417941,0.7776495814,8.506040573
0.03114180112,0.7776772976,10.19723797
0.0311418061,0.7776970267,10.81380844
0.03114181342,0.7777258754,11.30603123
0.03114182516,0.7777723074,11.61699009
0.03114184045,0.7778326869,11.70872402
0.0311418618,0.7779169679,11.72248459
0.03114189411,0.7780445218,11.72196007
0.03114195873,0.7782995105,11.72245026
0.03114208796,0.7788090706,11.72290802
0.03114234642,0.7798267007,11.72415352
0.03114286335,0.781855762,11.72634697
0.0311438972,0.7858891487,11.730896
0.0311459649,0.7938562632,11.73940945
0.0311501003,0.8093872666,11.75537968
0.0311583711,0.8387997746,11.78256702
0.0311683711,0.8713302612,11.80887222
0.0311783711,0.9004220366,11.82921886
0.0311883711,0.9259601831,11.84525204
0.0311983711,0.9478440881,11.85770035
0.0312083711,0.9659872055,11.86765194
0.0312183711,0.9803180695,11.87541199
0.0312283711,0.9907799959,11.88174152
0.0312383711,0.9973317981,11.88669872
0.0312396211,0.9978744388,11.88728237
0.0312421211,0.9987748861,11.88835144
0.0312427461,0.9989615083,11.88860798
0.0312439961,0.999288559,11.88911533
0.0312443086,0.9993606806,11.88923931
0.03124454608,0.9994128942,-9.907736778
0.03124464657,0.9994343519,-12.92753315
0.03124473712,0.9994533062,-10.93290043
0.03124477887,0.9994619489,-11.99471283
0.0312448169,0.9994697571,-11.62477016
0.03124485706,0.9994779229,-11.74489594
0.03124489441,0.9994854927,-11.70497322
0.03124495809,0.9994982481,-11.71976376
0.03124505585,0.9995175004,-11.71186352
0.03124525138,0.9995549321,-11.71880245
0.03124564243,0.999625206,-11.71537018
0.03124642453,0.9997476935,-11.723629
0.03124798874,0.9999201298,-11.72570992
0.03125111716,0.9999753833,-11.74289322
0.031257374,0.998926878,-11.76090336
0.03126513778,0.9954801202,-11.78881741
0.03127299266,0.989582777,-11.80388546
0.03128165715,0.9802830219,-11.82588768
0.03129165715,0.9659413099,-11.83767796
0.03130165715,0.9477874637,-11.85483456
0.03131165715,0.9258931875,-11.86058617
0.03132165715,0.900344789,-11.87303257
0.03133165715,0.8712431788,-11.87521362
0.0313318134,0.8707608581,-11.87734222
0.0313321259,0.8697937131,-11.8777647
0.03133223936,0.8694417477,8.237463951
0.03133230789,0.8692288995,13.65618515
0.03133236475,0.8690522313,10.78598309
0.03133238861,0.8689780831,11.81512642
0.03133241161,0.8689065576,11.71788406
0.03133243588,0.8688310385,11.72578526
0.03133246317,0.8687461615,11.72504616
0.03133251775,0.8685762286,11.72546196
0.03133262692,0.8682361245,11.72584438
0.03133284526,0.8675546646,11.72686768
0.03133328194,0.8661867976,11.72869301
0.03133415529,0.8634315729,11.73246288
0.031335902,0.8578432202,11.73958588
0.03133939543,0.8463572264,11.75307846
0.03134638227,0.8221676946,11.77659512
0.03135638227,0.7848021388,11.80393314
0.03136638227,0.7443393469,11.8250618
0.03137638227,0.70093894,11.84161663
0.03138638227,0.6547722816,11.85446262
0.03139638227,0.6060214639,11.86464787
0.03140638227,0.5548790097,11.87259197
0.03141638227,0.5015467405,11.8789978
0.03142638227,0.4462350309,11.88402557
0.03142763227,0.4391926825,11.88460255
0.03143013227,0.4250271618,11.88567734
0.03143075727,0.4214692712,11.88593483
0.03143200727,0.4143339992,11.88644409
0.03143231977,0.4125461876,11.88656902
0.03143294477,0.4089657664,11.88681698
0.03143419477,0.4017860889,11.88730335
0.03143420102,0.4017501175,2.716087103
0.03143421352,0.4016782045,-8.498809814
0.03143422053,0.4016378522,-10.18962765
0.03143422552,0.4016091526,-10.80620289
0.03143423283,0.4015671015,-11.29851437
0.03143424457,0.4014995098,-11.60962486
0.03143425986,0.4014115632,-11.70144749
0.0314342812,0.4012887478,-11.71524715
0.03143431348,0.4011029303,-11.71472836
0.03143437806,0.4007312357,-11.71522522
0.0314345072,0.3999876678,-11.71569633
0.03143476549,0.3984997571,-11.71696949
0.03143528206,0.3955207765,-11.71921921
0.03143631522,0.3895503283,-11.723876
0.03143838152,0.3775604367,-11.73260117
0.03144251413,0.3533917964,-11.74896908
0.03145077935,0.3043561876,-11.77686977
0.03146077935,0.2439439893,-11.80392838
0.03147077935,0.1825690418,-11.82491493
0.03148077935,0.1204735786,-11.84150028
0.03149077935,0.05790266395,-11.85443497
0.03150077935,-0.004896764178,-11.86482143
0.03151077935,-0.06767686456,-11.87298012
0.03152077935,-0.1301898807,-11.87967682
0.03152202935,-0.1379729211,-11.88036156
0.03152452935,-0.1535129994,-11.88176823
0.03152515435,-0.1573922485,-11.88210678
0.03152640435,-0.1651434004,-11.88277531
0.03152671685,-0.1670796126,-11.88293934
0.03152734185,-0.1709501147,-11.8832655
0.03152734497,-0.1709694564,-6.191863537
0.03152735122,-0.1710081398,2.446052074
0.03152736372,-0.1710855365,9.652263641
0.03152736913,-0.1711190194,10.543787
0.03152737665,-0.1711655855,11.19371223
0.03152738398,-0.1712109298,11.47858334
0.03152739863,-0.1713016331,11.68352604
0.03152741515,-0.1714038998,11.71562862
0.03152744478,-0.1715872735,11.71942616
0.03152748556,-0.1718397141,11.71877766
0.03152756712,-0.1723445505,11.71948814
0.03152773025,-0.1733541042,11.71997833
0.03152805651,-0.1753726453,11.72161388
0.03152870903,-0.1794075221,11.72428322
0.03153001407,-0.1874681562,11.73000431
0.03153262415,-0.203551054,11.74040508
0.0315378443,-0.2355483323,11.7597208
0.0315478443,-0.2961072922,11.78995609
0.0315578443,-0.3554976583,11.81371689
0.0315678443,-0.4134850204,11.83193684
0.0315778443,-0.4698405564,11.84647369
0.0315878443,-0.5243418217,11.8576107
0.0315978443,-0.5767738223,11.86670208
0.0316078443,-0.626929462,11.87365246
0.0316178443,-0.6746109724,11.87951469
0.0316190943,-0.6803877354,11.88005638
0.0316194068,-0.6818253398,11.88020992
0.0316200318,-0.6846927404,11.88051605
0.03162018805,-0.6854079366,11.88059235
0.03162050055,-0.6868363619,11.88074303
0.03162061401,-0.6873543262,-8.234155655
0.03162068254,-0.6876670122,-13.6532402
0.03162073939,-0.6879262924,-10.78297234
0.03162076323,-0.6880350113,-11.81195927
0.03162078623,-0.6881398559,-11.71483803
0.03162081049,-0.6882504821,-11.72272015
0.03162083778,-0.688374877,-11.72198772
0.03162089236,-0.6886235476,-11.72240734
0.03162100151,-0.6891206503,-11.72280025
0.03162121981,-0.6901139617,-11.72384453
0.03162165641,-0.6920966506,-11.72570992
0.03162252961,-0.696046412,-11.72956085
0.03162427602,-0.7038829327,-11.73684216
0.03162776883,-0.7193007469,-11.75063419
0.03163475445,-0.7490898967,-11.77470016
0.03164475445,-0.7892084718,-11.80272198
0.03165475445,-0.8262124062,-11.82443142
0.03166475445,-0.8599556088,-11.84148216
0.03167475445,-0.8903050423,-11.85475826
0.03168475445,-0.9171407819,-11.8653183
0.03169475445,-0.9403570294,-11.87359238
0.03170475445,-0.959862113,-11.88028812
0.03171475445,-0.9755790234,-11.88557243
0.03171600445,-0.9772740602,-11.88617992
0.03171850445,-0.9804831147,-11.88731289
0.03171912945,-0.9812476039,-11.88758469
0.03172037945,-0.9827312231,-11.88812256
0.03172069195,-0.9830926061,-11.88825417
0.03172131695,-0.9838041067,-11.88851643
0.03172256695,-0.9851815701,-11.88903046
0.03172260601,-0.9852236509,-11.88904667
0.03172268414,-0.9853075743,-11.88907814
0.03172284039,-0.9854747653,-11.88914108
0.03172289711,-0.985535264,5.636412144
0.03172293506,-0.9855756164,13.64033985
0.03172295598,-0.9855978489,11.65356731
0.03172296791,-0.9856105447,11.69841671
0.03172298216,-0.9856256843,11.71066475
0.03172299943,-0.9856439829,11.71291161
0.03172303397,-0.9856805801,11.7132616
0.03172310304,-0.985753715,11.71351242
0.03172324119,-0.9858993292,11.71418285
0.03172351748,-0.9861883521,11.71540356
0.03172407007,-0.9867574573,11.71791267
0.03172517524,-0.9878599644,11.72274113
0.0317273856,-0.9899221063,11.73208141
0.0317318063,-0.9934732318,11.74919891
0.03174064771,-0.9982740283,11.77834988
0.03175064771,-0.999991715,11.80436516
0.03176064771,-0.9977629185,11.82471275
0.03177064771,-0.9915964007,11.84061623
0.03178064771,-0.9815165401,11.85319614
0.03179064771,-0.9675630331,11.86312866
0.03180064771,-0.9497910738,11.87111282
0.03181064771,-0.928270638,11.87750149
0.03181080396,-0.9279050827,11.87760353
0.03181111646,-0.9271712899,11.87778282
0.03181122991,-0.9269039631,-8.237107277
0.03181129845,-0.9267422557,-13.65618515
0.0318113553,-0.926608026,-10.78583336
0.03181137915,-0.92655164,-11.81497574
0.03181140215,-0.9264972806,-11.71776009
0.03181142642,-0.9264398813,-11.72565651
0.03181145371,-0.9263753295,-11.72491837
0.03181150829,-0.9262461066,-11.72533512
0.03181161746,-0.9259873629,-11.7257185
0.03181183579,-0.925468564,-11.7267437
0.03181227245,-0.9244257212,-11.72857189
0.03181314578,-0.9223191738,-11.73235035
0.03181489243,-0.918022871,-11.7394886
0.03181838572,-0.9090990424,-11.75300884
0.03182537232,-0.88994205,-11.776577
0.03183537232,-0.8595488667,-11.80397606
0.03184537232,-0.8257634044,-11.82515526
0.03185537232,-0.788719058,-11.84175014
0.03186537232,-0.7485619783,-11.85462952
0.03187537232,-0.7054507136,-11.86484051
0.03188537232,-0.659555316,-11.8728056
0.03189537232,-0.6110569239,-11.87922859
0.03190537232,-0.560147047,-11.88426876
0.03190662232,-0.5536236167,-11.88484764
0.03190912232,-0.5404747725,-11.88592434
0.03191412232,-0.5137803555,-11.88791561
0.03191414185,-0.513675034,-11.88792324
0.03191418091,-0.5134644508,-11.88793755
0.03191425903,-0.5130431652,-11.88796711
0.0319142874,-0.5128902197,2.049401999
0.03191431024,-0.5127669573,12.43591404
0.03191432007,-0.5127139688,11.95489883
0.03191432819,-0.5126701593,11.81404495
0.03191433735,-0.5126207471,11.75044918
0.03191435566,-0.5125219226,11.71532154
0.03191439184,-0.512326777,11.71380615
0.03191444956,-0.5120152831,11.71464443
0.031914565,-0.5113920569,11.71485233
0.03191479588,-0.5101448894,11.71615505
0.03191525765,-0.5076473355,11.71803188
0.03191618119,-0.5026393533,11.72234917
0.03191802826,-0.492572844,11.73009968
0.03192172239,-0.4722421467,11.74512005
0.03192911067,-0.4308286011,11.77079105
0.03193911067,-0.3733142018,11.79922199
0.03194911067,-0.3143264651,11.82106018
0.03195911067,-0.2540982366,11.83850574
0.03196911067,-0.1928671896,11.85190392
0.03197911067,-0.1308749914,11.86285305
0.03198911067,-0.06836628914,11.87124825
0.03199911067,-0.005587774795,11.87833214
0.03200036067,0.002266176045,11.87899113
0.03200286067,0.01797317341,11.88045406
0.03200348567,0.02189938165,11.88080692
0.03200473567,0.02975072339,11.88150215
0.03200504817,0.031713292,11.88167286
0.03200567317,0.03563805297,11.88201237
0.03200582942,0.03661916032,11.88209629
0.03200614192,0.03858126327,11.88226318
0.03200625538,0.03929359093,-8.232628822
0.03200632391,0.03972386196,-13.65171051
0.03200638076,0.04008074105,-10.78148174
0.0320064046,0.04023045674,-11.81038475
0.0320064276,0.04037482291,-11.7133112
0.03200645186,0.04052712396,-11.72118282
0.03200647914,0.04069842398,-11.7204504
0.03200653372,0.0410410203,-11.72086716
0.03200664286,0.04172619432,-11.72125435
0.03200686114,0.04309648275,-11.72228718
0.03200729771,0.04583681747,-11.72413063
0.03200817085,0.0513164252,-11.72793674
0.03200991713,0.06227084994,-11.73513031
0.03201340969,0.08415588737,-11.74875546
0.0320203948,0.1277938783,-11.77251053
0.0320303948,0.1898173839,-11.80014324
0.0320403948,0.2510917783,-11.82151699
0.0320503948,0.3113752306,-11.83827972
0.0320603948,0.3704298139,-11.85131073
0.0320703948,0.4280224741,-11.86166286
0.0320803948,0.4839259386,-11.86976433
0.0320903948,0.5379195809,-11.87632179
0.0320916448,0.5445237756,-11.87699986
0.0320941448,0.5576310754,-11.87837029
0.0320991448,0.5834296346,-11.88090706
0.03209930105,0.5842266679,-11.8809824
0.03209961355,0.5858191252,-11.88113117
0.03210023855,0.5889971852,-11.88142681
0.03210024167,0.5890130401,-6.190023422
0.03210024792,0.5890448093,2.447893858
0.03210026042,0.5891082287,9.654105186
0.03210026583,0.5891357064,10.54568577
0.03210027336,0.589173913,11.19560146
0.03210028068,0.5892111063,11.48046303
0.03210029533,0.5892854929,11.68538284
0.03210031186,0.5893693566,11.71747398
0.03210034149,0.5895197392,11.72126961
0.03210038228,0.5897267461,11.72062302
0.03210046385,0.5901406407,11.72133732
0.03210062701,0.5909678936,11.72183609
0.03210095333,0.5926206708,11.7234869
0.03210160596,0.5959186554,11.72618771
0.03210291123,0.6024844646,11.73197174
0.03210552176,0.615494132,11.74249363
0.03211074283,0.6410132647,11.76203823
0.03212074283,0.6879419684,11.79266357
0.03213074283,0.7321556807,11.81676292
0.03214074283,0.7734799385,11.8352766
0.03215074283,0.8117515445,11.85006618
0.03216074283,0.8468196392,11.86141968
0.03217074283,0.8785456419,11.87069035
0.03218074283,0.9068044424,11.87778759
0.03219074283,0.9314845204,11.88376617
0.03220074283,0.9524884224,11.88831234
0.03220089908,0.9527869821,11.88845253
0.03220121158,0.9533813596,11.88859177
0.03220132504,0.9535962343,-8.226326942
0.03220139357,0.9537258148,-13.64540291
0.0322014504,0.9538331032,-10.77535534
0.03220147424,0.9538781047,-11.80392456
0.03220149723,0.9539214373,-11.70704937
0.03220152148,0.953967154,-11.71488953
0.03220154876,0.9540185332,-11.71416473
0.03220160331,0.954121232,-11.71458721
0.03220171242,0.954326272,-11.71498775
0.03220193064,0.9547349811,-11.71604443
0.03220236708,0.9555470943,-11.71793747
0.03220323996,0.957149744,-11.7218399
0.03220498572,0.9602686763,-11.72922421
0.03220847724,0.9661594629,-11.74320984
0.03221546028,0.9765435457,-11.76762295
0.03222546028,0.9881366491,-11.79607487
0.03223546028,0.9958299398,-11.81814384
0.03224546028,0.9995931983,-11.83550358
0.03225546028,0.9994115233,-11.8490572
0.03226546028,0.9952856302,-11.85987282
0.03227546028,0.987231791,-11.86839294
0.03228546028,0.9752818346,-11.87532997
0.03228671028,0.9735162854,-11.87605286
0.03228921028,0.9698052406,-11.87751293
0.03228922033,0.969789803,0.05151112378
0.03228924043,0.9697589874,11.85101509
0.03228924745,0.9697482586,11.78433132
0.03228925355,0.9697389007,11.75591946
0.03228926185,0.9697261453,11.73718548
0.03228927845,0.9697006941,11.72549152
0.03228931165,0.9696496725,11.72427177
0.03228937804,0.9695476294,11.72499371
0.03228951083,0.969342947,11.72531509
0.0322897764,0.9689316154,11.72668743
0.03229030755,0.9681007862,11.72880363
0.03229136985,0.9664068222,11.73349285
0.03229349446,0.9628898501,11.74198723
0.03229774366,0.9553417563,11.75814915
0.03230624207,0.93820858,11.78527927
0.03231624207,0.9146273136,11.81089306
0.03232624207,0.8874364495,11.83050537
0.03233624207,0.8567432165,11.84609604
0.03234624207,0.8226688504,11.85800838
0.03235624207,0.7853477597,11.86767292
0.03236624207,0.7449272871,11.87502193
0.03237624207,0.7015669346,11.88116455
0.03238624207,0.6554378271,11.88579369
0.03238749207,0.6494859457,11.8863945
0.03238999207,0.6374623775,11.88741016
0.03239061707,0.6344317794,11.88765335
0.03239186707,0.6283413172,11.88813496
0.03239217957,0.6268126369,11.88825321
0.03239241705,0.625649333,-9.9087286
0.03239251755,0.625156641,-12.92852688
0.03239260809,0.6247124672,-10.93389511
0.03239264985,0.624507606,-11.99572086
0.03239268788,0.6243209243,-11.62575722
0.03239272804,0.6241238117,-11.7458992
0.03239276539,0.6239404082,-11.70596886
0.03239282907,0.6236276627,-11.72076511
0.03239292684,0.6231473684,-11.71286392
0.03239312237,0.6221860647,-11.71980953
0.03239351343,0.6202605963,-11.71638298
0.03239429555,0.6163984537,-11.72465897
0.03239585979,0.6086295247,-11.72676945
0.03239898827,0.5929161906,-11.74401379
0.03240524523,0.560808301,-11.76213455
0.03241524523,0.5077145696,-11.79621792
0.03242524523,0.452617079,-11.81484127
0.03243524523,0.3957332969,-11.83734798
0.03244524523,0.3372877836,-11.8471384
0.03245524523,0.2775111198,-11.8627882
0.03246524523,0.2166392505,-11.86736012
0.03247524523,0.1549124122,-11.87892246
0.03247649523,0.1471485496,-11.87754059
0.03247899523,0.1315940619,-11.87903214
0.03247962023,0.1277002096,-11.87941551
0.03248087023,0.1199066713,-11.8801403
0.03248337023,0.1042978913,-11.88153458
0.03248338028,0.1042350903,0.04749014601
0.03248340038,0.104109481,11.84699535
0.0324834074,0.1040656045,11.78031921
0.0324834135,0.1040274873,11.75190639
0.0324834218,0.1039756313,11.73317051
0.0324834384,0.1038719267,11.72147274
0.03248347159,0.1036644951,11.72025204
0.03248353797,0.1032496318,11.72097683
0.03248367074,0.1024198532,11.72130108
0.03248393628,0.1007600725,11.72268009
0.03248446735,0.09743968397,11.72480965
0.03248552949,0.09079567343,11.72952366
0.03248765378,0.07749583572,11.73806763
0.03249190235,0.05085710436,11.75431919
0.03250039949,-0.002510065911,11.78160381
0.03251039949,-0.06529543549,11.80736923
0.03252039949,-0.1278231144,11.82710648
0.03253039949,-0.1898463368,11.84280491
0.03254039949,-0.2511202991,11.85481358
0.03255039949,-0.3114032447,11.86457062
0.03256039949,-0.3704572022,11.87201214
0.03257039949,-0.4280491173,11.87824917
0.03257164949,-0.435133934,11.8788271
0.03257414949,-0.4492225647,11.88010788
0.03257477449,-0.4527275562,11.88041687
0.03257602449,-0.4597165287,11.88102436
0.03257852449,-0.4736089408,11.88219452
0.03257853454,-0.473664552,-0.04683196917
0.03257855464,-0.4737757742,-11.84633827
0.03257856166,-0.4738146067,-11.77966499
0.03257856776,-0.4738483727,-11.75125217
0.03257857606,-0.4738942683,-11.73251724
0.03257859265,-0.4739860892,-11.72081947
0.03257862584,-0.4741697311,-11.71960163
0.03257869223,-0.4745368958,-11.72033215
0.03257882499,-0.4752710164,-11.72066784
0.03257909052,-0.4767382443,-11.72206974
0.03257962158,-0.4796687365,-11.72424507
0.0325806837,-0.4855136573,-11.72905064
0.03258280793,-0.4971383512,-11.73777103
0.0325870564,-0.5201200247,-11.75435829
0.03259555333,-0.5649554729,-11.7822485
0.03260555333,-0.615650475,-11.80862999
0.03261555333,-0.6639157534,-11.82889462
0.03262555333,-0.7095609307,-11.84504795
0.03263555333,-0.7524057031,-11.85744953
0.03264555333,-0.7922811508,-11.86754513
0.03265555333,-0.8290297985,-11.87527847
0.03266555333,-0.862506628,-11.88176441
0.03267555333,-0.8925795555,-11.88670349
0.03267680333,-0.8960932493,-11.88734055
0.03267711583,-0.8969630599,-11.88747978
0.03267774083,-0.8986922503,-11.88775444
0.03267899083,-0.9021090865,-11.88829422
0.03267899708,-0.9021260738,-2.71708107
0.03267900958,-0.9021599293,8.497814178
0.0326790166,-0.9021789432,10.18858337
0.03267902158,-0.9021924734,10.80515957
0.03267902889,-0.9022122622,11.29748344
0.03267904064,-0.902244091,11.60861492
0.03267905592,-0.9022855163,11.70044899
0.03267907726,-0.9023432732,11.71425247
0.03267910954,-0.9024307132,11.71373272
0.03267917411,-0.9026054144,11.71422672
0.03267930324,-0.9029543996,11.71469307
0.03267956151,-0.9036505222,11.71595478
0.03268007803,-0.9050356746,11.71818256
0.03268111109,-0.9077774286,11.72279644
0.0326831772,-0.913146019,11.73143864
0.03268730942,-0.923420608,11.74764729
0.03269557386,-0.9420960546,11.77525616
0.03270557386,-0.9612933993,11.80200958
0.03271557386,-0.9766969681,11.82273102
0.03272557386,-0.9882459641,11.83908749
0.03273557386,-0.9958947897,11.85182667
0.03274557386,-0.9996133447,11.8620472
0.03275557386,-0.9993867874,11.87006474
0.03276557386,-0.9952161908,11.87664795
0.03276682386,-0.9944181442,11.87732029
0.03276713636,-0.9942090511,11.87749672
0.03276737385,-0.9940476418,-9.919438362
0.03276747434,-0.9939786196,-12.93922138
0.03276756489,-0.9939161539,-10.94457245
0.03276760666,-0.9938871861,-12.00651836
0.03276764471,-0.9938607812,-11.63630962
0.03276768489,-0.9938328266,-11.75661278
0.03276772227,-0.9938067198,-11.71658993
0.03276778598,-0.9937621951,-11.73141861
0.03276788376,-0.993693471,-11.7234726
0.03276807934,-0.9935549498,-11.73040199
0.03276847048,-0.9932733774,-11.72688675
0.03276925277,-0.9926921725,-11.73503971
0.03277081735,-0.9914579391,-11.73686123
0.03277394651,-0.988702178,-11.75359821
0.03278020482,-0.9820452929,-11.77074623
0.03279020482,-0.9682623148,-11.80351257
0.03280020482,-0.9506580234,-11.82099724
0.03281020482,-0.9293019772,-11.84255409
0.03282020482,-0.904278338,-11.85148716
0.03283020482,-0.8756859899,-11.86640549
0.03284020482,-0.8436376452,-11.87028885
0.03285020482,-0.8082599044,-11.88125134
0.03286020482,-0.7696923018,-11.88214111
0.03287020482,-0.7280870676,-11.89072514
0.03287036107,-0.7274137139,-11.88874149
0.03287067357,-0.72606498,-11.88861656
0.03287078702,-0.7255746722,8.225952148
0.03287085555,-0.7252782583,13.64540195
0.03287091238,-0.7250323892,10.77520084
0.03287093622,-0.7249292135,11.80377102
0.0328709592,-0.7248297334,11.70692348
0.03287098345,-0.7247247696,11.71475983
0.03287101073,-0.7246066928,11.71403694
0.03287106528,-0.72437042,11.71446133
0.03287117439,-0.7238976359,11.71486664
0.0328713926,-0.7229510546,11.71593189
0.03287182902,-0.7210537791,11.71784401
0.03287270187,-0.7172430158,11.72178268
0.03287444757,-0.7095569372,11.72923756
0.03287793896,-0.693929553,11.74335861
0.03288492174,-0.6616806388,11.76802254
0.03289492174,-0.6132955551,11.79678917
0.03290492174,-0.562490046,11.81912994
0.03291492174,-0.5094646215,11.83672333
0.03292492174,-0.4544285834,11.85047913
0.03293492174,-0.3975991309,11.86146927
0.03294492174,-0.3392005563,11.87013912
0.03295492174,-0.2794632912,11.87720394
0.03295617174,-0.2719137073,11.87794209
0.03295867174,-0.2567646503,11.87943077
0.03295929674,-0.2529673576,11.8797884
0.03296054674,-0.2453611046,11.88049603
0.03296085924,-0.2434571534,11.88066959
0.03296109672,-0.2420096099,-9.916268349
0.03296119721,-0.2413969338,-12.93605042
0.03296128776,-0.2408447862,-10.94140339
0.03296132953,-0.2405900806,-12.00331116
0.03296136757,-0.2403580695,-11.63317299
0.03296140775,-0.2401130199,-11.75342655
0.03296144512,-0.239885062,-11.71342945
0.03296150882,-0.2394965142,-11.72824574
0.0329616066,-0.238899976,-11.7203083
0.03296180216,-0.2377066314,-11.72723389
0.03296219328,-0.2353188843,-11.72372723
0.03296297552,-0.2305391282,-11.73188114
0.03296453999,-0.2209630311,-11.73371887
0.03296766895,-0.2017477006,-11.75047207
0.03297392686,-0.1630905867,-11.76766014
0.03298392686,-0.1008189321,-11.80046558
0.03299392686,-0.03814940155,-11.81798649
0.03300392686,0.02467068844,-11.83956337
0.03301392686,0.0873934105,-11.848526
0.03302392686,0.1497712433,-11.86346626
0.03303392686,0.2115579844,-11.86738682
0.03304392686,0.2725098133,-11.87838459
0.03305392686,0.3323861659,-11.87932682
0.03305517686,0.3397832513,-11.88206387
0.03305548936,0.3416292667,-11.88222313
0.03305611436,0.3453173637,-11.88250923
0.03305736436,0.3526774943,-11.88306618
0.03305737061,0.3527142406,-2.711854696
0.03305738311,0.3527877331,8.50303936
0.03305739013,0.3528289795,10.19407845
0.03305739511,0.3528582752,10.81065083
0.03305740242,0.3529012799,11.3029108
0.03305741417,0.3529703319,11.61393261
0.03305742946,0.3530601859,11.70570278
0.0330574508,0.3531856835,11.71947956
0.0330574831,0.3533755243,11.7189579
0.0330575477,0.3537552059,11.7194519
0.0330576769,0.3545143306,11.71991539
0.03305793529,0.3560319543,11.72117519
0.03305845207,0.3590643108,11.7233963
0.03305948563,0.3651176989,11.72799873
0.03306155275,0.3771779835,11.73661709
0.03306568699,0.4011056423,11.75278568
0.03307395547,0.4481331408,11.78032589
0.03308168111,0.4909828007,11.80148315
0.03309041551,0.5380293131,11.82084656
0.03309965924,0.5860517621,11.83742237
0.03310965924,0.6357728243,11.85150146
0.03311926931,0.6811931729,11.8623457
0.03312926931,0.7258181572,11.87120628
0.03313926931,0.7675786614,11.87841225
0.03314926931,0.8063099384,11.88407612
0.03315051931,0.8109305501,11.88473701
0.03315301931,0.8200215697,11.88595581
0.03315364431,0.822262764,11.88624859
0.03315489431,0.8267071247,11.88682747
0.03315520681,0.8278102279,11.88696861
0.03315583181,0.8300069571,11.8872509
0.03315598806,0.8305541277,11.88732052
0.03315630056,0.8316460848,11.88745975
0.03315692556,0.833820343,11.88773632
0.03315692868,0.8338311315,6.196331501
0.03315693493,0.8338528275,-2.441586971
0.03315694743,0.8338961601,-9.647797585
0.03315695284,0.8339149356,-10.53918076
0.03315696036,0.8339410424,-11.18912792
0.03315696769,0.833966434,-11.47402096
0.03315698233,0.8340172172,-11.67902279
0.03315699885,0.8340744376,-11.71115685
0.03315702847,0.8341770768,-11.71496487
0.03315706923,0.8343183398,-11.71431732
0.03315715076,0.8346006274,-11.71503448
0.03315731382,0.835164547,-11.71553707
0.03315763995,0.8362898231,-11.71719837
0.03315829219,0.8385297656,-11.71991634
0.03315959668,0.8429673314,-11.72573662
0.03316220565,0.851672411,-11.73632431
0.03316742361,0.8683936,-11.75599003
0.03317742361,0.8978163004,-11.78682518
0.03318742361,0.9236957431,-11.81109142
0.03319742361,0.9459297657,-11.82974243
0.03320742361,0.9644306302,-11.84465504
0.03321742361,0.9791253805,-11.85612488
0.03322742361,0.9899559021,-11.8655138
0.03323742361,0.9968795776,-11.87273407
0.03323867361,0.9974687696,-11.87361336
0.03324117361,0.9984626174,-11.87517452
0.03324179861,0.9986726046,-11.87554836
0.03324304861,0.9990463257,-11.87628841
0.03324554861,0.9996088743,-11.8777132
0.03324555866,0.9996106625,0.05131206661
0.03324557876,0.9996141791,11.85081673
0.03324558578,0.9996153712,11.78413296
0.03324559188,0.9996164441,11.75572109
0.03324560018,0.9996178746,11.73698807
0.03324561678,0.9996207952,11.72529316
0.03324564997,0.9996265173,11.72407341
0.03324571637,0.9996378422,11.72479725
0.03324584915,0.9996598959,11.72512054
0.03324611473,0.9997020364,11.7264967
0.03324664587,0.9997779131,11.72862053
0.03324770817,0.9998963475,11.73332405
0.03324983275,0.9999994636,11.74184799
0.03325408193,0.9996711016,11.75806427
0.03326258027,0.9968776107,11.78529358
0.03327258027,0.989952445,11.81100655
0.03328258027,0.9791204333,11.83070469
0.03329258027,0.9644241929,11.84636879
0.03330258027,0.9459218979,11.85834503
0.03331258027,0.9236863852,11.86806488
0.03332258027,0.8978055716,11.87546158
0.03333258027,0.8683815002,11.8816452
0.03334258027,0.8355303407,11.88631058
0.03334383027,0.8311892748,11.88691521
0.03334633027,0.8223536611,11.8879385
0.03334695527,0.8201129436,11.88818359
0.03334820527,0.8155936599,11.88866901
0.03334851777,0.8144559264,11.88878822
0.03334914277,0.8121711612,11.88902473
0.03334929902,0.8115979433,11.88908291
0.03334961152,0.8104493022,11.88919926
0.03334972498,0.8100314736,-8.225712776
0.03334979351,0.8097789288,-13.644804
0.03334985034,0.8095693588,-10.77476978
0.03334987418,0.809481442,-11.80330849
0.03334989716,0.8093966246,-11.70645428
0.03334992141,0.8093070984,-11.71429157
0.03334994869,0.8092064261,-11.71356869
0.03335000324,0.809005022,-11.71399307
0.03335011235,0.8086018562,-11.71439838
0.03335033056,0.8077943921,-11.71546555
0.03335076699,0.8061749935,-11.71737766
0.03335163985,0.8029179573,-11.7213192
0.03335338555,0.7963315248,-11.72877884
0.03335687697,0.7828720212,-11.74290848
0.0333638598,0.7548294663,-11.76758671
0.0333738598,0.7121543288,-11.79636955
0.0333838598,0.6666687131,-11.81872177
0.0333938598,0.6185520291,-11.8363266
0.0334038598,0.5679941773,-11.85009003
0.0334138598,0.5151947141,-11.8610878
0.0334238598,0.4603620172,-11.86976528
0.0334338598,0.4037125111,-11.87683773
0.0334351098,0.3965146244,-11.87757587
0.0334376098,0.3820459545,-11.87906647
0.0334382348,0.3784139156,-11.879426
0.0334394848,0.3711323738,-11.88013363
0.03343949105,0.3710959256,-2.708932161
0.03343950355,0.3710229695,8.50595665
0.03343951057,0.3709820509,10.19715309
0.03343951556,0.370952934,10.81372452
0.03343952287,0.3709102571,11.30594921
0.03343953462,0.3708417118,11.61690998
0.03343954991,0.3707525134,11.70864296
0.03343957126,0.3706279099,11.72240257
0.03343960356,0.3704393804,11.7218771
0.03343966818,0.370062232,11.72236347
0.03343979741,0.3693077862,11.7228117
0.03344005587,0.3677981496,11.72404194
0.03344057279,0.3647759557,11.72620296
0.03344160663,0.358720094,11.73068714
0.03344367431,0.3465631604,11.73907566
0.03344780968,0.3220759332,11.75480843
0.03345608041,0.2724658847,11.78156281
0.03346608041,0.2115133554,11.80741501
0.03347608041,0.1497260928,11.82737064
0.03348608041,0.08734792471,11.84306717
0.03349608041,0.02462504059,11.85522556
0.03350608041,-0.0381950289,11.86492729
0.03351608041,-0.1008643657,11.87247467
0.03352608041,-0.1631356329,11.87862396
0.03353608041,-0.2247630805,11.88343143
0.03353623666,-0.2257196009,11.88353348
0.03353654916,-0.2276319861,11.88367367
0.03353666261,-0.2283260822,-8.231237411
0.03353673115,-0.2287452817,-13.6503191
0.03353678799,-0.2290929556,-10.78013515
0.03353681183,-0.2292387933,-11.80896759
0.03353683483,-0.2293794006,-11.7119379
0.03353685908,-0.2295277566,-11.71980572
0.03353688637,-0.2296946049,-11.71907616
0.03353694094,-0.2300282866,-11.71949863
0.03353705007,-0.2306955606,-11.71989727
0.03353726834,-0.2320297807,-11.72095108
0.03353770488,-0.2346969247,-11.7228384
0.03353857797,-0.240025878,-11.7267313
0.03354032413,-0.2506619692,-11.73409367
0.03354381646,-0.2718423307,-11.74804211
0.03355080112,-0.3138003051,-11.77239132
0.03355731634,-0.3523951471,-11.79163742
0.03356138382,-0.3761947751,-11.80205822
0.03356590161,-0.4023405612,-11.81257343
0.03357021738,-0.4270147681,-11.8214817
0.03357577138,-0.4583036005,-11.83176517
0.03358285205,-0.4973788559,-11.8429203
0.03359285205,-0.5508702397,-11.85592175
0.03360285205,-0.6021876335,-11.86610889
0.03361285205,-0.6511284709,-11.87430859
0.03362285205,-0.6974995732,-11.88078785
0.03363285205,-0.7411179543,-11.88611412
0.03363410205,-0.7463680506,-11.88666534
0.03363441455,-0.7476733327,-11.8868084
0.03363465203,-0.7486634254,9.910153389
0.03363475253,-0.7490818501,12.92994499
0.03363484307,-0.7494586706,10.93530655
0.03363488483,-0.7496322989,11.9971447
0.03363492286,-0.7497904301,11.62714672
0.03363496303,-0.7499574423,11.74730778
0.03363500038,-0.7501126528,11.70736313
0.03363506406,-0.7503771782,11.72216034
0.03363516183,-0.7507831454,11.7142477
0.03363535737,-0.7515940666,11.72117996
0.03363574844,-0.7532126307,11.71772099
0.03363653058,-0.7564360499,11.72593784
0.03363809487,-0.762828052,11.72792625
0.03364122344,-0.7753903866,11.74494362
0.03364748058,-0.7996113896,11.76263809
0.03365748058,-0.8357403278,11.79612827
0.03366748058,-0.868571043,11.81424141
0.03367748058,-0.8979738951,11.83631325
0.03368748058,-0.9238328338,11.84572315
0.03369748058,-0.9460458159,11.86104774
0.03370748058,-0.9645252228,11.86533165
0.03371748058,-0.9791980386,11.87664795
0.03371873058,-0.9807614684,11.87523746
0.03372123058,-0.9837067127,11.8766737
0.03372185558,-0.9844051003,11.87704277
0.03372310558,-0.9857563972,11.87774086
0.03372341808,-0.9860846996,11.87791157
0.03372365556,-0.9863316417,-9.919027328
0.03372375606,-0.9864355326,-12.9388113
0.0337238466,-0.9865287542,-10.94416428
0.03372388837,-0.98657161,-12.00610542
0.03372392642,-0.986610651,-11.63590622
0.0337239666,-0.9866517782,-11.75620365
0.03372400398,-0.9866900444,-11.71618462
0.03372406769,-0.9867550135,-11.7310133
0.03372416547,-0.9868544936,-11.72307014
0.03372436104,-0.9870523214,-11.73000145
0.03372475219,-0.9874435663,-11.72649384
0.03372553447,-0.9882081151,-11.73465824
0.03372709903,-0.9896655083,-11.73650455
0.03373022816,-0.9922933578,-11.75328827
0.03373648643,-0.9963974357,-11.77052402
0.03374648643,-0.9997563362,-11.80341339
0.03375648643,-0.9991695881,-11.82100391
0.03376648643,-0.9946396351,-11.84265137
0.03377648643,-0.9861842394,-11.85166454
0.03378648643,-0.9738368988,-11.86665249
0.03379648643,-0.9576461911,-11.87059784
0.03380648643,-0.9376761317,-11.88161373
0.03381648643,-0.914005518,-11.88255119
0.03382648643,-0.8867276907,-11.89117718
0.03382773643,-0.8830695152,-11.88948917
0.03382774268,-0.8830510974,-2.718132973
0.03382775518,-0.8830142617,8.49683094
0.03382776219,-0.8829935789,10.1874342
0.03382776717,-0.8829788566,10.80397987
0.03382777449,-0.8829572797,11.29628944
0.03382778623,-0.8829226494,11.60743141
0.03382780151,-0.8828775883,11.6992712
0.03382782285,-0.8828145862,11.7130785
0.03382785513,-0.8827193379,11.71256065
0.03382791969,-0.8825286031,11.71305752
0.03382804881,-0.8821468353,11.71353054
0.03382830706,-0.8813814521,11.71480656
0.03382882354,-0.8798437715,11.71706104
0.03382985652,-0.8767406344,11.72172832
0.03383192247,-0.8704236746,11.73047352
0.03383605437,-0.8573508859,11.74687862
0.03384431816,-0.8294810057,11.77484226
0.03385431816,-0.7927734852,11.80196857
0.03386431816,-0.7529373169,11.82300949
0.03387431816,-0.7101296186,11.83964252
0.03388431816,-0.6645193696,11.85262108
0.03389431816,-0.6162865162,11.86305141
0.03390431816,-0.5656214952,11.87125397
0.03391431816,-0.5127242208,11.8779974
0.03391556816,-0.5059654117,11.87868881
0.03391588066,-0.5042708516,11.87886906
0.03391650566,-0.5008758307,11.87922859
0.03391666191,-0.5000258684,11.87931728
0.03391697441,-0.4983244836,11.87949467
0.03391708787,-0.4977063239,-8.235393524
0.0339171564,-0.4973327816,-13.6544733
0.03391721325,-0.4970228672,-10.78416729
0.0339172371,-0.4968928099,-11.81321812
0.0339172601,-0.4967674017,-11.71605682
0.03391728437,-0.4966350794,-11.72394371
0.03391731166,-0.4964862466,-11.72320747
0.03391736623,-0.4961885512,-11.72362328
0.03391747539,-0.4955929816,-11.72400665
0.0339176937,-0.4944010973,-11.72503281
0.03391813033,-0.4920145869,-11.72686291
0.03391900358,-0.4872304499,-11.73064232
0.03392075009,-0.4776183367,-11.73778534
0.0339242431,-0.458222717,-11.75131226
0.03393122913,-0.4187788367,-11.7748909
0.03394122913,-0.360933125,-11.80230331
0.03395122913,-0.3016629815,-11.82349014
0.03396122913,-0.2412023246,-11.84009266
0.03397122913,-0.1797897518,-11.85297966
0.03398122913,-0.1176676229,-11.8632021
0.03399122913,-0.0550811179,-11.87118244
0.03400122913,0.007722768467,-11.87762547
0.03401122913,0.07049617916,-11.88269138
0.03401247913,0.0783283636,-11.88327408
0.03401497913,0.0939777568,-11.88435841
0.03401560413,0.09788663685,-11.88461876
0.03401560725,0.09790617228,-6.193213463
0.0340156135,0.09794525802,2.444706202
0.034015626,0.09802341461,9.650917053
0.03401563141,0.0980572477,10.5423975
0.03401563893,0.09810427576,11.19232845
0.03401564626,0.09815007448,11.47720623
0.03401566091,0.09824167937,11.68216801
0.03401567743,0.09834498167,11.71428108
0.03401570705,0.09853019565,11.71808338
0.03401574783,0.09878515452,11.7174387
0.03401582938,0.09929505736,11.71815681
0.03401599249,0.1003147885,11.71866417
0.03401631871,0.1023539305,11.72033215
0.03401697115,0.1064309105,11.72306538
0.03401827602,0.1145794392,11.72891426
0.03402088577,0.1308528483,11.73956013
0.03402610527,0.1632897407,11.75933647
0.03403418055,0.2131156176,11.78490448
0.03404157753,0.2582780123,11.80446339
0.03404989641,0.3083979487,11.82227325
0.03405868503,0.3604300916,11.83784103
0.03406868503,0.4182890058,11.85168457
0.03407868503,0.4744971097,11.86290169
0.03408868503,0.5288326144,11.87153053
0.03409868503,0.5810810328,11.87872028
0.03410868503,0.6310361624,11.88423443
0.03410993503,0.6371093988,11.88493061
0.03411243503,0.6491376162,11.88613987
0.03411244508,0.6491855979,-0.04288695753
0.03411246518,0.6492816806,-11.84239388
0.0341124722,0.649315238,-11.77572823
0.0341124783,0.6493443847,-11.74731445
0.0341124866,0.6493840218,-11.72857666
0.03411250319,0.6494632959,-11.71687603
0.03411253638,0.6496218443,-11.71565533
0.03411260275,0.6499388218,-11.71638489
0.03411273549,0.6505724788,-11.71671867
0.03411300098,0.6518384218,-11.71811676
0.03411353197,0.6543648839,-11.72028351
0.03411459393,0.6593958735,-11.72507286
0.03411671785,0.6693695784,-11.73375988
0.0341209657,0.6889576316,-11.75028324
0.03412946139,0.7266478539,-11.77805042
0.03413946139,0.7683516741,-11.80430412
0.03414946139,0.8070231676,-11.82445526
0.03415946139,0.8425097466,-11.84051323
0.03416946139,0.87467134,-11.85283852
0.03417946139,0.90338099,-11.86287975
0.03418946139,0.9285253882,-11.87058067
0.03419946139,0.9500052929,-11.87705803
0.03420071139,0.9524282813,-11.87766361
0.03420102389,0.9530248046,-11.87783337
0.03420164889,0.9542069435,-11.87817287
0.03420180514,0.9545001388,-11.8782568
0.03420211764,0.955083847,-11.87842369
0.0342022311,0.9552948475,8.236468315
0.03420229963,0.9554221034,13.65555
0.03420235648,0.9555274844,10.78521729
0.03420238034,0.9555716515,11.81432629
0.03420240334,0.9556142688,11.71713161
0.0342024276,0.9556591511,11.72502518
0.03420245489,0.9557096362,11.72428894
0.03420250947,0.9558104873,11.72470665
0.03420261864,0.956011951,11.72509384
0.03420283696,0.9564133883,11.72612667
0.03420327361,0.957210958,11.72797012
0.03420414691,0.958784461,11.73177814
0.0342058935,0.9618448019,11.73897362
0.03420938669,0.967617631,11.75260544
0.03421637308,0.9777624011,11.77637768
0.03422637308,0.9890011549,11.80403519
0.03423637308,0.9963368177,11.82543755
0.03424637308,0.9997403622,11.84222603
0.03425637308,0.9991983771,11.85527515
0.03426637308,0.9947130084,11.86563492
0.03427637308,0.9863020182,11.87373066
0.03428637308,0.973998487,11.8802681
0.03429637308,0.9578510523,11.88540936
0.03430637308,0.9379233718,11.88965511
0.0343064137,0.9378348589,-7.112408161
0.03430649495,0.9376575351,-14.51940155
0.03430652238,0.9375976324,-11.25022697
0.03430653875,0.9375618696,-11.67038918
0.03430655376,0.9375290275,-11.70713234
0.03430657025,0.9374929667,-11.71239567
0.03430660323,0.937420845,-11.71317387
0.03430666919,0.9372764826,-11.71328163
0.0343068011,0.9369872212,-11.71400452
0.03430706493,0.9364067912,-11.71511269
0.03430759259,0.9352382421,-11.71757793
0.03430864792,0.9328702688,-11.72216511
0.03431075856,0.9280113578,-11.73121071
0.03431497985,0.9178048968,-11.74770451
0.03432342244,0.8954626918,-11.77614212
0.03433270288,0.8679992557,-11.80105877
0.03434270288,0.8351068497,-11.82236767
0.03435270288,0.7989186645,-11.83893967
0.03436270288,0.7595775127,-11.85213375
0.03437270288,0.717238605,-11.86246586
0.03438270288,0.6720691323,-11.87085342
0.03439270288,0.6242473125,-11.8774786
0.03439395288,0.6180924177,-11.87824631
0.03439426538,0.6165477037,-11.87842751
0.03439489038,0.6134511828,-11.87878895
0.03439504663,0.6126755476,-11.87887764
0.03439516537,0.6120857,8.369202614
0.03439521788,0.6118248105,13.2491684
0.03439525784,0.6116261482,11.20400333
0.03439527774,0.6115272045,11.72648335
0.03439530135,0.611409843,11.72329044
0.03439532423,0.6112960577,11.72368717
0.03439536081,0.6111141443,11.72382069
0.03439543398,0.6107501984,11.72415257
0.03439558031,0.6100219488,11.72478771
0.03439587297,0.6085638404,11.72606754
0.03439645829,0.6056414247,11.72858524
0.03439762894,0.5997721553,11.73352051
0.03439997022,0.5879365802,11.74294758
0.0344046528,0.5638863444,11.76021576
0.03441401795,0.5143427849,11.789217
0.03442401795,0.4594796896,11.81345558
0.03443401795,0.4028032124,11.83229542
0.03444401795,0.3445370495,11.84700298
0.03445401795,0.2849111557,11.85851955
0.03446401795,0.2241608351,11.86759567
0.03447401795,0.1625258774,11.87477684
0.03448401795,0.1002494916,11.88051224
0.03449401795,0.03757747263,11.88511562
0.0344941742,0.0365963988,11.88518143
0.0344944867,0.03463415056,11.88530922
0.03449460016,0.03392169997,-8.229598999
0.03449466869,0.03349133953,-13.64868736
0.03449472553,0.03313441202,-10.77854729
0.03449474937,0.03298468143,-11.80729294
0.03449477236,0.03284030408,-11.7103157
0.03449479662,0.03268798441,-11.71817398
0.0344948239,0.03251665831,-11.71744728
0.03449487846,0.0321740061,-11.71786976
0.03449498759,0.03148869053,-11.71827126
0.03449520584,0.0301180128,-11.71933079
0.03449564235,0.02737648971,-11.7212286
0.03449651537,0.02189284936,-11.72514057
0.0344982614,0.01092375536,-11.73254299
0.03450175345,-0.01101705618,-11.74656582
0.03450873757,-0.05487221107,-11.7710495
0.03451873757,-0.1174598485,-11.79959297
0.03452858711,-0.1786538363,-11.82144451
0.03453858711,-0.240081653,-11.83893967
0.03454858711,-0.3005619645,-11.85259819
0.03455858711,-0.3598560989,-11.86349201
0.03456858711,-0.4177300632,-11.87206364
0.03457858711,-0.4739554226,-11.87902832
0.03458858711,-0.5283102989,-11.88456059
0.03458983711,-0.5349623561,-11.88519669
0.03459014961,-0.5366202593,-11.88534927
0.0345903871,-0.5378787518,9.911605835
0.03459048759,-0.5384109616,12.93139458
0.03459057813,-0.5388903022,10.93675423
0.03459061989,-0.5391113162,11.99860859
0.03459065793,-0.5393125415,11.62857723
0.0345906981,-0.5395250916,11.74876022
0.03459073546,-0.5397227407,11.70880318
0.03459079914,-0.5400595069,11.72360516
0.03459089691,-0.540576458,11.71568584
0.03459109245,-0.5416096449,11.7226162
0.03459148354,-0.5436736941,11.71914291
0.0345922657,-0.547791779,11.72734261
0.03459383003,-0.5559882522,11.72929001
0.03459695869,-0.5722193122,11.74623203
0.03460321602,-0.6040118337,11.76378536
0.03461321602,-0.6528624296,11.79708195
0.03462321602,-0.6991364956,11.81502819
0.03463321602,-0.742651403,11.83695889
0.03464321602,-0.7832353711,11.84624195
0.03465321602,-0.820728302,11.86145687
0.03466321602,-0.8549821973,11.86563873
0.03467321602,-0.885861814,11.87686539
0.03467446602,-0.8894783258,11.87544346
0.03467696602,-0.896546483,11.87685776
0.03467759102,-0.8982790112,11.87722206
0.03467884102,-0.9017025232,11.87790966
0.03467915352,-0.902549684,11.87807751
0.03467977852,-0.9042336345,11.87841225
0.03467993477,-0.9046524763,11.87849522
0.03468024727,-0.9054874778,11.8786602
0.03468087227,-0.9071469903,11.87898731
0.03468087539,-0.9071552753,6.187585831
0.03468088164,-0.9071717858,-2.450329304
0.03468089414,-0.9072048068,-9.656540871
0.03468089955,-0.9072191119,-10.54819775
0.03468090708,-0.9072390199,-11.198102
0.0346809144,-0.9072583318,-11.48295212
0.03468092906,-0.9072970748,-11.68783951
0.03468094558,-0.907340765,-11.71991348
0.03468097522,-0.9074189663,-11.72370243
0.03468101601,-0.9075266719,-11.72305489
0.03468109761,-0.9077419043,-11.72376537
0.03468126081,-0.9081715941,-11.72425556
0.0346815872,-0.9090281725,-11.72589111
0.03468223998,-0.9107297659,-11.72856045
0.03468354555,-0.9140869975,-11.73428249
0.03468615668,-0.9206166863,-11.74468517
0.03469137895,-0.9329310656,-11.76400661
0.03470137895,-0.9536981583,-11.79425144
0.03471137895,-0.9707014561,-11.81803131
0.03472137895,-0.9838738441,-11.83627129
0.03473137895,-0.9931633472,-11.8508234
0.03474137895,-0.9985333085,-11.86196804
0.03475137895,-0.9999624491,-11.87105465
0.03476137895,-0.9974452257,-11.87798405
0.03477137895,-0.9909915924,-11.883811
0.03478137895,-0.9806268811,-11.88821793
0.03478262895,-0.9790582061,-11.88879395
0.03478294145,-0.97865659,-11.88891888
0.03478356645,-0.9778420329,-11.88916397
0.03478481645,-0.9761676788,-11.88964653
0.0347848227,-0.9761591554,-2.718429327
0.0347848352,-0.9761421084,8.49646759
0.03478484222,-0.9761325717,10.18716526
0.0347848472,-0.9761257172,10.80374146
0.03478485451,-0.9761157632,11.2960825
0.03478486625,-0.9760997295,11.60724163
0.03478488154,-0.9760788679,11.69909286
0.03478490287,-0.9760497212,11.71290398
0.03478493515,-0.9760055542,11.71238613
0.03478499971,-0.9759171605,11.71288204
0.03478512883,-0.9757398963,11.71335411
0.03478538706,-0.9753833413,11.71462822
0.03478590352,-0.9746626616,11.71687889
0.03478693645,-0.9731904268,11.72153759
0.0347890023,-0.9701231122,11.73026752
0.034793134,-0.9634985924,11.74664211
0.03480005211,-0.9509552717,11.77035904
0.0348075207,-0.9353980422,11.79188633
0.0348173011,-0.911916852,11.81455135
0.0348273011,-0.8843497038,11.83287525
0.0348373011,-0.8532924652,11.84714985
0.0348473011,-0.8188676834,11.85857391
0.0348573011,-0.7812111974,11.86754131
0.0348673011,-0.7404716015,11.87487316
0.0348685511,-0.7351702452,11.87562656
0.0348710511,-0.7244318724,11.87716675
0.0348716761,-0.7217192054,11.87753677
0.0348729261,-0.716260612,11.87826824
0.0348732386,-0.7148889899,11.87844753
0.03487347608,-0.7138448358,-9.918485641
0.03487357658,-0.7134025097,-12.93826675
0.03487366712,-0.7130037546,-10.94361687
0.03487370889,-0.7128196955,-12.00555038
0.03487374694,-0.7126520276,-11.63536263
0.03487378712,-0.7124748826,-11.75565052
0.0348738245,-0.7123100758,-11.7156353
0.0348738882,-0.7120290995,-11.73045921
0.03487398599,-0.7115975618,-11.72251511
0.03487418156,-0.7107336521,-11.72944069
0.03487457269,-0.7090027332,-11.72592354
0.03487535497,-0.7055279613,-11.73406601
0.03487691951,-0.6985273957,-11.73587322
0.03488004861,-0.6843244433,-11.75257874
0.0348863068,-0.6551305652,-11.76966953
0.0348963068,-0.6063985825,-11.80234909
0.0349063068,-0.5552734733,-11.81975842
0.0349163068,-0.5019568801,-11.84124565
0.0349263068,-0.4466593266,-11.8501215
0.0349363068,-0.3895990252,-11.86498833
0.0349463068,-0.3310011327,-11.86883259
0.0349563068,-0.2710969448,-11.8797617
0.0349663068,-0.2101228386,-11.88062859
0.0349675568,-0.2024378031,-11.883358
0.0349700568,-0.1870307177,-11.88449764
0.0349706818,-0.1831716001,-11.88474655
0.0349719318,-0.1754449308,-11.88527107
0.0349722443,-0.1735115498,-11.88539982
0.0349728693,-0.1696427912,-11.8856554
0.03497302555,-0.1686751992,-11.88571835
0.03497333805,-0.1667395085,-11.88584423
0.03497396305,-0.1628662199,-11.88609409
0.03497396618,-0.1628468484,-6.19468832
0.03497397243,-0.1628081053,2.443231821
0.03497398493,-0.1627306044,9.649442673
0.03497399034,-0.1626970768,10.54087639
0.03497399786,-0.1626504511,11.19081497
0.03497400518,-0.1626050323,11.47570038
0.03497401983,-0.1625142246,11.68068123
0.03497403635,-0.1624117941,11.71280384
0.03497406597,-0.1622281671,11.71661091
0.03497410674,-0.1619753838,11.71596622
0.03497418828,-0.1614697725,11.71668625
0.03497435137,-0.1604584306,11.71719551
0.03497467754,-0.1584352553,11.71887016
0.03497532989,-0.1543868929,11.72161579
0.03497663458,-0.1462824494,11.72748947
0.03497924397,-0.1300446391,11.73818207
0.03498446274,-0.09746851772,11.75804424
0.03499446274,-0.03478463367,11.78921318
0.03500446274,0.02803652547,11.81376839
0.03501446274,0.09074703604,11.83267021
0.03502446274,0.1530994177,11.84779739
0.03503446274,0.2148475796,11.85944843
0.03504446274,0.2757478356,11.86898899
0.03505446274,0.335559845,11.87633133
0.03506446274,0.3940475583,11.8825388
0.03506571274,0.4012538195,11.88312054
0.03506821274,0.4155917168,11.88440609
0.03506883774,0.4191603065,11.88471603
0.03506899399,0.4200514257,11.88479328
0.03506911273,0.4207283854,-8.363296509
0.03506916524,0.4210276604,-13.24326611
0.03506920519,0.4212553799,-11.19825459
0.03506922509,0.4213687181,-11.72050571
0.03506924869,0.4215031862,-11.71740246
0.03506927156,0.4216335416,-11.71779251
0.03506930814,0.4218419194,-11.71792984
0.03506938129,0.4222586155,-11.71826649
0.0350695276,0.4230917096,-11.71891308
0.03506982021,0.4247568846,-11.72021484
0.03507040543,0.4280828536,-11.72277641
0.03507157588,0.4347174466,-11.72779846
0.03507391677,0.4479157031,-11.73739243
0.03507859855,0.4740187228,-11.75497055
0.03508796211,0.5249720216,-11.78451729
0.03509796211,0.5773783922,-11.80924797
0.03510796211,0.6275060177,-11.82850456
0.03511796211,0.675157249,-11.84357357
0.03512796211,0.7201439142,-11.85541058
0.03513796211,0.7622884512,-11.86477757
0.03514796211,0.8014246225,-11.87222767
0.03515796211,0.837397933,-11.87821579
0.03515921211,0.8416650295,-11.87886524
0.03515952461,0.8427236676,-11.87902641
0.03516014961,0.8448312879,-11.8793478
0.03516030586,0.8453561068,-11.87942791
0.03516061836,0.84640342,-11.87958622
0.03516073182,0.8467828035,8.235309601
0.03516080035,0.8470118046,13.6543932
0.0351608572,0.8472015858,10.7840929
0.03516088105,0.8472812176,11.81314087
0.03516090405,0.8473579884,11.71598244
0.03516092832,0.8474389315,11.72387028
0.03516095561,0.8475299478,11.72313595
0.03516101018,0.8477118611,11.72355556
0.03516111934,0.8480755091,11.72394562
0.03516133765,0.8488015532,11.72498417
0.03516177428,0.8502488136,11.72684002
0.03516264753,0.8531241417,11.73067093
0.03516439403,0.8587976694,11.73791218
0.03516788703,0.8698337674,11.75163078
0.03517487303,0.8906440735,11.77556038
0.03518487303,0.9174374938,11.80341244
0.03519487303,0.94061023,11.82497692
0.03520487303,0.9600707889,11.84190369
0.03521487303,0.9757423997,11.85507107
0.03522487303,0.9875632524,11.86553478
0.03523487303,0.9954865575,11.87372208
0.03524487303,0.9994812012,11.88033962
0.03525487303,0.9995313287,11.88555241
0.03525612303,0.9992600679,11.88615131
0.03525862303,0.9985325933,11.88726711
0.03526362303,0.9963389039,11.88933277
0.03526377928,0.9962545037,11.88939381
0.03526409178,0.9960827827,11.88951588
0.03526420524,0.9960194826,-8.225394249
0.03526427377,0.9959810376,-13.64448452
0.0352643306,0.9959489703,-10.77445889
0.03526435444,0.9959354997,-11.80297947
0.03526437742,0.9959225059,-11.7061348
0.03526440167,0.9959087372,-11.71397018
0.03526442895,0.99589324,-11.7132473
0.0352644835,0.9958621264,-11.71367073
0.03526459261,0.9957996011,-11.71407413
0.03526481082,0.99567312,-11.71513748
0.03526524724,0.9954145551,-11.71704292
0.03526612008,0.9948750138,-11.72097111
0.03526786576,0.9937061667,-11.72840309
0.03527135712,0.9910099506,-11.74248028
0.03527532262,0.9873692393,-11.75692272
0.0352794023,0.9829840064,-11.77045345
0.03528357564,0.9778299332,-11.78283024
0.03528948752,0.9693789482,-11.79843235
0.035297971,0.9549186826,-11.8171072
0.035307971,0.9343938828,-11.83480835
0.035317971,0.9101814628,-11.8486414
0.035327971,0.8823769689,-11.85968304
0.035337971,0.8510901928,-11.86839199
0.035347971,0.8164445162,-11.87548351
0.035349221,0.811884284,-11.87622452
0.035351721,0.802613914,-11.87771893
0.035352346,0.8002652526,-11.87807846
0.03535234912,0.8002535105,-6.18667841
0.03535235537,0.8002299666,2.451234818
0.03535236787,0.8001828194,9.657445908
0.03535237328,0.8001624346,10.54913235
0.0353523808,0.8001341224,11.19903183
0.03535238813,0.8001064658,11.48387718
0.03535240279,0.8000512719,11.68875313
0.03535241931,0.7999889255,11.72082043
0.03535244895,0.7998772264,11.72460556
0.03535248975,0.7997233272,11.72395611
0.03535257135,0.7994154096,11.72466183
0.03535273456,0.7987988591,11.72514343
0.03535306098,0.797563374,11.72676182
0.03535371382,0.7950822115,11.72939491
0.0353550195,0.7900798917,11.73504829
0.03535763086,0.779916048,11.74531651
0.03536285357,0.7589613199,11.76438904
0.03537285357,0.7165785432,11.79420662
0.03538285357,0.6713677645,11.81762218
0.03539285357,0.6235073805,11.83555031
0.03540285357,0.5731862783,11.84983253
0.03541285357,0.5206031203,11.86074352
0.03542285357,0.4659653604,11.86962605
0.03543285357,0.4094886482,11.87637997
0.03544285357,0.3513958752,11.88205338
0.03545285357,0.291916281,11.8863306
0.03545300982,0.2909771502,11.88646603
0.03545332232,0.2890980542,11.88659763
0.03545343577,0.2884155512,-8.228323936
0.03545350431,0.2880032361,-13.64740086
0.03545356114,0.2876612246,-10.77730083
0.03545358498,0.2875177562,-11.80597878
0.03545360797,0.2873794138,-11.70904064
0.03545363223,0.2872334421,-11.7168932
0.03545365951,0.2870692611,-11.71616745
0.03545371407,0.2867408395,-11.71659088
0.03545382319,0.2860839665,-11.71699429
0.03545404143,0.2847697437,-11.71805668
0.03545447791,0.2821397483,-11.71996021
0.03545535087,0.2768733799,-11.72388554
0.0354570968,0.2663158178,-11.73131275
0.03546058865,0.2451058179,-11.74538136
0.03546757235,0.2023421377,-11.76995087
0.03547757235,0.140451178,-11.7986002
0.03548757235,0.07800590992,-11.82084084
0.03549757235,0.01525279414,-11.8383503
0.03550757235,-0.04756052047,-11.85202885
0.03551757235,-0.1101861298,-11.86294842
0.03552757235,-0.172376886,-11.87155056
0.03553757235,-0.2338873595,-11.87854862
0.03553882235,-0.2415162027,-11.87927818
0.03554132235,-0.2567287385,-11.8807497
0.03554632235,-0.2869600356,-11.88347912
0.0355464786,-0.2879003584,-11.88356018
0.0355467911,-0.2897801697,-11.8837204
0.03554690455,-0.2904623747,8.231174469
0.03554697309,-0.2908743918,13.65025711
0.03554702993,-0.2912160754,10.7800684
0.03554705377,-0.2913593948,11.80889511
0.03554707677,-0.2914975882,11.71186638
0.03554710103,-0.2916433811,11.71973133
0.03554712831,-0.2918073535,11.71899986
0.03554718288,-0.2921352684,11.71941757
0.03554729201,-0.2927910089,11.71980762
0.03554751028,-0.2941020727,11.72084427
0.03554794682,-0.2967225015,11.7226963
0.0355488199,-0.3019566834,11.72652054
0.03555056606,-0.3123975992,11.73374844
0.03555405837,-0.3331653774,11.74743748
0.03556104301,-0.3742097914,11.77131176
0.03557104301,-0.4316998124,11.79909134
0.03558104301,-0.4874860644,11.82059097
0.03559104301,-0.5413484573,11.83746243
0.03560104301,-0.5930743814,11.85058975
0.03561104301,-0.6424597502,11.86102867
0.03562104301,-0.689309597,11.86920929
0.03563104301,-0.7334390283,11.87584114
0.03563229301,-0.7387551665,11.87652779
0.03563479301,-0.7492503524,11.87791634
0.03563541801,-0.7518453598,11.87825012
0.03563666801,-0.7570005655,11.87890911
0.03563916801,-0.7671705484,11.88017654
0.03563917806,-0.7672110796,-0.04884908348
0.03563919816,-0.7672920227,-11.84835529
0.03563920518,-0.7673203349,-11.78167725
0.03563921128,-0.767344892,-11.75326443
0.03563921958,-0.7673783302,-11.73453045
0.03563923617,-0.7674452066,-11.72283459
0.03563926937,-0.7675788999,-11.72161579
0.03563933575,-0.7678462267,-11.72234344
0.03563946853,-0.7683804035,-11.72267437
0.03563973408,-0.7694471478,-11.72406673
0.03564026518,-0.7715741992,-11.72622204
0.03564132737,-0.7758025527,-11.7309885
0.03564345176,-0.7841554284,-11.73963356
0.03564770055,-0.8004406095,-11.75607872
0.03565619812,-0.8312884569,-11.78371525
0.03566619812,-0.8645496964,-11.8098402
0.03567619812,-0.8943988681,-11.82988739
0.03568619812,-0.9207183123,-11.84585285
0.03569619812,-0.9434040785,-11.85808945
0.03570619812,-0.9623667002,-11.86803818
0.03571619812,-0.9775312543,-11.87563896
0.03572619812,-0.9888379574,-11.88200378
0.03573619812,-0.9962422252,-11.88683128
0.03573744812,-0.9968916774,-11.88745594
0.03573994812,-0.9980062246,-11.88851643
0.03574057312,-0.9982463717,-11.88877106
0.03574182312,-0.9986804724,-11.8892746
0.03574213562,-0.9987794161,-11.88939762
0.03574237311,-0.9988520145,9.907579422
0.0357424736,-0.9988820553,12.92737579
0.03574256415,-0.9989087582,10.93274307
0.0357426059,-0.9989209771,11.99455357
0.03574264392,-0.9989320636,11.62461567
0.03574268409,-0.9989436865,11.74473858
0.03574272144,-0.9989544749,11.70481682
0.03574278511,-0.9989726543,11.71960735
0.03574288287,-0.9990003109,11.71170807
0.0357430784,-0.9990544915,11.718647
0.03574346945,-0.9991582632,11.71521568
0.03574425155,-0.999347806,11.72347641
0.03574581576,-0.9996544123,11.7255621
0.03574894417,-0.9999780059,11.74275303
0.03575520098,-0.9994661212,11.76077843
0.03576363361,-0.9963331819,11.79053593
0.03577176619,-0.9906627536,11.8059063
0.03578076196,-0.9813789129,11.82810879
0.03579076196,-0.9673814774,11.83941078
0.03580076196,-0.9495661855,11.85619831
0.03581076196,-0.9280034304,11.86165905
0.03582076196,-0.9027782679,11.87388802
0.03582201196,-0.8993723989,11.87258339
0.03582451196,-0.8923944831,11.87421322
0.03582951196,-0.8777798414,11.87732697
0.03582966821,-0.8773090839,11.87740231
0.03582998071,-0.8763650656,11.8775816
0.03583009416,-0.8760215044,-8.23730278
0.03583016269,-0.8758137822,-13.65638447
0.03583021955,-0.8756412864,-10.78602505
0.0358302434,-0.8755688667,-11.81517792
0.0358302664,-0.8754990697,-11.71795654
0.03583029067,-0.8754253983,-11.72585297
0.03583031796,-0.8753424883,-11.72511482
0.03583037254,-0.8751766086,-11.72553062
0.03583048171,-0.8748445511,-11.72591305
0.03583070004,-0.8741791844,-11.72693634
0.03583113671,-0.8728436232,-11.72876072
0.03583201004,-0.8701526523,-11.73253059
0.03583375671,-0.8646922708,-11.73965263
0.03583725003,-0.8534597158,-11.75314236
0.03584423669,-0.8297668099,-11.77665615
0.03585423669,-0.7930854559,-11.80399132
0.03586423669,-0.7532740831,-11.82511806
0.03587423669,-0.7104899287,-11.84167099
0.03588423669,-0.664901793,-11.85451508
0.03589423669,-0.6166895628,-11.86469936
0.03590423669,-0.5660436153,-11.87264252
0.03591423669,-0.5131636858,-11.87904739
0.03592423669,-0.4582585394,-11.88407326
0.03592548669,-0.4512637258,-11.88465118
0.03592798669,-0.4371909797,-11.88572502
0.03592861169,-0.4336557984,-11.88598251
0.03592986169,-0.4265654385,-11.88649178
0.03593017419,-0.4247887433,-11.88661671
0.03593079919,-0.4212304056,-11.88686466
0.03593204919,-0.4140942693,-11.88735104
0.03593205544,-0.4140585363,-2.716134548
0.03593206794,-0.4139870405,8.498762131
0.03593207495,-0.4139469266,10.18957806
0.03593207994,-0.4139184058,10.8061533
0.03593208725,-0.4138765931,11.29846478
0.035932099,-0.4138094187,11.60957718
0.03593211428,-0.4137219787,11.7013998
0.03593213562,-0.4135999084,11.71519947
0.0359321679,-0.4134152234,11.71468067
0.03593223248,-0.413045764,11.71517754
0.03593236162,-0.4123066366,11.71564865
0.03593261991,-0.4108276069,11.71692276
0.03593313648,-0.4078662694,11.71917152
0.03593416963,-0.4019307494,11.72382832
0.03593623592,-0.390009135,11.73255348
0.03594036851,-0.3659707308,11.74892235
0.03594863369,-0.3171700835,11.776824
0.03595863369,-0.2569956779,11.80388451
0.03596863369,-0.195806995,11.82487106
0.03597863369,-0.1338455677,11.84145832
0.03598863369,-0.07135590911,11.85439396
0.03599863369,-0.008584643714,11.86478329
0.03600863369,0.05422050133,11.87294292
0.03601863369,0.1168116629,11.87964153
0.03601988369,0.1246081963,11.88032627
0.03602238369,0.1401777118,11.88173389
0.03602300869,0.1440648437,11.88207245
0.03602425869,0.151832372,11.88274097
0.03602457119,0.1537728012,11.88290501
0.03602480868,0.1552470624,-9.914039612
0.03602490917,0.1558707803,-12.93382549
0.03602499972,0.156432718,-10.93918037
0.03602504148,0.1566918939,-12.00106335
0.03602507952,0.1569279432,-11.63097572
0.03602511969,0.1571772248,-11.75119591
0.03602515706,0.1574090868,-11.71121788
0.03602522075,0.1578042656,-11.72602654
0.03602531853,0.158410877,-11.71809769
0.03602551408,0.1596239209,-11.72502518
0.03602590518,0.1620492935,-11.72153282
0.03602668738,0.1668970883,-11.72970581
0.03602825179,0.1765804738,-11.73159122
0.03603138061,0.1958951205,-11.74842644
0.03603763824,0.2342898399,-11.76577187
0.03604763824,0.2948703766,-11.79878807
0.03605763824,0.3542872071,-11.81649113
0.03606763824,0.4123058319,-11.83821964
0.03607763824,0.4686972499,-11.8473196
0.03608763824,0.5232389569,-11.86237812
0.03609763824,0.575715661,-11.86641216
0.03610763824,0.6259202957,-11.87751007
0.03611763824,0.6736546755,-11.87855244
0.03611779449,0.6743798852,-11.88067532
0.03611810699,0.6758283973,10.32384682
0.03611819316,0.6762273908,12.60002041
0.03611827912,0.6766251922,11.17108727
0.03611832343,0.6768301725,11.9347086
0.03611836817,0.6770370603,11.63997269
0.03611841426,0.6772502065,11.75602245
0.03611846169,0.6774694324,11.7092886
0.03611853897,0.6778265238,11.73153782
0.03611865323,0.6783541441,11.7181139
0.03611887181,0.6793625951,11.72966194
0.03611930898,0.6813756227,11.72236633
0.0361201833,0.6853861809,11.73474693
0.03612193194,0.6933452487,11.73372746
0.03612542923,0.7090112567,11.75557518
0.03613242382,0.7393088341,11.77146053
0.03614242382,0.780131042,11.80731964
0.03615242382,0.817874372,11.82090473
0.03616242382,0.8523899317,11.84580612
0.03617242382,0.8835415244,11.85107994
0.03618242382,0.9112061858,11.86947155
0.03619242382,0.9352747202,11.86983776
0.03620242382,0.9556521773,11.88433075
0.03621242382,0.972258091,11.88178921
0.03621367382,0.9740651846,11.88625622
0.03621617382,0.9774990678,11.88744354
0.03621679882,0.9783198833,11.88768578
0.03621804882,0.9799162745,11.88821983
0.03621836132,0.9803059101,11.88835144
0.03621898632,0.9810738564,11.88861275
0.03622023632,0.9825643897,11.88912392
0.03622024257,0.9825717211,2.717909575
0.03622025507,0.9825862646,-8.496986389
0.03622026208,0.9825944901,-10.18771172
0.03622026706,0.9826002717,-10.80428886
0.03622027437,0.9826088548,-11.29662228
0.03622028612,0.9826225042,-11.60777092
0.0362203014,0.982640326,-11.69961643
0.03622032274,0.9826651812,-11.71342373
0.03622035502,0.9827027917,-11.71290493
0.03622041958,0.9827778339,-11.71339989
0.0362205487,0.9829274416,-11.71386909
0.03622080695,0.98322469,-11.71513748
0.03622132343,0.9838114381,-11.71737576
0.03622235641,0.9849538207,-11.72201061
0.03622442236,0.9871140718,-11.73069477
0.03622855426,0.990935266,-11.74698257
0.03623681807,0.9965720177,-11.7747345
0.03624681807,0.9998001456,-11.80163765
0.03625681807,0.9990825653,-11.82248688
0.03626681807,0.9944220185,-11.83895397
0.03627681807,0.9858369231,-11.85178947
0.03628681807,0.9733612537,-11.86209393
0.03629681807,0.9570441246,-11.87018776
0.03630681807,0.9369499683,-11.87683773
0.03630806807,0.934176445,-11.8775177
0.03630838057,0.9334740043,-11.87769604
0.03630861805,0.9329378009,9.919238091
0.03630871855,0.93271029,12.93902016
0.03630880909,0.9325050116,10.94437027
0.03630885086,0.9324101806,12.00631332
0.03630888891,0.9323237538,11.6361084
0.0363089291,0.9322324395,11.75640869
0.03630896648,0.9321473837,11.7163868
0.03630903018,0.9320024252,11.73121452
0.03630912797,0.9317795038,11.72326851
0.03630932354,0.931332767,11.73019695
0.03630971468,0.9304349422,11.7266798
0.03631049697,0.9286224842,11.73482704
0.03631206154,0.9249302745,11.73663902
0.03631519068,0.9172781706,11.75335693
0.03632144897,0.9009132385,11.77047062
0.03633144897,0.8718844652,11.80318546
0.03634144897,0.8394147754,11.8206234
0.03635144897,0.8036322594,11.84213829
0.03636144897,0.7646781802,11.85103512
0.03637144897,0.7227062583,11.86592007
0.03638144897,0.6778821945,11.86977482
0.03639144897,0.6303827763,11.88071156
0.03640144897,0.5803955793,11.88158035
0.03641144897,0.5281178355,11.89014626
0.03641160522,0.5272839069,11.88816261
0.03641191772,0.5256145,-10.31687641
0.0364120039,0.5251538157,-12.59268951
0.03641208983,0.5246942043,-11.16405582
0.03641213413,0.5244572759,-11.9274025
0.03641217885,0.5242179632,-11.63288975
0.03641222493,0.5239714384,-11.74880981
0.03641227234,0.5237176418,-11.70215321
0.03641234961,0.5233040452,-11.72436905
0.03641246386,0.5226921439,-11.71098423
0.03641268248,0.5215206146,-11.72253513
0.03641311973,0.5191745758,-11.71530151
0.03641399421,0.5144706964,-11.72775555
0.03641574319,0.5050165653,-11.72692585
0.03641924113,0.4859265089,-11.74908829
0.03642623702,0.4470515549,-11.76558399
0.03643623702,0.3900027871,-11.80214977
0.03644623702,0.3314148188,-11.81635952
0.03645623702,0.2715189159,-11.84177017
0.03646623702,0.2105514705,-11.84751797
0.03647623702,0.1487530619,-11.8663063
0.03648623702,0.08636759967,-11.86706161
0.03649623702,0.02364128269,-11.88188744
0.03649748702,0.01578884758,-11.87874794
0.03649998702,8.154073294e-05,-11.88016319
0.03650061202,-0.003845440689,-11.88054848
0.03650186202,-0.01169916522,-11.88125038
0.03650217452,-0.01366250217,-11.88142204
0.03650279952,-0.0175890103,-11.88176346
0.03650295577,-0.01857059821,-11.88184834
0.03650326827,-0.02053371817,-11.88201714
0.03650389327,-0.02445971221,-11.88235092
0.0365038964,-0.02447934076,-6.190949917
0.03650390265,-0.02451859973,2.446965218
0.03650391515,-0.02459711581,9.653176308
0.03650392056,-0.02463109978,10.54472828
0.03650392808,-0.02467834391,11.1946497
0.03650393541,-0.02472435869,11.47951603
0.03650395006,-0.02481639013,11.68444729
0.03650396658,-0.02492017671,11.7165432
0.03650399621,-0.02510626055,11.72033882
0.03650403699,-0.02536244504,11.71968937
0.03650411856,-0.02587480843,11.7203989
0.03650428171,-0.02689951472,11.72088718
0.03650460799,-0.02894883975,11.72251892
0.03650526057,-0.03304711729,11.72517967
0.03650656572,-0.04124194011,11.73088551
0.03650917602,-0.05762271211,11.74125385
0.03651439662,-0.09033335,11.7605114
0.03652439662,-0.1526889056,11.79064751
0.03653439662,-0.2144418657,11.81432533
0.03654439662,-0.2753485143,11.83247471
0.03655439662,-0.3351685107,11.84694958
0.03656439662,-0.393665731,11.85803318
0.03657439662,-0.4506093264,11.86707497
0.03658439662,-0.5057746172,11.87398052
0.03659439662,-0.5589438081,11.8798008
0.03659564662,-0.5654390454,11.88033772
0.03659814662,-0.5783245564,11.88153553
0.03659815667,-0.5783760548,-0.04749023542
0.03659817677,-0.5784790516,-11.84699631
0.0365981838,-0.5785150528,-11.78032112
0.0365981899,-0.5785462856,-11.7519083
0.03659819819,-0.5785888433,-11.73317337
0.03659821479,-0.5786738992,-11.72147655
0.03659824798,-0.5788439512,-11.72025871
0.03659831437,-0.5791839957,-11.72098827
0.03659844713,-0.5798638463,-11.72132301
0.03659871267,-0.5812223554,-11.72272205
0.03659924374,-0.5839344263,-11.72489071
0.03660030588,-0.5893390179,-11.72968483
0.03660243017,-0.6000692844,-11.73838139
0.03660667874,-0.6212072372,-11.75492573
0.03661517588,-0.662140429,-11.78273869
0.03662517588,-0.7078877687,-11.80904198
0.03663517588,-0.7508414388,-11.82923985
0.03664517588,-0.7908318639,-11.84533501
0.03665517588,-0.827701211,-11.85768509
0.03666517588,-0.8613040447,-11.86773491
0.03667517588,-0.8915076852,-11.87542629
0.03668517588,-0.9181929827,-11.88187408
0.03669517588,-0.9412545562,-11.88677692
0.03669642588,-0.9438777566,-11.88741016
0.03669892588,-0.948949337,-11.88848877
0.03669955088,-0.9501807094,-11.88874817
0.03669955401,-0.9501868486,-6.197342396
0.03669956026,-0.9501990676,2.44057703
0.03669957276,-0.9502235651,9.646787643
0.03669957817,-0.9502341151,10.53813839
0.03669958569,-0.9502488375,11.18809128
0.03669959301,-0.9502632022,11.47298908
0.03669960766,-0.950291872,11.67800331
0.03669962418,-0.9503241777,11.710145
0.03669965379,-0.9503820539,11.71395588
0.03669969455,-0.9504616857,11.71330929
0.03669977607,-0.9506207705,11.71402836
0.03669993912,-0.9509382248,11.71453476
0.03670026521,-0.9515701532,11.71620274
0.03670091739,-0.9528219104,11.71893597
0.03670222176,-0.9552775025,11.72478485
0.03670483048,-0.959995985,11.73542976
0.03671004794,-0.96865803,11.75520134
0.03672004794,-0.9823436737,11.78621674
0.03673004794,-0.9921523929,11.81063652
0.03674004794,-0.9980456233,11.82941914
0.03675004794,-0.9999999404,11.84444618
0.03676004794,-0.9980077744,11.85601616
0.03677004794,-0.9920769334,11.86549473
0.03678004794,-0.9822307825,11.87279415
0.03678129794,-0.9807264805,11.87368298
0.03678379794,-0.9775364995,11.87526321
0.03678442294,-0.9767012596,11.87564182
0.03678567294,-0.9749856591,11.87639046
0.03678598544,-0.9745473862,11.87657452
0.03678661044,-0.9736595154,11.87693977
0.03678786044,-0.9718387723,11.87765503
0.03678786669,-0.971829474,2.706454277
0.03678787919,-0.9718109965,-8.508434296
0.03678788621,-0.9718005657,-10.19975853
0.03678789119,-0.9717931747,-10.81632805
0.03678789851,-0.9717823267,-11.30852222
0.03678791026,-0.9717649221,-11.61943054
0.03678792555,-0.9717422724,-11.71113396
0.0367879469,-0.9717105627,-11.72488117
0.03678797922,-0.971662581,-11.72435379
0.03678804385,-0.9715665579,-11.72484016
0.03678817311,-0.9713739157,-11.72528839
0.03678843163,-0.9709867835,-11.72651768
0.03678894867,-0.9702047706,-11.72867584
0.03678998275,-0.9686101079,-11.73315525
0.03679205091,-0.9652981758,-11.74153519
0.03679618723,-0.9581858516,-11.75725174
0.03680445988,-0.9420249462,-11.78398132
0.03681445988,-0.9190971255,-11.80980682
0.03682445988,-0.8925421238,-11.82974243
0.03683445988,-0.8624646068,-11.84542274
0.03684445988,-0.8289833665,-11.85756302
0.03685445988,-0.7922304869,-11.86724472
0.03686445988,-0.7523510456,-11.8747654
0.03687445988,-0.709502399,-11.88088322
0.03688445988,-0.6638537049,-11.88565063
0.03688570988,-0.6579595804,-11.8862133
0.03688820988,-0.6460499763,-11.8872385
0.03688883488,-0.6430475712,-11.88748455
0.03689008488,-0.6370130181,-11.88797092
0.03689039738,-0.6354982257,-11.88809013
0.03689102238,-0.6324612498,-11.88832664
0.03689117863,-0.6317005157,-11.88838482
0.03689149113,-0.6301771402,-11.88850212
0.03689160458,-0.6296234727,8.226409912
0.03689167312,-0.6292889118,13.64550114
0.03689172995,-0.629011333,10.77544785
0.03689175379,-0.6288948655,11.8040247
0.03689177677,-0.6287825704,11.7071476
0.03689180102,-0.6286641359,11.71498966
0.0368918283,-0.6285308003,11.71426582
0.03689188286,-0.6282641888,11.71469021
0.03689199197,-0.6277306676,11.71509552
0.03689221019,-0.6266627312,11.71616173
0.03689264663,-0.6245234013,11.7180748
0.03689351951,-0.6202306151,11.72201538
0.03689526528,-0.6115891933,11.72947407
0.03689875681,-0.594086647,11.7436018
0.03690573987,-0.5582324266,11.76827812
0.03691573987,-0.5050345659,11.79705715
0.03692573987,-0.4498435259,11.81940746
0.03693573987,-0.3928771913,11.83700752
0.03694573987,-0.3343603313,11.85076714
0.03695573987,-0.2745239437,11.86175919
0.03696573987,-0.2136040926,11.87042809
0.03697573987,-0.1518412679,11.877491
0.03697698987,-0.1440737396,11.87822819
0.03697948987,-0.1285125315,11.87971592
0.03698011487,-0.1246171221,11.88007355
0.03698136487,-0.1168205962,11.88078022
0.03698167737,-0.1148703247,11.88095379
0.03698230237,-0.1109684557,11.88129807
0.03698245862,-0.1099927127,11.8813839
0.03698277112,-0.1080409214,11.88155365
0.03698288458,-0.1073321998,-8.233337402
0.03698295311,-0.1069040745,-13.65241909
0.03698300996,-0.1065489352,-10.78216934
0.03698303381,-0.1063999459,-11.8111105
0.0369830568,-0.1062562764,-11.71401501
0.03698308106,-0.1061047092,-11.72189045
0.03698310835,-0.105934225,-11.72115612
0.03698316292,-0.1055932567,-11.72157288
0.03698327207,-0.1049112827,-11.72196007
0.03698349036,-0.1035471857,-11.72299004
0.03698392695,-0.1008184031,-11.72482967
0.03698480011,-0.0953585878,-11.72862911
0.03698654645,-0.08443051577,-11.73580837
0.03699003912,-0.06254518032,-11.74940681
0.03699702447,-0.01869471744,-11.77311325
0.03700702447,0.0441217199,-11.80068398
0.03701702447,0.106764026,-11.82200432
0.03702702447,0.1689849794,-11.83872128
0.03703702447,0.2305390388,-11.85170937
0.03704702447,0.2911832631,-11.86202335
0.03705702447,0.3506783247,-11.87008858
0.03706702447,0.4087893963,-11.87661171
0.03707702447,0.4652871788,-11.88175583
0.03707718072,0.4661559463,-11.8818531
0.03707749322,0.46789217,-11.88199997
0.03707811822,0.4713591635,-11.88228321
0.03707812134,0.4713764787,-6.190879345
0.03707812759,0.471411109,2.447038174
0.03707814009,0.4714803696,9.653248787
0.03707814551,0.4715103507,10.54480267
0.03707815303,0.4715520442,11.19472218
0.03707816035,0.4715926349,11.47958851
0.037078175,0.4716738164,11.68451881
0.03707819153,0.4717653394,11.71661568
0.03707822115,0.4719294608,11.72041321
0.03707826194,0.4721553922,11.71976757
0.03707834351,0.4726071358,11.72048283
0.03707850666,0.4735102355,11.72098446
0.03707883295,0.4753150046,11.72264099
0.03707948553,0.4789184928,11.72535133
0.03708079069,0.4861012399,11.73115444
0.03708340101,0.5003682375,11.74171352
0.03708862166,0.5284945965,11.76132774
0.03709862166,0.5807569027,11.79207039
0.03710862166,0.6307272315,11.81626892
0.03711862166,0.6782084107,11.83486462
0.03712862166,0.7230129242,11.84972668
0.03713862166,0.7649641037,11.86114216
0.03714862166,0.8038963079,11.87046909
0.03715862166,0.8396558762,11.87761497
0.03716862166,0.8721017241,11.88363934
0.03717862166,0.9011057615,11.88822746
0.03717866229,0.9012163877,-7.113747597
0.03717874354,0.901437521,-14.52070522
0.03717877096,0.901512146,-11.251544
0.03717878733,0.9015566111,-11.67171383
0.03717880234,0.9015974402,-11.70844841
0.03717881883,0.9016422629,-11.71370792
0.03717885181,0.9017318487,-11.71448421
0.03717891778,0.9019109607,-11.71458912
0.0371790497,0.9022686481,-11.71530533
0.03717931354,0.9029821754,-11.7164011
0.03717984123,0.9044018388,-11.71883965
0.03718089662,0.9072113633,-11.72337627
0.03718300738,0.9127105474,-11.73232174
0.03718722891,0.9232263565,-11.74862766
0.03719567196,0.942302525,-11.77672672
0.03720567196,0.9614630342,-11.80302048
0.03721567196,0.976829052,-11.82365513
0.03722567196,0.9883400202,-11.83968067
0.03723567196,0.9959504008,-11.85242844
0.03724567196,0.9996302724,-11.86239243
0.03725567196,0.9993650317,-11.87047482
0.03726567196,0.9951557517,-11.87684631
0.03726692196,0.9943529367,-11.87758446
0.03726723446,0.9941426516,-11.87775993
0.03726747194,0.9939802885,9.919177055
0.03726757244,0.9939109087,12.93896008
0.03726766298,0.9938480854,10.9443121
0.03726770475,0.9938189387,12.0062542
0.0372677428,0.9937924147,11.63605118
0.03726778298,0.9937642813,11.75635052
0.03726782036,0.9937380552,11.71633053
0.03726788407,0.9936932325,11.73115826
0.03726798185,0.9936241508,11.7232132
0.03726817743,0.9934848547,11.73014355
0.03726856857,0.9932017922,11.72663116
0.03726935085,0.9926176667,11.73478699
0.03727091542,0.9913774133,11.73661709
0.03727404456,0.9886096716,11.75336838
0.03728030284,0.9819289446,11.7705431
0.03729030284,0.9681081772,11.80334473
0.03730030284,0.9504668117,11.82085609
0.03731030284,0.929074347,11.84243393
0.03732030284,0.9040152431,11.85138416
0.03733030284,0.8753883839,11.86631584
0.03734030284,0.8433068395,11.87021065
0.03735030284,0.8078970909,11.88118172
0.03736030284,0.7692989707,11.88207817
0.03737030284,0.7276647091,11.89066696
0.03737045909,0.7269909978,11.88868427
0.03737077159,0.7256413698,11.8885603
0.03737139659,0.7229337096,11.88901234
0.03737139972,0.7229201198,6.197591305
0.03737140597,0.7228929996,-2.440357924
0.03737141847,0.7228387594,-9.646606445
0.03737142388,0.7228152752,-10.5379591
0.0373714314,0.7227826118,-11.18792152
0.03737143872,0.722750783,-11.4728241
0.03737145337,0.7226871848,-11.677845
0.03737146989,0.7226154208,-11.70998859
0.0373714995,0.7224868536,-11.71380138
0.03737154026,0.7223097086,-11.7131567
0.03737162178,0.7219554186,-11.71387959
0.03737178482,0.7212461829,-11.71439266
0.0373721109,0.7198255062,-11.7160759
0.03737276307,0.7169750333,-11.71883774
0.0373740674,0.7112380862,-11.72474194
0.03737667606,0.6996212006,-11.73549366
0.03738189338,0.6758267283,-11.75546741
0.03739189338,0.62821275,-11.78682804
0.03740189338,0.5781194568,-11.81154156
0.03741189338,0.525744617,-11.8305788
0.03742189338,0.4712948799,-11.84582424
0.03743189338,0.4149851799,-11.85758209
0.03744189338,0.3570377231,-11.86722279
0.03745189338,0.2976812124,-11.87466145
0.03746189338,0.2371498644,-11.88096237
0.037461934,0.2369018793,7.121130466
0.03746201525,0.2364058793,14.52813339
0.03746204268,0.2362384349,11.25894642
0.03746205905,0.236138463,11.67917633
0.03746207407,0.2360467762,11.71586418
0.03746209057,0.2359460592,11.72110939
0.03746212356,0.2357446253,11.72187805
0.03746218954,0.2353417128,11.72197533
0.0374623215,0.2345357835,11.72267532
0.03746258542,0.2329234332,11.72373867
0.03746311327,0.2296968102,11.72611332
0.03746416897,0.2232360393,11.73052406
0.03746628036,0.2102852911,11.73922443
0.03747050314,0.1842750609,11.75507069
0.0374789487,0.1318838596,11.78234768
0.0374889487,0.06938156486,11.80780697
0.0374989487,0.006605446339,11.82773113
0.0375089487,-0.05619673803,11.84314251
0.0375189487,-0.118777141,11.85535049
0.0375289487,-0.1808887869,11.86483288
0.0375389487,-0.2422865331,11.87247753
0.0375489487,-0.3027280867,11.87844658
0.0375501987,-0.3102041483,11.87913704
0.0375526987,-0.3250983357,11.8804121
0.0375576987,-0.3546424508,11.88276958
0.03755785495,-0.3555602133,11.8828392
0.03755816745,-0.3573947251,11.88297749
0.03755828091,-0.3580604196,-8.231925011
0.03755834944,-0.3584624529,-13.65101242
0.03755840629,-0.3587958515,-10.7808075
0.03755843013,-0.358935684,-11.80967617
0.03755845313,-0.3590705395,-11.7126255
0.03755847738,-0.359212786,-11.72049618
0.03755850467,-0.3593727648,-11.71976662
0.03755855924,-0.3596927226,-11.72018814
0.03755866838,-0.360332489,-11.72058582
0.03755888666,-0.3616114855,-11.72163773
0.03755932321,-0.3641674519,-11.72352028
0.03756019632,-0.3692711592,-11.72740364
0.03756194254,-0.3794451058,-11.73474979
0.03756543499,-0.3996547163,-11.74866486
0.03757241987,-0.4394869804,-11.77295494
0.03758033438,-0.4835936725,-11.79589176
0.03758955011,-0.5334379673,-11.81738472
0.03759853983,-0.5803382993,-11.83421898
0.03760853983,-0.6303281784,-11.84900475
0.03761763306,-0.6736306548,-11.85978889
0.03762763306,-0.7187078595,-11.86919308
0.03763763306,-0.760948658,-11.87678432
0.03764763306,-0.800186336,-11.88278198
0.03765763306,-0.8362661004,-11.88773155
0.03765767369,-0.8364059925,7.114326954
0.03765775494,-0.8366857171,14.52131748
0.03765778236,-0.8367800713,11.252141
0.03765779873,-0.8368363976,11.6723175
0.03765781375,-0.8368880153,11.70904827
0.03765783024,-0.8369447589,11.71430683
0.03765786322,-0.8370581269,11.71508217
0.03765792918,-0.8372848034,11.71518612
0.03765806111,-0.8377377391,11.71590137
0.03765832496,-0.8386418819,11.71699333
0.03765885266,-0.8404432535,11.7194252
0.03765990806,-0.8440182805,11.72394753
0.03766201887,-0.8510567546,11.73286629
0.03766624049,-0.8646834493,11.74912262
0.03767468373,-0.8901026249,11.77713299
0.03768468373,-0.9169636369,11.80333614
0.03769468373,-0.9402058125,11.8238945
0.03770468373,-0.9597373605,11.83985424
0.03771468373,-0.9754813313,11.85254383
0.03772468373,-0.9873755574,11.86245823
0.03773468373,-0.9953730106,11.8704958
0.03774468373,-0.9994421601,11.87682724
0.03774593373,-0.9996736646,11.87756157
0.03774624623,-0.9997218847,11.87773514
0.03774648372,-0.9997559786,-9.919202805
0.03774658421,-0.9997696877,-12.93898582
0.03774667476,-0.9997817278,-10.94433784
0.03774671653,-0.9997872114,-12.0062809
0.03774675458,-0.999792099,-11.63607788
0.03774679476,-0.999797225,-11.75637817
0.03774683214,-0.9998019338,-11.71635723
0.03774689584,-0.9998098016,-11.73118591
0.03774699363,-0.9998216033,-11.72324085
0.0377471892,-0.9998440742,-11.73017216
0.03774758034,-0.9998844266,-11.72666073
0.03774836263,-0.9999470711,-11.73481941
0.0377499272,-0.9999998808,-11.73665524
0.03775305634,-0.9998156428,-11.75341797
0.03775931463,-0.9982878566,-11.77061367
0.03776931463,-0.9926452041,-11.80344677
0.03777931463,-0.9830850959,-11.8209877
0.03778931463,-0.9696451426,-11.84259129
0.03779931463,-0.9523784518,-11.85156631
0.03780931463,-0.9313531518,-11.86651897
0.03781931463,-0.9066522121,-11.87043381
0.03782931463,-0.8783731461,-11.88142204
0.03783931463,-0.8466275334,-11.88233471
0.03784931463,-0.8115406632,-11.89093876
0.03785056463,-0.8069266677,-11.88924789
0.03785057088,-0.8069034815,-2.717891455
0.03785058338,-0.8068570495,8.497073174
0.03785059039,-0.8068310022,10.18768787
0.03785059537,-0.8068125248,10.80423355
0.03785060269,-0.8067854047,11.29654026
0.03785061443,-0.8067417741,11.60767746
0.03785062971,-0.8066850305,11.69951344
0.03785065105,-0.8066058159,11.71331978
0.03785068333,-0.8064858913,11.71280193
0.03785074789,-0.8062459826,11.71329975
0.03785087702,-0.805765748,11.71377277
0.03785113527,-0.8048037291,11.71504974
0.03785165177,-0.8028733134,11.71730518
0.03785268476,-0.7989870906,11.72197437
0.03785475076,-0.7911138535,11.73072338
0.03785888275,-0.7749688625,11.74713707
0.03786714674,-0.7411230803,11.77511501
0.03787714674,-0.6975050569,11.80225658
0.03788714674,-0.6511342525,11.82331085
0.03789714674,-0.6021937132,11.83995438
0.03790714674,-0.5508766174,11.85294247
0.03791714674,-0.4973854721,11.86337948
0.03792714674,-0.4419313669,11.8715868
0.03793714674,-0.3847331405,11.87833309
0.03793839674,-0.377471894,11.87902451
0.03793870924,-0.3756529391,11.87920475
0.03793933424,-0.3720106781,11.87956429
0.03793949049,-0.3710992038,11.87965298
0.03793980299,-0.3692752123,11.87983036
0.03794042799,-0.3656229377,11.88018227
0.03794043111,-0.3656046689,6.188781738
0.03794043736,-0.3655681014,-2.449131966
0.03794044986,-0.3654949963,-9.655343056
0.03794045527,-0.365463376,-10.54696369
0.0379404628,-0.365419358,-11.19687366
0.03794047012,-0.3653765321,-11.48172951
0.03794048477,-0.3652908206,-11.68663311
0.0379405013,-0.3651941717,-11.71871376
0.03794053093,-0.3650208414,-11.72250462
0.03794057172,-0.3647821844,-11.72185516
0.03794065331,-0.3643048406,-11.72256184
0.03794081649,-0.3633498251,-11.7230463
0.03794114284,-0.3614386618,-11.7246685
0.03794179555,-0.3576118052,-11.72731304
0.03794310097,-0.3499400914,-11.7329855
0.03794571181,-0.3345265388,-11.7432909
0.03795093348,-0.3034335673,-11.76243019
0.03796093348,-0.2430046797,-11.79236412
0.03797093348,-0.181616798,-11.81587315
0.03798093348,-0.1195121408,-11.83387852
0.03799093348,-0.05693582445,-11.84822941
0.03800093348,0.005865189247,-11.85920143
0.03801093348,0.06864305586,-11.86814213
0.03802093348,0.1311500221,-11.87495232
0.03803093348,0.1931393892,-11.88068295
0.03803218348,0.2008394599,-11.88120842
0.03803468348,0.2162019461,-11.88238525
0.03803530848,0.2200343907,-11.8826685
0.03803655848,0.2276890129,-11.88322735
0.03803687098,0.229600504,-11.88336468
0.03803749598,0.2334208041,-11.88363647
0.03803765223,0.2343753129,-11.88370323
0.03803777097,0.2351005524,8.364395142
0.03803782348,0.2354212105,13.24436665
0.03803786344,0.2356652021,11.19932938
0.03803788333,0.2357866764,11.72162533
0.03803790693,0.2359307855,11.71850681
0.03803792981,0.236070469,11.71889973
0.03803796639,0.2362937927,11.71903992
0.03803803954,0.2367403954,11.71938038
0.03803818585,0.2376334667,11.72003651
0.03803847847,0.2394189835,11.72135639
0.03803906372,0.242987588,11.7239542
0.0380402342,0.250114888,11.72904778
0.03804257516,0.2643285394,11.73878193
0.0380472571,0.2925812304,11.75662422
0.03805456406,0.3361594677,11.78060341
0.03806025341,0.3696044683,11.79644012
0.03806469355,0.3953800201,11.80731487
0.03806998696,0.4257051349,11.81882572
0.03807514314,0.4547916651,11.82868004
0.03808193381,0.4923653901,11.83992863
0.03809065293,0.539286077,11.85193443
0.03810065293,0.5910992622,11.86299896
0.03811065293,0.6405795813,11.87177658
0.03812065293,0.6875318885,11.87880135
0.03813065293,0.7317708135,11.88445377
0.03813190293,0.737101078,11.88507175
0.03813440293,0.7476248741,11.88627434
0.03813502793,0.7502270937,11.88656425
0.03813518418,0.7508758307,11.88663578
0.03813549668,0.7521711588,11.88677979
0.03813612168,0.7547531128,11.88706493
0.0381361248,0.7547659874,6.195660591
0.03813613105,0.7547917962,-2.442257166
0.03813614355,0.7548432946,-9.648468018
0.03813614896,0.7548655868,-10.53987217
0.03813615648,0.7548965812,-11.18981647
0.0381361638,0.7549267411,-11.4747057
0.03813617845,0.7549871206,-11.67969894
0.03813619497,0.7550551891,-11.71182728
0.03813622459,0.7551771402,-11.71563435
0.03813626536,0.7553450465,-11.7149868
0.03813634689,0.7556806803,-11.71570301
0.03813650996,0.7563513517,-11.71620369
0.03813683611,0.7576902509,-11.71786022
0.03813748839,0.760358572,-11.72056866
0.03813879296,0.7656568885,-11.72637081
0.0381414021,0.7760987878,-11.73692513
0.03814662038,0.7963540554,-11.75652885
0.03815662038,0.8327602744,-11.78725624
0.03816662038,0.8658799529,-11.81143284
0.03817662038,0.8955824375,-11.83000851
0.03818662038,0.9217504263,-11.84485626
0.03819662038,0.944280684,-11.85626888
0.03820662038,0.9630843401,-11.86560726
0.03821662038,0.9780871272,-11.87278271
0.03821787038,0.9796921015,-11.87365723
0.03822037038,0.9827206731,-11.8752079
0.03822537038,0.9880497456,-11.87807465
0.03822552663,0.9882005453,-11.87815952
0.03822583913,0.988499403,10.32658482
0.03822592464,0.9885805249,12.59925175
0.03822601091,0.9886620641,11.17483044
0.03822605525,0.9887038469,11.93699837
0.03822610015,0.988746047,11.64239502
0.03822614637,0.9887894988,11.75880146
0.03822619391,0.9888340235,11.71178818
0.0382262714,0.9889065027,11.73421192
0.03822638572,0.989012897,11.72065449
0.03822660423,0.9892149568,11.73228741
0.03822704125,0.9896134138,11.72488022
0.03822791529,0.9903879762,11.73728657
0.03822966337,0.9918473959,11.73608971
0.03823315954,0.994407177,11.75781822
0.03824015188,0.9980862141,11.77327824
0.03825015188,0.9999995232,11.80878448
0.03826015188,0.9979663491,11.8219347
0.03827015188,0.9919946194,11.84659672
0.03828015188,0.9821079969,11.85152435
0.03829015188,0.9683454037,11.86974812
0.03830015188,0.950761199,11.86982632
0.03831015188,0.9294247627,11.88419724
0.03832015188,0.9044203162,11.88140869
0.03833015188,0.8758465648,11.89344692
0.0383301925,0.875723362,-7.111746311
0.03833027375,0.8754767776,-14.51999283
0.03833030118,0.8753934503,-11.25027943
0.03833031754,0.87534374,-11.67048836
0.03833033255,0.8752981424,-11.70724964
0.03833034904,0.8752480149,-11.71251678
0.03833038202,0.8751478195,-11.71329594
0.03833044797,0.8749472499,-11.7134037
0.03833057988,0.8745456338,-11.71412754
0.03833084369,0.8737405539,-11.71523666
0.03833137131,0.872123301,-11.71770382
0.03833242655,0.8688600659,-11.72229481
0.03833453703,0.8622191548,-11.73134804
0.038338758,0.8484836221,-11.74785805
0.03834719993,0.8192324042,-11.77632523
0.03835719993,0.7816078663,-11.8029995
0.03836719993,0.7408986688,-11.82395935
0.03837719993,0.6972655058,-11.84026432
0.03838719993,0.6508805752,-11.85325623
0.03839719993,0.6019269228,-11.86343193
0.03840719993,0.5505976677,-11.87170124
0.03841719993,0.4970955253,-11.87823391
0.03841844993,0.4902653992,-11.87899208
0.03841876243,0.4885531068,-11.87917137
0.03841938743,0.4851229191,-11.87952709
0.03841954368,0.484264195,-11.87961483
0.03841966242,0.4836113155,8.368466377
0.03841971493,0.4833225012,13.24843216
0.03841975489,0.4831026793,11.20328617
0.03841977479,0.4829932153,11.72573853
0.0384197984,0.4828633368,11.72255611
0.03841982128,0.482737422,11.72295189
0.03841985786,0.4825361073,11.72308636
0.03841993102,0.4821334183,11.72341824
0.03842007735,0.4813277125,11.72405434
0.03842037001,0.4797151089,11.72533607
0.03842095532,0.4764850736,11.72785759
0.03842212593,0.4700056612,11.73280239
0.03842446717,0.4569709003,11.74224567
0.03842914965,0.4306075871,11.75954247
0.0384385146,0.3767860234,11.78859425
0.0384485146,0.317879647,11.81287861
0.0384585146,0.2577187419,11.83175468
0.0384685146,0.1965407282,11.84649277
0.0384785146,0.1345870793,11.85803699
0.0384885146,0.07210226357,11.86713696
0.0384985146,0.009332891554,11.87434196
0.0385085146,-0.05347330868,11.8800993
0.0385097646,-0.06131432578,11.88072014
0.0385122646,-0.07698452473,11.88193417
0.0385172646,-0.1082640812,11.88417816
0.03851742085,-0.1092400029,11.88424492
0.03851773335,-0.1111915335,11.88437653
0.03851784681,-0.1118999571,-8.230528831
0.03851791534,-0.1123278439,-13.6496172
0.03851797218,-0.1126827151,-10.77945137
0.03851799603,-0.1128315777,-11.80824566
0.03851801902,-0.1129751205,-11.71123981
0.03851804328,-0.1131265536,-11.71910286
0.03851807056,-0.1132968739,-11.71837425
0.03851812512,-0.113637507,-11.71879768
0.03851823426,-0.1143187359,-11.71919727
0.03851845252,-0.1156810224,-11.72025394
0.03851888905,-0.1184049472,-11.72214508
0.0385197621,-0.1238501072,-11.72604656
0.03852150821,-0.1347290725,-11.73342705
0.03852500042,-0.1564370543,-11.74740791
0.03853198484,-0.1996166557,-11.77181721
0.03853946256,-0.2454177439,-11.79371452
0.03854676475,-0.2896217108,-11.81139278
0.03855465779,-0.3367140889,-11.8273468
0.03856456239,-0.3946229517,-11.84339905
0.03857456239,-0.4515388906,-11.85626602
0.03858456239,-0.5066727996,-11.86635399
0.03859456239,-0.5598071218,-11.87448406
0.03860456239,-0.6107321382,-11.88091278
0.03861456239,-0.6592468619,-11.88620853
0.03861471864,-0.6599847674,-11.88625717
0.03861503114,-0.6614586115,-11.88640022
0.0386151446,-0.6619930863,8.228495598
0.03861521313,-0.6623157859,13.64758587
0.03861526997,-0.6625832915,10.77746964
0.03861529381,-0.6626954675,11.80615425
0.0386153168,-0.6628036499,11.70921135
0.03861534105,-0.6629177332,11.717062
0.03861536833,-0.663046062,11.71633434
0.03861542289,-0.66330266,11.71675396
0.03861553201,-0.663815558,11.71714973
0.03861575025,-0.6648405194,11.71819592
0.03861618674,-0.6668866277,11.72006893
0.03861705971,-0.6709638238,11.72393131
0.03861880564,-0.6790574193,11.73123646
0.03862229752,-0.6949986219,11.74507141
0.03862928126,-0.7258698344,11.76920986
0.03863928126,-0.767626822,11.7973175
0.03864928126,-0.8063543439,11.8190937
0.03865928126,-0.8418995738,11.83620071
0.03866928126,-0.8741222024,11.84953308
0.03867928126,-0.9028950334,11.86015224
0.03868928126,-0.9281045794,11.86849594
0.03869928126,-0.9496513009,11.8752737
0.03870053126,-0.9520827532,11.87597847
0.03870303126,-0.956769228,11.87740135
0.03870365626,-0.9579039812,11.87774372
0.03870490626,-0.9601292014,11.87841988
0.03870491251,-0.9601401687,2.707215786
0.03870492501,-0.9601621032,-8.507674217
0.03870493203,-0.9601744413,-10.19895744
0.03870493702,-0.9601832032,-10.81552792
0.03870494433,-0.9601960182,-11.30773067
0.03870495608,-0.9602166414,-11.6186552
0.03870497137,-0.9602434635,-11.71036816
0.03870499272,-0.9602809548,-11.72412014
0.03870502504,-0.9603375793,-11.72359371
0.03870508966,-0.9604507089,-11.72408199
0.03870521891,-0.9606765509,-11.72453403
0.03870547742,-0.9611262679,-11.72577095
0.03870599442,-0.9620180726,-11.72794533
0.03870702843,-0.9637713432,-11.73245716
0.03870909644,-0.967155695,-11.74089813
0.03871323247,-0.9734339714,-11.75673199
0.03872150453,-0.9840146899,-11.78367329
0.03873150453,-0.9932551384,-11.80972099
0.03874150453,-0.9985756874,-11.82984829
0.03875150453,-0.9999552965,-11.84569359
0.03876150453,-0.9973885417,-11.85797691
0.03877150453,-0.9908855557,-11.8677845
0.03878150453,-0.9804720283,-11.8754158
0.03879150453,-0.9661889672,-11.88162899
0.03880150453,-0.9480928779,-11.88648224
0.03880275453,-0.9455661178,-11.88705444
0.03880525453,-0.9403378367,-11.88809872
0.03880587953,-0.9389944673,-11.88834953
0.03880712953,-0.9362642765,-11.88884449
0.03880744203,-0.9355727434,-11.88896656
0.03880806703,-0.9341787696,-11.88920784
0.03880822328,-0.9338279963,-11.88926697
0.03880853578,-0.933123827,-11.88938618
0.03880864924,-0.9328672886,8.225524902
0.03880871777,-0.9327120781,13.64461517
0.0388087746,-0.9325832129,10.77458572
0.03880879844,-0.9325291514,11.80311489
0.03880882142,-0.9324769974,11.70626545
0.03880884567,-0.9324219823,11.71410179
0.03880887295,-0.9323599935,11.71337891
0.0388089275,-0.9322360158,11.71380329
0.03880903661,-0.9319877625,11.71420765
0.03880925482,-0.9314898849,11.71527195
0.03880969124,-0.9304888844,11.71718216
0.03881056409,-0.9284659028,11.72111607
0.03881230978,-0.9243362546,11.72856236
0.03881580117,-0.9157438278,11.7426672
0.03882278394,-0.8972412944,11.7672987
0.03883278394,-0.8677462339,11.79602528
0.03884278394,-0.8348265886,11.81832981
0.03885278394,-0.798612237,11.83589363
0.03886278394,-0.7592461109,11.84962559
0.03887278394,-0.7168835998,11.8605957
0.03888278394,-0.6716918945,11.86925125
0.03889278394,-0.6238493323,11.87630749
0.03889403394,-0.6176919341,11.87704468
0.03889653394,-0.6052631736,11.87853241
0.03889715894,-0.6021325588,11.87889004
0.03889731519,-0.6013484001,11.87897968
0.03889743393,-0.6007521749,-8.369101524
0.03889748644,-0.6004883647,-13.24906731
0.0388975264,-0.6002875566,-11.20390511
0.0388975463,-0.6001875401,-11.7263813
0.03889756991,-0.6000689268,-11.72318935
0.03889759279,-0.5999538898,-11.72358608
0.03889762937,-0.5997699499,-11.72372055
0.03889770254,-0.59940207,-11.72405148
0.03889784887,-0.5986658931,-11.72468662
0.03889814153,-0.5971919298,-11.72596741
0.03889872685,-0.5942380428,-11.72848511
0.03889989749,-0.5883061886,-11.73342133
0.03890223877,-0.5763473511,-11.74285126
0.03890692133,-0.5520580411,-11.7601223
0.03891628646,-0.5020674467,-11.78913021
0.03892628646,-0.4467737079,-11.81337547
0.03893628646,-0.3897167444,-11.83221912
0.03894628646,-0.3311217427,-11.8469305
0.03895628646,-0.2712199688,-11.85845089
0.03896628646,-0.2102478147,-11.86753082
0.03897628646,-0.1484459043,-11.87471581
0.03898628646,-0.0860581547,-11.88045406
0.03899628646,-0.02333076298,-11.88505936
0.03899644271,-0.02234927006,-11.88512516
0.03899675521,-0.02038622461,-11.88525295
0.03899686866,-0.01967349835,8.229654312
0.0389969372,-0.019242974,13.64874363
0.03899699403,-0.01888591424,10.77860165
0.03899701788,-0.0187361259,11.80735016
0.03899704087,-0.0185916964,11.71037102
0.03899706512,-0.01843931898,11.71822929
0.03899709241,-0.01826793142,11.71750259
0.03899714697,-0.01792515442,11.71792603
0.0389972561,-0.01723959483,11.71832752
0.03899747435,-0.01586845145,11.7193861
0.03899791086,-0.01312607713,11.72128391
0.03899878388,-0.007641051896,11.72519588
0.03900052991,0.003329522209,11.7325983
0.03900402198,0.02526814863,11.74661922
0.03901100611,0.06909835339,11.77110195
0.03902100611,0.1316024512,11.79964161
0.03903072629,0.1918619275,11.8212347
0.03904072629,0.2531073391,11.83878136
0.03905072629,0.3133538365,11.85247993
0.03906072629,0.3723636568,11.86340427
0.03907072629,0.4299039543,11.87199783
0.03908072629,0.4857476056,11.87897968
0.03909072629,0.5396742225,11.88452435
0.03909197629,0.5462695956,11.88516235
0.03909228879,0.5479131341,11.88531399
0.03909291379,0.5511940122,11.8856163
0.03909307004,0.5520128608,11.88569069
0.03909318878,0.5526348352,-8.362401962
0.03909324129,0.5529097915,-13.24237156
0.03909328125,0.5531189442,-11.19738293
0.03909330114,0.5532230139,-11.71959972
0.03909332474,0.5533465743,-11.71650982
0.03909334761,0.5534662604,-11.71689892
0.03909338419,0.5536576509,-11.7170372
0.03909345734,0.5540403724,-11.71737576
0.03909360364,0.554805398,-11.7180233
0.03909389624,0.5563340187,-11.71933079
0.03909448145,0.5593856573,-11.72190094
0.03909565187,0.5654662251,-11.72694016
0.0390979927,0.5775352716,-11.7365675
0.03910267436,0.601295948,-11.75420761
0.03911203768,0.6472364664,-11.78386402
0.03912203768,0.6938238144,-11.80869484
0.03913203768,0.7376729846,-11.82803726
0.03914203768,0.7786108851,-11.8431797
0.03915203768,0.8164759874,-11.85508156
0.03916203768,0.851118803,-11.86450672
0.03917203768,0.8824026585,-11.87201023
0.03918203768,0.9102040529,-11.87804699
0.03918328768,0.9134287834,-11.87870216
0.03918360018,0.9142261147,-11.87886524
0.03918383767,0.914829731,9.91808033
0.03918393816,0.9150845408,12.93786621
0.03918402871,0.9153138399,10.94322205
0.03918407048,0.9154195189,12.0051527
0.03918410852,0.9155156612,11.63497543
0.0391841487,0.9156172276,11.75525951
0.03918418608,0.9157116413,11.71524906
0.03918424978,0.915872395,11.73007488
0.03918434757,0.9161188602,11.72213554
0.03918454313,0.9166107774,11.72907066
0.03918493427,0.9175904989,11.72557449
0.03918571654,0.9195333123,11.73375607
0.03918728107,0.9233522415,11.73564053
0.03919041014,0.9307220578,11.75249386
0.03919666829,0.9443796873,11.76986027
0.03920666829,0.9631652832,11.80292606
0.03921666829,0.9781497121,11.82066727
0.03922666829,0.9892738461,11.84243965
0.03923666829,0.9964936972,11.85156345
0.03924666829,0.9997808933,11.86664295
0.03925666829,0.9991223812,11.87067127
0.03926666829,0.994520843,11.88175869
0.03927666829,0.985994339,11.882761
0.03928666829,0.9735766053,11.8914423
0.03928682454,0.9733518958,11.88946056
0.03928713704,0.9728997946,11.88933945
0.03928725049,0.9727346897,-8.22522831
0.03928731902,0.9726347327,-13.64467812
0.03928737585,0.9725517035,-10.77449608
0.03928739968,0.9725168943,-11.8030262
0.03928742267,0.9724832177,-11.70620251
0.03928744692,0.972447753,-11.71403408
0.03928747419,0.9724077582,-11.7133112
0.03928752874,0.9723277688,-11.71373463
0.03928763784,0.9721673727,-11.71413898
0.03928785605,0.9718452692,-11.71520329
0.03928829246,0.971195519,-11.71711063
0.03928916527,0.9698741436,-11.72104168
0.03929091091,0.9671439528,-11.72848034
0.03929440218,0.9613348842,-11.74257088
0.03930138472,0.9483319521,-11.76717758
0.03930934453,0.9312847257,-11.79055405
0.0393191354,0.9071267247,-11.81355858
0.0393291354,0.8789108396,-11.83208847
0.0393391354,0.8472262621,-11.84656048
0.0393491354,0.8121981621,-11.85809898
0.0393591354,0.7739645839,-11.86719036
0.0393691354,0.7326766253,-11.87458229
0.0393703854,0.7273088098,-11.87535477
0.0393728854,0.7164390087,-11.87691021
0.0393735104,0.7136937976,-11.877285
0.0393747604,0.7081704736,-11.8780241
0.0393750729,0.7067828178,-11.8782053
0.03937531039,0.7057263851,9.918725967
0.03937541088,0.705278933,12.93850708
0.03937550143,0.7048754692,10.94385719
0.0393755432,0.7046893239,12.00579262
0.03937558125,0.7045196891,11.63560009
0.03937562143,0.7043404579,11.75589085
0.03937565881,0.7041737437,11.71587276
0.03937572251,0.7038894892,11.73069859
0.03937582029,0.7034529448,11.72275257
0.03937601586,0.7025790215,11.7296772
0.039376407,0.7008280754,11.72615719
0.03937718928,0.6973134875,11.73429585
0.03937875384,0.6902338266,11.73609447
0.03938188295,0.6758750081,11.75278282
0.03938814117,0.6463794112,11.76984501
0.03939814117,0.5971937776,11.80248642
0.03940814117,0.545651257,11.81986523
0.03941814117,0.4919553101,11.84133053
0.03942814117,0.4363178313,11.8501873
0.03943814117,0.3789584041,11.86504078
0.03944814117,0.3201034069,11.86887264
0.03945814117,0.2599851191,11.87979412
0.03946814117,0.1988407671,11.88065338
0.03946939117,0.1911375672,11.8833828
0.03947189117,0.1756962687,11.88452053
0.03947251617,0.171829015,11.88476944
0.03947376617,0.164086625,11.88529301
0.03947407867,0.1621494293,11.88542175
0.03947470367,0.1582731605,11.88567734
0.03947485992,0.1573037207,11.88574028
0.03947517242,0.1553643644,11.88586617
0.03947528588,0.1546601057,-8.229042053
0.03947535441,0.1542346776,-13.64813232
0.03947541125,0.1538818181,-10.77800655
0.03947543509,0.1537337899,-11.80672264
0.03947545808,0.1535910517,-11.70976353
0.03947548233,0.1534404606,-11.71761894
0.03947550962,0.1532710791,-11.71689224
0.03947556418,0.1529323012,-11.71731567
0.0394756733,0.1522546858,-11.71771812
0.03947589155,0.1508992314,-11.71877766
0.03947632804,0.1481874883,-11.72067833
0.03947720104,0.1427606791,-11.72459602
0.03947894702,0.1318943352,-11.73200798
0.03948243899,0.1101153493,-11.74604893
0.03948942292,0.0664088428,-11.77056789
0.03949942292,0.003625892336,-11.79915428
0.03950942292,-0.05917137116,-11.82134342
0.03951942292,-0.1217351109,-11.83880806
0.03952942292,-0.1838184148,-11.85244751
0.03953942292,-0.2451762706,-11.86333179
0.03954942292,-0.3055665493,-11.87190151
0.03955942292,-0.3647508621,-11.87887001
0.03956942292,-0.422495693,-11.8844099
0.03956957917,-0.4233852923,-11.8845129
0.03956989167,-0.4251633286,-11.88467216
0.03957000513,-0.4258084297,8.230229378
0.03957007366,-0.4261980057,13.64930916
0.0395701305,-0.4265210629,10.7791481
0.03957015434,-0.426656574,11.80792427
0.03957017733,-0.4267871976,11.71092606
0.03957020159,-0.4269250333,11.71878529
0.03957022887,-0.4270800352,11.71805573
0.03957028344,-0.4273900092,11.71847439
0.03957039257,-0.4280098379,11.71886539
0.03957061083,-0.4292488396,11.71990585
0.03957104735,-0.4317244291,11.72176552
0.03957192039,-0.436665833,11.72560215
0.03957366647,-0.4465090632,11.73285675
0.03957715863,-0.4660331607,11.74659634
0.03958414295,-0.504398942,11.77056026
0.03959414295,-0.5576214194,11.79845142
0.03960414295,-0.6086432338,11.82004452
0.03961414295,-0.6572629809,11.83699608
0.03962414295,-0.7032887936,11.85019207
0.03963414295,-0.7465390563,11.86069107
0.03964414295,-0.7868430614,11.868927
0.03965414295,-0.8240417838,11.87560749
0.03965539295,-0.8284658194,11.87629986
0.03965789295,-0.8371603489,11.87770081
0.03965851795,-0.839301765,11.87803745
0.03965976795,-0.8435457945,11.87870216
0.03966008045,-0.8445986509,11.87886524
0.03966070545,-0.8466946483,11.87918854
0.0396608617,-0.8472166061,11.87926865
0.0396611742,-0.8482580781,11.87942886
0.03966128766,-0.8486353755,-8.235466957
0.03966135619,-0.8488631248,-13.6545496
0.03966141304,-0.8490518928,-10.78424549
0.03966143689,-0.8491310477,-11.81330109
0.03966145989,-0.8492073417,-11.71613884
0.03966148416,-0.8492878675,-11.72402763
0.03966151145,-0.8493783474,-11.72329235
0.03966156602,-0.8495593071,-11.72371197
0.03966167518,-0.8499208689,-11.72410107
0.03966189349,-0.8506428599,-11.72513962
0.03966233012,-0.8520819545,-11.72699356
0.03966320338,-0.8549410105,-11.73082161
0.03966494989,-0.860581696,-11.73805714
0.03966844292,-0.8715516329,-11.7517643
0.03967542897,-0.8922269344,-11.77567387
0.03968542897,-0.9188217521,-11.80350304
0.03969542897,-0.9417903423,-11.82505035
0.03970542897,-0.9610421658,-11.84196281
0.03971542897,-0.9765011668,-11.85511875
0.03972542897,-0.98810637,-11.86557388
0.03973542897,-0.9958119988,-11.87375355
0.03974542897,-0.9995875955,-11.88036537
0.03975542897,-0.9994182587,-11.88557339
0.03975667897,-0.9991195798,-11.88617134
0.03975917897,-0.998337388,-11.88728714
0.03976417897,-0.996034205,-11.88935089
0.03976433522,-0.9959463477,-11.88941193
0.03976464772,-0.9957678318,-11.889534
0.03976476118,-0.9957020283,8.225376129
0.03976482971,-0.9956620932,13.6444664
0.03976488654,-0.9956287742,10.77444077
0.03976491038,-0.9956148267,11.80296135
0.03976493337,-0.9956012964,11.70611668
0.03976495762,-0.9955869913,11.71395206
0.03976498489,-0.9955708981,11.71322918
0.03976503944,-0.9955385923,11.71365261
0.03976514855,-0.9954736829,11.71405697
0.03976536676,-0.9953424335,11.71511936
0.03976580318,-0.9950743914,11.71702576
0.03976667602,-0.9945157766,11.72095394
0.0397684217,-0.9933087826,11.72838688
0.03977191306,-0.9905365705,11.74246502
0.03977588009,-0.9868081808,11.75691414
0.03977996125,-0.9823328257,11.77044964
0.03978413378,-0.9770895839,11.78282452
0.03979004455,-0.9685134888,11.79842472
0.03979856829,-0.9537978172,11.81718159
0.03980856829,-0.9330503345,11.83486652
0.03981856829,-0.9086205959,11.84868717
0.03982856829,-0.8806048632,11.85971928
0.03983856829,-0.849113822,11.86842155
0.03984856829,-0.8142717481,11.87550735
0.03984981829,-0.8096875548,11.87624836
0.03985231829,-0.8003696203,11.87774181
0.03985294329,-0.7980092168,11.87810135
0.03985294642,-0.7979974151,6.186701298
0.03985295267,-0.7979736924,-2.451212168
0.03985296517,-0.7979263663,-9.657423973
0.03985297058,-0.7979058623,-10.54910946
0.0398529781,-0.7978773713,-11.19900894
0.03985298543,-0.7978496552,-11.48385429
0.03985300008,-0.7977941036,-11.68873024
0.03985301661,-0.7977315187,-11.72079754
0.03985304624,-0.7976192236,-11.72458363
0.03985308704,-0.7974645495,-11.72393417
0.03985316865,-0.7971550822,-11.72463894
0.03985333186,-0.7965354919,-11.7251215
0.03985365828,-0.7952938676,-11.72673893
0.03985431111,-0.7928004861,-11.72937298
0.03985561679,-0.7877738476,-11.73502731
0.03985822814,-0.7775617242,-11.74529648
0.03986345084,-0.7565124035,-11.76436996
0.03987345084,-0.7139559388,-11.79419041
0.03988345084,-0.6685817242,-11.81760788
0.03989345084,-0.6205689907,-11.83553696
0.03990345084,-0.570107162,-11.84982109
0.03991345084,-0.5173953176,-11.86073208
0.03992345084,-0.4626416266,-11.86961555
0.03993345084,-0.4060620368,-11.87636948
0.03994345084,-0.3478799462,-11.88204384
0.03995345084,-0.2883249223,-11.88632107
0.03995360709,-0.2873847187,-11.88645744
0.03995391959,-0.2855035067,-11.88658905
0.03995403305,-0.2848202288,8.22833252
0.03995410158,-0.2844074368,13.64741039
0.03995415841,-0.2840650678,10.77731037
0.03995418226,-0.2839214206,11.80598831
0.03995420525,-0.2837829292,11.70905018
0.0399542295,-0.2836367786,11.71690178
0.03995425678,-0.2834724188,11.71617603
0.03995431134,-0.2831436396,11.71660042
0.03995442046,-0.2824860215,11.71700382
0.0399546387,-0.2811703682,11.71806526
0.03995507518,-0.2785374522,11.71996975
0.03995594815,-0.2732653618,11.72389507
0.03995769407,-0.2626966834,11.73132133
0.03996118592,-0.2414657772,11.74539089
0.03996816963,-0.1986655444,11.76995945
0.03997816963,-0.136734575,11.79860878
0.03998816963,-0.07426398993,11.82084942
0.03999816963,-0.01150031853,11.83835793
0.04000816963,0.05130873993,11.85203648
0.04001816963,0.1139153093,11.86295509
0.04002816963,0.1760722995,11.87155628
0.04003816963,0.2375344187,11.8785553
0.04003941963,0.2451562136,11.87928391
0.04004191963,0.2603539526,11.88075638
0.04004691963,0.2905530035,11.88348484
0.04004707588,0.2914922535,11.88356495
0.04004738838,0.2933699191,11.88372612
0.04004750183,0.2940513492,-8.231168747
0.04004757037,0.2944628894,-13.65025139
0.04004762721,0.2948041558,-10.78006268
0.04004765105,0.2949473262,-11.80888939
0.04004767405,0.2950853705,-11.71186066
0.0400476983,0.2952309847,-11.71972561
0.04004772559,0.2953947783,-11.71899414
0.04004778016,0.2957223058,-11.71941185
0.04004788929,0.2963773012,-11.7198019
0.04004810756,0.2976868153,-11.72083855
0.0400485441,0.3003042042,-11.72269154
0.04004941718,0.3055321872,-11.72651482
0.04005116334,0.3159603775,-11.73374271
0.04005465565,0.3367014229,-11.74743271
0.04006164028,0.3776872754,-11.77130699
0.04007164028,0.4350818396,-11.79908657
0.04008164028,0.4907593131,-11.82058716
0.04009164028,0.5444999933,-11.83745956
0.04010164028,0.5960917473,-11.85058689
0.04011164028,0.6453310251,-11.86102581
0.04012164028,0.6920235157,-11.86920834
0.04013164028,0.7359848619,-11.87584019
0.04013289028,0.7412792444,-11.87652683
0.04013539028,0.7517305017,-11.87791634
0.04013601528,0.7543144226,-11.87825012
0.04013726528,0.7594473362,-11.87890911
0.04013757778,0.7607232928,-11.87907028
0.04013820278,0.763266325,-11.87939167
0.04013945278,0.7683170438,-11.8800211
0.04013945903,0.7683421969,-2.708813667
0.04013947153,0.7683924437,8.506077766
0.04013947855,0.7684206963,10.19727707
0.04013948353,0.7684407234,10.81384754
0.04013949085,0.7684701085,11.30607033
0.0401395026,0.768517375,11.61702824
0.04013951788,0.7685788274,11.70876122
0.04013953924,0.7686646581,11.72252178
0.04013957154,0.768794477,11.72199726
0.04013963616,0.7690540552,11.72248745
0.04013976539,0.7695727944,11.72294426
0.04014002385,0.7706087828,11.72419071
0.04014054078,0.7726746202,11.72638321
0.04014157463,0.7767819166,11.73093033
0.04014364234,0.7848979831,11.73944187
0.04014777776,0.8007313013,11.75540829
0.04015604858,0.8307658434,11.78258801
0.04016604858,0.8640770912,11.80888844
0.04017604858,0.8939782381,11.82923031
0.04018604858,0.9203512669,11.84526157
0.04019604858,0.9430921078,11.85770893
0.04020604858,0.9621109366,11.86766148
0.04021604858,0.9773327708,11.87542152
0.04022604858,0.9886975288,11.88175297
0.04023604858,0.996160388,11.88671112
0.04023729858,0.9968172312,11.88729572
0.04023979858,0.9979464412,11.88836575
0.04024042358,0.9981902838,11.88862228
0.04024167358,0.998631835,11.88912964
0.04024198608,0.9987325668,11.88925362
0.04024222357,0.9988065362,-9.907722473
0.04024232406,0.998837173,-12.92751884
0.04024241461,0.9988644719,-10.93288612
0.04024245636,0.9988769293,-11.99469852
0.04024249439,0.9988881946,-11.62475586
0.04024253455,0.9989000559,-11.74488163
0.0402425719,0.9989110827,-11.70495892
0.04024263558,0.9989296198,-11.71974945
0.04024273334,0.9989578724,-11.71184921
0.04024292887,0.9990131855,-11.71878815
0.04024331992,0.9991192818,-11.71535492
0.04024410202,0.9993134141,-11.72361374
0.04024566623,0.9996293187,-11.72569466
0.04024879465,0.9999713302,-11.74287701
0.04025505148,0.9994963408,-11.76088715
0.0402633573,0.9964802265,-11.7902832
0.04027143794,0.9909418821,-11.80558777
0.0402803759,0.9818419218,-11.82775211
0.0402903759,0.9679930806,-11.83913422
0.0403003759,0.9503239989,-11.85598183
0.0403103759,0.9289044142,-11.8614893
0.0403203759,0.9038189054,-11.87375355
0.0403216259,0.9004302025,-11.87245274
0.0403241259,0.8934864402,-11.87409019
0.0403291259,0.8789393306,-11.87721634
0.04032928215,0.8784706593,-11.87729263
0.04032959465,0.8775308132,-11.87747288
0.04033021965,0.8756409883,-11.87783527
0.04033022278,0.8756315112,-6.186435223
0.04033022903,0.8756124973,2.451478243
0.04033024153,0.8755745888,9.657690048
0.04033024694,0.8755581379,10.54938412
0.04033025446,0.8755353093,11.19928265
0.04033026179,0.8755130768,11.48412704
0.04033027644,0.8754686117,11.68899918
0.04033029297,0.875418365,11.72106457
0.0403303226,0.875328362,11.7248497
0.04033036341,0.8752043843,11.72420025
0.04033044501,0.8749562502,11.72490597
0.04033060823,0.8744592071,11.72538853
0.04033093465,0.8734624386,11.72700691
0.04033158751,0.8714578748,11.72964191
0.04033289322,0.8674047589,11.7352972
0.04033550463,0.8591237068,11.74556923
0.04034072746,0.8418699503,11.76464939
0.04035072746,0.806321919,11.79448032
0.04036072746,0.7675916553,11.81790829
0.04037072746,0.7258321047,11.83584595
0.04038072746,0.6812080145,11.85013771
0.04039072746,0.6338955164,11.86105537
0.04040072746,0.5840812922,11.86994267
0.04041072746,0.5319619775,11.87669945
0.04042072746,0.477743268,11.88237476
0.04043072746,0.4216390848,11.88665199
0.04043197746,0.4145044684,11.88721275
0.04043228996,0.4127167761,11.88733292
0.04043252745,0.4113571644,-9.909646988
0.04043262794,0.4107815623,-12.92944431
0.04043271849,0.4102627933,-10.9348135
0.04043276024,0.4100235105,-11.99664879
0.04043279827,0.4098055661,-11.62666416
0.04043283844,0.4095753431,-11.7468214
0.0404328758,0.4093612134,-11.70688248
0.04043293947,0.408996135,-11.7216835
0.04043303724,0.4084354937,-11.7137785
0.04043323277,0.4073137641,-11.72072506
0.04043362384,0.4050684571,-11.71729374
0.04043440598,0.4005705118,-11.72556686
0.04043597025,0.3915456831,-11.72766781
0.04043909879,0.3733834922,-11.74489689
0.04044535586,0.3366332948,-11.76298618
0.04045535586,0.27684322,-11.79702759
0.04046535586,0.2159605771,-11.81561375
0.04047535586,0.1542256474,-11.83808899
0.04048535586,0.09188204259,-11.84784889
0.04049535586,0.02917582355,-11.86347198
0.04050535586,-0.03364553675,-11.86801434
0.04051535586,-0.09633411467,-11.87954998
0.04052535586,-0.1586425006,-11.88099098
0.04052539649,-0.158894524,7.11930275
0.04052547774,-0.159398526,14.52558517
0.04052550517,-0.1595686525,11.25671005
0.04052552154,-0.1596702039,11.67689514
0.04052553656,-0.1597633362,11.71358681
0.04052555305,-0.1598656476,11.71883392
0.04052558604,-0.1600702554,11.71960449
0.04052565202,-0.1604794413,11.71970463
0.04052578397,-0.1612977535,11.72040844
0.04052604789,-0.1629340202,11.72147942
0.04052657571,-0.1662052274,11.72386932
0.04052763136,-0.1727420986,11.72831154
0.04052974265,-0.1857927591,11.73707294
0.04053396524,-0.2117936909,11.75303173
0.04054241043,-0.2633301616,11.7805109
0.04055241043,-0.3233849108,11.80617237
0.04056241043,-0.3821634054,11.82626915
0.04057241043,-0.4394336939,11.8418293
0.04058241043,-0.4949697256,11.85416889
0.04059241043,-0.5485523343,11.86376953
0.04060241043,-0.5999700427,11.87152386
0.04061241043,-0.6490200162,11.87759495
0.04061366043,-0.654974997,11.87829781
0.04061616043,-0.6667634249,11.87959766
0.04061678543,-0.6696849465,11.87990952
0.04061803543,-0.6754969358,11.88052654
0.04061834793,-0.676943481,11.88067722
0.04061858541,-0.6780409813,-9.916277885
0.04061868591,-0.6785049438,-12.93606758
0.04061877645,-0.6789227724,-10.94142628
0.04061881822,-0.6791154146,-12.00333691
0.04061885626,-0.6792908907,-11.6332016
0.04061889644,-0.6794761419,-11.75345802
0.04061893381,-0.6796483994,-11.71346378
0.04061899751,-0.6799418926,-11.72828484
0.04061909529,-0.6803922653,-11.72035408
0.04061929085,-0.6812922359,-11.72729301
0.04061968197,-0.6830890775,-11.72381401
0.04062046421,-0.6866703629,-11.73202229
0.04062202869,-0.6937831044,-11.73396683
0.04062515765,-0.7078068256,-11.75092506
0.04063141556,-0.7350282073,-11.76849461
0.04064141556,-0.7761520743,-11.80183697
0.04065141556,-0.8142127991,-11.81981754
0.04066141556,-0.8490602374,-11.84179115
0.04067141556,-0.8805567622,-11.8510952
0.04068141556,-0.908578217,-11.86632919
0.04069141556,-0.9330138564,-11.87050152
0.04070141556,-0.9537673593,-11.88171291
0.04071141556,-0.9707567096,-11.88283348
0.04071266556,-0.9726122618,-11.88559055
0.04071516556,-0.9761431813,-11.88678741
0.04072016556,-0.9824816585,-11.88890839
0.04072032181,-0.9826641083,-11.88898754
0.04072063431,-0.9830262661,10.31579781
0.04072071982,-0.9831246734,12.58847809
0.04072080605,-0.9832236767,11.1641798
0.04072085036,-0.9832744002,11.92605591
0.04072089522,-0.9833257198,11.63178444
0.04072094141,-0.9833784103,11.74797344
0.04072098892,-0.983432591,11.70109272
0.04072106638,-0.9835206866,11.72345352
0.04072118068,-0.9836502671,11.70995998
0.04072139926,-0.9838966727,11.72158527
0.04072183642,-0.9843839407,11.71426773
0.04072271075,-0.9853361249,11.72675896
0.04072445939,-0.9871512651,11.72581196
0.04072795668,-0.9904238582,11.74793339
0.04073495126,-0.9955331087,11.76417732
0.04074495126,-0.9994968772,11.80057144
0.04075495126,-0.9995161295,11.81452084
0.04076495126,-0.9955907464,11.83982182
0.04077495126,-0.9877362251,11.84536457
0.04078495126,-0.9759835005,11.86409187
0.04079495126,-0.9603790641,11.86468887
0.04080495126,-0.9409844875,11.87949467
0.04080620126,-0.9382972717,11.87631702
0.04080870126,-0.9327495098,11.87771606
0.04080871131,-0.9327267408,-0.0512933284
0.04080873141,-0.9326811433,-11.85078239
0.04080873843,-0.9326652288,-11.78409958
0.04080874453,-0.9326514006,-11.75568676
0.04080875283,-0.9326326251,-11.73695374
0.04080876943,-0.932594955,-11.72525883
0.04080880262,-0.9325196743,-11.72403812
0.04080886902,-0.9323689342,-11.72476101
0.0408090018,-0.9320670366,-11.7250824
0.04080926738,-0.9314611554,-11.72645473
0.04080979852,-0.9302417636,-11.72857094
0.04081086081,-0.9277718663,-11.73326015
0.0408129854,-0.9227080941,-11.74175549
0.04081723457,-0.9120883346,-11.75791645
0.04082573291,-0.8889064789,-11.78504467
0.04083573291,-0.8583887815,-11.81065369
0.04084573291,-0.8244833946,-11.83025932
0.04085573291,-0.7873241901,-11.84584332
0.04086573291,-0.7470577955,-11.85774803
0.04087573291,-0.7038430572,-11.86740494
0.04088573291,-0.6578506231,-11.87474728
0.04089573291,-0.60926193,-11.88088417
0.04090573291,-0.5582687259,-11.88550854
0.04090698291,-0.5517354608,-11.88610935
0.04090948291,-0.5385671854,-11.88712406
0.04091010791,-0.5352541804,-11.88736725
0.04091135791,-0.5286035538,-11.8878479
0.04091167041,-0.5269358158,-11.88796616
0.04091190789,-0.5256670117,9.909015656
0.04091200839,-0.5251297951,12.92881393
0.04091209893,-0.5246455073,10.93418312
0.04091214069,-0.5244221687,11.99601173
0.04091217872,-0.5242186785,11.62604141
0.04091221888,-0.5240038037,11.74618816
0.04091225624,-0.5238038898,11.70625591
0.04091231991,-0.5234630108,11.72105312
0.04091241768,-0.5229395032,11.71315193
0.04091261321,-0.5218919516,11.72009754
0.04091300427,-0.5197944045,11.71667004
0.0409137864,-0.5155899525,11.72494698
0.04091535065,-0.5071437955,11.72705746
0.04091847915,-0.4901053607,11.7443037
0.04092473615,-0.4554670155,11.76242638
0.04093473615,-0.3986688256,11.7965107
0.04094473615,-0.3402972817,11.81513309
0.04095473615,-0.280582726,11.83763885
0.04096473615,-0.2197608501,11.84742546
0.04097473615,-0.158071667,11.8630724
0.04098473615,-0.09575866163,11.86763763
0.04099473615,-0.03306772932,11.87919331
0.04099598615,-0.0252171047,11.87781048
0.04099848615,-0.00951167196,11.87930012
0.04100348615,0.02190236002,11.88215637
0.0410036424,0.02288386226,11.88222504
0.0410039549,0.02484679781,11.88238907
0.04100406835,0.02555943839,-8.23250103
0.04100413689,0.02598990127,-13.65158558
0.04100419373,0.02634694241,-10.78135872
0.04100421758,0.02649672516,-11.81025505
0.04100424057,0.02664115466,-11.71318531
0.04100426483,0.02679352649,-11.72105694
0.04100429212,0.02696490474,-11.72032452
0.04100434669,0.02730765752,-11.72074127
0.04100445583,0.02799315192,-11.72112942
0.04100467411,0.02936410345,-11.72216225
0.04100511068,0.03210583702,-11.72400665
0.04100598381,0.03758855909,-11.72781563
0.04100773008,0.04855044186,-11.73501492
0.04101122262,0.07045535743,-11.74864864
0.04101820769,0.1141528785,-11.77241993
0.04102820769,0.1763076931,-11.80007076
0.04103820769,0.237766698,-11.82145882
0.04104820769,0.2982873619,-11.83823299
0.04105820769,0.3576308191,-11.85127068
0.04106820769,0.4155628383,-11.86162949
0.04107820769,0.4718548656,-11.86973476
0.04108820769,0.5262846947,-11.87629509
0.04109820769,0.5786374807,-11.88147449
0.04109836394,0.5794379115,-11.88157272
0.04109867644,0.5810370445,10.32319355
0.04109876261,0.5814776421,12.59918594
0.04109884856,0.5819169283,11.17036819
0.04109889288,0.5821433663,11.93392944
0.04109893762,0.5823718905,11.63921833
0.04109898371,0.5826072693,11.75526047
0.04109903114,0.5828495026,11.70852947
0.04109910843,0.5832440257,11.73077869
0.04109922269,0.5838270187,11.71735668
0.04109944127,0.5849415064,11.72890854
0.04109987843,0.5871671438,11.72161961
0.04110075276,0.5916051269,11.73401165
0.04110250142,0.6004273891,11.73301888
0.04110599874,0.6178534031,11.75491238
0.04111299338,0.6518021822,11.77088356
0.04112299338,0.698135674,11.80684471
0.04113299338,0.7417138815,11.82051659
0.04114299338,0.7823649049,11.84549046
0.04115299338,0.8199282885,11.85082626
0.04116299338,0.8542557955,11.86927319
0.04117299338,0.8852119446,11.86968803
0.04118299338,0.9126746058,11.88422394
0.04119299338,0.9365352988,11.88172245
0.04119424338,0.9392597675,11.88619328
0.04119674338,0.9445347786,11.88739109
0.04119736838,0.9458171725,11.88763428
0.04119861838,0.948338151,11.8881731
0.04119893088,0.948959291,11.88830662
0.04119955588,0.9501904845,11.88856983
0.04119971213,0.9504960179,11.88863468
0.04120002463,0.9511043429,11.88876438
0.04120013809,0.9513242841,-8.22614193
0.04120020662,0.9514569044,-13.64523125
0.04120026345,0.9515667558,-10.77518368
0.04120028729,0.9516127706,-11.80374336
0.04120031028,0.951657176,-11.70687485
0.04120033453,0.9517039657,-11.71471405
0.04120036181,0.951756537,-11.71398926
0.04120041636,0.9518616796,-11.71441174
0.04120052547,0.9520716071,-11.71481228
0.04120074369,0.9524900913,-11.7158699
0.04120118012,0.9533216953,-11.71776485
0.041202053,0.9549633861,-11.72167015
0.04120379874,0.9581605792,-11.72905922
0.04120729022,0.9642087817,-11.74305439
0.0412142732,0.9749103785,-11.76748562
0.0412242732,0.9869636893,-11.79595757
0.0412342732,0.9951218367,-11.8180418
0.0412442732,0.9993526936,-11.83541393
0.0412542732,0.9996395707,-11.84897709
0.0412642732,0.9959813356,-11.85980034
0.0412742732,0.9883924127,-11.86832619
0.0412842732,0.9769027829,-11.87526798
0.0412855232,0.9751943946,-11.87599087
0.0412880232,0.9715972543,-11.87745285
0.04128803325,0.9715822935,0.05157190189
0.04128805335,0.9715524316,11.85107613
0.04128806037,0.9715419412,11.78439236
0.04128806647,0.9715328813,11.75597954
0.04128807477,0.9715205431,11.73724651
0.04128809137,0.9714958072,11.72555161
0.04128812456,0.9714463353,11.72433186
0.04128819096,0.9713472724,11.72505474
0.04128832375,0.9711486697,11.72537613
0.04128858932,0.9707493782,11.72674847
0.04128912047,0.9699426889,11.72886372
0.04129018278,0.9682969451,11.73355293
0.04129230738,0.9648760557,11.74204731
0.0412965566,0.9575191736,11.75820732
0.04130505502,0.9407635927,11.78533554
0.04131505502,0.9176172614,11.81094646
0.04132505502,0.8908495307,11.83055592
0.04133505502,0.8605659604,11.84614563
0.04134505502,0.8268861771,11.85805607
0.04135505502,0.7899430394,11.86771965
0.04136505502,0.7498824,11.87506771
0.04137505502,0.7068622708,11.88120842
0.04138505502,0.6610524654,11.88583755
0.04138630502,0.655139029,11.88643837
0.04138880502,0.6431911588,11.88745403
0.04138943002,0.6401792765,11.88769722
0.04139068002,0.6341260076,11.88817787
0.04139099252,0.632606566,11.88829613
0.04139123001,0.6314501762,-9.908684731
0.0413913305,0.6309604645,-12.92848396
0.04139142105,0.6305189729,-10.9338522
0.0413914628,0.6303153038,-11.99567699
0.04139150083,0.6301298141,-11.6257143
0.041391541,0.6299338341,-11.74585629
0.04139157835,0.6297515631,-11.70592594
0.04139164203,0.6294407248,-11.7207222
0.04139173979,0.628963232,-11.71282101
0.04139193532,0.6280076504,-11.71976662
0.04139232638,0.626093626,-11.71634007
0.0413931085,0.6222542524,-11.72461605
0.04139467274,0.6145305037,-11.72672653
0.04139780122,0.598905623,-11.74397087
0.04140405818,0.5669679046,-11.76209354
0.04141405818,0.5141260624,-11.79617691
0.04142405818,0.4592551887,-11.81480122
0.04143405818,0.402571857,-11.83730888
0.04144405818,0.3442997634,-11.84710026
0.04145405818,0.2846688628,-11.86275196
0.04146405818,0.223914519,-11.86732483
0.04147405818,0.1622764766,-11.87888813
0.04147530818,0.1545216739,-11.87750721
0.04147780818,0.13898395,-11.87899876
0.04147843318,0.1350940168,-11.87938213
0.04147968318,0.1273079365,-11.88010693
0.04148218318,0.111712724,-11.8815012
0.04148219323,0.1116499752,0.04752321914
0.04148221333,0.1115244702,11.84702778
0.04148222035,0.1114806309,11.78035259
0.04148222645,0.1114425436,11.75193977
0.04148223475,0.1113907322,11.73320389
0.04148225134,0.1112871021,11.72150612
0.04148228453,0.1110798493,11.72028542
0.04148235092,0.1106653139,11.72101021
0.04148248369,0.1098361909,11.72133446
0.04148274922,0.1081777215,11.72271347
0.04148328029,0.1048598886,11.72484207
0.04148434244,0.09822074324,11.72955608
0.04148646673,0.08492963016,11.73810005
0.0414907153,0.05830438808,11.75435066
0.04149921246,0.004948264454,11.78163528
0.04150921246,-0.05785125121,11.8073988
0.04151921246,-0.1204224527,11.82713413
0.04152921246,-0.1825184077,11.84283161
0.04153921246,-0.2438940406,11.85483837
0.04154921246,-0.304307133,11.86459446
0.04155921246,-0.3635192513,11.87203407
0.04156921246,-0.4212967455,11.87827015
0.04157046246,-0.4284066558,11.87884712
0.04157296246,-0.4425466955,11.88012791
0.04157358746,-0.4460648,11.8804369
0.04157483746,-0.4530802965,11.88104439
0.04157733746,-0.4670269787,11.88221359
0.04157734751,-0.4670828283,-0.04681264982
0.04157736761,-0.4671944976,-11.8463192
0.04157737463,-0.467233479,-11.77964592
0.04157738073,-0.4672673643,-11.7512331
0.04157738902,-0.4673134685,-11.73249722
0.04157740562,-0.467405647,-11.7208004
0.04157743881,-0.4675900042,-11.71958256
0.04157750519,-0.4679586589,-11.72031307
0.04157763796,-0.4686957002,-11.72064877
0.04157790349,-0.470168829,-11.72205067
0.04157843455,-0.4731111228,-11.724226
0.04157949666,-0.4789798856,-11.72903156
0.04158162089,-0.490653187,-11.73775196
0.04158586936,-0.5137354732,-11.75434017
0.04159436629,-0.5587857366,-11.78223228
0.04160436629,-0.6097560525,-11.80861473
0.04161436629,-0.6583198905,-11.82888126
0.04162436629,-0.7042856812,-11.84503651
0.04163436629,-0.7474719882,-11.85743999
0.04164436629,-0.7877083421,-11.8675375
0.04165436629,-0.8248359561,-11.8752718
0.04166436629,-0.858708322,-11.88175964
0.04167436629,-0.8891918063,-11.88669968
0.04167561629,-0.892757833,-11.88733768
0.04167592879,-0.893640697,-11.88747597
0.04167655379,-0.895396173,-11.88775158
0.04167671004,-0.8958328962,-11.88781929
0.04167702254,-0.8967037201,-11.88795567
0.04167764754,-0.8984349966,-11.8882246
0.04167765066,-0.8984436393,-6.196819782
0.04167765691,-0.898460865,2.441099405
0.04167766941,-0.8984953761,9.647310257
0.04167767482,-0.8985102773,10.53867722
0.04167768234,-0.8985310197,11.18862724
0.04167768967,-0.8985512257,11.47352314
0.04167770432,-0.898591578,11.67853069
0.04167772083,-0.898637116,11.71066761
0.04167775045,-0.8987187743,11.71447754
0.04167779121,-0.8988310695,11.71383095
0.04167787274,-0.8990554214,11.71454906
0.04167803579,-0.8995035291,11.71505356
0.0416783619,-0.9003968835,11.71671772
0.04167901411,-0.9021722078,11.71944237
0.04168031854,-0.9056774378,11.72527599
0.0416829274,-0.9125050902,11.73588943
0.04168814511,-0.9254230857,11.75560474
0.04169814511,-0.9473904967,11.78652382
0.04170814511,-0.9656190276,11.81086159
0.04171814511,-0.9800367355,11.82957458
0.04172814511,-0.9905866385,11.84454155
0.04173814511,-0.9972271919,11.85605907
0.04174814511,-0.9999321103,11.86549091
0.04175814511,-0.9986907244,11.87274933
0.04175939511,-0.9982581735,11.87363338
0.04176189511,-0.9972083569,11.87520409
0.04176252011,-0.996907413,11.87558079
0.04176377011,-0.9962594509,11.87632465
0.04176627011,-0.9947792292,11.87775707
0.04176628016,-0.9947727919,-0.05126747862
0.04176630026,-0.9947599173,-11.8507719
0.04176630728,-0.9947553873,-11.78408909
0.04176631338,-0.9947514534,-11.75567627
0.04176632168,-0.9947461486,-11.73694324
0.04176633828,-0.9947354794,-11.72524834
0.04176637147,-0.9947140813,-11.72402859
0.04176643787,-0.9946711659,-11.72475243
0.04176657065,-0.9945847988,-11.72507477
0.04176683623,-0.9944099784,-11.72644997
0.04176736737,-0.9940520525,-11.72857189
0.04176842966,-0.9933030009,-11.73327255
0.04177055425,-0.9916722178,-11.74178886
0.04177480341,-0.987880826,-11.75799179
0.04178330174,-0.9781888723,-11.7851944
0.04179330174,-0.9632159472,-11.81087971
0.04180330174,-0.9444416165,-11.83055115
0.04181330174,-0.9219400287,-11.84619236
0.04182330174,-0.8957999945,-11.85814571
0.04183330174,-0.86612463,-11.86784554
0.04184330174,-0.8330310583,-11.87522507
0.04185330174,-0.7966499329,-11.88139248
0.04186330174,-0.757124722,-11.88604259
0.04186455174,-0.7519706488,-11.88664627
0.04186705174,-0.7415236831,-11.88766575
0.04186767674,-0.7388832569,-11.88791084
0.04186892674,-0.7335682511,-11.88839436
0.04186923924,-0.7322323918,-11.88851261
0.04186986424,-0.729552269,-11.88874817
0.04187002049,-0.728880465,-11.88880634
0.04187033299,-0.727534771,-11.88892269
0.04187044645,-0.727045536,8.225989342
0.04187051498,-0.7267497778,13.64508057
0.04187057181,-0.7265045047,10.77503967
0.04187059565,-0.7264015675,11.80359364
0.04187061864,-0.7263022661,11.70672989
0.04187064289,-0.7261975408,11.71456909
0.04187067017,-0.7260797024,11.71384621
0.04187072472,-0.725843966,11.71427059
0.04187083383,-0.7253722548,11.7146759
0.04187105204,-0.7244277596,11.71574306
0.04187148848,-0.7225347161,11.71765614
0.04187236134,-0.7187322974,11.72159863
0.04187410707,-0.711062789,11.72906017
0.04187759854,-0.6954680681,11.74319458
0.04188458146,-0.6632822156,11.76787949
0.04189458146,-0.6149828434,11.79667187
0.04190458146,-0.5642564297,11.81903172
0.04191458146,-0.5113031864,11.83664036
0.04192458146,-0.4563320577,11.85040855
0.04193458146,-0.3995599747,11.86140823
0.04194458146,-0.3412110507,11.87008476
0.04195458146,-0.2815154791,11.87715626
0.04195583146,-0.2739705443,11.8778944
0.04195833146,-0.2588303983,11.87938404
0.04195895646,-0.2550352514,11.87974358
0.04196020646,-0.2474332005,11.8804512
0.04196051896,-0.2455302924,11.88062477
0.04196075645,-0.2440835238,-9.916312218
0.04196085694,-0.2434711605,-12.93609524
0.04196094748,-0.2429193258,-10.94144821
0.04196098925,-0.2426647544,-12.00335598
0.04196102729,-0.2424328625,-11.63321781
0.04196106747,-0.2421879321,-11.75347137
0.04196110485,-0.2419600934,-11.71347427
0.04196116854,-0.2415717542,-11.72829056
0.04196126632,-0.240975529,-11.72035313
0.04196146188,-0.2397828251,-11.72727871
0.041961853,-0.2373963147,-11.7237711
0.04196263524,-0.2326190174,-11.73192501
0.04196419972,-0.2230476737,-11.73376179
0.04196732868,-0.2038412541,-11.75051403
0.0419735866,-0.1651995182,-11.76769924
0.0419835866,-0.1029457524,-11.80050182
0.0419935866,-0.04028569907,-11.81801891
0.0420035866,0.02253334038,-11.83959389
0.0420135866,0.08526345342,-11.84855366
0.0420235866,0.1476570666,-11.86349297
0.0420335866,0.2094679475,-11.86741066
0.0420435866,0.2704521716,-11.87840748
0.0420535866,0.3303690255,-11.8793478
0.0420548366,0.3377717435,-11.88208485
0.0420551491,0.3396191895,-11.88224411
0.0420557741,0.3433101475,-11.88253021
0.04205593035,0.3442320526,-11.88259983
0.04205624285,0.3460748792,-11.88274002
0.04205686785,0.3497565389,-11.88301849
0.04205687097,0.3497749269,-6.191614151
0.04205687722,0.3498117328,2.446304083
0.04205688972,0.3498852849,9.652515411
0.04205689513,0.3499171436,10.54404545
0.04205690265,0.3499614,11.19396877
0.04205690998,0.350004524,11.47883892
0.04205692463,0.3500907719,11.68377972
0.04205694115,0.3501880169,11.71588135
0.04205697078,0.3503623605,11.71968079
0.04205701156,0.3506023288,11.71903515
0.04205709313,0.3510822654,11.71975136
0.04205725626,0.3520418406,11.72025394
0.04205758253,0.3539598584,11.72191429
0.04205823506,0.3577914536,11.72463226
0.04205954014,0.3654364944,11.73045063
0.04206215028,0.3806523979,11.74103737
0.04206737056,0.4107729793,11.76070404
0.0420755623,0.4571355879,11.78645229
0.04208325697,0.4995844364,11.80653763
0.0420929965,0.5516275167,11.82674122
0.04210195638,0.5976852775,11.84177971
0.04211195638,0.6468469501,11.85485554
0.04212195638,0.6934558749,11.86546898
0.04213195638,0.7373279929,11.87361717
0.04214195638,0.7782902718,11.88042355
0.04215195638,0.8161809444,11.88562679
0.04215320638,0.8206937313,11.8862896
0.04215570638,0.8295671344,11.8874321
0.04215633138,0.8317536116,11.8877058
0.04215633451,0.8317644596,6.19630146
0.04215634076,0.8317862749,-2.441617012
0.04215635326,0.8318299055,-9.647828102
0.04215635867,0.8318487406,-10.53921127
0.04215636619,0.8318749666,-11.18915939
0.04215637351,0.8319004774,-11.47405148
0.04215638816,0.8319515586,-11.67905235
0.04215640468,0.8320091367,-11.71118641
0.04215643429,0.8321123719,-11.71499443
0.04215647506,0.8322544098,-11.71434784
0.04215655659,0.8325383067,-11.71506405
0.04215671965,0.8331054449,-11.71556759
0.04215704577,0.8342370391,-11.71722794
0.04215769802,0.8364897966,-11.71994591
0.04215900251,0.8409531116,-11.72576427
0.04216161149,0.8497099876,-11.73635101
0.04216682946,0.8665363789,-11.75601387
0.04217682946,0.8961660862,-11.78684425
0.04218682946,0.9222590327,-11.81110668
0.04219682946,0.9447122812,-11.82975483
0.04220682946,0.96343714,-11.84466553
0.04221682946,0.9783597589,-11.85613251
0.04222682946,0.9894212484,-11.86551952
0.04223682946,0.9965779185,-11.87273788
0.04223807946,0.9971963763,-11.87361717
0.04224057946,0.9982486963,-11.87517834
0.04224120446,0.9984733462,-11.87555218
0.04224245446,0.9988763332,-11.87629223
0.04224495446,0.9994975328,-11.87771606
0.04224496451,0.9994995594,0.05130909011
0.04224498461,0.9995034933,11.85081387
0.04224499163,0.9995049238,11.7841301
0.04224499773,0.9995061159,11.75571823
0.04224500603,0.9995077252,11.73698425
0.04224502263,0.9995110035,11.7252903
0.04224505583,0.9995175004,11.72407055
0.04224512222,0.999530375,11.72479439
0.04224525501,0.9995555878,11.72511768
0.04224552058,0.9996039271,11.72649384
0.04224605173,0.9996923208,11.72861767
0.04224711402,0.9998356104,11.73332119
0.04224923861,0.9999885559,11.74184513
0.04225348778,0.9997599125,11.75806236
0.04226198612,0.9971654415,11.78529263
0.04227198612,0.9904734492,11.8110075
0.04228198612,0.9798724651,11.83070564
0.04229198612,0.9654043913,11.84637165
0.04230198612,0.9471262693,11.85834789
0.04231198612,0.9251103401,11.8680687
0.04232198612,0.899443388,11.87546635
0.04233198612,0.8702267408,11.88165092
0.04234198612,0.8375756741,11.8863163
0.04234323612,0.8332591057,11.88692093
0.04234573612,0.8244720101,11.88794518
0.04234636112,0.8222433329,11.88819027
0.04234761112,0.8177480698,11.88867474
0.04234792362,0.8166163564,11.88879395
0.04234854862,0.8143434525,11.88903046
0.04234870487,0.8137732744,11.88908863
0.04234901737,0.8126305342,11.88920593
0.04234913083,0.812214911,-8.2257061
0.04234919936,0.8119636178,-13.64479733
0.04234925619,0.8117551804,-10.77476406
0.04234928003,0.8116676807,-11.80330276
0.04234930302,0.8115832806,-11.7064476
0.04234932727,0.8114942908,-11.71428585
0.04234935454,0.8113940954,-11.71356297
0.0423494091,0.8111937046,-11.71398735
0.0423495182,0.810792625,-11.71439266
0.04234973642,0.8099893332,-11.71545887
0.04235017284,0.80837816,-11.71737194
0.0423510457,0.8051376343,-11.72131348
0.0423527914,0.7985839844,-11.72877216
0.04235628282,0.785189271,-11.7429018
0.04236326565,0.7572728395,-11.76758003
0.04237326565,0.7147701383,-11.79636288
0.04238326565,0.6694465876,-11.8187151
0.04239326565,0.6214810014,-11.83631802
0.04240326565,0.5710627437,-11.8500824
0.04241326565,0.5183907151,-11.86108017
0.04242326565,0.4636728764,-11.8697567
0.04243326565,0.4071251154,-11.87682915
0.04243451565,0.3999390006,-11.87756824
0.04243701565,0.3854932487,-11.87905884
0.04243764065,0.3818668127,-11.87941742
0.04243889065,0.3745963275,-11.88012505
0.0424388969,0.3745599091,-2.708923817
0.0424389094,0.374487102,8.505964279
0.04243891642,0.3744462132,10.19716167
0.0424389214,0.374417156,10.8137331
0.04243892872,0.3743745685,11.30595779
0.04243894047,0.3743061125,11.61691856
0.04243895575,0.3742170334,11.70865154
0.04243897711,0.3740926087,11.72241116
0.04243900941,0.3739043474,11.72188473
0.04243907403,0.3735277951,11.7223711
0.04243920326,0.372774452,11.72282028
0.04243946172,0.3712670505,11.72404957
0.04243997864,0.3682493269,11.72621155
0.04244101248,0.3622022569,11.73069572
0.04244308017,0.3500625491,11.73908424
0.04244721553,0.3256078959,11.75481701
0.04245548627,0.2760558128,11.78157139
0.04246548627,0.215160504,11.80742359
0.04247548627,0.1534160525,11.82737923
0.04248548627,0.09106612951,11.84307575
0.04249548627,0.02835681476,11.85523319
0.04250548627,-0.03446440771,11.86493492
0.04251548627,-0.09714961797,11.87248135
0.04252548627,-0.1594514251,11.87863064
0.04253548627,-0.2211239487,11.88343716
0.04253564252,-0.2220812887,11.88354015
0.04253595502,-0.223995313,11.88367939
0.04253606847,-0.2246900201,-8.231230736
0.04253613701,-0.2251095921,-13.65031242
0.04253619385,-0.225457564,-10.78012943
0.04253621769,-0.2256035209,-11.80896091
0.04253624069,-0.2257442623,-11.71193218
0.04253626495,-0.2258927375,-11.71979904
0.04253629223,-0.2260597348,-11.71907043
0.0425363468,-0.2263937145,-11.71949196
0.04253645593,-0.2270615697,-11.71989059
0.0425366742,-0.2283969671,-11.72094536
0.04253711074,-0.2310664803,-11.72283268
0.04253798383,-0.2364002615,-11.72672462
0.04253972999,-0.2470463067,-11.73408794
0.04254322232,-0.2682479322,-11.74803638
0.04255020698,-0.3102535605,-11.7723856
0.04255670518,-0.348798871,-11.79158592
0.04256076693,-0.3726006448,-11.80199718
0.04256490879,-0.3966218829,-11.81168938
0.04256870422,-0.4183984995,-11.81964397
0.04257393322,-0.4480081201,-11.82958412
0.0425806511,-0.485334605,-11.84053421
0.0425906511,-0.5392764211,-11.85404015
0.0426006511,-0.5910900235,-11.86461735
0.0426106511,-0.6405708194,-11.8731184
0.0426206511,-0.6875236034,-11.87983036
0.0426306511,-0.7317630053,-11.88533783
0.0426319011,-0.7370933294,-11.88590813
0.0426322136,-0.7384188175,-11.88605595
0.0426328386,-0.7410612702,-11.88635063
0.0426340886,-0.7463117838,-11.8869276
0.04263409485,-0.7463379502,-2.715716839
0.04263410735,-0.7463902235,8.499176025
0.04263411437,-0.746419549,10.1900177
0.04263411935,-0.7464404106,10.80659389
0.04263412666,-0.7464709282,11.2989006
0.04263413841,-0.7465200424,11.61000347
0.04263415369,-0.7465839386,11.70182133
0.04263417503,-0.7466731668,11.71561718
0.04263420732,-0.7468080521,11.71509552
0.04263427189,-0.7470778227,11.71558762
0.04263440104,-0.7476170063,11.71605015
0.04263465934,-0.7486938834,11.71730518
0.04263517593,-0.7508416176,11.71951771
0.04263620912,-0.7551134229,11.72410297
0.04263827549,-0.7635614276,11.73268795
0.04264240824,-0.7800697684,11.74878979
0.04265067373,-0.8114979267,11.77620792
0.04266067373,-0.8465886116,11.80276108
0.04267067373,-0.8783381581,11.82331276
0.04268067373,-0.9066213369,11.83952427
0.04269067373,-0.9313265085,11.85213661
0.04270067373,-0.9523561001,11.86224556
0.04271067373,-0.9696272612,11.87016487
0.04272067373,-0.9830716848,11.87665939
0.04272192373,-0.984480381,11.87732124
0.04272223623,-0.9848230481,11.87749481
0.04272286123,-0.9854969978,11.87784004
0.04272301748,-0.985663116,11.87792492
0.04272332998,-0.9859925508,11.87809563
0.04272344344,-0.9861111641,-8.236795425
0.04272351197,-0.9861826301,-13.65587711
0.04272356883,-0.9862416983,-10.78553486
0.04272359268,-0.9862664938,-11.81466103
0.04272361568,-0.9862903357,-11.71745586
0.04272363995,-0.9863154888,-11.72535133
0.04272366724,-0.9863437414,-11.72461414
0.04272372182,-0.986400187,-11.72503185
0.04272383098,-0.986512661,-11.72541809
0.04272404931,-0.9867362976,-11.72644901
0.04272448597,-0.987177968,-11.72828865
0.04272535928,-0.9880389571,-11.73208809
0.0427271059,-0.9896717072,-11.73926926
0.04273059915,-0.9925795197,-11.75287151
0.04273758564,-0.9969593883,-11.77659035
0.04274758564,-0.999884963,-11.80418015
0.04275758564,-0.9988644123,-11.82552433
0.04276758564,-0.9939017892,-11.84226227
0.04277758564,-0.985016644,-11.85526562
0.04278758564,-0.9722441435,-11.86558628
0.04279758564,-0.9556346536,-11.87364674
0.04280758564,-0.9352536798,-11.88015175
0.04281758564,-0.9111816883,-11.8852644
0.04282758564,-0.8835137486,-11.88948441
0.04282762626,-0.8833941221,7.112578392
0.04282770751,-0.8831547499,14.51957226
0.04282773494,-0.883073926,11.25039768
0.04282775131,-0.8830256462,11.67056084
0.04282776632,-0.8829814196,11.707304
0.04282778281,-0.8829327226,11.71256638
0.04282781579,-0.8828354478,11.71334457
0.04282788175,-0.8826407194,11.71345234
0.04282801366,-0.8822508454,11.71417618
0.04282827749,-0.8814691901,11.7152853
0.04282880516,-0.8798986673,11.71775055
0.04282986049,-0.8767286539,11.72234058
0.04283197115,-0.8702730536,11.73139095
0.04283619247,-0.8569039106,11.74789524
0.04284463511,-0.8283670545,11.77635098
0.04285463511,-0.7915580869,11.80301189
0.04286463511,-0.7516252398,11.82396126
0.04287463511,-0.7087260485,11.84025955
0.04288463511,-0.6630298495,11.85324383
0.04289463511,-0.6147170067,11.86341572
0.04290463511,-0.563978076,11.87168026
0.04291463511,-0.5110134482,11.87821102
0.04291588511,-0.5042467117,11.87896824
0.04291619761,-0.5025501251,11.87914753
0.04291682261,-0.4991512001,11.87950325
0.04291682574,-0.4991341829,6.188102722
0.04291683199,-0.4991001487,-2.449810743
0.04291684449,-0.4990320802,-9.656022072
0.0429168499,-0.4990026057,-10.54766369
0.04291685742,-0.4989616573,-11.1975708
0.04291686475,-0.498921752,-11.48242283
0.0429168794,-0.4988419712,-11.68731689
0.04291689593,-0.4987519681,-11.71939373
0.04291692556,-0.4985905886,-11.72318268
0.04291696636,-0.4983683825,-11.72253323
0.04291704795,-0.497923851,-11.72323895
0.04291721114,-0.4970344007,-11.72372246
0.04291753751,-0.4952539206,-11.7253437
0.04291819026,-0.4916867018,-11.72798252
0.04291949577,-0.4845275581,-11.73364735
0.04292210677,-0.4701119363,-11.74393654
0.04292732878,-0.4409050345,-11.76304722
0.04293732878,-0.3836771548,-11.7929306
0.04294732878,-0.3249350488,-11.81639862
0.04295732878,-0.2649106085,-11.83436871
0.04296732878,-0.2038406581,-11.84868908
0.04297732878,-0.1419662386,-11.85963345
0.04298732878,-0.07953155786,-11.86854839
0.04299732878,-0.01678300276,-11.87533474
0.04300732878,0.04603179172,-11.88104248
0.04300857878,0.05387594551,-11.88156509
0.04301107878,0.06955380738,-11.88273621
0.04301170378,0.07347074151,-11.88301754
0.04301295378,0.08130114526,-11.88357353
0.04301545378,0.09694643319,-11.8846426
0.04301546383,0.09700928628,0.04438476264
0.04301548393,0.09713497758,11.8438921
0.04301549095,0.09717888385,11.77722359
0.04301549705,0.09721702337,11.74881077
0.04301550534,0.09726890922,11.73007393
0.04301552194,0.09737267345,11.71837521
0.04301555513,0.09758020937,11.71715736
0.0430156215,0.09799526632,11.71789074
0.04301575425,0.09882532805,11.71823215
0.04301601976,0.1004852355,11.71964455
0.04301655077,0.1038042232,11.7218399
0.04301761279,0.1104386896,11.72668457
0.04301973683,0.1236925647,11.73548222
0.04302398492,0.1501318812,11.75221539
0.04303248108,0.2026708871,11.78036404
0.04304016248,0.2496785671,11.80140018
0.04304864811,0.3009275198,11.82010937
0.04305691579,0.3500387371,11.83524418
0.04306691579,0.4081660807,11.84963417
0.04307691579,0.4646826088,11.86128235
0.04308691579,0.5193652511,11.87023449
0.04309691579,0.571998179,11.87768269
0.04310691579,0.6223737001,11.88338947
0.04310816579,0.6285019517,11.8841095
0.04311066579,0.6406416893,11.88535881
0.04311129079,0.6436520219,11.88565826
0.04311254079,0.6496428847,11.88625145
0.04311254704,0.6496727467,2.715041876
0.04311255954,0.6497324705,-8.499851227
0.04311256655,0.6497659683,-10.19072819
0.04311257154,0.6497897506,-10.80730343
0.04311257885,0.6498246789,-11.29960251
0.04311259059,0.6498807669,-11.61069107
0.04311260588,0.6499537826,-11.70250034
0.04311262722,0.6500556469,-11.71629238
0.04311265951,0.6502098441,-11.71577072
0.04311272409,0.6505180597,-11.71626186
0.04311285324,0.6511341929,-11.71672249
0.04311311156,0.6523651481,-11.71797466
0.04311362818,0.6548218727,-11.72018051
0.04311466143,0.6597146988,-11.72475338
0.04311672794,0.669416666,-11.73331451
0.04312086095,0.6884804368,-11.74937153
0.04312912696,0.72520262,-11.77670765
0.04313912696,0.7670050859,-11.80317307
0.04314912696,0.8057805896,-11.82365036
0.04315912696,0.841375947,-11.83979702
0.04316912696,0.8736508489,-11.85235119
0.04317912696,0.9024778605,-11.86240959
0.04318912696,0.9277431965,-11.87028217
0.04319912696,0.9493471384,-11.87673378
0.04320037696,0.9517857432,-11.87739086
0.04320068946,0.95238626,-11.87756348
0.04320131446,0.9535762072,-11.87790585
0.04320147071,0.953871429,-11.87799072
0.04320178321,0.9544590712,-11.87815952
0.04320240821,0.9556232691,-11.87849426
0.04320241134,0.9556290507,-6.187092781
0.04320241759,0.955640614,2.450822115
0.04320243009,0.9556637406,9.657032967
0.0432024355,0.9556737542,10.54870605
0.04320244302,0.9556877017,11.19860744
0.04320245035,0.955701232,11.48345566
0.043202465,0.9557283521,11.68833637
0.04320248153,0.9557588696,11.72040653
0.04320251116,0.9558136463,11.72419453
0.04320255196,0.9558889866,11.72354698
0.04320263356,0.9560394287,11.72425556
0.04320279677,0.9563396573,11.7247448
0.04320312317,0.9569370151,11.72637653
0.04320377599,0.9581196904,11.72903824
0.04320508161,0.9604366422,11.73474503
0.04320769287,0.9648764729,11.74511814
0.04321291538,0.9729759097,11.76438713
0.04322291538,0.9855546951,11.79453945
0.04323291538,0.9942439795,11.81824112
0.04324291538,0.9990094304,11.83641434
0.04325291538,0.9998322129,11.85090923
0.04326291538,0.996709168,11.86200333
0.04327291538,0.9896525741,11.87104511
0.04328291538,0.978690207,11.87793541
0.04329291538,0.963865459,11.88372612
0.04330291538,0.9452367425,11.88810158
0.04330416538,0.9426441789,11.88867378
0.04330666538,0.9372848272,11.88963795
0.04330667543,0.9372627735,-0.03939038515
0.04330669553,0.9372187853,-11.83889866
0.04330670255,0.9372033477,-11.77224064
0.04330670865,0.9371899962,-11.74382687
0.04330671694,0.9371718168,-11.72508812
0.04330673353,0.937135458,-11.71338463
0.04330676672,0.9370626807,-11.71216679
0.04330683308,0.936917007,-11.71290302
0.04330696581,0.9366251826,-11.71324921
0.04330723126,0.936039567,-11.71467209
0.04330776218,0.9348604679,-11.71688843
0.043308824,0.9324711561,-11.72177505
0.04331094765,0.9275681376,-11.73065186
0.04331519495,0.9172675014,-11.74753284
0.04332368954,0.8947143555,-11.7759409
0.04333294553,0.8672411442,-11.80105782
0.04334294553,0.834267199,-11.82215118
0.04335294553,0.7980007529,-11.83898449
0.04336294553,0.7585849762,-11.85195446
0.04337294553,0.7161753774,-11.86253738
0.04338294553,0.6709393859,-11.87069702
0.04339294553,0.6230555177,-11.87756634
0.04339419553,0.6168931723,-11.8782177
0.04339450803,0.6153466105,-11.87839794
0.04339513303,0.6122463942,-11.87875938
0.04339528928,0.6114698648,-11.87884903
0.04339540802,0.6108793616,8.369231224
0.04339546053,0.6106181145,13.24919701
0.04339550049,0.6104192138,11.20403194
0.04339552039,0.6103202105,11.72651291
0.043395544,0.6102027297,11.72331905
0.04339556688,0.6100887656,11.72371578
0.04339560346,0.6099066138,11.72385025
0.04339567663,0.6095422506,11.72418118
0.04339582296,0.608813107,11.72481632
0.04339611562,0.6073533297,11.72609615
0.04339670094,0.6044275761,11.7286129
0.04339787159,0.5985515118,11.73354816
0.04340021288,0.5867026448,11.74297428
0.04340489546,0.5626265407,11.76023865
0.04341426062,0.5130346417,11.78923607
0.04342426062,0.4581249356,11.81347179
0.04343426062,0.4014071822,11.83230877
0.04344426062,0.3431052864,11.84701443
0.04345426062,0.2834492922,11.85852909
0.04346426062,0.2226746678,11.8676033
0.04347426062,0.1610212475,11.87478447
0.04348426062,0.09873234481,11.88051891
0.04349426062,0.03605379537,11.88512039
0.04349441687,0.03507266939,11.88518715
0.04349472937,0.03311031684,11.88531494
0.04349484282,0.032397829,-8.229593277
0.04349491136,0.03196744621,-13.64868164
0.04349496819,0.03161050379,-10.77854156
0.04349499204,0.03146076202,-11.80728722
0.04349501503,0.03131638095,-11.71030998
0.04349503928,0.03116405196,-11.71816826
0.04349506657,0.03099271841,-11.71744156
0.04349512113,0.03065004945,-11.71786499
0.04349523026,0.02996470034,-11.71826553
0.04349544851,0.02859396115,-11.71932507
0.04349588502,0.02585232258,-11.72122288
0.04349675803,0.02036848292,-11.7251358
0.04349850406,0.00939913094,-11.73253822
0.04350199612,-0.012541648,-11.7465601
0.04350898023,-0.05639453232,-11.77104473
0.04351898023,-0.1189738438,-11.7995882
0.04352879248,-0.179923296,-11.82136631
0.04353879248,-0.2413340807,-11.83887768
0.04354879248,-0.301792413,-11.8525486
0.04355879248,-0.3610597253,-11.86345196
0.04356879248,-0.4189020991,-11.87203121
0.04357879248,-0.4750912488,-11.87900162
0.04358879248,-0.5294054151,-11.88453865
0.04359004248,-0.5360521078,-11.8851757
0.04359035498,-0.5377086401,-11.88532734
0.04359097998,-0.5410154462,-11.8856287
0.0435909831,-0.5410319567,-6.194225788
0.04359098935,-0.5410649776,2.443691254
0.04359100185,-0.5411310196,9.649902344
0.04359100726,-0.5411596298,10.54135132
0.04359101478,-0.5411993861,11.19128895
0.04359102211,-0.5412380695,11.47617149
0.04359103676,-0.5413154364,11.68114471
0.04359105328,-0.5414027572,11.71326447
0.0435910829,-0.5415591598,11.71706676
0.04359112367,-0.5417745113,11.71641922
0.04359120522,-0.5422051549,11.71713257
0.04359136831,-0.5430659056,11.71762943
0.0435916945,-0.5447856784,11.71927738
0.04359234687,-0.5482183695,11.7219696
0.04359365162,-0.5550561547,11.72773933
0.04359626111,-0.5686193109,11.73823071
0.0436014801,-0.5952833891,11.75771618
0.0436114801,-0.6445618868,11.78824139
0.0436214801,-0.6912966371,11.81224632
0.0436314801,-0.7353031039,11.83067513
0.0436414801,-0.7764077187,11.84539318
0.0436514801,-0.8144481778,11.85669136
0.0436614801,-0.8492743969,11.86592674
0.0436714801,-0.8807489276,11.87300777
0.0436814801,-0.9087474942,11.87899303
0.04368163635,-0.9091567993,11.87899971
0.04368194885,-0.9099727273,-10.3257618
0.04368203503,-0.9101971388,-12.60173988
0.04368212099,-0.9104207158,-11.17289639
0.04368216531,-0.910535872,-11.93652439
0.04368221006,-0.910652101,-11.64173317
0.04368225616,-0.9107717276,-11.75782585
0.0436823036,-0.9108947515,-11.71106339
0.04368238089,-0.9110950232,-11.733325
0.04368249515,-0.9113907218,-11.71988583
0.04368271372,-0.9119550586,-11.73143482
0.04368315085,-0.9130784869,-11.72411537
0.04368402511,-0.9153047204,-11.73647022
0.04368577363,-0.9196742773,-11.73538208
0.04368927068,-0.9280798435,-11.75711632
0.04369626478,-0.9435428977,-11.77277756
0.04370626478,-0.9624804258,-11.80837536
0.04371626478,-0.9776194692,-11.82172775
0.04372626478,-0.9889003038,-11.84643936
0.04373626478,-0.9962784052,-11.85153484
0.04374626478,-0.9997246265,-11.86978054
0.04375626478,-0.999225378,-11.87000465
0.04376626478,-0.9947826862,-11.88438034
0.04377626478,-0.9864140153,-11.88172054
0.04377751478,-0.9850933552,-11.88617706
0.04378001478,-0.9822698236,-11.88733864
0.04378501478,-0.9758964777,-11.88931656
0.04378517103,-0.9756817818,-11.88940525
0.04378548353,-0.9752495289,-11.88952827
0.04378559698,-0.9750916362,8.22538662
0.04378566552,-0.9749960303,13.64447212
0.04378572235,-0.9749166369,10.77444935
0.04378574618,-0.9748833179,11.80296993
0.04378576917,-0.9748511314,11.70612431
0.04378579342,-0.9748171568,11.71396065
0.0437858207,-0.9747788906,11.71323776
0.04378587525,-0.9747023582,11.71366119
0.04378598435,-0.9745489359,11.71406555
0.04378620256,-0.9742406607,11.71512985
0.04378663898,-0.9736186266,11.7170372
0.04378751182,-0.9723525643,11.72097015
0.04378925751,-0.969732821,11.72841072
0.04379274887,-0.9641436338,11.74250603
0.04379973159,-0.9515762925,11.76711845
0.04380733934,-0.9358003736,11.78955746
0.04381698501,-0.9127300978,11.81246185
0.04382698501,-0.8852751255,11.83122253
0.04383698501,-0.8543263674,11.84587097
0.04384698501,-0.8200060129,11.8575449
0.04385698501,-0.7824494839,11.86674213
0.04386698501,-0.7418049574,11.87421417
0.04386823501,-0.7365151048,11.87499523
0.04387073501,-0.7257995009,11.87656784
0.04387136001,-0.7230924964,11.87694645
0.04387261001,-0.7176451087,11.87769318
0.04387292251,-0.7162763476,11.87787628
0.04387354751,-0.7135304809,11.87823963
0.04387370376,-0.7128423452,11.87833023
0.04387401626,-0.7114638686,11.87850952
0.04387412971,-0.7109627724,-8.236377716
0.04387419825,-0.7106598616,-13.6554575
0.0438742551,-0.7104085088,-10.78512478
0.04387427895,-0.7103030682,-11.8142271
0.04387430195,-0.710201323,-11.71703529
0.04387432622,-0.7100939751,-11.72492695
0.04387435351,-0.7099732161,-11.72418976
0.04387440809,-0.709731698,-11.72460556
0.04387451725,-0.7092483044,-11.72498894
0.04387473557,-0.708280623,-11.72601318
0.04387517222,-0.706341207,-11.72783947
0.04387604551,-0.7024464607,-11.73161316
0.0438777921,-0.6945936084,-11.73874378
0.04388128528,-0.6786379814,-11.75224972
0.04388827163,-0.6457537413,-11.77579021
0.04389827163,-0.5965360999,-11.80315495
0.04390827163,-0.5449641347,-11.82430363
0.04391827163,-0.4912414849,-11.84087276
0.04392827163,-0.4355801344,-11.85373116
0.04393827163,-0.3781997263,-11.86392689
0.04394827163,-0.3193267286,-11.87188148
0.04395827163,-0.2591935098,-11.87829781
0.04396827163,-0.198037371,-11.88333797
0.04396952163,-0.1903329194,-11.88391685
0.04397202163,-0.1748892516,-11.88499451
0.04397264663,-0.1710214466,-11.88525295
0.04397389663,-0.1632779837,-11.88576412
0.04397420913,-0.1613405198,-11.88588905
0.04397483413,-0.1574637443,-11.88613796
0.04397483725,-0.1574443579,-6.194732189
0.0439748435,-0.1574055851,2.443187952
0.043974856,-0.1573280245,9.649398804
0.04397486141,-0.1572944522,10.54083157
0.04397486893,-0.1572477818,11.19077015
0.04397487626,-0.1572023332,11.47565556
0.04397489091,-0.1571114361,11.68063641
0.04397490743,-0.157008931,11.71275997
0.04397493705,-0.1568251401,11.71656704
0.04397497782,-0.1565721333,11.71592236
0.04397505936,-0.156066075,11.71664238
0.04397522245,-0.155053854,11.7171526
0.04397554862,-0.1530289203,11.71882725
0.04397620096,-0.1489771307,11.72157383
0.04397750565,-0.1408661008,11.72744846
0.04398011502,-0.1246161982,11.73814392
0.04398533377,-0.09202028066,11.75801182
0.04399533377,-0.02931459062,11.78918839
0.04400533377,0.03350678831,11.81375027
0.04401533377,0.0961959362,11.83265686
0.04402533377,0.1585054398,11.84778786
0.04403533377,0.2201893926,11.85944176
0.04404533377,0.2810043693,11.86898422
0.04405533377,0.3407103419,11.87632751
0.04406533377,0.3990716636,11.88253593
0.04406658377,0.4062607586,11.88311672
0.04406908377,0.4205633104,11.88440323
0.04406970877,0.42412287,11.88471317
0.04406986502,0.425011754,11.88479042
0.04406998376,0.4256869853,-8.36329937
0.04407003627,0.4259854853,-13.24326897
0.04407007623,0.4262126088,-11.19825745
0.04407009612,0.4263256788,-11.72050858
0.04407011972,0.4264597893,-11.71740532
0.0440701426,0.4265898168,-11.71779537
0.04407017917,0.4267976582,-11.7179327
0.04407025232,0.4272132814,-11.71826935
0.04407039863,0.4280442595,-11.71891594
0.04407069124,0.4297051132,-11.7202177
0.04407127646,0.4330224693,-11.72277927
0.04407244691,0.4396395981,-11.72780132
0.0440747878,0.4528021216,-11.73739529
0.04407946958,0.4788305461,-11.75497341
0.04408883315,0.5296221972,-11.7845192
0.04409883315,0.5818381906,-11.80924988
0.04410883315,0.6317578554,-11.82850647
0.04411883315,0.6791843176,-11.84357643
0.04412883315,0.7239302993,-11.85541344
0.04413883315,0.7658192515,-11.86478138
0.04414883315,0.8046858907,-11.87223244
0.04415883315,0.8403768539,-11.87822151
0.04416008315,0.8446077704,-11.87887001
0.04416039565,0.8456573486,-11.87903214
0.04416102065,0.8477467299,-11.87935352
0.0441611769,0.8482670784,-11.87943268
0.04416129564,0.8486619592,8.368655205
0.04416134815,0.848836422,13.24862385
0.04416138811,0.8489691019,11.203475
0.04416140801,0.8490352035,11.72593594
0.04416143162,0.849113524,11.72275162
0.0441614545,0.8491894603,11.7231493
0.04416149108,0.8493108153,11.72328568
0.04416156425,0.8495534062,11.72362137
0.04416171058,0.8500380516,11.7242651
0.04416200323,0.851005137,11.725564
0.04416258855,0.8529307246,11.72811699
0.04416375917,0.85674721,11.73312283
0.04416610042,0.864241004,11.74268723
0.04417078293,0.8786659241,11.76021385
0.04418014793,0.9052224159,11.78967857
0.04419014793,0.9301182628,11.81434345
0.04420014793,0.9513433576,11.83354855
0.04421014793,0.9688138962,11.84857178
0.04422014793,0.9824609756,11.86036205
0.04423014793,0.992230773,11.86967468
0.04424014793,0.9980846643,11.87705994
0.04425014793,0.9999995828,11.88296986
0.04426014793,0.9979679585,11.88772011
0.04426139793,0.9974367023,11.88824081
0.04426389793,0.9961897731,11.88925076
0.04426452293,0.9958395958,11.88949394
0.04426467918,0.9957496524,11.88955402
0.04426479793,0.9956806302,-8.358550072
0.04426485043,0.9956499338,-13.23852348
0.04426489038,0.9956265688,-11.19363689
0.04426491027,0.9956148863,-11.71570492
0.04426493386,0.9956009984,-11.71267509
0.04426495673,0.9955875278,-11.71306038
0.04426499331,0.9955659509,-11.71320248
0.04426506645,0.9955225587,-11.71354675
0.04426521273,0.9954352975,-11.7142086
0.04426550531,0.9952581525,-11.71554089
0.04426609045,0.9948938489,-11.71816349
0.04426726074,0.9941248298,-11.72330475
0.04426960131,0.992425561,-11.7331295
0.04427428245,0.9883835912,-11.75114059
0.04427766401,0.9849316478,-11.7628746
0.04428075071,0.9813924432,-11.77275372
0.04428517155,0.9756810665,-11.78563499
0.04429129099,0.9665340781,-11.80130291
0.0443007023,0.9496836662,-11.82126427
0.0443107023,0.9281430244,-11.838027
0.0443207023,0.9029393792,-11.8512249
0.0443307023,0.8741723299,-11.86169243
0.0443407023,0.8419552445,-11.87004375
0.0443507023,0.806415379,-11.87677574
0.0443519523,0.80174613,-11.87750721
0.0443522648,0.800571084,-11.87768936
0.0443528898,0.7982116938,-11.87805176
0.04435304605,0.7976199389,-11.8781414
0.0443531648,0.7971696854,8.36993885
0.04435321731,0.7969704866,13.24990559
0.04435325727,0.7968187928,11.20472145
0.04435327717,0.7967432141,11.72723007
0.04435330078,0.7966535687,11.72402573
0.04435332366,0.7965666652,11.72442341
0.04435336025,0.7964276671,11.72455692
0.04435343341,0.7961495519,11.7248888
0.04435357975,0.7955929041,11.72552299
0.04435387241,0.7944774628,11.72680283
0.04435445775,0.7922386527,11.72931862
0.04435562842,0.7877288461,11.73425198
0.04435796975,0.7785815597,11.74367523
0.04436265243,0.7597836256,11.76093483
0.04437201778,0.7202315331,11.78992462
0.04438201778,0.675250411,11.81415272
0.04439201778,0.627604425,11.83298302
0.04440201778,0.5774815083,11.847682
0.04441201778,0.5250795484,11.85918999
0.04442201778,0.4706053734,11.86825657
0.04443201778,0.4142739177,11.87542725
0.04444201778,0.3563075066,11.88114929
0.04445201778,0.2969349027,11.88573647
0.04445326778,0.2894260883,11.8862381
0.04445358028,0.2875460684,11.88636208
0.04445420528,0.2837827206,11.88660908
0.04445436153,0.2828412056,11.88667011
0.04445467403,0.2809573412,11.88679123
0.04445478749,0.2802731097,-8.228118896
0.04445485602,0.2798597217,-13.64720917
0.04445491285,0.2795168757,-10.77710915
0.0444549367,0.2793730497,-11.8057766
0.04445495968,0.2792343497,-11.70884609
0.04445498394,0.2790880203,-11.71669674
0.04445501122,0.2789234221,-11.71597099
0.04445506578,0.2785941958,-11.71639538
0.0444551749,0.2779356837,-11.71679878
0.04445539313,0.2766182125,-11.71786213
0.04445582961,0.2739817202,-11.71976852
0.04445670256,0.2687025666,-11.72369671
0.04445844847,0.2581201792,-11.7311306
0.04446194029,0.2368635386,-11.74521255
0.04446892391,0.1940184683,-11.76980495
0.04447892391,0.1320382506,-11.79848099
0.04448892391,0.06953693926,-11.82074356
0.04449892391,0.006761195604,-11.83826828
0.04450892391,-0.05604122952,-11.85196018
0.04451892391,-0.1186224893,-11.86288929
0.04452892391,-0.1807355881,-11.87149906
0.04453892391,-0.2421354204,-11.8785038
0.04454892391,-0.3025796413,-11.88407803
0.04454896454,-0.3028229177,7.117934227
0.04454904579,-0.3033094406,14.5249052
0.04454907322,-0.3034736216,11.25573349
0.04454908959,-0.3035716414,11.67593765
0.0445491046,-0.3036615252,11.71264553
0.0445491211,-0.3037602603,11.71789646
0.04454915408,-0.3039577305,11.71866798
0.04454922005,-0.3043526113,11.71876812
0.044549352,-0.305142194,11.71947479
0.04454961589,-0.3067207932,11.72054958
0.04455014367,-0.3098753989,11.72294712
0.04455119923,-0.3161743581,11.72740364
0.04455331035,-0.3287302554,11.73619461
0.04455753259,-0.3536663949,11.75220776
0.04456597707,-0.4027745724,11.7797842
0.04457597707,-0.459451884,11.80554581
0.04458597707,-0.5143159628,11.82572556
0.04459597707,-0.5671502948,11.84135723
0.04460597707,-0.6177462935,11.85375977
0.04461597707,-0.6659044027,11.86341572
0.04462597707,-0.7114344239,11.87122059
0.04463597707,-0.7541567683,11.87733841
0.04463722707,-0.7592911124,11.87804699
0.04463972707,-0.7694190145,11.87935734
0.04464035207,-0.7719213963,11.87967205
0.04464050832,-0.7725451589,11.87975025
0.04464082082,-0.7737904191,11.87990761
0.04464093428,-0.7742417455,-8.234989166
0.04464100281,-0.7745141983,-13.65407372
0.04464105966,-0.7747400999,-10.78378201
0.04464108351,-0.7748348713,-11.81281281
0.04464110651,-0.7749261856,-11.71566582
0.04464113077,-0.7750225663,-11.72355175
0.04464115806,-0.775130868,-11.72281742
0.04464121264,-0.7753474712,-11.72323704
0.04464132179,-0.7757804394,-11.72362804
0.0446415401,-0.7766452432,-11.7246685
0.04464197672,-0.7783704996,-11.72652721
0.04464284995,-0.7818033099,-11.73036385
0.04464459643,-0.788598299,-11.73761654
0.04464808938,-0.8019026518,-11.75135708
0.04465507527,-0.8273463249,-11.77532768
0.04466507527,-0.8609826565,-11.80323315
0.04467507527,-0.8912211657,-11.82484531
0.04468507527,-0.9179423451,-11.84181499
0.04469507527,-0.9410408735,-11.85502148
0.04470507527,-0.9604255557,-11.86552048
0.04471507527,-0.9760197997,-11.8737402
0.04472507527,-0.9877622128,-11.88038826
0.04473507527,-0.9956063628,-11.88563061
0.04473632527,-0.9963110685,-11.88623238
0.04473882527,-0.9975360632,-11.88735485
0.04473945027,-0.9978038669,-11.88762474
0.04474070027,-0.9982933402,-11.88815784
0.04474320027,-0.9990874529,-11.88918304
0.04474321032,-0.9990901947,0.03984414786
0.04474323042,-0.9990955591,11.83935165
0.04474323744,-0.9990974069,11.77269268
0.04474324354,-0.9990990162,11.74427891
0.04474325184,-0.9991012812,11.72554016
0.04474326843,-0.9991056919,11.71383667
0.04474330161,-0.9991144538,11.71261787
0.04474336797,-0.999131918,11.71335316
0.04474350071,-0.9991663098,11.71369553
0.04474376617,-0.9992330074,11.71511269
0.04474429709,-0.999358058,11.71731567
0.04474535893,-0.9995748401,11.72217751
0.04474748261,-0.9998748899,11.73100567
0.04475172998,-0.9999409318,11.7477951
0.04475877666,-0.9984799027,11.77158928
0.04476661609,-0.9945550561,11.79388523
0.04477448301,-0.9881913066,11.81198311
0.0447838013,-0.9775320292,11.82969952
0.0447938013,-0.9623677135,11.84446526
0.0448038013,-0.9434053302,11.85641956
0.0448138013,-0.9207197428,11.8656292
0.0448238013,-0.894400537,11.87330246
0.0448250513,-0.8908601403,11.87403774
0.0448275513,-0.8836147785,11.87562752
0.0448281763,-0.8817692995,11.87600994
0.0448294263,-0.8780375719,11.87676525
0.0448297388,-0.8770961165,11.87695026
0.0448303638,-0.8752031922,11.87731743
0.04483052005,-0.8747278452,11.87740898
0.04483083255,-0.8737745881,11.87759018
0.04483094601,-0.8734276891,-8.237296104
0.04483101454,-0.8732179403,-13.65637589
0.04483107139,-0.8730437756,-10.78601742
0.04483109525,-0.8729707003,-11.81516933
0.04483111825,-0.872900188,-11.71794796
0.04483114251,-0.8728258014,-11.72584534
0.04483116981,-0.8727421165,-11.72510719
0.04483122439,-0.8725746274,-11.72552299
0.04483133356,-0.8722393513,-11.72590446
0.04483155189,-0.8715676069,-11.72692776
0.04483198855,-0.870219171,-11.72875214
0.04483286189,-0.8675026894,-11.73252106
0.04483460855,-0.8619914055,-11.73964214
0.04483810188,-0.8506581187,-11.75313091
0.04484508853,-0.8267678022,-11.77664185
0.04485508853,-0.7898139358,-11.8039732
0.04486508853,-0.749743104,-11.82509708
0.04487508853,-0.7067133188,-11.8416481
0.04488508853,-0.6608945131,-11.85449123
0.04489508853,-0.6124674082,-11.86467457
0.04490508853,-0.5616232157,-11.87261677
0.04491508853,-0.5085625052,-11.87902164
0.04492508853,-0.4534947872,-11.88404846
0.04492633853,-0.4464809597,-11.88462543
0.04492883853,-0.4323710501,-11.88570023
0.04492946353,-0.4288267791,-11.88595772
0.04493071353,-0.4217184484,-11.88646698
0.04493102603,-0.4199372828,-11.88659191
0.04493165103,-0.4163700938,-11.88683987
0.04493290103,-0.4092165232,-11.88732624
0.04493290728,-0.4091807008,-2.716109514
0.04493291978,-0.4091090262,8.498786926
0.0449329268,-0.4090688229,10.18960476
0.04493293178,-0.4090402424,10.80618
0.04493293909,-0.4089983106,11.29849148
0.04493295084,-0.4089309871,11.60960197
0.04493296612,-0.4088433385,11.70142555
0.04493298746,-0.4087209702,11.71522427
0.04493301975,-0.4085358381,11.71470547
0.04493308432,-0.4081654847,11.71520233
0.04493321346,-0.4074245691,11.7156744
0.04493347175,-0.4059419632,11.71694756
0.04493398833,-0.4029735625,11.71919632
0.04493502148,-0.3970240355,11.72385311
0.04493708778,-0.3850750625,11.73257828
0.04494122038,-0.3609844148,11.74894714
0.04494948558,-0.3120893836,11.77684784
0.04495948558,-0.251819253,11.80390835
0.04496948558,-0.1905553043,11.82489491
0.04497948558,-0.1285393089,11.84148026
0.04498948558,-0.06601602584,11.85441589
0.04499948558,-0.003232212737,11.86480427
0.04500948558,0.05956435576,11.87296295
0.04501948558,0.1221258566,11.87966061
0.04502073558,0.1299172044,11.88034534
0.04502323558,0.1454753727,11.88175201
0.04502386058,0.1493594497,11.88209152
0.04502511058,0.157120645,11.88276005
0.04502542308,0.15905945,11.88292408
0.04502566056,0.1605324447,-9.914021492
0.04502576105,0.1611556262,-12.93380642
0.0450258516,0.161717087,-10.93916225
0.04502589336,0.1619760394,-12.00104427
0.0450259314,0.1622118801,-11.6309576
0.04502597158,0.162460953,-11.75117683
0.04502600894,0.1626926064,-11.71119881
0.04502607263,0.1630874425,-11.72600842
0.04502617041,0.1636935323,-11.71807957
0.04502636596,0.1649055183,-11.7250061
0.04502675706,0.1673287302,-11.7215147
0.04502753927,0.1721721292,-11.72968769
0.04502910367,0.1818463355,-11.7315731
0.04503223249,0.2011410892,-11.74840832
0.04503849011,0.2394899875,-11.76575375
0.04504849011,0.2999806404,-11.7987709
0.04505849011,0.3592874408,-11.81647491
0.04506849011,0.4171762764,-11.83820438
0.04507849011,0.4734186828,-11.84730625
0.04508849011,0.5277927518,-11.86236572
0.04509849011,0.580083847,-11.86640072
0.04510849011,0.6300856471,-11.87750053
0.04511849011,0.6776007414,-11.87854385
0.04511864636,0.6783224344,-11.88066673
0.04511895886,0.6797638535,10.3238554
0.04511904504,0.6801608801,12.60002899
0.04511913099,0.6805566549,11.17109585
0.04511917531,0.680760622,11.93471718
0.04511922005,0.6809664965,11.63998127
0.04511926614,0.6811785698,11.75603199
0.04511931357,0.6813967228,11.70929718
0.04511939085,0.6817520261,11.7315464
0.04511950511,0.6822770834,11.71812248
0.04511972369,0.6832805276,11.72967052
0.04512016085,0.6852834821,11.72237492
0.04512103518,0.6892739534,11.73475456
0.04512278382,0.6971923113,11.73373604
0.04512628111,0.7127756476,11.75558376
0.04513327569,0.7429023981,11.77146816
0.04514327569,0.7834684253,11.80732536
0.04515327569,0.8209424615,11.8209095
0.04516327569,0.855176568,11.84580994
0.04517327569,0.8860357404,11.85108185
0.04518327569,0.913398087,11.8694725
0.04519327569,0.937155664,11.86983776
0.04520327569,0.9572147727,11.8843298
0.04521327569,0.973496139,11.8817873
0.04521452569,0.9752623439,11.88625336
0.04521702569,0.9786140919,11.88744164
0.04521765069,0.9794143438,11.88768291
0.04521890069,0.9809695482,11.88821697
0.04521921319,0.9813488722,11.88834858
0.04521983819,0.9820962548,11.88860893
0.04522108819,0.9835454822,11.88912106
0.04522109444,0.9835525751,2.717906475
0.04522110694,0.983566761,-8.49698925
0.04522111395,0.9835746884,-10.18771553
0.04522111894,0.9835803509,-10.80429173
0.04522112625,0.9835886359,-11.29662609
0.04522113799,0.9836019278,-11.60777473
0.04522115327,0.9836192727,-11.69961929
0.04522117461,0.9836434126,-11.71342659
0.04522120689,0.9836799502,-11.71290779
0.04522127145,0.9837528467,-11.7134037
0.04522140057,0.9838981628,-11.71387196
0.04522165882,0.9841868877,-11.71514034
0.04522217531,0.9847565293,-11.71737862
0.04522320828,0.9858646989,-11.72201443
0.04522527423,0.9879564047,-11.73069763
0.04522940614,0.9916401505,-11.74698639
0.04523766995,0.9970005155,-11.77473927
0.04524766995,0.9998928308,-11.80164337
0.04525766995,0.9988390207,-11.82249355
0.04526766995,0.9938431978,-11.8389616
0.04527766995,0.9849251509,-11.8517971
0.04528766995,0.9721201062,-11.86210346
0.04529766995,0.9554784894,-11.8701973
0.04530766995,0.9350660443,-11.87684822
0.04530891995,0.9322532415,-11.87752914
0.04530923245,0.9315410256,-11.87770653
0.04530946993,0.9309973717,9.919226646
0.04530957042,0.9307667017,12.93900871
0.04530966097,0.9305585623,10.94435978
0.04530970274,0.93046242,12.00630188
0.04530974079,0.9303748012,11.63609791
0.04530978097,0.9302822351,11.75639725
0.04530981835,0.9301960468,11.7163763
0.04530988206,0.9300490022,11.73120403
0.04530997984,0.9298231006,11.72325802
0.04531017542,0.9293701649,11.73018551
0.04531056656,0.9284601808,11.72666836
0.04531134884,0.9266232848,11.7348156
0.04531291342,0.9228823781,11.73662758
0.04531604256,0.9151334167,11.75334549
0.04532230085,0.8985773921,11.77045918
0.04533230085,0.869250834,11.80317307
0.04534230085,0.8364937305,11.820611
0.04535230085,0.8004353642,11.84212494
0.04536230085,0.7612180114,11.85102081
0.04537230085,0.7189965248,11.86590576
0.04538230085,0.6739374995,11.86976051
0.04539230085,0.6262187362,11.88069725
0.04540230085,0.5760285854,11.88156509
0.04541230085,0.5235650539,11.890131
0.0454124571,0.5227283835,11.88814735
0.0454127696,0.521053493,-10.31689072
0.04541285577,0.520591259,-12.59270477
0.04541294171,0.5201302171,-11.16407013
0.04541298601,0.5198924541,-11.92741776
0.04541303073,0.5196524262,-11.63290405
0.0454130768,0.5194050074,-11.74882507
0.04541312422,0.5191504359,-11.70216751
0.04541320148,0.5187354684,-11.72438431
0.04541331574,0.5181216002,-11.71099854
0.04541353436,0.5169461966,-11.72255039
0.0454139716,0.5145925283,-11.71531677
0.04541484609,0.509873569,-11.72776985
0.04541659506,0.500389576,-11.72694111
0.045420093,0.4812415242,-11.74910259
0.04542708889,0.4422573745,-11.7655983
0.04543708889,0.3850685954,-11.80216503
0.04544708889,0.3263601363,-11.81637478
0.04545708889,0.2663636804,-11.84178448
0.04546708889,0.205316022,-11.84753227
0.04547708889,0.1434580535,-11.86631966
0.04548708889,0.08103393763,-11.86707497
0.04549708889,0.01829001121,-11.88189983
0.04549833889,0.01043685991,-11.87876034
0.04550083889,-0.005270889029,-11.88017559
0.04550146389,-0.009197774343,-11.88056087
0.04550271389,-0.01705105975,-11.88126278
0.04550302639,-0.01901423559,-11.88143444
0.04550365139,-0.02294036001,-11.88177586
0.04550490139,-0.03079148568,-11.88244629
0.04550490764,-0.0308307372,-2.711242199
0.04550492014,-0.03090923838,8.503647804
0.04550492716,-0.03095330484,10.19472408
0.04550493214,-0.03098461032,10.81129646
0.04550493946,-0.03103053756,11.30354977
0.0455049512,-0.03110431321,11.61455822
0.04550496649,-0.03120031767,11.70632076
0.04550498784,-0.03133438155,11.72009182
0.04550502014,-0.03153723106,11.7195673
0.04550508474,-0.03194292635,11.72005558
0.04550521394,-0.03275430575,11.72050858
0.04550547235,-0.03437699378,11.72174549
0.04550598916,-0.03762209415,11.72392082
0.04550702277,-0.04411107302,11.72843361
0.04550909001,-0.05708317086,11.7368784
0.04551322448,-0.0829962939,11.75271606
0.04552149343,-0.1346370727,11.77965736
0.04553149343,-0.196590215,11.80570507
0.04554149343,-0.2577674985,11.82582569
0.04555149343,-0.3179274797,11.84166431
0.04556149343,-0.3768327534,11.85394669
0.04557149343,-0.4342508614,11.86376095
0.04558149343,-0.489955157,11.87141132
0.04559149343,-0.5437258482,11.87765789
0.04559274343,-0.5503005385,11.87829018
0.04559524343,-0.5633477569,11.8795929
0.04559586843,-0.566587925,11.87990665
0.04559711843,-0.5730420947,11.88052559
0.04559743093,-0.5746501088,11.88067627
0.04559805593,-0.5778595209,11.88097763
0.04559821218,-0.5786604881,11.88105202
0.04559852468,-0.5802607536,11.88120079
0.04559914968,-0.5834545493,11.88149548
0.0455991528,-0.5834704638,6.190092087
0.04559915905,-0.5835023522,-2.447825432
0.04559917155,-0.5835661292,-9.654036522
0.04559917696,-0.5835937262,-10.5456152
0.04559918449,-0.5836321115,-11.19553089
0.04559919181,-0.5836694837,-11.48039341
0.04559920646,-0.5837442279,-11.68531418
0.04559922299,-0.5838285685,-11.71740532
0.04559925262,-0.5839796662,-11.72120094
0.0455992934,-0.5841876864,-11.72055435
0.04559937498,-0.5846036673,-11.72126865
0.04559953814,-0.5854350328,-11.72176743
0.04559986446,-0.5870960355,-11.72342014
0.04560051708,-0.5904105902,-11.7261219
0.04560182234,-0.5970098376,-11.73190784
0.04560443286,-0.6100875139,-11.74243355
0.04560965389,-0.6357468963,-11.76198578
0.04561965389,-0.6829602122,-11.79262257
0.04562965389,-0.7274782658,-11.81673241
0.04563965389,-0.7691252232,-11.83525372
0.04564965389,-0.8077368736,-11.85004997
0.04565965389,-0.8431606889,-11.86140728
0.04566965389,-0.8752569556,-11.87068367
0.04567965389,-0.903899014,-11.87778378
0.04568965389,-0.9289737344,-11.88376522
0.04569965389,-0.9503822923,-11.88831425
0.04569981014,-0.9506872296,-11.88845348
0.04570012264,-0.9512943625,-11.88859367
0.0457002361,-0.9515138865,8.226325035
0.04570030463,-0.9516462684,13.645401
0.04570036147,-0.9517558813,10.77535343
0.04570038531,-0.9518018365,11.80392265
0.04570040829,-0.9518461227,11.70704746
0.04570043254,-0.9518928528,11.71488762
0.04570045982,-0.9519453645,11.71416378
0.04570051437,-0.9520502687,11.7145853
0.04570062348,-0.952259779,11.71498585
0.0457008417,-0.9526774883,11.71604252
0.04570127814,-0.953507483,11.71793556
0.04570215102,-0.9551459551,11.721838
0.04570389678,-0.9583367705,11.72922134
0.0457073883,-0.9643719792,11.74320698
0.04571437134,-0.9750474691,11.76761818
0.04572437134,-0.9870627522,11.79606819
0.04573437134,-0.9951824546,11.81813526
0.04574437134,-0.9993746877,11.83549404
0.04575437134,-0.9996228218,11.84904671
0.04576437134,-0.9959259033,11.85986042
0.04577437134,-0.9882985353,11.86837864
0.04578437134,-0.9767708182,11.87531567
0.04578562134,-0.9750577211,11.87603855
0.04578812134,-0.9714511633,11.87749863
0.04578813139,-0.9714361429,-0.05152593553
0.04578815149,-0.9714061618,-11.85103035
0.04578815851,-0.971395731,-11.78434658
0.04578816461,-0.9713866115,-11.75593376
0.04578817291,-0.9713742137,-11.73720074
0.04578818951,-0.9713494182,-11.72550583
0.04578822271,-0.9712998271,-11.72428608
0.0457882891,-0.9712005258,-11.72500896
0.04578842189,-0.9710013866,-11.72533035
0.04578868746,-0.9706011415,-11.72670269
0.04578921861,-0.9697924256,-11.72881889
0.04579028092,-0.9681426883,-11.73350811
0.04579240552,-0.9647138715,-11.74200249
0.04579665473,-0.9573411942,-11.75816441
0.04580515314,-0.9405543804,-11.78529644
0.04581515314,-0.9173720479,-11.81091022
0.04582515314,-0.8905692697,-11.83052254
0.04583515314,-0.8602518439,-11.84611416
0.04584515314,-0.8265393376,-11.85802746
0.04585515314,-0.7895649076,-11.86769199
0.04586515314,-0.7494744062,-11.87504196
0.04587515314,-0.706426084,-11.88118458
0.04588515314,-0.6605898142,-11.88581371
0.04588640314,-0.6546731591,-11.88641548
0.04588890314,-0.6427190304,-11.88743114
0.04588952814,-0.6397055984,-11.88767433
0.04589077814,-0.63364923,-11.88815594
0.04589109064,-0.6321289539,-11.88827324
0.04589132812,-0.6309720278,9.908707619
0.04589142862,-0.6304820776,12.9285059
0.04589151916,-0.6300403476,10.93387508
0.04589156092,-0.6298366189,11.99569988
0.04589159895,-0.62965101,11.62573624
0.04589163911,-0.6294549108,11.74587822
0.04589167646,-0.6292725205,11.70594788
0.04589174014,-0.6289615631,11.72074509
0.04589183791,-0.6284838915,11.71284389
0.04589203344,-0.627527833,11.71978855
0.0458924245,-0.625612855,11.716362
0.04589320662,-0.621771574,11.72463799
0.04589477086,-0.6140440702,11.72674847
0.04589789934,-0.5984118581,11.74399281
0.0459041563,-0.5664599538,11.76211452
0.0459141563,-0.5135971308,11.79619694
0.0459241563,-0.4587074518,11.81482029
0.0459341563,-0.4020074308,11.837327
0.0459441563,-0.3437208831,11.84711742
0.0459541563,-0.2840778232,11.86276817
0.0459641563,-0.2233136296,11.86734009
0.0459741563,-0.1616681218,11.87890339
0.0459754063,-0.1539125443,11.87752247
0.0459779063,-0.1383734047,11.87901402
0.0459785313,-0.1344831288,11.87939739
0.0459797813,-0.1266964376,11.88012218
0.0459822813,-0.1111000627,11.88151646
0.04598229135,-0.1110373065,-0.04750873893
0.04598231145,-0.110911794,-11.84701347
0.04598231847,-0.1108679473,-11.78033829
0.04598232457,-0.11082986,-11.75192451
0.04598233287,-0.1107780412,-11.73318958
0.04598234946,-0.1106744111,-11.72149181
0.04598238265,-0.1104671359,-11.72027111
0.04598244904,-0.1100525782,-11.7209959
0.04598258181,-0.109223403,-11.72132015
0.04598284734,-0.1075648218,-11.72269821
0.04598337841,-0.1042467654,-11.72482777
0.04598444056,-0.09760721028,-11.72954178
0.04598656484,-0.08431535214,-11.73808575
0.04599081342,-0.05768894777,-11.75433731
0.04599931057,-0.00433182437,-11.78162193
0.04600931057,0.05846665427,-11.8073864
0.04601931057,0.1210343912,-11.82712173
0.04602931057,0.1831244677,-11.84282017
0.04603931057,0.2444918156,-11.85482788
0.04604931057,0.3048942983,-11.86458397
0.04605931057,0.3640934825,-11.87202454
0.04606931057,0.4218557477,-11.87826061
0.04607056057,0.4289635718,-11.87883759
0.04607306057,0.4430994093,-11.88011932
0.04607368557,0.446616441,-11.88042736
0.04607493557,0.4536297321,-11.8810358
0.04607743557,0.4675719738,-11.88220501
0.04607744562,0.4676277936,0.04682163522
0.04607746572,0.4677394331,11.84632874
0.04607747274,0.4677784145,11.7796545
0.04607747884,0.4678122997,11.75124168
0.04607748713,0.4678583741,11.73250675
0.04607750373,0.4679505229,11.72080898
0.04607753692,0.4681348205,11.71959114
0.0460776033,0.468503356,11.72032166
0.04607773607,0.4692401588,11.72065735
0.0460780016,0.470712781,11.7220602
0.04607853266,0.4736541212,11.72423458
0.04607959477,0.4795209467,11.72904015
0.04608171901,0.4911902249,11.7377615
0.04608596747,0.5142642856,11.75434875
0.04609446441,0.5592968464,11.78223991
0.04610446441,0.6102445126,11.80862236
0.04611446441,0.6587837934,11.82888889
0.04612446441,0.7047231793,11.84504318
0.04613446441,0.7478813529,11.85744572
0.04614446441,0.7880879641,11.86754322
0.04615446441,0.8251843452,11.87527752
0.04616446441,0.8590241075,11.88176441
0.04617446441,0.8894736767,11.88670444
0.04617571441,0.8930354118,11.88734245
0.04617602691,0.8939172029,11.88748169
0.04617665191,0.8956705332,11.88775635
0.04617680816,0.8961066604,11.88782406
0.04617712066,0.8969764113,11.88796043
0.04617774566,0.8987055421,11.88822937
0.04617774878,0.8987141848,6.196824551
0.04617775503,0.8987314105,-2.441094637
0.04617776753,0.8987658024,-9.647305489
0.04617777294,0.8987807035,-10.53867245
0.04617778046,0.898801446,-11.18862247
0.04617778778,0.8988215923,-11.47351837
0.04617780243,0.8988619447,-11.67852592
0.04617781895,0.898907423,-11.71066284
0.04617784856,0.8989889026,-11.71447277
0.04617788933,0.8991010785,-11.71382618
0.04617797085,0.899325192,-11.7145443
0.04617813391,0.8997727036,-11.71504879
0.04617846001,0.9006649256,-11.71671295
0.04617911223,0.9024379849,-11.7194376
0.04618041665,0.9059386253,-11.72527122
0.04618302551,0.9127570987,-11.73588562
0.04618824322,0.9256564975,-11.75559998
0.04619824322,0.9475876689,-11.78651905
0.04620824322,0.9657791257,-11.81085777
0.04621824322,0.9801591039,-11.82957077
0.04622824322,0.9906708598,-11.84453869
0.04623824322,0.9972728491,-11.85605621
0.04624824322,0.9999390841,-11.86548805
0.04625824322,0.9986590147,-11.87274742
0.04625949322,0.9982216358,-11.87363148
0.04626199322,0.9971621037,-11.87520123
0.04626261822,0.9968587756,-11.87557793
0.04626386822,0.9962059855,-11.87632275
0.04626636822,0.9947161674,-11.87775517
0.04626637827,0.9947096705,0.05126962438
0.04626639837,0.9946966767,11.85077381
0.04626640539,0.9946921468,11.784091
0.04626641149,0.9946882129,11.75567818
0.04626641979,0.9946828485,11.73694515
0.04626643639,0.9946721196,11.72525024
0.04626646959,0.9946505427,11.72403049
0.04626653598,0.994607389,11.72475433
0.04626666876,0.994520545,11.72507668
0.04626693434,0.9943447113,11.72645187
0.04626746548,0.9939847589,11.7285738
0.04626852778,0.9932315946,11.73327446
0.04627065236,0.9915926456,11.74179077
0.04627490152,0.9877849221,11.7579937
0.04628339986,0.9780606031,11.7851963
0.04629339986,0.9630500674,11.81088161
0.04630339986,0.9442388415,11.83055305
0.04631339986,0.9217010736,11.84619331
0.04632339986,0.8955258131,11.85814667
0.04633339986,0.8658163548,11.86784649
0.04634339986,0.8326898813,11.87522507
0.04635339986,0.7962771654,11.88139248
0.04636339986,0.7567218542,11.88604259
0.04636464986,0.7515641451,11.88664627
0.04636714986,0.7411099672,11.8876667
0.04636777486,0.7384676933,11.88791084
0.04636902486,0.7331491709,11.88839436
0.04636933736,0.7318124175,11.88851261
0.04636996236,0.7291305065,11.88874817
0.04637011861,0.7284582853,11.88880634
0.04637043111,0.7271116972,11.88892269
0.04637054456,0.7266221046,-8.225989342
0.0463706131,0.7263262272,-13.64508057
0.04637066993,0.7260807157,-10.77503967
0.04637069377,0.7259777188,-11.80359268
0.04637071675,0.7258784175,-11.70672989
0.046370741,0.7257735729,-11.71456909
0.04637076828,0.7256556749,-11.71384621
0.04637082283,0.7254197598,-11.71427059
0.04637093194,0.7249477506,-11.7146759
0.04637115016,0.7240026593,-11.71574306
0.04637158659,0.7221083641,-11.71765614
0.04637245946,0.7183035612,-11.72159863
0.04637420519,0.7106292248,-11.72906017
0.04637769665,0.6950249672,-11.74319363
0.04638467957,0.6628206968,-11.76787949
0.04639467957,0.6144966483,-11.79667187
0.04640467957,0.563747406,-11.81903172
0.04641467957,0.5107733011,-11.83664036
0.04642467957,0.4557834566,-11.85040855
0.04643467957,0.3989948034,-11.86140823
0.04644467957,0.3406315148,-11.87008572
0.04645467957,0.280923903,-11.87715721
0.04645592957,0.2733775973,-11.87789536
0.04645842957,0.2582349181,-11.87938499
0.04645905457,0.2544391453,-11.87974358
0.04646030457,0.2468358576,-11.8804512
0.04646061707,0.2449326515,-11.88062477
0.04646085456,0.2434856594,9.916312218
0.04646095505,0.2428732067,12.93609524
0.0464610456,0.2423212826,10.94144726
0.04646108736,0.2420666665,12.00335598
0.04646112541,0.2418347448,11.63321686
0.04646116559,0.2415897846,11.75347137
0.04646120296,0.2413619012,11.71347332
0.04646126665,0.2409735024,11.72829056
0.04646136443,0.2403771877,11.72035313
0.04646155999,0.2391843051,11.72727776
0.04646195111,0.2367974371,11.7237711
0.04646273335,0.2320194244,11.73192406
0.04646429783,0.222446695,11.73376083
0.04646742679,0.2032376975,11.75051308
0.04647368471,0.1645915061,11.76769924
0.04648368471,0.1023325473,11.80050087
0.04649368471,0.03966973349,11.81801891
0.04650368471,-0.02314963937,11.83959389
0.04651368471,-0.08587764949,11.84855366
0.04652368471,-0.1482667476,11.86349201
0.04653368471,-0.2100706995,11.86741066
0.04654368471,-0.2710455954,11.87840748
0.04655368471,-0.3309507966,11.8793478
0.04655493471,-0.3383519053,11.88208485
0.04655524721,-0.3401989341,11.88224411
0.04655587221,-0.3438890576,11.88253021
0.04655602846,-0.3448107839,11.88259983
0.04655634096,-0.3466531932,11.88274002
0.04655696596,-0.3503339887,11.88301849
0.04655696908,-0.3503523767,6.191614151
0.04655697533,-0.3503891528,-2.446304321
0.04655698783,-0.3504627347,-9.652515411
0.04655699324,-0.3504945636,-10.5440464
0.04655700077,-0.35053882,-11.19396973
0.04655700809,-0.350581944,-11.47883892
0.04655702274,-0.3506681323,-11.68377972
0.04655703926,-0.3507653773,-11.71588135
0.04655706889,-0.3509396613,-11.71968079
0.04655710967,-0.3511795998,-11.71903515
0.04655719124,-0.3516594172,-11.71975136
0.04655735437,-0.3526187539,-11.7202549
0.04655768064,-0.3545363545,-11.72191525
0.04655833318,-0.3583670259,-11.72463226
0.04655963825,-0.3660102487,-11.73045063
0.04656224839,-0.3812223971,-11.74103737
0.04656746867,-0.4113349617,-11.76070404
0.04657566106,-0.4576874077,-11.7864542
0.04658336469,-0.5001706481,-11.80656052
0.04659310858,-0.5522148013,-11.82676697
0.0466020782,-0.5982987881,-11.84181595
0.0466120782,-0.6474305391,-11.85488319
0.0466220782,-0.6940071583,-11.86549091
0.0466320782,-0.7378448844,-11.87363529
0.0466420782,-0.7787706256,-11.88043785
0.0466520782,-0.8166229725,-11.88563824
0.0466533282,-0.8211308122,-11.88630104
0.0466558282,-0.8299943209,-11.88744259
0.0466564532,-0.8321782947,-11.88771629
0.04665645633,-0.8321891427,-6.196311474
0.04665646258,-0.832210958,2.441607237
0.04665647508,-0.8322544694,9.647817612
0.04665648049,-0.8322733045,10.53920174
0.04665648801,-0.8322995305,11.1891489
0.04665649533,-0.8323250413,11.47404194
0.04665650998,-0.8323760033,11.67904282
0.0466565265,-0.8324335217,11.71117687
0.04665655611,-0.8325366378,11.71498489
0.04665659688,-0.8326784968,11.71433735
0.04665667841,-0.8329620957,11.71505451
0.04665684147,-0.8335285187,11.7155571
0.04665716759,-0.8346588612,11.7172184
0.04665781984,-0.8369089961,11.71993637
0.04665912433,-0.8413670659,11.72575569
0.04666173331,-0.8501132727,11.73634243
0.04666695127,-0.8669181466,11.75600624
0.04667695127,-0.8965054154,11.78683758
0.04668695127,-0.9225546718,11.81110191
0.04669695127,-0.9449629784,11.82975101
0.04670695127,-0.9636419415,11.84466171
0.04671695127,-0.9785178304,11.85612965
0.04672695127,-0.9895319939,11.86551762
0.04673695127,-0.9966409206,11.87273693
0.04673820127,-0.9972533584,11.87361622
0.04674070127,-0.9982936978,11.87517643
0.04674132627,-0.9985153079,11.87555122
0.04674257627,-0.9989123344,11.87629128
0.04674507627,-0.9995214939,11.87771416
0.04674508632,-0.9995234609,-0.05131031573
0.04674510642,-0.9995273352,-11.85081482
0.04674511345,-0.9995287061,-11.784132
0.04674511955,-0.9995298982,-11.75571918
0.04674512785,-0.9995314479,-11.73698616
0.04674514444,-0.9995346665,-11.72529125
0.04674517764,-0.9995409846,-11.7240715
0.04674524403,-0.9995535612,-11.72479534
0.04674537682,-0.9995781183,-11.72511864
0.04674564239,-0.999625206,-11.72649479
0.04674617354,-0.9997109771,-11.72861862
0.04674723583,-0.9998492002,-11.73332214
0.04674936042,-0.9999919534,-11.74184704
0.04675360959,-0.999742806,-11.75806332
0.04676210794,-0.9971075654,-11.78529358
0.04677210794,-0.9903677702,-11.8110075
0.04678210794,-0.9797194004,-11.83070564
0.04679210794,-0.9652045369,-11.84637165
0.04680210794,-0.9468804002,-11.85834789
0.04681210794,-0.9248194098,-11.86806774
0.04682210794,-0.8991085887,-11.87546539
0.04683210794,-0.8698493838,-11.88164997
0.04684210794,-0.8371573091,-11.88631535
0.04684335794,-0.8328356743,-11.88691998
0.04684585794,-0.8240386248,-11.88794327
0.04684648294,-0.8218075037,-11.88818836
0.04684773294,-0.8173072934,-11.88867378
0.04684804544,-0.8161743283,-11.88879299
0.04684867044,-0.8138989806,-11.8890295
0.04684882669,-0.8133282065,-11.88908768
0.04684913919,-0.8121842742,-11.88920498
0.04684925264,-0.8117681742,8.225707054
0.04684932118,-0.8115166426,13.64479923
0.04684937801,-0.8113079071,10.77476501
0.04684940184,-0.8112203479,11.80330372
0.04684942483,-0.8111358881,11.70644855
0.04684944908,-0.8110467792,11.7142868
0.04684947636,-0.8109465241,11.71356392
0.04684953091,-0.8107458949,11.7139883
0.04684964002,-0.810344398,11.71439362
0.04684985823,-0.8095402718,11.71545982
0.04685029466,-0.8079273701,11.71737289
0.04685116751,-0.8046834469,11.72131443
0.04685291322,-0.7981230617,11.72877312
0.04685640463,-0.7847150564,11.74290276
0.04686338747,-0.7567727566,11.76758099
0.04687338747,-0.7142346501,11.79636383
0.04688338747,-0.6688777804,11.81871605
0.04689338747,-0.6208811998,11.83631992
0.04690338747,-0.5704342723,11.8500843
0.04691338747,-0.5177360773,11.86108112
0.04692338747,-0.4629945755,11.86975861
0.04693338747,-0.4064258933,11.87683105
0.04693463747,-0.3992373943,11.8775692
0.04693713747,-0.3847869039,11.87905979
0.04693776247,-0.3811593354,11.87941837
0.04693901247,-0.3738865554,11.88012695
0.04693901872,-0.373850137,2.708925486
0.04693903122,-0.3737773001,-8.505963326
0.04693903823,-0.3737364113,-10.19715977
0.04693904322,-0.3737073541,-10.81373215
0.04693905053,-0.3736647367,-11.30595589
0.04693906228,-0.373596251,-11.61691666
0.04693907757,-0.3735071421,-11.70864964
0.04693909892,-0.3733826876,-11.72240925
0.04693913123,-0.3731943667,-11.72188377
0.04693919584,-0.3728176951,-11.72237015
0.04693932507,-0.3720641136,-11.72281837
0.04693958353,-0.3705562651,-11.72404861
0.04694010045,-0.3675376177,-11.72620964
0.0469411343,-0.3614887595,-11.73069382
0.04694320198,-0.3493454754,-11.73908234
0.04694733735,-0.3248841465,-11.7548151
0.04695560808,-0.2753201127,-11.78156948
0.04696560808,-0.2144130021,-11.80742168
0.04697560808,-0.1526596993,-11.82737732
0.04698560808,-0.09030391276,-11.84307384
0.04699560808,-0.0275917463,-11.85523129
0.04700560808,0.03522931412,-11.86493301
0.04701560808,0.09791133553,-11.87247944
0.04702560808,0.1602069587,-11.87862873
0.04703560808,0.2218703032,-11.8834362
0.04703576433,0.2228274792,-11.8835392
0.04703607683,0.2247411758,-11.88367844
0.04703619029,0.2254357487,8.231231689
0.04703625882,0.2258552462,13.65031338
0.04703631566,0.2262031585,10.78013039
0.04703633951,0.2263491005,11.80896187
0.0470363625,0.2264898121,11.71193314
0.04703638676,0.2266382575,11.7198
0.04703641404,0.226805225,11.71907139
0.04703646861,0.2271391451,11.71949387
0.04703657774,0.2278068811,11.7198925
0.04703679601,0.22914204,11.72094631
0.04703723256,0.2318110615,11.72283363
0.04703810564,0.2371438593,11.72672653
0.0470398518,0.2477878779,11.7340889
0.04704334413,0.268985182,11.74803734
0.04705032879,0.310981065,11.77238655
0.04705683087,0.3495388627,11.79159737
0.0470608935,0.3733385205,11.80200958
0.04706503631,0.397357285,11.81170368
0.04706902761,0.420243144,11.82005119
0.04707430305,0.4500843585,11.83002377
0.04708112815,0.4879530966,11.84106922
0.04709112815,0.5417981744,11.85446262
0.04710112815,0.5935050249,11.86495209
0.04711112815,0.6428695917,11.87338448
0.04712112815,0.6896970868,11.88004494
0.04713112815,0.7338026166,11.8855114
0.04713237815,0.7391155958,11.88607788
0.04713269065,0.7404367328,11.88622475
0.04713331565,0.7430704832,11.88651657
0.0471334719,0.743727088,11.88658905
0.0471337844,0.7450382113,11.88673306
0.0471344094,0.747651875,11.8870182
0.04713441252,0.7476649284,6.195614815
0.04713441877,0.7476909757,-2.442303419
0.04713443127,0.7477431297,-9.648513794
0.04713443668,0.7477657199,-10.53991985
0.0471344442,0.7477970719,-11.18986416
0.04713445153,0.7478276491,-11.47475338
0.04713446618,0.7478887439,-11.67974567
0.0471344827,0.7479576468,-11.71187401
0.04713451231,0.7480811477,-11.71568012
0.04713455308,0.7482510805,-11.71503258
0.04713463462,0.7485908866,-11.71574879
0.04713479769,0.7492698431,-11.71624947
0.04713512383,0.7506253719,-11.71790504
0.04713577612,0.7533270121,-11.72061348
0.0471370807,0.7586923242,-11.72641468
0.04713968985,0.7692695856,-11.73696613
0.04714490815,0.7898011804,-11.75656414
0.04715490815,0.8267560601,-11.7872839
0.04716490815,0.860448122,-11.81145382
0.04717490815,0.8907443881,-11.83002377
0.04718490815,0.9175252914,-11.8448658
0.04719490815,0.940685153,-11.8562746
0.04720490815,0.9601325393,-11.86560917
0.04721490815,0.9757907391,-11.8727808
0.04721615815,0.9774783254,-11.87365532
0.04721865815,0.9806725383,-11.87520504
0.04722365815,0.9863343239,-11.87806988
0.0472238144,0.9864956141,-11.87815571
0.0472241269,0.9868153334,10.32658958
0.04722421241,0.9869021177,12.59925652
0.04722429868,0.9869894385,11.17483521
0.04722434302,0.9870342016,11.93700218
0.04722438791,0.9870794415,11.64239883
0.04722443414,0.9871259332,11.75880623
0.04722448168,0.9871736169,11.71179295
0.04722455917,0.9872512817,11.73421669
0.04722467349,0.9873653054,11.72065926
0.047224892,0.9875819683,11.73229218
0.04722532902,0.9880096316,11.72488499
0.04722620306,0.9888426065,11.73729229
0.04722795114,0.9904190898,11.73609543
0.04723144731,0.9932134151,11.7578249
0.04723843964,0.9973631501,11.77328587
0.04724843964,0.9999519587,11.80879593
0.04725843964,0.9985943437,11.82194805
0.04726843964,0.9932957888,11.84661198
0.04727843964,0.984077096,11.85154152
0.04728843964,0.9709747434,11.86976624
0.04729843964,0.9540403485,11.8698473
0.04730843964,0.9333408475,11.88421917
0.04731843964,0.908957839,11.88143253
0.04731968964,0.9056556225,11.88591385
0.04732218964,0.89888376,11.88706112
0.04732718964,0.8846763968,11.88901234
0.04732734589,0.8842182755,11.88910007
0.04732765839,0.8832995296,11.88922215
0.04732828339,0.8814516664,11.88945293
0.04732828652,0.8814424276,6.198047161
0.04732829277,0.8814238906,-2.439873695
0.04732830527,0.8813867569,-9.646083832
0.04732831068,0.8813707232,-10.53741169
0.0473283182,0.8813483715,-11.18736744
0.04732832552,0.8813266754,-11.47226906
0.04732834017,0.881283164,-11.67729282
0.04732835668,0.8812341094,-11.70943928
0.0473283863,0.8811461329,-11.71325302
0.04732842706,0.8810250163,-11.71260834
0.04732850857,0.8807826042,-11.71333027
0.04732867161,0.8802970648,-11.71384335
0.04732899768,0.8793232441,-11.71552563
0.04732964982,0.8773645759,-11.71828556
0.04733095409,0.8734029531,-11.7241869
0.04733356265,0.8653041124,-11.7349329
0.04733877976,0.848411262,-11.75489521
0.04734877976,0.8134996891,-11.78623676
0.04735877976,0.7753776908,-11.81093407
0.04736877976,0.73419559,-11.82995701
0.04737877976,0.6901159286,-11.84519196
0.04738877976,0.6433126926,-11.85694218
0.04739877976,0.5939706564,-11.86657715
0.04740877976,0.5422844291,-11.8740139
0.04741002976,0.5356689095,-11.87491894
0.04741252976,0.5223391056,-11.87652874
0.04741752976,0.4952962399,-11.87950993
0.04741755039,0.4951836467,4.102138042
0.04741759164,0.4949584603,14.42198658
0.04741760419,0.4948898852,12.31802559
0.04741761318,0.4948408306,11.94450092
0.0474176255,0.4947735667,11.77352905
0.04741763866,0.4947016835,11.73269081
0.04741766499,0.4945579171,11.72124004
0.04741770448,0.4943422377,11.72336769
0.04741778347,0.4939107597,11.72293091
0.04741794145,0.493047446,11.7241497
0.0474182574,0.4913193285,11.72509766
0.04741888931,0.4878573418,11.72821712
0.04742015313,0.480910331,11.73316574
0.04742268075,0.4669257998,11.74367619
0.04742773601,0.4386070073,11.76175404
0.04743773601,0.3813129961,11.79238987
0.04744773601,0.3225141168,11.81551361
0.04745773601,0.26244241,11.83413792
0.04746773601,0.2013349831,11.84804535
0.04747773601,0.1394329667,11.85958481
0.04748773601,0.07698068023,11.86804867
0.04749773601,0.01422458142,11.87539387
0.04750773601,-0.04858765379,11.88062954
0.04750898601,-0.0564307794,11.88140774
0.04751148601,-0.07210610807,11.88259029
0.04751211101,-0.07602231205,11.88287258
0.04751336101,-0.08385113627,11.88343143
0.04751586101,-0.09949279577,11.88450718
0.04751587106,-0.09955562651,-0.04451995715
0.04751589116,-0.099681288,-11.84402752
0.04751589818,-0.09972517937,-11.77735901
0.04751590428,-0.09976331145,-11.74894524
0.04751591258,-0.09981518239,-11.73020935
0.04751592917,-0.09991892427,-11.71851063
0.04751596236,-0.100126408,-11.71729279
0.04751602874,-0.1005413607,-11.71802616
0.04751616149,-0.1013712138,-11.71836662
0.047516427,-0.103030704,-11.71977806
0.04751695801,-0.10634882,-11.72197151
0.04751802004,-0.1129814684,-11.72681427
0.04752014409,-0.1262313724,-11.73560715
0.04752439219,-0.1526613832,-11.75233078
0.0475328884,-0.2051763833,-11.78046322
0.04754066051,-0.2527074218,-11.80171108
0.04754924208,-0.3044844568,-11.8205595
0.04755763878,-0.3542903662,-11.83582783
0.04756763878,-0.4123089015,-11.85009766
0.04757763878,-0.4687002301,-11.86165428
0.04758763878,-0.523241818,-11.87053394
0.04759763878,-0.5757184029,-11.87792778
0.04760763878,-0.6259229183,-11.8835907
0.04760888878,-0.6320287585,-11.88430595
0.04761138878,-0.6441230774,-11.88554668
0.04761201378,-0.6471219659,-11.88584423
0.04761217003,-0.6478701234,-11.88591766
0.04761248253,-0.649364531,-11.88606644
0.04761310753,-0.6523459554,-11.88635921
0.04761311065,-0.6523607969,-6.194956303
0.0476131169,-0.6523905993,2.442961216
0.0476131294,-0.6524500847,9.649171829
0.04761313481,-0.6524758339,10.54059887
0.04761314233,-0.6525116563,11.19053936
0.04761314966,-0.652546525,11.47542572
0.04761316431,-0.6526162624,11.68040848
0.04761318082,-0.6526949406,11.712533
0.04761321044,-0.6528359056,11.71633816
0.04761325121,-0.6530299187,11.71568966
0.04761333275,-0.6534178257,11.71640491
0.04761349584,-0.6541931629,11.71690273
0.047613822,-0.6557418108,11.71855545
0.04761447433,-0.6588307023,11.72125626
0.04761577899,-0.6649753451,11.72704124
0.0476183883,-0.6771301627,11.73756313
0.04762360693,-0.7008905411,11.75710583
0.04763360693,-0.7442939878,11.78773022
0.04764360693,-0.7847600579,11.81181908
0.04765360693,-0.8221290708,11.8303194
0.04766360693,-0.8562535048,11.8451004
0.04767360693,-0.886998713,11.85645485
0.04768360693,-0.9142432809,11.86574173
0.04769360693,-0.9378798008,11.87286854
0.04769485693,-0.9405758977,11.87373734
0.04769735693,-0.9457938075,11.87527752
0.04770235693,-0.9555283189,11.87812233
0.04770251318,-0.9558173418,11.87820721
0.04770282568,-0.9563927054,11.87837505
0.04770293914,-0.956600666,-8.236516953
0.04770300767,-0.9567260742,-13.65559959
0.04770306452,-0.9568299651,-10.78526497
0.04770308837,-0.9568734765,-11.81437683
0.04770311137,-0.9569154978,-11.71718025
0.04770313564,-0.9569597244,-11.72507381
0.04770316293,-0.9570094943,-11.72433758
0.04770321751,-0.9571089149,-11.72475529
0.04770332667,-0.9573073983,-11.72514248
0.047703545,-0.957703054,-11.72617531
0.04770398165,-0.9584889412,-11.72801876
0.04770485495,-0.9600390196,-11.73182583
0.04770660155,-0.9630524516,-11.7390213
0.04771009475,-0.9687310457,-11.75265121
0.04771708115,-0.9786857367,-11.77642059
0.04772708115,-0.989649415,-11.80407429
0.04773708115,-0.9967073798,-11.82547283
0.04774708115,-0.9998318553,-11.84225845
0.04775708115,-0.9990103841,-11.85530376
0.04776708115,-0.994246304,-11.86566067
0.04777708115,-0.9855583906,-11.8737545
0.04778708115,-0.9729809165,-11.88028908
0.04779708115,-0.9565635324,-11.88542843
0.04779833115,-0.9542444348,-11.8860178
0.04780083115,-0.94942981,-11.88711739
0.04780583115,-0.9390989542,-11.88915062
0.0478059874,-0.9387611151,-11.8892107
0.0478062999,-0.9380827546,-11.88932991
0.0478069249,-0.9367151856,-11.88956738
0.04780692802,-0.9367083311,-6.198160648
0.04780693427,-0.9366945624,2.43975997
0.04780694677,-0.9366670847,9.645970345
0.04780695218,-0.9366551638,10.53729534
0.0478069597,-0.9366385937,11.18725204
0.04780696703,-0.9366225004,11.47215366
0.04780698167,-0.9365902543,11.67717934
0.04780699819,-0.9365538955,11.70932674
0.0478070278,-0.9364886284,11.71314049
0.04780706856,-0.9363988042,11.71249485
0.04780715007,-0.9362189174,11.71321678
0.04780731311,-0.9358584881,11.71372986
0.04780763917,-0.9351345897,11.71541023
0.04780829131,-0.9336750507,11.7181673
0.04780959557,-0.9307089448,11.72406387
0.0478122041,-0.9245894551,11.73479939
0.04781742115,-0.9116070271,11.75474262
0.04782742115,-0.8839973211,11.7860527
0.04783669902,-0.8552589417,11.80913353
0.04784669902,-0.8210331798,11.82847786
0.04785669902,-0.7835671902,11.8439579
0.04786669902,-0.7430087924,11.855896
0.04787669902,-0.6995180845,11.86567497
0.04788669902,-0.6532666683,11.8732233
0.04788794902,-0.6473001242,11.87413883
0.04789044902,-0.6352475882,11.87577248
0.04789544902,-0.6106753349,11.87879467
0.04789560527,-0.6098976135,11.87888432
0.04789591777,-0.6083404422,-10.32585144
0.04789600328,-0.6079139113,-12.59851551
0.04789608955,-0.6074834466,-11.17409897
0.04789613389,-0.6072621346,-11.93624496
0.04789617878,-0.6070380211,-11.6416626
0.047896225,-0.6068072319,-11.75805283
0.04789627254,-0.606569767,-11.71104717
0.04789635003,-0.6061826348,-11.73346329
0.04789646434,-0.6056112051,-11.71990585
0.04789668286,-0.6045180559,-11.73153019
0.04789711989,-0.6023284197,-11.72411251
0.04789799395,-0.5979354382,-11.73649216
0.04789974207,-0.5890955925,-11.73524761
0.04790323831,-0.5712037086,-11.75687885
0.0479102308,-0.5346018076,-11.77216434
0.0479202308,-0.4804823995,-11.80744743
0.0479302308,-0.4244667292,-11.82040787
0.0479402308,-0.3667758703,-11.84490395
0.0479502308,-0.3076375127,-11.84969234
0.0479602308,-0.2472850382,-11.86779499
0.0479702308,-0.1859566569,-11.86777687
0.0479802308,-0.1238943934,-11.88206482
0.0479902308,-0.06134317443,-11.87921524
0.0479914808,-0.05350217223,-11.88368893
0.0479939808,-0.03781075031,-11.8848238
0.0479946058,-0.03388628736,-11.88505173
0.04799476205,-0.03290508687,-11.88511562
0.04799507455,-0.03094259091,-11.88524437
0.047995188,-0.03023005649,8.229662895
0.04799525654,-0.02979964577,13.64875221
0.04799531338,-0.02944267541,10.77861023
0.04799533722,-0.02929292619,11.80735874
0.04799536021,-0.02914853394,11.7103796
0.04799538447,-0.02899619564,11.71823883
0.04799541175,-0.02882485092,11.71751118
0.04799546631,-0.02848215774,11.71793461
0.04799557544,-0.02779676393,11.71833611
0.04799579369,-0.02642593533,11.71939468
0.0479962302,-0.02368413284,11.7212925
0.04799710322,-0.01820001192,11.72520351
0.04799884925,-0.007230294868,11.73260403
0.04800234132,0.01471043006,11.74662304
0.04800932546,0.0585600771,11.771101
0.04801932546,0.1211272851,11.79963589
0.04802920781,0.1824897379,11.82154751
0.04803920781,0.2438657582,11.83902264
0.04804920781,0.3042793572,11.85266685
0.04805920781,0.3634921014,11.86354923
0.04806920781,0.4212703109,11.87211132
0.04807920781,0.477385968,11.87906933
0.04808920781,0.5316175818,11.88459492
0.04809045781,0.5382533073,11.88523102
0.04809077031,0.5399070978,11.88538265
0.0480910078,0.5411624908,-9.911572456
0.04809110829,0.5416933298,-12.9313612
0.04809119884,0.5421714783,-10.93672085
0.0480912406,0.5423918962,-11.99857521
0.04809127863,0.5425926447,-11.62854481
0.0480913188,0.5428046584,-11.74872684
0.04809135616,0.543001771,-11.7087698
0.04809141985,0.5433377624,-11.72357178
0.04809151762,0.5438534021,-11.71565247
0.04809171316,0.5448840261,-11.72258282
0.04809210424,0.5469427705,-11.71911049
0.04809288641,0.5510504246,-11.72731018
0.04809445074,0.5592256784,-11.72925758
0.0480975794,0.5754133463,-11.74620247
0.04810383671,0.6071153879,-11.76375771
0.04811383671,0.6558116078,-11.79705811
0.04812383671,0.7019196153,-11.81500721
0.04813383671,0.7452574372,-11.83694077
0.04814383671,0.7856541276,-11.84622574
0.04815383671,0.8229501843,-11.86144352
0.04816383671,0.856998384,-11.86562729
0.04817383671,0.8876644969,-11.87685585
0.04817508671,0.8912537694,-11.87543392
0.04817758671,0.8982671499,-11.87684822
0.04817821171,0.8999859095,-11.87721252
0.04817946171,0.9033818245,-11.87790108
0.04817977421,0.9042221308,-11.87806892
0.04818039921,0.9058921933,-11.87840366
0.04818055546,0.9063075185,-11.87848663
0.04818086796,0.9071356058,-11.87865162
0.04818149296,0.9087812304,-11.87897873
0.04818149609,0.9087894559,-6.187577248
0.04818150234,0.9088057876,2.450338125
0.04818151484,0.9088385701,9.656549454
0.04818152025,0.908852756,10.54820728
0.04818152777,0.9088724852,11.19811058
0.0481815351,0.9088916779,11.4829607
0.04818154975,0.9089300632,11.68784809
0.04818156628,0.9089733362,11.71992207
0.04818159591,0.9090509415,11.72371101
0.04818163671,0.909157753,11.72306347
0.04818171831,0.9093711376,11.72377396
0.0481818815,0.9097971916,11.72426414
0.0481822079,0.9106464982,11.7258997
0.04818286068,0.9123335481,11.72856903
0.04818416625,0.9156615138,11.73429108
0.04818677738,0.9221324921,11.7446928
0.04819199966,0.9343281984,11.76401424
0.04820199966,0.9548639059,11.79425812
0.04821199966,0.9716312289,11.81803608
0.04822199966,0.9845639467,11.8362751
0.04823199966,0.9936110377,11.85082626
0.04824199966,0.9987368584,11.86196995
0.04825199966,0.9999210835,11.87105465
0.04826199966,0.9971590638,11.87798405
0.04827199966,0.9904617071,11.88380909
0.04828199966,0.9798554778,11.88821602
0.04828324966,0.978256762,11.88879204
0.04828356216,0.9778476954,11.88891602
0.04828418716,0.9770181179,11.88916111
0.04828543716,0.9753139019,11.88964367
0.04828544341,0.9753051996,2.718426704
0.04828545591,0.9752878547,-8.496470451
0.04828546292,0.9752781391,-10.18716812
0.04828546791,0.975271225,-10.80374432
0.04828547522,0.9752610922,-11.29608536
0.04828548696,0.9752447605,-11.60724449
0.04828550224,0.9752235413,-11.69909573
0.04828552358,0.9751938581,-11.71290684
0.04828555586,0.9751489162,-11.71238899
0.04828562041,0.9750589728,-11.7128849
0.04828574953,0.9748786092,-11.71335697
0.04828600776,0.9745159149,-11.71463108
0.04828652422,0.973782897,-11.71688175
0.04828755715,0.9722860456,-11.72154045
0.048289623,0.9691694975,-11.73027039
0.04829375471,0.962447226,-11.74664593
0.04830073109,0.9496269822,-11.77054691
0.04830823726,0.9337965846,-11.79214191
0.04831809166,0.9098671675,-11.81490707
0.04832809166,0.8820199966,-11.83315563
0.04833809166,0.850691855,-11.84737301
0.04834809166,0.8160064816,-11.8587532
0.04835809166,0.7781006694,-11.86768627
0.04836809166,0.7371240258,-11.87499237
0.04836934166,0.7317939997,-11.87574291
0.04837184166,0.720998764,-11.87727642
0.04837246666,0.7182720304,-11.87764645
0.04837371666,0.7127854228,-11.87837505
0.04837372291,0.7127578855,-2.70717454
0.04837373541,0.7127028108,8.507713318
0.04837374243,0.712671876,10.19900131
0.04837374742,0.7126498818,10.81557178
0.04837375473,0.7126176953,11.30777454
0.04837376648,0.7125658989,11.61869812
0.04837378177,0.712498486,11.71041012
0.04837380312,0.7124043107,11.72416115
0.04837383544,0.7122618556,11.72363377
0.04837390006,0.7119767666,11.72411919
0.04837402931,0.7114062309,11.72456551
0.04837428782,0.7102638483,11.72579193
0.04837480482,0.7079734206,11.72794533
0.04837583883,0.7033701539,11.73241425
0.04837790685,0.6940747499,11.7407732
0.0483820429,0.6751340032,11.75645065
0.04839031498,0.6358978152,11.78310776
0.04840031498,0.5861829519,11.80885887
0.04841031498,0.5341547132,11.82873058
0.04842031498,0.4800184369,11.84435654
0.04843031498,0.4239877164,11.85645103
0.04844031498,0.3662837148,11.8660965
0.04845031498,0.3071341515,11.87358952
0.04846031498,0.246772483,11.87968636
0.04847031498,0.1854369044,11.88444138
0.04847156498,0.1777134985,11.88500309
0.04847406498,0.1622342914,11.88602638
0.04847407503,0.1621719748,-0.04300104827
0.04847409513,0.1620473564,-11.84250927
0.04847410215,0.1620038301,-11.77584362
0.04847410825,0.1619660258,-11.74742985
0.04847411655,0.1619145721,-11.72869301
0.04847413314,0.1618116945,-11.71699333
0.04847416633,0.1616059244,-11.71577549
0.0484742327,0.1611943543,-11.71650982
0.04847436545,0.1603711396,-11.71685314
0.04847463094,0.1587243825,-11.7182703
0.04847516192,0.1554295272,-11.7204752
0.04847622389,0.1488346756,-11.72533798
0.04847834782,0.1356253922,-11.73417091
0.04848259569,0.1091367155,-11.75096989
0.04849109142,0.05594505742,-11.77923679
0.04850109142,-0.006857516244,-11.80599785
0.04851109142,-0.0696330294,-11.82658482
0.04852109142,-0.1321337223,-11.84301758
0.04853109142,-0.1941129565,-11.85566521
0.04854109142,-0.255326122,-11.86598301
0.04855109142,-0.3155316114,-11.87391758
0.04856109142,-0.3744918406,-11.88059235
0.04856234142,-0.3817626834,-11.88121986
0.04856484142,-0.3962332308,-11.88260078
0.04856546642,-0.3998357356,-11.88293362
0.04856671642,-0.4070221782,-11.88358974
0.04856702892,-0.4088148773,-11.88375092
0.04856765392,-0.4123955667,-11.8840704
0.04856890392,-0.4195377827,-11.88469887
0.04856891017,-0.4195734262,-2.713491678
0.04856892267,-0.4196447432,8.501399994
0.04856892968,-0.4196847379,10.19235802
0.04856893467,-0.4197131693,10.8089323
0.04856894198,-0.4197548628,11.30121231
0.04856895373,-0.4198218584,11.61226845
0.04856896901,-0.4199090302,11.70405865
0.04856899035,-0.4200307429,11.7178421
0.04856902265,-0.4202148616,11.71731949
0.04856908724,-0.4205830693,11.71780968
0.04856921641,-0.4213192761,11.71826649
0.04856947476,-0.422790885,11.71951199
0.04856999146,-0.4257307351,11.72170448
0.04857102486,-0.4315969646,11.72624969
0.04857309167,-0.4432745874,11.73475838
0.04857722527,-0.4664035738,11.75071621
0.04858549248,-0.5117024183,11.77787399
0.04859549248,-0.5646399856,11.80415249
0.04860549248,-0.6153491139,11.82447052
0.04861549248,-0.6636297703,11.8404789
0.04862549248,-0.7092913985,11.8529129
0.04863549248,-0.7521538138,11.86286354
0.04864549248,-0.7920477986,11.8706398
0.04865549248,-0.8288158774,11.87700272
0.04865674248,-0.8331847787,11.87764931
0.04865924248,-0.8417680264,11.87897968
0.04865986748,-0.8438814878,11.87930012
0.04866002373,-0.8444077969,11.87938023
0.04866033623,-0.8454580307,11.87953949
0.04866044969,-0.8458384871,-8.235356331
0.04866051822,-0.8460681438,-13.65443993
0.04866057507,-0.8462585211,-10.78413868
0.04866059892,-0.8463383317,-11.81318855
0.04866062192,-0.8464152813,-11.71602917
0.04866064618,-0.8464964628,-11.72391796
0.04866067347,-0.8465877175,-11.72318268
0.04866072805,-0.846770227,-11.72360229
0.04866083721,-0.8471348286,-11.72399235
0.04866105552,-0.8478629589,-11.7250309
0.04866149215,-0.849314332,-11.7268858
0.0486623654,-0.8521979451,-11.73071575
0.0486641119,-0.8578881621,-11.73795509
0.04866760491,-0.8689579368,-11.75166988
0.04867459093,-0.8898367286,-11.7755928
0.04868459093,-0.9167308211,-11.80343723
0.04869459093,-0.940007031,-11.82499695
0.04870459093,-0.9595734477,-11.84191895
0.04871459093,-0.9753528237,-11.85508347
0.04872459093,-0.9872829914,-11.86554432
0.04873459093,-0.9953168035,-11.87372971
0.04874459093,-0.9994225502,-11.8803463
0.04875459093,-0.9995840192,-11.88555813
0.04875584093,-0.9993266463,-11.88615704
0.04875834093,-0.998627007,-11.88727188
0.04876334093,-0.9964888692,-11.88933754
0.04876349718,-0.9964061975,-11.88939953
0.04876380968,-0.9962379336,-11.88952065
0.04876392314,-0.9961759448,8.225388527
0.04876399167,-0.9961382151,13.64447975
0.0487640485,-0.9961068034,10.77445316
0.04876407234,-0.9960935712,11.8029747
0.04876409532,-0.9960808158,11.70612907
0.04876411957,-0.9960673451,11.71396542
0.04876414685,-0.996052146,11.71324158
0.0487642014,-0.9960216284,11.71366501
0.0487643105,-0.9959602952,11.71406937
0.04876452871,-0.9958362579,11.71513176
0.04876496513,-0.9955825806,11.71703815
0.04876583798,-0.9950526953,11.72096539
0.04876758366,-0.9939031601,11.72839832
0.04877107502,-0.9912455082,11.74247551
0.04877503733,-0.9876516461,11.75690746
0.04877911394,-0.9833152294,11.77042866
0.04878328773,-0.9782071114,11.78280926
0.0487892002,-0.9698206782,11.79841518
0.04879760309,-0.9556023479,11.81693172
0.04880760309,-0.9352148771,11.83466911
0.04881760309,-0.911136508,11.84853077
0.04882760309,-0.8834623694,11.85959435
0.04883760309,-0.852301538,11.86831951
0.04884760309,-0.8177770972,11.87542439
0.04884885309,-0.813231647,11.87616634
0.04885135309,-0.8039906025,11.87766361
0.04885197809,-0.8016492724,11.8780241
0.04885213434,-0.8010619879,11.87811375
0.04885225309,-0.8006151915,-8.369966507
0.0488523056,-0.8004174829,-13.24993229
0.04885234556,-0.8002669215,-11.2047472
0.04885236546,-0.8001919389,-11.72725773
0.04885238907,-0.8001029491,-11.72405338
0.04885241195,-0.8000167012,-11.72445107
0.04885244854,-0.7998787761,-11.72458458
0.0488525217,-0.799602747,-11.7249155
0.04885266804,-0.7990502715,-11.7255497
0.0488529607,-0.797943294,-11.72682953
0.04885354604,-0.7957211733,-11.72934532
0.04885471671,-0.7912447453,-11.73427868
0.04885705805,-0.78216362,-11.74370003
0.04886174073,-0.7634956241,-11.76095772
0.04887110608,-0.7241936326,-11.7899437
0.04888110608,-0.6794644594,-11.81416988
0.04889110608,-0.6320537925,-11.83299828
0.04890110608,-0.5821486712,-11.8476963
0.04891110608,-0.5299460888,-11.85920238
0.04892110608,-0.4756520092,-11.86826897
0.04893110608,-0.4194807708,-11.87543869
0.04894110608,-0.3616540134,-11.88116074
0.04895110608,-0.3024000227,-11.88574696
0.04895235608,-0.2949045002,-11.88624859
0.04895266858,-0.2930277586,-11.88637257
0.04895329358,-0.2892708778,-11.88661957
0.04895344983,-0.2883309722,-11.8866806
0.04895376233,-0.2864503264,-11.88680172
0.04895387579,-0.2857672572,8.228107452
0.04895394432,-0.2853545845,13.64719868
0.04895400116,-0.2850123048,10.77709866
0.048954025,-0.2848687172,11.80576515
0.04895404799,-0.2847302556,11.7088356
0.04895407224,-0.2845841646,11.71668625
0.04895409952,-0.2844198346,11.7159605
0.04895415408,-0.2840911746,11.71638489
0.0489542632,-0.2834337354,11.71678829
0.04895448144,-0.2821184695,11.71785164
0.04895491791,-0.2794863582,11.71975708
0.04895579087,-0.2742158175,11.72368622
0.04895753677,-0.2636501789,11.73112011
0.04896102859,-0.2424249798,11.74520206
0.04896801221,-0.1996348053,11.76979446
0.04897801221,-0.1377142966,11.79847145
0.04898801221,-0.07525029778,11.82073402
0.04899801221,-0.01248932444,11.8382597
0.04900801221,0.05032094195,11.8519516
0.04901801221,0.112932615,11.86288166
0.04902801221,0.175098598,11.87149143
0.04903801221,0.2365735471,11.87849712
0.04903926221,0.2441972047,11.87922668
0.04904176221,0.2593988776,11.88070011
0.04904676221,0.289606452,11.88343239
0.04904691846,0.2905459702,11.8835125
0.04904723096,0.292424202,11.88367367
0.04904785596,0.2961772978,11.8839922
0.04904785909,0.2961960435,6.192590237
0.04904786534,0.2962335348,-2.445325613
0.04904787784,0.2963085473,-9.651536942
0.04904788325,0.2963410318,-10.54303741
0.04904789077,0.2963861525,-11.19296646
0.04904789809,0.2964301109,-11.47784138
0.04904791274,0.2965180278,-11.68279362
0.04904792926,0.2966171801,-11.71490097
0.04904795889,0.2967949212,-11.71870041
0.04904799967,0.2970395684,-11.71805191
0.04904808123,0.297528863,-11.71876335
0.04904824434,0.2985071838,-11.71925545
0.04904857058,0.3004629314,-11.72089481
0.04904922306,0.3043705821,-11.72356987
0.049050528,0.3121704757,-11.72930527
0.0490531379,0.3277067542,-11.73973179
0.0490583577,0.3585108519,-11.75909615
0.0490683577,0.4164199531,-11.78941441
0.0490783577,0.4726856649,-11.81324577
0.0490883577,0.5270859003,-11.8315258
0.0490983577,0.5794059634,-11.84611607
0.0491083577,0.6294393539,-11.8572998
0.0491183577,0.6769886613,-11.8664341
0.0491283577,0.7218661904,-11.87342262
0.0491383577,0.7638947964,-11.87932205
0.0491396077,0.7689396739,-11.87986851
0.0491399202,0.7701935172,-11.880023
0.04914015768,0.7711443901,9.916928291
0.04914025817,0.7715462446,12.93671703
0.04914034872,0.7719080448,10.94207478
0.04914039049,0.7720748186,12.00399303
0.04914042853,0.7722267509,11.63384247
0.04914046871,0.7723870873,11.75410843
0.04914050608,0.7725362182,11.71410847
0.04914056978,0.7727903128,11.72893143
0.04914066756,0.7731800675,11.72099781
0.04914086313,0.7739587426,11.72793579
0.04914125425,0.7755126357,11.72445011
0.0491420365,0.778606236,11.7326498
0.049143601,0.7847369909,11.73457336
0.04914673,0.7967704535,11.75149727
0.049152988,0.819908917,11.76899815
0.049162988,0.8542382121,11.80224705
0.049172988,0.885196209,11.82014656
0.049182988,0.9126607776,11.84205246
0.049192988,0.9365234375,11.85129547
0.049202988,0.956690073,11.86647797
0.049212988,0.9730811119,11.8706007
0.049222988,0.9856318831,11.88177013
0.049232988,0.9942927361,11.88284969
0.049234238,0.9950999618,11.88560295
0.049236738,0.9965302348,11.88678932
0.049241738,0.9986528754,11.88889217
0.04924189425,0.9987033606,11.88897133
0.04924220675,0.9988014102,11.88909912
0.04924283175,0.9989858866,11.88934612
0.04924283487,0.9989867806,6.197940826
0.04924284112,0.9989885688,-2.439979315
0.04924285362,0.9989920855,-9.64618969
0.04924285903,0.9989935756,-10.53752136
0.04924286655,0.9989957213,-11.18747711
0.04924287388,0.9989978075,-11.47237778
0.04924288852,0.9990019202,-11.67740059
0.04924290504,0.9990065098,-11.70954514
0.04924293465,0.9990147948,-11.71335793
0.04924297541,0.9990261197,-11.71271229
0.04924305693,0.9990485907,-11.71343327
0.04924321996,0.9990927577,-11.71394253
0.04924354604,0.9991778731,-11.71561718
0.04924419818,0.9993356466,-11.71836185
0.04924550247,0.9996007681,-11.72423363
0.04924811105,0.9999295473,-11.73492241
0.04925332821,0.9997813702,-11.75477791
0.04926076095,0.9977151155,-11.77857876
0.04926902752,0.9928619862,-11.80065441
0.04927706796,0.9855723977,-11.81790066
0.04928706796,0.9730000496,-11.83547688
0.04929706796,0.9565876722,-11.84901714
0.04930706796,0.9364001155,-11.86002159
0.04931706796,0.9125170112,-11.86850739
0.04932706796,0.8850325942,-11.87561417
0.04932831796,0.8813490868,-11.87629223
0.04933081796,0.873819232,-11.87776661
0.04933082801,0.873788476,0.05125740543
0.04933084811,0.8737270832,11.85076141
0.04933085513,0.8737056255,11.78407764
0.04933086123,0.8736869693,11.75566578
0.04933086953,0.8736615777,11.7369318
0.04933088613,0.8736108541,11.72523689
0.04933091932,0.8735093474,11.72401714
0.04933098572,0.8733061552,11.72473907
0.0493311185,0.8728994131,11.72505951
0.04933138408,0.8720840812,11.72642994
0.04933191522,0.8704460859,11.72854328
0.04933297751,0.867141068,11.73322678
0.0493351021,0.8604152799,11.74170971
0.04933935126,0.8465050459,11.75784874
0.04934784959,0.8168847561,11.78493595
0.04935784959,0.7790551782,11.81050491
0.04936784959,0.7381510139,11.83007812
0.04937784959,0.6943337321,11.84563446
0.04938784959,0.6477762461,11.85751629
0.04939784959,0.5986622572,11.86715508
0.04940784959,0.5471855998,11.87448311
0.04941784959,0.4935494959,11.8806076
0.04942784959,0.4379655719,11.88522339
0.04942909959,0.430891484,11.88582325
0.04943159959,0.4166639745,11.88683605
0.04943222459,0.4130908847,11.88707924
0.04943238084,0.4121966362,11.88713932
0.04943269334,0.4104069173,11.88726044
0.04943280679,0.4097567201,-8.227649689
0.04943287533,0.4093638957,-13.64674091
0.04943293216,0.4090380669,-10.77665329
0.049432956,0.4089013636,-11.80529594
0.04943297899,0.4087695479,-11.70837975
0.04943300324,0.4086304903,-11.71622849
0.04943303052,0.4084740281,-11.71550369
0.04943308508,0.4081611037,-11.71592712
0.0494331942,0.4075351357,-11.71633148
0.04943341243,0.4062825739,-11.71739483
0.0494338489,0.4037751853,-11.71930218
0.04943472183,0.3987513185,-11.72323322
0.0494364677,0.3886677325,-11.73067188
0.04943995944,0.3683615029,-11.74476242
0.04944694291,0.3272269964,-11.76937103
0.04945694291,0.2672476768,-11.798069
0.04946694291,0.2062136084,-11.8203516
0.04947694291,0.1443657428,-11.83789539
0.04948694291,0.08194811642,-11.85160542
0.04949694291,0.0192070771,-11.8625536
0.04950694291,-0.0436097607,-11.87118149
0.04951694291,-0.1062544882,-11.8782053
0.04951819291,-0.1140606552,-11.87893772
0.04952069291,-0.1296513826,-11.88041592
0.04952569291,-0.160733059,-11.88315678
0.04952571354,-0.1608609557,4.098493576
0.04952575479,-0.1611167639,14.41834354
0.04952576734,-0.1611946374,12.31438255
0.04952577633,-0.1612503529,11.94089603
0.04952578865,-0.1613267362,11.76990509
0.04952580181,-0.1614083499,11.72905636
0.04952582813,-0.1615715623,11.71759987
0.04952586762,-0.1618163884,11.71972847
0.04952594658,-0.1623059958,11.7192955
0.04952610452,-0.1632851064,11.72052097
0.04952642039,-0.165242821,11.72148323
0.04952705214,-0.1691563129,11.72463036
0.04952831562,-0.1769752204,11.72963238
0.0495308426,-0.1925790906,11.74024677
0.04953589655,-0.2236372679,11.75851727
0.04954589655,-0.2843961716,11.78949165
0.04955589655,-0.344032675,11.81289768
0.04956589655,-0.4023114443,11.83176231
0.04957589655,-0.459002465,11.84587955
0.04958589655,-0.513882041,11.85760593
0.04959589655,-0.5667335391,11.8662405
0.04960589655,-0.6173483729,11.87374401
0.04961589655,-0.6655268669,11.87913036
0.04961714655,-0.6713683009,11.87992764
0.04961745905,-0.6728221774,11.88008404
0.04961808405,-0.6757221818,11.88039207
0.0496182403,-0.6764455438,11.88046837
0.0496185528,-0.6778903604,11.88062
0.04961866626,-0.6784142852,-8.234277725
0.04961873479,-0.6787305474,-13.65336323
0.04961879164,-0.6789928079,-10.78309155
0.04961881549,-0.679102838,-11.81208515
0.04961883848,-0.6792088747,-11.7149601
0.04961886275,-0.6793207526,-11.72284222
0.04961889003,-0.679446578,-11.72210979
0.04961894461,-0.6796981096,-11.72252941
0.04961905376,-0.680200994,-11.72292233
0.04961927206,-0.6812058091,-11.72396564
0.04961970867,-0.683211565,-11.72583008
0.04962058187,-0.6872076392,-11.72967911
0.04962232829,-0.69513762,-11.73695564
0.04962582112,-0.7107455134,-11.75074005
0.04963280678,-0.740926981,-11.77479267
0.04964280678,-0.7816341519,-11.80279922
0.04965280678,-0.8192565441,-11.82449722
0.04966280678,-0.8536457419,-11.84153938
0.04967280678,-0.884665966,-11.85480976
0.04968280678,-0.9121947885,-11.86536503
0.04969280678,-0.9361236095,-11.87363529
0.04970280678,-0.9563580155,-11.88032913
0.04971280678,-0.9728180766,-11.88561249
0.04971405678,-0.974606812,-11.88621998
0.04971655678,-0.9780037999,-11.88735294
0.04971718178,-0.9788153768,-11.88762474
0.04971843178,-0.9803932309,-11.88816166
0.04971874428,-0.9807782769,-11.88829422
0.04971936928,-0.9815369844,-11.88855553
0.04972061928,-0.9830089211,-11.88906956
0.04972062553,-0.9830161333,-2.717855453
0.04972063803,-0.9830305576,8.497040749
0.04972064505,-0.9830386043,10.18776894
0.04972065003,-0.9830443859,10.80434513
0.04972065734,-0.9830527902,11.2966795
0.04972066908,-0.9830663204,11.60782623
0.04972068437,-0.9830839038,11.69967079
0.0497207057,-0.9831084609,11.71347809
0.04972073798,-0.983145535,11.71295929
0.04972080255,-0.9832196236,11.71345425
0.04972093167,-0.9833673239,11.7139225
0.04972118991,-0.9836607575,11.71518993
0.0497217064,-0.9842398167,11.71742821
0.04972273938,-0.9853668213,11.72206211
0.04972480535,-0.9874962568,11.73074245
0.04972893727,-0.9912557006,11.74702454
0.04973720112,-0.9967682362,11.77476692
0.04974720112,-0.9998453856,11.80166054
0.04975720112,-0.9989765882,11.82250309
0.04976720112,-0.9941653013,11.83896542
0.04977720112,-0.985430479,11.85179615
0.04978720112,-0.9728065729,11.86209869
0.04979720112,-0.9563435316,11.87019062
0.04980720112,-0.936106205,11.87683964
0.04980845112,-0.9333149791,11.87751961
0.04980876362,-0.9326081276,11.87769699
0.0498090011,-0.9320685863,-9.919236183
0.04980910159,-0.9318396449,-12.93901825
0.04980919214,-0.9316330552,-10.94436932
0.04980923391,-0.9315376878,-12.00631142
0.04980927196,-0.9314507246,-11.63610744
0.04980931214,-0.9313588142,-11.75640678
0.04980934952,-0.9312732816,-11.71638584
0.04980941323,-0.9311273694,-11.73121357
0.04980951101,-0.9309031367,-11.72326756
0.04980970659,-0.9304535985,-11.73019505
0.04981009773,-0.9295502901,-11.72667789
0.04981088002,-0.9277268052,-11.73482513
0.04981244459,-0.9240127206,-11.73663807
0.04981557373,-0.9163169861,-11.75335598
0.04982183202,-0.8998661041,-11.77046967
0.04983183202,-0.8707033396,-11.80318546
0.04984183202,-0.838104248,-11.8206234
0.04985183202,-0.8021975756,-11.84213829
0.04986183202,-0.7631250024,-11.85103512
0.04987183202,-0.7210407257,-11.86592007
0.04988183202,-0.6761108637,-11.86977386
0.04989183202,-0.6285126209,-11.88071156
0.04990183202,-0.5784339905,-11.8815794
0.04991183202,-0.5260725021,-11.8901453
0.04991185155,-0.5259681344,-11.88870907
0.04991189061,-0.5257593989,-11.88775635
0.04991196874,-0.5253417492,-11.88816929
0.0499119971,-0.525190115,2.048856735
0.04991201994,-0.5250679851,12.43573475
0.04991202977,-0.5250154734,11.95481968
0.04991203789,-0.5249720216,11.81398201
0.04991204705,-0.5249230266,11.75039101
0.04991206536,-0.5248250961,11.71526337
0.04991210154,-0.5246316195,11.71374702
0.04991215926,-0.5243228078,11.71458626
0.0499122747,-0.5237050653,11.71479416
0.04991250558,-0.5224686861,11.71609688
0.04991296734,-0.51999259,11.71797466
0.04991389087,-0.5150274038,11.72229195
0.04991573793,-0.5050451159,11.73004246
0.04991943204,-0.484877795,11.74506474
0.04992682027,-0.4437705278,11.7707386
0.04993682027,-0.386625737,11.7991724
0.04994682027,-0.327955097,11.82101345
0.04995682027,-0.2679901719,11.83846188
0.04996682027,-0.2069675922,11.85186195
0.04997682027,-0.1451282203,11.862813
0.04998682027,-0.08271609992,11.8712101
0.04999682027,-0.01997753233,11.8782959
0.05,1.964386719e-15,11.88000965
