time_s,input_v,output_v
0,0,0
9.99999944e-11,6.28318503e-07,-3.051525631e-19
1.999999888e-10,1.256637006e-06,-9.278425994e-19
3.999999776e-10,2.513274012e-06,-2.810630888e-18
7.999999552e-10,5.026548024e-06,-1.040197487e-17
1.59999991e-09,1.005309605e-05,-4.088790164e-17
3.199999821e-09,2.01061921e-05,-1.630711536e-16
6.399999641e-09,4.021238419e-05,-6.52273497e-16
1.279999928e-08,8.042476838e-05,-2.609940598e-15
2.559999857e-08,0.0001608495368,-1.044168007e-14
5.119999713e-08,0.0003216990735,-4.176562254e-14
1.023999943e-07,0.0006433980889,-1.670141483e-13
2.047999885e-07,0.001286795945,-6.675842604e-13
4.09599977e-07,0.002573589794,-2.666386209e-12
8.191999541e-07,0.005147162359,-1.063367623e-11
1.638399908e-06,0.01029418875,-4.228065467e-11
3.276799816e-06,0.02058728598,-1.671143918e-10
6.553599633e-06,0.04116584361,-6.527873242e-10
1.310719927e-05,0.08226189762,-2.491802764e-09
2.250433588e-05,0.1409282088,-6.896398563e-09
3.250433588e-05,0.2028139681,-1.348990963e-08
4.250433588e-05,0.2638993263,-2.164639668e-08
5.250433588e-05,0.3239431977,-3.101101953e-08
6.250433588e-05,0.3827086091,-4.128096975e-08
7.250433588e-05,0.4399636388,-5.219676069e-08
8.250433588e-05,0.4954823256,-6.353508297e-08
9.250433588e-05,0.5490455627,-7.510293898e-08
0.0001025043359,0.6004419923,-8.673280405e-08
0.0001125043359,0.6494687796,-9.827871139e-08
0.0001225043359,0.6959323883,-1.096129978e-07
0.0001325043359,0.739649415,-1.206237101e-07
0.0001425043359,0.7804474235,-1.312123885e-07
0.0001525043359,0.8181653619,-1.412923751e-07
0.0001625043359,0.8526543975,-1.507873435e-07
0.0001725043359,0.8837783933,-1.5963019e-07
0.0001825043359,0.9114145041,-1.677620389e-07
0.0001925043359,0.9354536533,-1.751314755e-07
0.0002025043359,0.9558010101,-1.816939914e-07
0.0002125043359,0.972376287,-1.874114162e-07
0.0002225043359,0.985114038,-1.922515622e-07
0.0002325043359,0.9939639568,-1.961878127e-07
0.0002425043359,0.9988911748,-1.991989365e-07
0.0002525043359,0.9998762012,-2.012687759e-07
0.0002625043359,0.9969152212,-2.023860901e-07
0.0002725043359,0.9900197983,-2.025444132e-07
0.0002825043359,0.9792172909,-2.017418126e-07
0.0002925043359,0.9645502567,-1.999808461e-07
0.0003025043359,0.9460765123,-1.972683634e-07
0.0003125043359,0.923869133,-1.936154348e-07
0.0003225043359,0.8980156183,-1.890371664e-07
0.0003325043359,0.8686180115,-1.835526291e-07
0.0003425043359,0.8357924223,-1.771846883e-07
0.0003525043359,0.7996683121,-1.699598613e-07
0.0003625043359,0.7603882551,-1.619082326e-07
0.0003725043359,0.7181073427,-1.530632403e-07
0.0003825043359,0.6729923487,-1.434615342e-07
0.0003925043359,0.6252213717,-1.331428479e-07
0.0004025043359,0.5749829412,-1.221497712e-07
0.0004125043359,0.5224753618,-1.105275942e-07
0.0004225043359,0.46790573,-9.832412928e-08
0.0004325043359,0.4114895165,-8.558947684e-08
0.0004425043359,0.3534493446,-7.237585464e-08
0.0004525043359,0.2940142751,-5.873737408e-08
0.0004625043359,0.233418867,-4.472981274e-08
0.0004725043359,0.1719022691,-3.04103942e-08
0.0004825043359,0.1097072288,-1.583756237e-08
0.0004925043359,0.04707923904,-1.070748934e-09
0.0005025043359,-0.01573455706,1.382986703e-08
0.0005125043359,-0.0784862563,2.880359773e-08
0.0005225043359,-0.1409282088,4.378948759e-08
0.0005325043359,-0.2028139681,5.872655251e-08
0.0005425043359,-0.2638993263,7.355401976e-08
0.0005525043359,-0.3239431977,8.821158559e-08
0.0005625043359,-0.3827086091,1.026396319e-07
0.0005725043359,-0.4399636388,1.167794537e-07
0.0005825043359,-0.4954823256,1.305735253e-07
0.0005925043359,-0.5490455627,1.439657211e-07
0.0006025043359,-0.6004419923,1.569014927e-07
0.0006125043359,-0.6494687796,1.693281462e-07
0.0006225043359,-0.6959323883,1.811949915e-07
0.0006325043359,-0.739649415,1.924535979e-07
0.0006425043359,-0.7804474235,2.030579367e-07
0.0006525043359,-0.8181653619,2.129646219e-07
0.0006625043359,-0.8526543975,2.221329822e-07
0.0006725043359,-0.8837783933,2.305253446e-07
0.0006825043359,-0.9114145041,2.381070772e-07
0.0006925043359,-0.9354536533,2.448468024e-07
0.0007025043359,-0.9558010101,2.507164254e-07
0.0007125043359,-0.972376287,2.556914183e-07
0.0007225043359,-0.985114038,2.597506921e-07
0.0007325043359,-0.9939639568,2.628768527e-07
0.0007425043359,-0.9988911748,2.650561726e-07
0.0007525043359,-0.9998762012,2.662787324e-07
0.0007625043359,-0.9969152212,2.665383931e-07
0.0007725043359,-0.9900197983,2.658327674e-07
0.0007825043359,-0.9792172909,2.641634183e-07
0.0007925043359,-0.9645502567,2.615356038e-07
0.0008025043359,-0.9460765123,2.579584759e-07
0.0008125043359,-0.923869133,2.534449095e-07
0.0008225043359,-0.8980156183,2.480115313e-07
0.0008325043359,-0.8686180115,2.416785492e-07
0.0008425043359,-0.8357924223,2.344698089e-07
0.0008525043359,-0.7996683121,2.264125811e-07
0.0008625043359,-0.7603882551,2.175375187e-07
0.0008725043359,-0.7181073427,2.078785428e-07
0.0008825043359,-0.6729923487,1.974726445e-07
0.0008925043359,-0.6252213717,1.863598129e-07
0.0009025043359,-0.5749829412,1.745828087e-07
0.0009125043359,-0.5224753618,1.62187078e-07
0.0009225043359,-0.46790573,1.492204689e-07
0.0009325043359,-0.4114895165,1.357331314e-07
0.0009425043359,-0.3534493446,1.217772905e-07
0.0009525043359,-0.2940142751,1.074070255e-07
0.0009625043359,-0.233418867,9.267805723e-08
0.0009725043359,-0.1719022691,7.764754884e-08
0.0009825043359,-0.1097072288,6.237385719e-08
0.0009925043359,-0.04707923904,4.691632327e-08
0.001002504336,0.01573455706,3.133502702e-08
0.001012504336,0.0784862563,1.569054575e-08
0.001022504336,0.1409282088,4.372279622e-11
0.001032504336,0.2028139681,-1.554457896e-08
0.001042504336,0.2638993263,-3.101370893e-08
0.001052504336,0.3239431977,-4.630348371e-08
0.001062504336,0.3827086091,-6.1354406e-08
0.001072504336,0.4399636388,-7.61079022e-08
0.001082504336,0.4954823256,-9.050658178e-08
0.001092504336,0.5490455627,-1.044944256e-07
0.001102504336,0.6004419923,-1.180170273e-07
0.001112504336,0.6494687796,-1.310218067e-07
0.001122504336,0.6959323883,-1.434582089e-07
0.001132504336,0.739649415,-1.552779167e-07
0.001142504336,0.7804474235,-1.664350435e-07
0.001152504336,0.8181653619,-1.768862887e-07
0.001162504336,0.8526543975,-1.865911372e-07
0.001172504336,0.8837783933,-1.955120155e-07
0.001182504336,0.9114145041,-2.036144053e-07
0.001192504336,0.9354536533,-2.108670429e-07
0.001202504336,0.9558010101,-2.172419897e-07
0.001212504336,0.972376287,-2.227147604e-07
0.001222504336,0.985114038,-2.272644224e-07
0.001232504336,0.9939639568,-2.308736811e-07
0.001242504336,0.9988911748,-2.335289224e-07
0.001252504336,0.9998762012,-2.35220341e-07
0.001262504336,0.9969152212,-2.359418545e-07
0.001272504336,0.9900197983,-2.356912461e-07
0.001282504336,0.9792172909,-2.344701215e-07
0.001292504336,0.9645502567,-2.322838952e-07
0.001302504336,0.9460765123,-2.291417758e-07
0.001312504336,0.923869133,-2.250567661e-07
0.001322504336,0.8980156183,-2.200455356e-07
0.001332504336,0.8686180115,-2.141284483e-07
0.001342504336,0.8357924223,-2.07329407e-07
0.001352504336,0.7996683121,-1.996757959e-07
0.001362504336,0.7603882551,-1.911983531e-07
0.001372504336,0.7181073427,-1.819310711e-07
0.001382504336,0.6729923487,-1.719110543e-07
0.001392504336,0.6252213717,-1.611783489e-07
0.001402504336,0.5749829412,-1.497758291e-07
0.001412504336,0.5224753618,-1.37748998e-07
0.001422504336,0.46790573,-1.251458315e-07
0.001432504336,0.4114895165,-1.120165152e-07
0.001442504336,0.3534493446,-9.841337345e-08
0.001452504336,0.2940142751,-8.439056387e-08
0.001462504336,0.233418867,-7.000387825e-08
0.001472504336,0.1719022691,-5.531056146e-08
0.001482504336,0.1097072288,-4.03690521e-08
0.001492504336,0.04707923904,-2.523876041e-08
0.001502504336,-0.01573455706,-9.979838289e-09
0.001512504336,-0.0784862563,5.347061904e-09
0.001522504336,-0.1409282088,2.068102667e-08
0.001532504336,-0.2028139681,3.596112208e-08
0.001542504336,-0.2638993263,5.112663359e-08
0.001552504336,-0.3239431977,6.611730186e-08
0.001562504336,-0.3827086091,8.087356207e-08
0.001572504336,-0.4399636388,9.533678735e-08
0.001582504336,-0.4954823256,1.09449509e-07
0.001592504336,-0.5490455627,1.231556439e-07
0.001602504336,-0.6004419923,1.364007289e-07
0.001612504336,-0.6494687796,1.491321058e-07
0.001622504336,-0.6959323883,1.61299198e-07
0.001632504336,-0.739649415,1.728535892e-07
0.001642504336,-0.7804474235,1.837493357e-07
0.001652504336,-0.8181653619,1.939430945e-07
0.001662504336,-0.8526543975,2.033942792e-07
0.001672504336,-0.8837783933,2.120652738e-07
0.001682504336,-0.9114145041,2.19921489e-07
0.001692504336,-0.9354536533,2.269316184e-07
0.001702504336,-0.9558010101,2.330676665e-07
0.001712504336,-0.972376287,2.383050912e-07
0.001722504336,-0.985114038,2.426228889e-07
0.001732504336,-0.9939639568,2.460037649e-07
0.001742504336,-0.9988911748,2.484339916e-07
0.001752504336,-0.9998762012,2.499037635e-07
0.001762504336,-0.9969152212,2.50406913e-07
0.001772504336,-0.9900197983,2.499411949e-07
0.001782504336,-0.9792172909,2.485081438e-07
0.001792504336,-0.9645502567,2.461131601e-07
0.001802504336,-0.9460765123,2.427653669e-07
0.001812504336,-0.923869133,2.384777531e-07
0.001822504336,-0.8980156183,2.332669453e-07
0.001832504336,-0.8686180115,2.271532367e-07
0.001842504336,-0.8357924223,2.201605014e-07
0.001852504336,-0.7996683121,2.123160669e-07
0.001862504336,-0.7603882551,2.03650643e-07
0.001872504336,-0.7181073427,1.941981793e-07
0.001882504336,-0.6729923487,1.839957378e-07
0.001892504336,-0.6252213717,1.730833219e-07
0.001902504336,-0.5749829412,1.615037633e-07
0.001912504336,-0.5224753618,1.493025223e-07
0.001922504336,-0.46790573,1.365275182e-07
0.001932504336,-0.4114895165,1.232289577e-07
0.001942504336,-0.3534493446,1.094590729e-07
0.001952504336,-0.2940142751,9.527199296e-08
0.001962504336,-0.233418867,8.072348834e-08
0.001972504336,-0.1719022691,6.587075063e-08
0.001982504336,-0.1097072288,5.077220067e-08
0.001992504336,-0.04707923904,3.548720073e-08
0.002002504336,0.01573455706,2.007586986e-08
0.002012504336,0.0784862563,4.598828429e-09
0.002022504336,0.1409282088,-1.088304646e-08
0.002032504336,0.2028139681,-2.630885199e-08
0.002042504336,0.2638993263,-4.161790557e-08
0.002052504336,0.3239431977,-5.674997894e-08
0.002062504336,0.3827086091,-7.164554461e-08
0.002072504336,0.4399636388,-8.624600412e-08
0.002082504336,0.4954823256,-1.004939136e-07
0.002092504336,0.5490455627,-1.143332327e-07
0.002102504336,0.6004419923,-1.277095123e-07
0.002112504336,0.6494687796,-1.405701511e-07
0.002122504336,0.6959323883,-1.528645583e-07
0.002132504336,0.739649415,-1.645443888e-07
0.002142504336,0.7804474235,-1.755637129e-07
0.002152504336,0.8181653619,-1.858792018e-07
0.002162504336,0.8526543975,-1.954503119e-07
0.002172504336,0.8837783933,-2.042394271e-07
0.002182504336,0.9114145041,-2.122120435e-07
0.002192504336,0.9354536533,-2.193368118e-07
0.002202504336,0.9558010101,-2.255858078e-07
0.002212504336,0.972376287,-2.309344893e-07
0.002222504336,0.985114038,-2.353619095e-07
0.002232504336,0.9939639568,-2.388507596e-07
0.002242504336,0.9988911748,-2.413873688e-07
0.002252504336,0.9998762012,-2.42961903e-07
0.002262504336,0.9969152212,-2.435683086e-07
0.002272504336,0.9900197983,-2.432042834e-07
0.002282504336,0.9792172909,-2.418714189e-07
0.002292504336,0.9645502567,-2.395751437e-07
0.002302504336,0.9460765123,-2.363245812e-07
0.002312504336,0.923869133,-2.321327486e-07
0.002322504336,0.8980156183,-2.270163009e-07
0.002332504336,0.8686180115,-2.209955454e-07
0.002342504336,0.8357924223,-2.140943849e-07
0.002352504336,0.7996683121,-2.06340161e-07
0.002362504336,0.7603882551,-1.977636117e-07
0.002372504336,0.7181073427,-1.883987011e-07
0.002382504336,0.6729923487,-1.78282491e-07
0.002392504336,0.6252213717,-1.674550418e-07
0.002402504336,0.5749829412,-1.559591851e-07
0.002412504336,0.5224753618,-1.438403956e-07
0.002422504336,0.46790573,-1.311466349e-07
0.002432504336,0.4114895165,-1.179280815e-07
0.002442504336,0.3534493446,-1.042370315e-07
0.002452504336,0.2940142751,-9.012760671e-08
0.002462504336,0.233418867,-7.565560622e-08
0.002472504336,0.1719022691,-6.087824289e-08
0.002482504336,0.1097072288,-4.585393398e-08
0.002492504336,0.04707923904,-3.064207377e-08
0.002502504336,-0.01573455706,-1.530279725e-08
0.002512504336,-0.0784862563,1.032617811e-10
0.002522504336,-0.1409282088,1.551521045e-08
0.002532504336,-0.2028139681,3.087212974e-08
0.002542504336,-0.2638993263,4.611331761e-08
0.002552504336,-0.3239431977,6.117853957e-08
0.002562504336,-0.3827086091,7.600824858e-08
0.002572504336,-0.4399636388,9.054382843e-08
0.002582504336,-0.4954823256,1.047278246e-07
0.002592504336,-0.5490455627,1.185041754e-07
0.002602504336,-0.6004419923,1.318184388e-07
0.002612504336,-0.6494687796,1.446179709e-07
0.002622504336,-0.6959323883,1.56852181e-07
0.002632504336,-0.739649415,1.684726953e-07
0.002642504336,-0.7804474235,1.794335986e-07
0.002652504336,-0.8181653619,1.896915478e-07
0.002662504336,-0.8526543975,1.992059566e-07
0.002672504336,-0.8837783933,2.079392374e-07
0.002682504336,-0.9114145041,2.158568151e-07
0.002692504336,-0.9354536533,2.229273974e-07
0.002702504336,-0.9558010101,2.291229748e-07
0.002712504336,-0.972376287,2.344190619e-07
0.002722504336,-0.985114038,2.387946552e-07
0.002732504336,-0.9939639568,2.422324599e-07
0.002742504336,-0.9988911748,2.44718791e-07
0.002752504336,-0.9998762012,2.462437863e-07
0.002762504336,-0.9969152212,2.468013633e-07
0.002772504336,-0.9900197983,2.46389277e-07
0.002782504336,-0.9792172909,2.450090619e-07
0.002792504336,-0.9645502567,2.426660899e-07
0.002802504336,-0.9460765123,2.393695695e-07
0.002812504336,-0.923869133,2.351324611e-07
0.002822504336,-0.8980156183,2.299714055e-07
0.002832504336,-0.8686180115,2.239066959e-07
0.002842504336,-0.8357924223,2.169622491e-07
0.002852504336,-0.7996683121,2.091653784e-07
0.002862504336,-0.7603882551,2.005468076e-07
0.002872504336,-0.7181073427,1.911405008e-07
0.002882504336,-0.6729923487,1.809835197e-07
0.002892504336,-0.6252213717,1.701158965e-07
0.002902504336,-0.5749829412,1.585804768e-07
0.002912504336,-0.5224753618,1.464227068e-07
0.002922504336,-0.46790573,1.336905342e-07
0.002932504336,-0.4114895165,1.204341658e-07
0.002942504336,-0.3534493446,1.067058406e-07
0.002952504336,-0.2940142751,9.255970213e-08
0.002962504336,-0.233418867,7.805153501e-08
0.002972504336,-0.1719022691,6.323853796e-08
0.002982504336,-0.1097072288,4.817912824e-08
0.002992504336,-0.04707923904,3.293268946e-08
0.003002504336,0.01573455706,1.755934953e-08
0.003012504336,0.0784862563,2.119732168e-09
0.003022504336,0.1409282088,-1.332527511e-08
0.003032504336,0.2028139681,-2.871476035e-08
0.003042504336,0.2638993263,-4.398803455e-08
0.003052504336,0.3239431977,-5.908486145e-08
0.003062504336,0.3827086091,-7.394570645e-08
0.003072504336,0.4399636388,-8.851195332e-08
0.003082504336,0.4954823256,-1.027261689e-07
0.003092504336,0.5490455627,-1.165322914e-07
0.003102504336,0.6004419923,-1.298758718e-07
0.003112504336,0.6494687796,-1.427042946e-07
0.003122504336,0.6959323883,-1.54966969e-07
0.003132504336,0.739649415,-1.666155214e-07
0.003142504336,0.7804474235,-1.776040364e-07
0.003152504336,0.8181653619,-1.878891851e-07
0.003162504336,0.8526543975,-1.974304098e-07
0.003172504336,0.8837783933,-2.061900801e-07
0.003182504336,0.9114145041,-2.141336779e-07
0.003192504336,0.9354536533,-2.212298824e-07
0.003202504336,0.9558010101,-2.274507125e-07
0.003212504336,0.972376287,-2.327716686e-07
0.003222504336,0.985114038,-2.371717756e-07
0.003232504336,0.9939639568,-2.406336819e-07
0.003242504336,0.9988911748,-2.43143802e-07
0.003252504336,0.9998762012,-2.446922167e-07
0.003262504336,0.9969152212,-2.452728722e-07
0.003272504336,0.9900197983,-2.448835232e-07
0.003282504336,0.9792172909,-2.435256761e-07
0.003292504336,0.9645502567,-2.412047877e-07
0.003302504336,0.9460765123,-2.379300099e-07
0.003312504336,0.923869133,-2.33714303e-07
0.003322504336,0.8980156183,-2.285743221e-07
0.003332504336,0.8686180115,-2.22530403e-07
0.003342504336,0.8357924223,-2.156064198e-07
0.003352504336,0.7996683121,-2.078297143e-07
0.003362504336,0.7603882551,-1.992310104e-07
0.003372504336,0.7181073427,-1.898442719e-07
0.003382504336,0.6729923487,-1.797065607e-07
0.003392504336,0.6252213717,-1.688579374e-07
0.003402504336,0.5749829412,-1.573412192e-07
0.003412504336,0.5224753618,-1.452018807e-07
0.003422504336,0.46790573,-1.324878696e-07
0.003432504336,0.4114895165,-1.192493642e-07
0.003442504336,0.3534493446,-1.055386676e-07
0.003452504336,0.2940142751,-9.140988766e-08
0.003462504336,0.233418867,-7.691881621e-08
0.003472504336,0.1719022691,-6.212266612e-08
0.003482504336,0.1097072288,-4.707985113e-08
0.003492504336,0.04707923904,-3.184976194e-08
0.003502504336,-0.01573455706,-1.649252646e-08
0.003512504336,-0.0784862563,-1.068773625e-09
0.003522504336,-0.1409282088,1.436060426e-08
0.003532504336,-0.2028139681,2.973469293e-08
0.003542504336,-0.2638993263,4.499279882e-08
0.003552504336,-0.3239431977,6.007468301e-08
0.003562504336,-0.3827086091,7.492080556e-08
0.003572504336,-0.4399636388,8.947255736e-08
0.003582504336,-0.4954823256,1.036724839e-07
0.003592504336,-0.5490455627,1.174645377e-07
0.003602504336,-0.6004419923,1.307942483e-07
0.003612504336,-0.6494687796,1.436090145e-07
0.003622504336,-0.6959323883,1.558582312e-07
0.003632504336,-0.739649415,1.67493539e-07
0.003642504336,-0.7804474235,1.784689942e-07
0.003652504336,-0.8181653619,1.887412822e-07
0.003662504336,-0.8526543975,1.982698308e-07
0.003672504336,-0.8837783933,2.07017024e-07
0.003682504336,-0.9114145041,2.149483294e-07
0.003692504336,-0.9354536533,2.22032412e-07
0.003702504336,-0.9558010101,2.28241305e-07
0.003712504336,-0.972376287,2.335505087e-07
0.003722504336,-0.985114038,2.379390196e-07
0.003732504336,-0.9939639568,2.413895288e-07
0.003742504336,-0.9988911748,2.438883939e-07
0.003752504336,-0.9998762012,2.454257526e-07
0.003762504336,-0.9969152212,2.459954942e-07
0.003772504336,-0.9900197983,2.455954018e-07
0.003782504336,-0.9792172909,2.442269817e-07
0.003792504336,-0.9645502567,2.418956342e-07
0.003802504336,-0.9460765123,2.386105962e-07
0.003812504336,-0.923869133,2.343847569e-07
0.003822504336,-0.8980156183,2.292348142e-07
0.003832504336,-0.8686180115,2.231810754e-07
0.003842504336,-0.8357924223,2.162474004e-07
0.003852504336,-0.7996683121,2.084611737e-07
0.003862504336,-0.7603882551,1.998530763e-07
0.003872504336,-0.7181073427,1.904570865e-07
0.003882504336,-0.6729923487,1.803102663e-07
0.003892504336,-0.6252213717,1.694526617e-07
0.003902504336,-0.5749829412,1.579270901e-07
0.003912504336,-0.5224753618,1.457790546e-07
0.003922504336,-0.46790573,1.330564459e-07
0.003932504336,-0.4114895165,1.198094992e-07
0.003942504336,-0.3534493446,1.06090468e-07
0.003952504336,-0.2940142751,9.195348127e-08
0.003962504336,-0.233418867,7.745433095e-08
0.003972504336,-0.1719022691,6.265021568e-08
0.003982504336,-0.1097072288,4.759955274e-08
0.003992504336,-0.04707923904,3.23617364e-08
0.004002504336,0.01573455706,1.699688568e-08
0.004012504336,0.0784862563,1.56563229e-09
0.004022504336,0.1409282088,-1.387113446e-08
0.004032504336,0.2028139681,-2.925250264e-08
0.004042504336,0.2638993263,-4.451777968e-08
0.004052504336,0.3239431977,-5.960672667e-08
0.004062504336,0.3827086091,-7.445981254e-08
0.004072504336,0.4399636388,-8.901841397e-08
0.004082504336,0.4954823256,-1.032250978e-07
0.004092504336,0.5490455627,-1.170238022e-07
0.004102504336,0.6004419923,-1.303600783e-07
0.004112504336,0.6494687796,-1.431812962e-07
0.004122504336,0.6959323883,-1.554368652e-07
0.004132504336,0.739649415,-1.6707844e-07
0.004142504336,0.7804474235,-1.780600769e-07
0.004152504336,0.8181653619,-1.883384471e-07
0.004162504336,0.8526543975,-1.978729784e-07
0.004172504336,0.8837783933,-2.066260691e-07
0.004182504336,0.9114145041,-2.145631868e-07
0.004192504336,0.9354536533,-2.216529964e-07
0.004202504336,0.9558010101,-2.278675453e-07
0.004212504336,0.972376287,-2.331822913e-07
0.004222504336,0.985114038,-2.375762875e-07
0.004232504336,0.9939639568,-2.410322111e-07
0.004242504336,0.9988911748,-2.435363911e-07
0.004252504336,0.9998762012,-2.450789793e-07
0.004262504336,0.9969152212,-2.456538652e-07
0.004272504336,0.9900197983,-2.452588319e-07
0.004282504336,0.9792172909,-2.438954141e-07
0.004292504336,0.9645502567,-2.415690403e-07
0.004302504336,0.9460765123,-2.38288834e-07
0.004312504336,0.923869133,-2.340677838e-07
0.004322504336,0.8980156183,-2.289225591e-07
0.004332504336,0.8686180115,-2.22873453e-07
0.004342504336,0.8357924223,-2.159443682e-07
0.004352504336,0.7996683121,-2.08162632e-07
0.004362504336,0.7603882551,-1.995589827e-07
0.004372504336,0.7181073427,-1.901673699e-07
0.004382504336,0.6729923487,-1.800248555e-07
0.004392504336,0.6252213717,-1.691714999e-07
0.004402504336,0.5749829412,-1.576501063e-07
0.004412504336,0.5224753618,-1.455061778e-07
0.004422504336,0.46790573,-1.327876475e-07
0.004432504336,0.4114895165,-1.195446941e-07
0.004442504336,0.3534493446,-1.058295922e-07
0.004452504336,0.2940142751,-9.169649218e-08
0.004462504336,0.233418867,-7.720115747e-08
0.004472504336,0.1719022691,-6.240080808e-08
0.004482504336,0.1097072288,-4.735385417e-08
0.004492504336,0.04707923904,-3.211969002e-08
0.004502504336,-0.01573455706,-1.675844175e-08
0.004512504336,-0.0784862563,-1.330733856e-09
0.004522504336,-0.1409282088,1.410253958e-08
0.004532504336,-0.2028139681,2.948046784e-08
0.004542504336,-0.2638993263,4.474235382e-08
0.004552504336,-0.3239431977,5.982796125e-08
0.004562504336,-0.3827086091,7.467775731e-08
0.004572504336,-0.4399636388,8.923311867e-08
0.004582504336,-0.4954823256,1.034366122e-07
0.004592504336,-0.5490455627,1.172321689e-07
0.004602504336,-0.6004419923,1.305653399e-07
0.004612504336,-0.6494687796,1.433835024e-07
0.004622504336,-0.6959323883,1.556360729e-07
0.004632504336,-0.739649415,1.672746777e-07
0.004642504336,-0.7804474235,1.782534014e-07
0.004652504336,-0.8181653619,1.885288867e-07
0.004662504336,-0.8526543975,1.980606044e-07
0.004672504336,-0.8837783933,2.068109097e-07
0.004682504336,-0.9114145041,2.147452705e-07
0.004692504336,-0.9354536533,2.2183238e-07
0.004702504336,-0.9558010101,2.28044243e-07
0.004712504336,-0.972376287,2.333563742e-07
0.004722504336,-0.985114038,2.377477841e-07
0.004732504336,-0.9939639568,2.412011497e-07
0.004742504336,-0.9988911748,2.437028002e-07
0.004752504336,-0.9998762012,2.452429158e-07
0.004762504336,-0.9969152212,2.458153858e-07
0.004772504336,-0.9900197983,2.454179366e-07
0.004782504336,-0.9792172909,2.440521598e-07
0.004792504336,-0.9645502567,2.417234555e-07
0.004802504336,-0.9460765123,2.38440947e-07
0.004812504336,-0.923869133,2.342176373e-07
0.004822504336,-0.8980156183,2.290701815e-07
0.004832504336,-0.8686180115,2.230188869e-07
0.004842504336,-0.8357924223,2.160876278e-07
0.004852504336,-0.7996683121,2.083037742e-07
0.004862504336,-0.7603882551,1.996980217e-07
0.004872504336,-0.7181073427,1.903043341e-07
0.004882504336,-0.6729923487,1.801597875e-07
0.004892504336,-0.6252213717,1.69304414e-07
0.004902504336,-0.5749829412,1.577810593e-07
0.004912504336,-0.5224753618,1.456351839e-07
0.004922504336,-0.46790573,1.32914721e-07
0.004932504336,-0.4114895165,1.196698776e-07
0.004942504336,-0.3534493446,1.059529282e-07
0.004952504336,-0.2940142751,9.181798788e-08
0.004962504336,-0.233418867,7.732084839e-08
0.004972504336,-0.1719022691,6.251871554e-08
0.004982504336,-0.1097072288,4.74700137e-08
0.004992504336,-0.04707923904,3.223412293e-08
0.005002504336,0.01573455706,1.687116935e-08
0.005012504336,0.0784862563,1.441786135e-09
0.005022504336,0.1409282088,-1.399313909e-08
0.005032504336,0.2028139681,-2.937269272e-08
0.005042504336,0.2638993263,-4.463618097e-08
0.005052504336,0.3239431977,-5.972336936e-08
0.005062504336,0.3827086091,-7.457472151e-08
0.005072504336,0.4399636388,-8.913161764e-08
0.005082504336,0.4954823256,-1.033366175e-07
0.005092504336,0.5490455627,-1.171336592e-07
0.005102504336,0.6004419923,-1.304682939e-07
0.005112504336,0.6494687796,-1.43287906e-07
0.005122504336,0.6959323883,-1.555418976e-07
0.005132504336,0.739649415,-1.671819092e-07
0.005142504336,0.7804474235,-1.781619972e-07
0.005152504336,0.8181653619,-1.884388467e-07
0.005162504336,0.8526543975,-1.979719002e-07
0.005172504336,0.8837783933,-2.067235272e-07
0.005182504336,0.9114145041,-2.146591811e-07
0.005192504336,0.9354536533,-2.217475696e-07
0.005202504336,0.9558010101,-2.279607116e-07
0.005212504336,0.972376287,-2.332740792e-07
0.005222504336,0.985114038,-2.376667112e-07
0.005232504336,0.9939639568,-2.411212563e-07
0.005242504336,0.9988911748,-2.436241289e-07
0.005252504336,0.9998762012,-2.451654098e-07
0.005262504336,0.9969152212,-2.457390167e-07
0.005272504336,0.9900197983,-2.453427328e-07
0.005282504336,0.9792172909,-2.439780644e-07
0.005292504336,0.9645502567,-2.416504401e-07
0.005302504336,0.9460765123,-2.383690259e-07
0.005312504336,0.923869133,-2.341467962e-07
0.005322504336,0.8980156183,-2.29000392e-07
0.005332504336,0.8686180115,-2.229501348e-07
0.005342504336,0.8357924223,-2.160198989e-07
0.005352504336,0.7996683121,-2.082370401e-07
0.005362504336,0.7603882551,-1.996322823e-07
0.005372504336,0.7181073427,-1.902395752e-07
0.005382504336,0.6729923487,-1.80095995e-07
0.005392504336,0.6252213717,-1.692415736e-07
0.005402504336,0.5749829412,-1.577191568e-07
0.005412504336,0.5224753618,-1.455741909e-07
0.005422504336,0.46790573,-1.328546375e-07
0.005432504336,0.4114895165,-1.196106894e-07
0.005442504336,0.3534493446,-1.058946211e-07
0.005452504336,0.2940142751,-9.17605476e-08
0.005462504336,0.233418867,-7.726426077e-08
0.005472504336,0.1719022691,-6.246297346e-08
0.005482504336,0.1097072288,-4.74150994e-08
0.005492504336,0.04707923904,-3.21800222e-08
0.005502504336,-0.01573455706,-1.681787509e-08
0.005512504336,-0.0784862563,-1.389284243e-09
0.005522504336,-0.1409282088,1.404486039e-08
0.005532504336,-0.2028139681,2.942364574e-08
0.005542504336,-0.2638993263,4.468637727e-08
0.005552504336,-0.3239431977,5.977281603e-08
0.005562504336,-0.3827086091,7.462342921e-08
0.005572504336,-0.4399636388,8.917960059e-08
0.005582504336,-0.4954823256,1.033838899e-07
0.005592504336,-0.5490455627,1.171802282e-07
0.005602504336,-0.6004419923,1.305141808e-07
0.005612504336,-0.6494687796,1.433330965e-07
0.005622504336,-0.6959323883,1.555864202e-07
0.005632504336,-0.739649415,1.672257639e-07
0.005642504336,-0.7804474235,1.782052124e-07
0.005652504336,-0.8181653619,1.884814225e-07
0.005662504336,-0.8526543975,1.980138364e-07
0.005672504336,-0.8837783933,2.067648381e-07
0.005682504336,-0.9114145041,2.14699881e-07
0.005692504336,-0.9354536533,2.217876585e-07
0.005702504336,-0.9558010101,2.280002036e-07
0.005712504336,-0.972376287,2.333129885e-07
0.005722504336,-0.985114038,2.377050379e-07
0.005732504336,-0.9939639568,2.411590287e-07
0.005742504336,-0.9988911748,2.436613329e-07
0.005752504336,-0.9998762012,2.452020453e-07
0.005762504336,-0.9969152212,2.457751407e-07
0.005772504336,-0.9900197983,2.453782884e-07
0.005782504336,-0.9792172909,2.440131084e-07
0.005792504336,-0.9645502567,2.416849441e-07
0.005802504336,-0.9460765123,2.384030324e-07
0.005812504336,-0.923869133,2.341802912e-07
0.005822504336,-0.8980156183,2.290333896e-07
0.005832504336,-0.8686180115,2.22982635e-07
0.005842504336,-0.8357924223,2.160519159e-07
0.005852504336,-0.7996683121,2.082685882e-07
0.005862504336,-0.7603882551,1.996633614e-07
0.005872504336,-0.7181073427,1.902701996e-07
0.005882504336,-0.6729923487,1.801261647e-07
0.005892504336,-0.6252213717,1.692712885e-07
0.005902504336,-0.5749829412,1.57748417e-07
0.005912504336,-0.5224753618,1.456030247e-07
0.005922504336,-0.46790573,1.32883045e-07
0.005932504336,-0.4114895165,1.196386847e-07
0.005942504336,-0.3534493446,1.05922183e-07
0.005952504336,-0.2940142751,9.178770455e-08
0.005962504336,-0.233418867,7.72910127e-08
0.005972504336,-0.1719022691,6.248932749e-08
0.005982504336,-0.1097072288,4.744105908e-08
0.005992504336,-0.04707923904,3.220559819e-08
0.006002504336,0.01573455706,1.684307094e-08
0.006012504336,0.0784862563,1.414105388e-09
0.006022504336,0.1409282088,-1.402040795e-08
0.006032504336,0.2028139681,-2.939955657e-08
0.006042504336,0.2638993263,-4.466264514e-08
0.006052504336,0.3239431977,-5.974943917e-08
0.006062504336,0.3827086091,-7.460040052e-08
0.006072504336,0.4399636388,-8.915691296e-08
0.006082504336,0.4954823256,-1.033615362e-07
0.006092504336,0.5490455627,-1.171582156e-07
0.006102504336,0.6004419923,-1.304924808e-07
0.006112504336,0.6494687796,-1.433117376e-07
0.006122504336,0.6959323883,-1.555653739e-07
0.006132504336,0.739649415,-1.672050303e-07
0.006142504336,0.7804474235,-1.781847914e-07
0.006152504336,0.8181653619,-1.884612999e-07
0.006162504336,0.8526543975,-1.979940123e-07
0.006172504336,0.8837783933,-2.067452982e-07
0.006182504336,0.9114145041,-2.146806395e-07
0.006192504336,0.9354536533,-2.217687154e-07
0.006202504336,0.9558010101,-2.279815305e-07
0.006212504336,0.972376287,-2.332945854e-07
0.006222504336,0.985114038,-2.37686919e-07
0.006232504336,0.9939639568,-2.411411799e-07
0.006242504336,0.9988911748,-2.436437399e-07
0.006252504336,0.9998762012,-2.451847365e-07
0.006262504336,0.9969152212,-2.457580592e-07
0.006272504336,0.9900197983,-2.453614627e-07
0.006282504336,0.9792172909,-2.439965385e-07
0.006292504336,0.9645502567,-2.4166863e-07
0.006302504336,0.9460765123,-2.383869599e-07
0.006312504336,0.923869133,-2.341644461e-07
0.006322504336,0.8980156183,-2.290177861e-07
0.006332504336,0.8686180115,-2.229672731e-07
0.006342504336,0.8357924223,-2.160367814e-07
0.006352504336,0.7996683121,-2.08253681e-07
0.006362504336,0.7603882551,-1.996486674e-07
0.006372504336,0.7181073427,-1.902557187e-07
0.006382504336,0.6729923487,-1.80111897e-07
0.006392504336,0.6252213717,-1.69257234e-07
0.006402504336,0.5749829412,-1.577345756e-07
0.006412504336,0.5224753618,-1.455893965e-07
0.006422504336,0.46790573,-1.328696158e-07
0.006432504336,0.4114895165,-1.196254544e-07
0.006442504336,0.3534493446,-1.059091517e-07
0.006452504336,0.2940142751,-9.177486504e-08
0.006462504336,0.233418867,-7.727836504e-08
0.006472504336,0.1719022691,-6.247687168e-08
0.006482504336,0.1097072288,-4.742878446e-08
0.006492504336,0.04707923904,-3.21935083e-08
0.006502504336,-0.01573455706,-1.683115869e-08
0.006512504336,-0.0784862563,-1.402370775e-09
0.006522504336,-0.1409282088,1.403196848e-08
0.006532504336,-0.2028139681,2.941094479e-08
0.006542504336,-0.2638993263,4.467386461e-08
0.006552504336,-0.3239431977,5.976049522e-08
0.006562504336,-0.3827086091,7.461128604e-08
0.006572504336,-0.4399636388,8.916764216e-08
0.006582504336,-0.4954823256,1.033721091e-07
0.006592504336,-0.5490455627,1.171686179e-07
0.006602504336,-0.6004419923,1.305027411e-07
0.006612504336,-0.6494687796,1.433218415e-07
0.006622504336,-0.6959323883,1.555753215e-07
0.006632504336,-0.739649415,1.672148358e-07
0.006642504336,-0.7804474235,1.781944405e-07
0.006652504336,-0.8181653619,1.88470807e-07
0.006662504336,-0.8526543975,1.980033772e-07
0.006672504336,-0.8837783933,2.067545353e-07
0.006682504336,-0.9114145041,2.146897344e-07
0.006692504336,-0.9354536533,2.217776682e-07
0.006702504336,-0.9558010101,2.279903555e-07
0.006712504336,-0.972376287,2.333032825e-07
0.006722504336,-0.985114038,2.376954882e-07
0.006732504336,-0.9939639568,2.411496212e-07
0.006742504336,-0.9988911748,2.43652039e-07
0.006752504336,-0.9998762012,2.45192922e-07
0.006762504336,-0.9969152212,2.45766131e-07
0.006772504336,-0.9900197983,2.453694208e-07
0.006782504336,-0.9792172909,2.440043829e-07
0.006792504336,-0.9645502567,2.416763607e-07
0.006802504336,-0.9460765123,2.383945628e-07
0.006812504336,-0.923869133,2.341719352e-07
0.006822504336,-0.8980156183,2.290251615e-07
0.006832504336,-0.8686180115,2.229745348e-07
0.006842504336,-0.8357924223,2.160439436e-07
0.006852504336,-0.7996683121,2.082607296e-07
0.006862504336,-0.7603882551,1.996556165e-07
0.006872504336,-0.7181073427,1.902625684e-07
0.006882504336,-0.6729923487,1.801186471e-07
0.006892504336,-0.6252213717,1.692638847e-07
0.006902504336,-0.5749829412,1.577411268e-07
0.006912504336,-0.5224753618,1.455958483e-07
0.006922504336,-0.46790573,1.32875968e-07
0.006932504336,-0.4114895165,1.196317072e-07
0.006942504336,-0.3534493446,1.059153121e-07
0.006952504336,-0.2940142751,9.178093308e-08
0.006962504336,-0.233418867,7.728434781e-08
0.006972504336,-0.1719022691,6.248276208e-08
0.006982504336,-0.1097072288,4.743458959e-08
0.006992504336,-0.04707923904,3.219922462e-08
0.007002504336,0.01573455706,1.683679152e-08
0.007012504336,0.0784862563,1.40791856e-09
0.007022504336,0.1409282088,-1.402650263e-08
0.007032504336,0.2028139681,-2.940556065e-08
0.007042504336,0.2638993263,-4.466856041e-08
0.007052504336,0.3239431977,-5.975526562e-08
0.007062504336,0.3827086091,-7.460614171e-08
0.007072504336,0.4399636388,-8.916256888e-08
0.007082504336,0.4954823256,-1.03367114e-07
0.007092504336,0.5490455627,-1.17163701e-07
0.007102504336,0.6004419923,-1.304978952e-07
0.007112504336,0.6494687796,-1.433170667e-07
0.007122504336,0.6959323883,-1.555706177e-07
0.007132504336,0.739649415,-1.67210203e-07
0.007142504336,0.7804474235,-1.781898789e-07
0.007152504336,0.8181653619,-1.884663163e-07
0.007162504336,0.8526543975,-1.979989435e-07
0.007172504336,0.8837783933,-2.067501725e-07
0.007182504336,0.9114145041,-2.146854428e-07
0.007192504336,0.9354536533,-2.217734334e-07
0.007202504336,0.9558010101,-2.279861917e-07
0.007212504336,0.972376287,-2.332991755e-07
0.007222504336,0.985114038,-2.376914381e-07
0.007232504336,0.9939639568,-2.411456137e-07
0.007242504336,0.9988911748,-2.436481168e-07
0.007252504336,0.9998762012,-2.451890566e-07
0.007262504336,0.9969152212,-2.457623225e-07
0.007272504336,0.9900197983,-2.453656691e-07
0.007282504336,0.9792172909,-2.440006597e-07
0.007292504336,0.9645502567,-2.416726943e-07
0.007302504336,0.9460765123,-2.383909674e-07
0.007312504336,0.923869133,-2.341683967e-07
0.007322504336,0.8980156183,-2.290216798e-07
0.007332504336,0.8686180115,-2.229710958e-07
0.007342504336,0.8357924223,-2.160405614e-07
0.007352504336,0.7996683121,-2.0825739e-07
0.007362504336,0.7603882551,-1.996523338e-07
0.007372504336,0.7181073427,-1.902593283e-07
0.007382504336,0.6729923487,-1.801154497e-07
0.007392504336,0.6252213717,-1.692607441e-07
0.007402504336,0.5749829412,-1.577380289e-07
0.007412504336,0.5224753618,-1.455927929e-07
0.007422504336,0.46790573,-1.328729695e-07
0.007432504336,0.4114895165,-1.196287513e-07
0.007442504336,0.3534493446,-1.059123989e-07
0.007452504336,0.2940142751,-9.177806248e-08
0.007462504336,0.233418867,-7.728151985e-08
0.007472504336,0.1719022691,-6.247997675e-08
0.007482504336,0.1097072288,-4.743184689e-08
0.007492504336,0.04707923904,-3.2196521e-08
0.007502504336,-0.01573455706,-1.683412876e-08
0.007512504336,-0.0784862563,-1.405295769e-09
0.007522504336,-0.1409282088,1.402908634e-08
0.007532504336,-0.2028139681,2.940810617e-08
0.007542504336,-0.2638993263,4.467106862e-08
0.007552504336,-0.3239431977,5.975773831e-08
0.007562504336,-0.3827086091,7.460857177e-08
0.007572504336,-0.4399636388,8.916497052e-08
0.007582504336,-0.4954823256,1.03369473e-07
0.007592504336,-0.5490455627,1.171660244e-07
0.007602504336,-0.6004419923,1.305001831e-07
0.007612504336,-0.6494687796,1.433193262e-07
0.007622504336,-0.6959323883,1.555728488e-07
0.007632504336,-0.739649415,1.672123915e-07
0.007642504336,-0.7804474235,1.781920389e-07
0.007652504336,-0.8181653619,1.884684337e-07
0.007662504336,-0.8526543975,1.980010467e-07
0.007672504336,-0.8837783933,2.067522331e-07
0.007682504336,-0.9114145041,2.146874749e-07
0.007692504336,-0.9354536533,2.217754371e-07
0.007702504336,-0.9558010101,2.279881528e-07
0.007712504336,-0.972376287,2.333011224e-07
0.007722504336,-0.985114038,2.376933423e-07
0.007732504336,-0.9939639568,2.41147518e-07
0.007742504336,-0.9988911748,2.436499926e-07
0.007752504336,-0.9998762012,2.451908756e-07
0.007762504336,-0.9969152212,2.457641131e-07
0.007772504336,-0.9900197983,2.453674313e-07
0.007782504336,-0.9792172909,2.440024218e-07
0.007792504336,-0.9645502567,2.41674428e-07
0.007802504336,-0.9460765123,2.383926585e-07
0.007812504336,-0.923869133,2.341700736e-07
0.007822504336,-0.8980156183,2.290233283e-07
0.007832504336,-0.8686180115,2.229727301e-07
0.007842504336,-0.8357924223,2.160421531e-07
0.007852504336,-0.7996683121,2.082589674e-07
0.007862504336,-0.7603882551,1.996538828e-07
0.007872504336,-0.7181073427,1.902608631e-07
0.007882504336,-0.6729923487,1.80116956e-07
0.007892504336,-0.6252213717,1.69262222e-07
0.007902504336,-0.5749829412,1.577394926e-07
0.007912504336,-0.5224753618,1.455942282e-07
0.007922504336,-0.46790573,1.328743906e-07
0.007932504336,-0.4114895165,1.19630144e-07
0.007942504336,-0.3534493446,1.059137773e-07
0.007952504336,-0.2940142751,9.177941962e-08
0.007962504336,-0.233418867,7.728285567e-08
0.007972504336,-0.1719022691,6.248129125e-08
0.007982504336,-0.1097072288,4.743314364e-08
0.007992504336,-0.04707923904,3.219779998e-08
0.008002504336,0.01573455706,1.683538642e-08
0.008012504336,0.0784862563,1.406535666e-09
0.008022504336,0.1409282088,-1.402786509e-08
0.008032504336,0.2028139681,-2.940690358e-08
0.008042504336,0.2638993263,-4.466988202e-08
0.008052504336,0.3239431977,-5.975657302e-08
0.008062504336,0.3827086091,-7.460742779e-08
0.008072504336,0.4399636388,-8.916383365e-08
0.008082504336,0.4954823256,-1.033683574e-07
0.008092504336,0.5490455627,-1.171649302e-07
0.008102504336,0.6004419923,-1.304991031e-07
0.008112504336,0.6494687796,-1.433182462e-07
0.008122504336,0.6959323883,-1.555717972e-07
0.008132504336,0.739649415,-1.672113541e-07
0.008142504336,0.7804474235,-1.781910157e-07
0.008152504336,0.8181653619,-1.88467439e-07
0.008162504336,0.8526543975,-1.980000519e-07
0.008172504336,0.8837783933,-2.067512526e-07
0.008182504336,0.9114145041,-2.146865086e-07
0.008192504336,0.9354536533,-2.21774485e-07
0.008202504336,0.9558010101,-2.279872291e-07
0.008212504336,0.972376287,-2.333001987e-07
0.008222504336,0.985114038,-2.376924471e-07
0.008232504336,0.9939639568,-2.411466085e-07
0.008242504336,0.9988911748,-2.436491116e-07
0.008252504336,0.9998762012,-2.45190023e-07
0.008262504336,0.9969152212,-2.457632604e-07
0.008272504336,0.9900197983,-2.45366607e-07
0.008282504336,0.9792172909,-2.440015976e-07
0.008292504336,0.9645502567,-2.416736038e-07
0.008302504336,0.9460765123,-2.383918627e-07
0.008312504336,0.923869133,-2.341692777e-07
0.008322504336,0.8980156183,-2.290225467e-07
0.008332504336,0.8686180115,-2.229719627e-07
0.008342504336,0.8357924223,-2.160413999e-07
0.008352504336,0.7996683121,-2.082582284e-07
0.008362504336,0.7603882551,-1.996531438e-07
0.008372504336,0.7181073427,-1.902601383e-07
0.008382504336,0.6729923487,-1.801162455e-07
0.008392504336,0.6252213717,-1.692615257e-07
0.008402504336,0.5749829412,-1.577387962e-07
0.008412504336,0.5224753618,-1.455935603e-07
0.008422504336,0.46790573,-1.328737085e-07
0.008432504336,0.4114895165,-1.196294903e-07
0.008442504336,0.3534493446,-1.059131307e-07
0.008452504336,0.2940142751,-9.177878013e-08
0.008462504336,0.233418867,-7.728222329e-08
0.008472504336,0.1719022691,-6.248066597e-08
0.008482504336,0.1097072288,-4.743252902e-08
0.008492504336,0.04707923904,-3.219719602e-08
0.008502504336,-0.01573455706,-1.683479134e-08
0.008512504336,-0.0784862563,-1.405949468e-09
0.008522504336,-0.1409282088,1.402844241e-08
0.008532504336,-0.2028139681,2.940747201e-08
0.008542504336,-0.2638993263,4.467044334e-08
0.008552504336,-0.3239431977,5.975712014e-08
0.008562504336,-0.3827086091,7.46079678e-08
0.008572504336,-0.4399636388,8.916437366e-08
0.008582504336,-0.4954823256,1.033688832e-07
0.008592504336,-0.5490455627,1.171654489e-07
0.008602504336,-0.6004419923,1.304996147e-07
0.008612504336,-0.6494687796,1.433187578e-07
0.008622504336,-0.6959323883,1.555722804e-07
0.008632504336,-0.739649415,1.672118515e-07
0.008642504336,-0.7804474235,1.781914989e-07
0.008652504336,-0.8181653619,1.884679079e-07
0.008662504336,-0.8526543975,1.980005209e-07
0.008672504336,-0.8837783933,2.067517215e-07
0.008682504336,-0.9114145041,2.146869633e-07
0.008692504336,-0.9354536533,2.217749397e-07
0.008702504336,-0.9558010101,2.279876696e-07
0.008712504336,-0.972376287,2.333006393e-07
0.008722504336,-0.985114038,2.376928734e-07
0.008732504336,-0.9939639568,2.411470348e-07
0.008742504336,-0.9988911748,2.436495095e-07
0.008752504336,-0.9998762012,2.451904209e-07
0.008762504336,-0.9969152212,2.457636583e-07
0.008772504336,-0.9900197983,2.453670049e-07
0.008782504336,-0.9792172909,2.440019671e-07
0.008792504336,-0.9645502567,2.416740017e-07
0.008802504336,-0.9460765123,2.383922464e-07
0.008812504336,-0.923869133,2.341696614e-07
0.008822504336,-0.8980156183,2.290229162e-07
0.008832504336,-0.8686180115,2.229723179e-07
0.008842504336,-0.8357924223,2.160417552e-07
0.008852504336,-0.7996683121,2.082585837e-07
0.008862504336,-0.7603882551,1.996534991e-07
0.008872504336,-0.7181073427,1.902604794e-07
0.008882504336,-0.6729923487,1.801165865e-07
0.008892504336,-0.6252213717,1.692618525e-07
0.008902504336,-0.5749829412,1.577391231e-07
0.008912504336,-0.5224753618,1.45593873e-07
0.008922504336,-0.46790573,1.328740353e-07
0.008932504336,-0.4114895165,1.19629803e-07
0.008942504336,-0.3534493446,1.059134362e-07
0.008952504336,-0.2940142751,9.177908566e-08
0.008962504336,-0.233418867,7.728252172e-08
0.008972504336,-0.1719022691,6.24809644e-08
0.008982504336,-0.1097072288,4.743282034e-08
0.008992504336,-0.04707923904,3.219748024e-08
0.009002504336,0.01573455706,1.683507378e-08
0.009012504336,0.0784862563,1.40622658e-09
0.009022504336,0.1409282088,-1.402816974e-08
0.009032504336,0.2028139681,-2.940720201e-08
0.009042504336,0.2638993263,-4.467018044e-08
0.009052504336,0.3239431977,-5.975686435e-08
0.009062504336,0.3827086091,-7.460771201e-08
0.009072504336,0.4399636388,-8.916411787e-08
0.009082504336,0.4954823256,-1.033686345e-07
0.009092504336,0.5490455627,-1.171652002e-07
0.009102504336,0.6004419923,-1.304993731e-07
0.009112504336,0.6494687796,-1.433185162e-07
0.009122504336,0.6959323883,-1.55572053e-07
0.009132504336,0.739649415,-1.672116099e-07
0.009142504336,0.7804474235,-1.781912715e-07
0.009152504336,0.8181653619,-1.884676806e-07
0.009162504336,0.8526543975,-1.980003077e-07
0.009172504336,0.8837783933,-2.067515084e-07
0.009182504336,0.9114145041,-2.146867502e-07
0.009192504336,0.9354536533,-2.217747266e-07
0.009202504336,0.9558010101,-2.279874565e-07
0.009212504336,0.972376287,-2.333004261e-07
0.009222504336,0.985114038,-2.376926744e-07
0.009232504336,0.9939639568,-2.411468358e-07
0.009242504336,0.9988911748,-2.436493105e-07
0.009252504336,0.9998762012,-2.451902219e-07
0.009262504336,0.9969152212,-2.457634878e-07
0.009272504336,0.9900197983,-2.45366806e-07
0.009282504336,0.9792172909,-2.440017965e-07
0.009292504336,0.9645502567,-2.416738027e-07
0.009302504336,0.9460765123,-2.383920616e-07
0.009312504336,0.923869133,-2.341694767e-07
0.009322504336,0.8980156183,-2.290227314e-07
0.009332504336,0.8686180115,-2.229721474e-07
0.009342504336,0.8357924223,-2.160415846e-07
0.009352504336,0.7996683121,-2.082584132e-07
0.009362504336,0.7603882551,-1.996533285e-07
0.009372504336,0.7181073427,-1.902603088e-07
0.009382504336,0.6729923487,-1.801164302e-07
0.009392504336,0.6252213717,-1.692616962e-07
0.009402504336,0.5749829412,-1.577389668e-07
0.009412504336,0.5224753618,-1.455937308e-07
0.009422504336,0.46790573,-1.32873879e-07
0.009432504336,0.4114895165,-1.196296466e-07
0.009442504336,0.3534493446,-1.05913287e-07
0.009452504336,0.2940142751,-9.177894356e-08
0.009462504336,0.233418867,-7.728237961e-08
0.009472504336,0.1719022691,-6.248082229e-08
0.009482504336,0.1097072288,-4.743268178e-08
0.009492504336,0.04707923904,-3.219734523e-08
0.009502504336,-0.01573455706,-1.683494055e-08
0.009512504336,-0.0784862563,-1.406095573e-09
0.009522504336,-0.1409282088,1.402829852e-08
0.009532504336,-0.2028139681,2.94073299e-08
0.009542504336,-0.2638993263,4.467030479e-08
0.009552504336,-0.3239431977,5.975698514e-08
0.009562504336,-0.3827086091,7.46078328e-08
0.009572504336,-0.4399636388,8.916423866e-08
0.009582504336,-0.4954823256,1.033687553e-07
0.009592504336,-0.5490455627,1.171653139e-07
0.009602504336,-0.6004419923,1.304994868e-07
0.009612504336,-0.6494687796,1.433186299e-07
0.009622504336,-0.6959323883,1.555721667e-07
0.009632504336,-0.739649415,1.672117236e-07
0.009642504336,-0.7804474235,1.78191371e-07
0.009652504336,-0.8181653619,1.884677943e-07
0.009662504336,-0.8526543975,1.980004072e-07
0.009672504336,-0.8837783933,2.067516078e-07
0.009682504336,-0.9114145041,2.146868496e-07
0.009692504336,-0.9354536533,2.217748261e-07
0.009702504336,-0.9558010101,2.279875559e-07
0.009712504336,-0.972376287,2.333005256e-07
0.009722504336,-0.985114038,2.376927597e-07
0.009732504336,-0.9939639568,2.411469495e-07
0.009742504336,-0.9988911748,2.436494242e-07
0.009752504336,-0.9998762012,2.451903072e-07
0.009762504336,-0.9969152212,2.45763573e-07
0.009772504336,-0.9900197983,2.453668912e-07
0.009782504336,-0.9792172909,2.440018818e-07
0.009792504336,-0.9645502567,2.416739164e-07
0.009802504336,-0.9460765123,2.383921469e-07
0.009812504336,-0.923869133,2.34169562e-07
0.009822504336,-0.8980156183,2.290228167e-07
0.009832504336,-0.8686180115,2.229722327e-07
0.009842504336,-0.8357924223,2.160416699e-07
0.009852504336,-0.7996683121,2.082584842e-07
0.009862504336,-0.7603882551,1.996534138e-07
0.009872504336,-0.7181073427,1.902603941e-07
0.009882504336,-0.6729923487,1.801165013e-07
0.009892504336,-0.6252213717,1.692617673e-07
0.009902504336,-0.5749829412,1.57739052e-07
0.009912504336,-0.5224753618,1.455938019e-07
0.009922504336,-0.46790573,1.328739501e-07
0.009932504336,-0.4114895165,1.196297177e-07
0.009942504336,-0.3534493446,1.059133581e-07
0.009952504336,-0.2940142751,9.177900751e-08
0.009962504336,-0.233418867,7.728245066e-08
0.009972504336,-0.1719022691,6.248088624e-08
0.009982504336,-0.1097072288,4.743274573e-08
0.009992504336,-0.04707923904,3.219740918e-08
0.01000250434,0.01573455706,1.683500273e-08
0.01001250434,0.0784862563,1.406157524e-09
0.01002250434,0.1409282088,-1.402823813e-08
0.01003250434,0.2028139681,-2.940726951e-08
0.01004250434,0.2638993263,-4.467024439e-08
0.01005250434,0.3239431977,-5.975692829e-08
0.01006250434,0.3827086091,-7.460777596e-08
0.01007250434,0.4399636388,-8.916418182e-08
0.01008250434,0.4954823256,-1.033686985e-07
0.01009250434,0.5490455627,-1.171652642e-07
0.01010250434,0.6004419923,-1.304994299e-07
0.01011250434,0.6494687796,-1.43318573e-07
0.01012250434,0.6959323883,-1.555721099e-07
0.01013250434,0.739649415,-1.672116667e-07
0.01014250434,0.7804474235,-1.781913284e-07
0.01015250434,0.8181653619,-1.884677374e-07
0.01016250434,0.8526543975,-1.980003503e-07
0.01017250434,0.8837783933,-2.06751551e-07
0.01018250434,0.9114145041,-2.14686807e-07
0.01019250434,0.9354536533,-2.217747834e-07
0.01020250434,0.9558010101,-2.279875133e-07
0.01021250434,0.972376287,-2.333004829e-07
0.01022250434,0.985114038,-2.376927171e-07
0.01023250434,0.9939639568,-2.411468927e-07
0.01024250434,0.9988911748,-2.436493673e-07
0.01025250434,0.9998762012,-2.451902787e-07
0.01026250434,0.9969152212,-2.457635162e-07
0.01027250434,0.9900197983,-2.453668628e-07
0.01028250434,0.9792172909,-2.440018534e-07
0.01029250434,0.9645502567,-2.416738596e-07
0.01030250434,0.9460765123,-2.383921043e-07
0.01031250434,0.923869133,-2.341695193e-07
0.01032250434,0.8980156183,-2.290227741e-07
0.01033250434,0.8686180115,-2.2297219e-07
0.01034250434,0.8357924223,-2.160416273e-07
0.01035250434,0.7996683121,-2.082584558e-07
0.01036250434,0.7603882551,-1.996533712e-07
0.01037250434,0.7181073427,-1.902603515e-07
0.01038250434,0.6729923487,-1.801164586e-07
0.01039250434,0.6252213717,-1.692617388e-07
0.01040250434,0.5749829412,-1.577390094e-07
0.01041250434,0.5224753618,-1.455937593e-07
0.01042250434,0.46790573,-1.328739216e-07
0.01043250434,0.4114895165,-1.196296893e-07
0.01044250434,0.3534493446,-1.059133297e-07
0.01045250434,0.2940142751,-9.177897908e-08
0.01046250434,0.233418867,-7.728241513e-08
0.01047250434,0.1719022691,-6.248085782e-08
0.01048250434,0.1097072288,-4.743271731e-08
0.01049250434,0.04707923904,-3.219738076e-08
0.01050250434,-0.01573455706,-1.68349743e-08
0.01051250434,-0.0784862563,-1.406128214e-09
0.01052250434,-0.1409282088,1.402826655e-08
0.01053250434,-0.2028139681,2.940729793e-08
0.01054250434,-0.2638993263,4.467027281e-08
0.01055250434,-0.3239431977,5.975695672e-08
0.01056250434,-0.3827086091,7.460780438e-08
0.01057250434,-0.4399636388,8.916421024e-08
0.01058250434,-0.4954823256,1.033687198e-07
0.01059250434,-0.5490455627,1.171652855e-07
0.01060250434,-0.6004419923,1.304994584e-07
0.01061250434,-0.6494687796,1.433186014e-07
0.01062250434,-0.6959323883,1.555721383e-07
0.01063250434,-0.739649415,1.672116952e-07
0.01064250434,-0.7804474235,1.781913568e-07
0.01065250434,-0.8181653619,1.884677658e-07
0.01066250434,-0.8526543975,1.980003788e-07
0.01067250434,-0.8837783933,2.067515794e-07
0.01068250434,-0.9114145041,2.146868212e-07
0.01069250434,-0.9354536533,2.217747976e-07
0.01070250434,-0.9558010101,2.279875275e-07
0.01071250434,-0.972376287,2.333004971e-07
0.01072250434,-0.985114038,2.376927455e-07
0.01073250434,-0.9939639568,2.411469211e-07
0.01074250434,-0.9988911748,2.436493958e-07
0.01075250434,-0.9998762012,2.451903072e-07
0.01076250434,-0.9969152212,2.457635446e-07
0.01077250434,-0.9900197983,2.453668912e-07
0.01078250434,-0.9792172909,2.440018534e-07
0.01079250434,-0.9645502567,2.41673888e-07
0.01080250434,-0.9460765123,2.383921185e-07
0.01081250434,-0.923869133,2.341695478e-07
0.01082250434,-0.8980156183,2.290228025e-07
0.01083250434,-0.8686180115,2.229722043e-07
0.01084250434,-0.8357924223,2.160416415e-07
0.01085250434,-0.7996683121,2.0825847e-07
0.01086250434,-0.7603882551,1.996533854e-07
0.01087250434,-0.7181073427,1.902603657e-07
0.01088250434,-0.6729923487,1.801164871e-07
0.01089250434,-0.6252213717,1.692617531e-07
0.01090250434,-0.5749829412,1.577390236e-07
0.01091250434,-0.5224753618,1.455937735e-07
0.01092250434,-0.46790573,1.328739359e-07
0.01093250434,-0.4114895165,1.196297035e-07
0.01094250434,-0.3534493446,1.059133439e-07
0.01095250434,-0.2940142751,9.177899329e-08
0.01096250434,-0.233418867,7.728242934e-08
0.01097250434,-0.1719022691,6.248087203e-08
0.01098250434,-0.1097072288,4.743273152e-08
0.01099250434,-0.04707923904,3.219739497e-08
0.01100250434,0.01573455706,1.683498851e-08
0.01101250434,0.0784862563,1.406142092e-09
0.01102250434,0.1409282088,-1.402825323e-08
0.01103250434,0.2028139681,-2.94072855e-08
0.01104250434,0.2638993263,-4.46702586e-08
0.01105250434,0.3239431977,-5.975694251e-08
0.01106250434,0.3827086091,-7.460779017e-08
0.01107250434,0.4399636388,-8.916419603e-08
0.01108250434,0.4954823256,-1.033687127e-07
0.01109250434,0.5490455627,-1.171652784e-07
0.01110250434,0.6004419923,-1.304994441e-07
0.01111250434,0.6494687796,-1.433185872e-07
0.01112250434,0.6959323883,-1.555721241e-07
0.01113250434,0.739649415,-1.672116809e-07
0.01114250434,0.7804474235,-1.781913426e-07
0.01115250434,0.8181653619,-1.884677516e-07
0.01116250434,0.8526543975,-1.980003645e-07
0.01117250434,0.8837783933,-2.067515652e-07
0.01118250434,0.9114145041,-2.146868212e-07
0.01119250434,0.9354536533,-2.217747976e-07
0.01120250434,0.9558010101,-2.279875275e-07
0.01121250434,0.972376287,-2.333004971e-07
0.01122250434,0.985114038,-2.376927313e-07
0.01123250434,0.9939639568,-2.411468927e-07
0.01124250434,0.9988911748,-2.436493673e-07
0.01125250434,0.9998762012,-2.451902787e-07
0.01126250434,0.9969152212,-2.457635446e-07
0.01127250434,0.9900197983,-2.453668628e-07
0.01128250434,0.9792172909,-2.440018534e-07
0.01129250434,0.9645502567,-2.416738596e-07
0.01130250434,0.9460765123,-2.383921185e-07
0.01131250434,0.923869133,-2.341695335e-07
0.01132250434,0.8980156183,-2.290227883e-07
0.01133250434,0.8686180115,-2.229722043e-07
0.01134250434,0.8357924223,-2.160416415e-07
0.01135250434,0.7996683121,-2.082584558e-07
0.01136250434,0.7603882551,-1.996533854e-07
0.01137250434,0.7181073427,-1.902603657e-07
0.01138250434,0.6729923487,-1.801164728e-07
0.01139250434,0.6252213717,-1.692617531e-07
0.01140250434,0.5749829412,-1.577390236e-07
0.01141250434,0.5224753618,-1.455937735e-07
0.01142250434,0.46790573,-1.328739216e-07
0.01143250434,0.4114895165,-1.196296893e-07
0.01144250434,0.3534493446,-1.059133368e-07
0.01145250434,0.2940142751,-9.177898619e-08
0.01146250434,0.233418867,-7.728242224e-08
0.01147250434,0.1719022691,-6.248086493e-08
0.01148250434,0.1097072288,-4.743272441e-08
0.01149250434,0.04707923904,-3.219738787e-08
0.01150250434,-0.01573455706,-1.683498141e-08
0.01151250434,-0.0784862563,-1.406135541e-09
0.01152250434,-0.1409282088,1.402825944e-08
0.01153250434,-0.2028139681,2.940729082e-08
0.01154250434,-0.2638993263,4.467026571e-08
0.01155250434,-0.3239431977,5.975694961e-08
0.01156250434,-0.3827086091,7.460779727e-08
0.01157250434,-0.4399636388,8.916420313e-08
0.01158250434,-0.4954823256,1.033687127e-07
0.01159250434,-0.5490455627,1.171652784e-07
0.01160250434,-0.6004419923,1.304994441e-07
0.01161250434,-0.6494687796,1.433186014e-07
0.01162250434,-0.6959323883,1.555721241e-07
0.01163250434,-0.739649415,1.672116952e-07
0.01164250434,-0.7804474235,1.781913426e-07
0.01165250434,-0.8181653619,1.884677516e-07
0.01166250434,-0.8526543975,1.980003788e-07
0.01167250434,-0.8837783933,2.067515794e-07
0.01168250434,-0.9114145041,2.146868212e-07
0.01169250434,-0.9354536533,2.217747976e-07
0.01170250434,-0.9558010101,2.279875275e-07
0.01171250434,-0.972376287,2.333004971e-07
0.01172250434,-0.985114038,2.376927313e-07
0.01173250434,-0.9939639568,2.411469211e-07
0.01174250434,-0.9988911748,2.436493958e-07
0.01175250434,-0.9998762012,2.451902787e-07
0.01176250434,-0.9969152212,2.457635446e-07
0.01177250434,-0.9900197983,2.453668628e-07
0.01178250434,-0.9792172909,2.440018534e-07
0.01179250434,-0.9645502567,2.41673888e-07
0.01180250434,-0.9460765123,2.383921185e-07
0.01181250434,-0.923869133,2.341695335e-07
0.01182250434,-0.8980156183,2.290227883e-07
0.01183250434,-0.8686180115,2.229722043e-07
0.01184250434,-0.8357924223,2.160416415e-07
0.01185250434,-0.7996683121,2.0825847e-07
0.01186250434,-0.7603882551,1.996533854e-07
0.01187250434,-0.7181073427,1.902603657e-07
0.01188250434,-0.6729923487,1.801164728e-07
0.01189250434,-0.6252213717,1.692617531e-07
0.01190250434,-0.5749829412,1.577390236e-07
0.01191250434,-0.5224753618,1.455937735e-07
0.01192250434,-0.46790573,1.328739359e-07
0.01193250434,-0.4114895165,1.196297035e-07
0.01194250434,-0.3534493446,1.059133368e-07
0.01195250434,-0.2940142751,9.177898619e-08
0.01196250434,-0.233418867,7.728242934e-08
0.01197250434,-0.1719022691,6.248087203e-08
0.01198250434,-0.1097072288,4.743272797e-08
0.01199250434,-0.04707923904,3.219739142e-08
0.01200250434,0.01573455706,1.683498496e-08
0.01201250434,0.0784862563,1.40613865e-09
0.01202250434,0.1409282088,-1.402825678e-08
0.01203250434,0.2028139681,-2.940728905e-08
0.01204250434,0.2638993263,-4.467026216e-08
0.01205250434,0.3239431977,-5.975694251e-08
0.01206250434,0.3827086091,-7.460779017e-08
0.01207250434,0.4399636388,-8.916419603e-08
0.01208250434,0.4954823256,-1.033687127e-07
0.01209250434,0.5490455627,-1.171652784e-07
0.01210250434,0.6004419923,-1.304994441e-07
0.01211250434,0.6494687796,-1.433185872e-07
0.01212250434,0.6959323883,-1.555721241e-07
0.01213250434,0.739649415,-1.672116952e-07
0.01214250434,0.7804474235,-1.781913426e-07
0.01215250434,0.8181653619,-1.884677516e-07
0.01216250434,0.8526543975,-1.980003788e-07
0.01217250434,0.8837783933,-2.067515652e-07
0.01218250434,0.9114145041,-2.146868212e-07
0.01219250434,0.9354536533,-2.217747976e-07
0.01220250434,0.9558010101,-2.279875275e-07
0.01221250434,0.972376287,-2.333004971e-07
0.01222250434,0.985114038,-2.376927313e-07
0.01223250434,0.9939639568,-2.411468927e-07
0.01224250434,0.9988911748,-2.436493958e-07
0.01225250434,0.9998762012,-2.451902787e-07
0.01226250434,0.9969152212,-2.457635446e-07
0.01227250434,0.9900197983,-2.453668628e-07
0.01228250434,0.9792172909,-2.440018534e-07
0.01229250434,0.9645502567,-2.41673888e-07
0.01230250434,0.9460765123,-2.383921185e-07
0.01231250434,0.923869133,-2.341695335e-07
0.01232250434,0.8980156183,-2.290227883e-07
0.01233250434,0.8686180115,-2.229722043e-07
0.01234250434,0.8357924223,-2.160416415e-07
0.01235250434,0.7996683121,-2.0825847e-07
0.01236250434,0.7603882551,-1.996533854e-07
0.01237250434,0.7181073427,-1.902603657e-07
0.01238250434,0.6729923487,-1.801164728e-07
0.01239250434,0.6252213717,-1.692617531e-07
0.01240250434,0.5749829412,-1.577390236e-07
0.01241250434,0.5224753618,-1.455937735e-07
0.01242250434,0.46790573,-1.328739359e-07
0.01243250434,0.4114895165,-1.196296893e-07
0.01244250434,0.3534493446,-1.059133368e-07
0.01245250434,0.2940142751,-9.177898619e-08
0.01246250434,0.233418867,-7.728242934e-08
0.01247250434,0.1719022691,-6.248086493e-08
0.01248250434,0.1097072288,-4.743272441e-08
0.01249250434,0.04707923904,-3.219738787e-08
0.01250250434,-0.01573455706,-1.683498319e-08
0.01251250434,-0.0784862563,-1.406137207e-09
0.01252250434,-0.1409282088,1.402825767e-08
0.01253250434,-0.2028139681,2.940728905e-08
0.01254250434,-0.2638993263,4.467026571e-08
0.01255250434,-0.3239431977,5.975694251e-08
0.01256250434,-0.3827086091,7.460779727e-08
0.01257250434,-0.4399636388,8.916419603e-08
0.01258250434,-0.4954823256,1.033687127e-07
0.01259250434,-0.5490455627,1.171652784e-07
0.01260250434,-0.6004419923,1.304994441e-07
0.01261250434,-0.6494687796,1.433186014e-07
0.01262250434,-0.6959323883,1.555721241e-07
0.01263250434,-0.739649415,1.672116952e-07
0.01264250434,-0.7804474235,1.781913426e-07
0.01265250434,-0.8181653619,1.884677516e-07
0.01266250434,-0.8526543975,1.980003788e-07
0.01267250434,-0.8837783933,2.067515794e-07
0.01268250434,-0.9114145041,2.146868212e-07
0.01269250434,-0.9354536533,2.217747976e-07
0.01270250434,-0.9558010101,2.279875275e-07
0.01271250434,-0.972376287,2.333004971e-07
0.01272250434,-0.985114038,2.376927313e-07
0.01273250434,-0.9939639568,2.411469211e-07
0.01274250434,-0.9988911748,2.436493958e-07
0.01275250434,-0.9998762012,2.451902787e-07
0.01276250434,-0.9969152212,2.457635446e-07
0.01277250434,-0.9900197983,2.453668628e-07
0.01278250434,-0.9792172909,2.440018534e-07
0.01279250434,-0.9645502567,2.41673888e-07
0.01280250434,-0.9460765123,2.383921185e-07
0.01281250434,-0.923869133,2.341695335e-07
0.01282250434,-0.8980156183,2.290227883e-07
0.01283250434,-0.8686180115,2.229722043e-07
0.01284250434,-0.8357924223,2.160416415e-07
0.01285250434,-0.7996683121,2.0825847e-07
0.01286250434,-0.7603882551,1.996533854e-07
0.01287250434,-0.7181073427,1.902603657e-07
0.01288250434,-0.6729923487,1.801164728e-07
0.01289250434,-0.6252213717,1.692617531e-07
0.01290250434,-0.5749829412,1.577390236e-07
0.01291250434,-0.5224753618,1.455937735e-07
0.01292250434,-0.46790573,1.328739359e-07
0.01293250434,-0.4114895165,1.196296893e-07
0.01294250434,-0.3534493446,1.059133368e-07
0.01295250434,-0.2940142751,9.177898619e-08
0.01296250434,-0.233418867,7.728242934e-08
0.01297250434,-0.1719022691,6.248086493e-08
0.01298250434,-0.1097072288,4.743272797e-08
0.01299250434,-0.04707923904,3.219738787e-08
0.01300250434,0.01573455706,1.683498319e-08
0.01301250434,0.0784862563,1.406137873e-09
0.01302250434,0.1409282088,-1.402825678e-08
0.01303250434,0.2028139681,-2.940728905e-08
0.01304250434,0.2638993263,-4.467026216e-08
0.01305250434,0.3239431977,-5.975694251e-08
0.01306250434,0.3827086091,-7.460779017e-08
0.01307250434,0.4399636388,-8.916419603e-08
0.01308250434,0.4954823256,-1.033687127e-07
0.01309250434,0.5490455627,-1.171652784e-07
0.01310250434,0.6004419923,-1.304994441e-07
0.01311250434,0.6494687796,-1.433185872e-07
0.01312250434,0.6959323883,-1.555721241e-07
0.01313250434,0.739649415,-1.672116952e-07
0.01314250434,0.7804474235,-1.781913426e-07
0.01315250434,0.8181653619,-1.884677516e-07
0.01316250434,0.8526543975,-1.980003788e-07
0.01317250434,0.8837783933,-2.067515794e-07
0.01318250434,0.9114145041,-2.146868212e-07
0.01319250434,0.9354536533,-2.217747976e-07
0.01320250434,0.9558010101,-2.279875275e-07
0.01321250434,0.972376287,-2.333004971e-07
0.01322250434,0.985114038,-2.376927313e-07
0.01323250434,0.9939639568,-2.411468927e-07
0.01324250434,0.9988911748,-2.436493958e-07
0.01325250434,0.9998762012,-2.451902787e-07
0.01326250434,0.9969152212,-2.457635446e-07
0.01327250434,0.9900197983,-2.453668628e-07
0.01328250434,0.9792172909,-2.440018534e-07
0.01329250434,0.9645502567,-2.41673888e-07
0.01330250434,0.9460765123,-2.383921185e-07
0.01331250434,0.923869133,-2.341695335e-07
0.01332250434,0.8980156183,-2.290227883e-07
0.01333250434,0.8686180115,-2.229722043e-07
0.01334250434,0.8357924223,-2.160416415e-07
0.01335250434,0.7996683121,-2.0825847e-07
0.01336250434,0.7603882551,-1.996533854e-07
0.01337250434,0.7181073427,-1.902603657e-07
0.01338250434,0.6729923487,-1.801164728e-07
0.01339250434,0.6252213717,-1.692617531e-07
0.01340250434,0.5749829412,-1.577390236e-07
0.01341250434,0.5224753618,-1.455937735e-07
0.01342250434,0.46790573,-1.328739359e-07
0.01343250434,0.4114895165,-1.196296893e-07
0.01344250434,0.3534493446,-1.059133368e-07
0.01345250434,0.2940142751,-9.177898619e-08
0.01346250434,0.233418867,-7.728242934e-08
0.01347250434,0.1719022691,-6.248086493e-08
0.01348250434,0.1097072288,-4.743272441e-08
0.01349250434,0.04707923904,-3.219738787e-08
0.01350250434,-0.01573455706,-1.683498319e-08
0.01351250434,-0.0784862563,-1.40613754e-09
0.01352250434,-0.1409282088,1.402825767e-08
0.01353250434,-0.2028139681,2.940728905e-08
0.01354250434,-0.2638993263,4.467026571e-08
0.01355250434,-0.3239431977,5.975694251e-08
0.01356250434,-0.3827086091,7.460779727e-08
0.01357250434,-0.4399636388,8.916419603e-08
0.01358250434,-0.4954823256,1.033687127e-07
0.01359250434,-0.5490455627,1.171652784e-07
0.01360250434,-0.6004419923,1.304994441e-07
0.01361250434,-0.6494687796,1.433186014e-07
0.01362250434,-0.6959323883,1.555721241e-07
0.01363250434,-0.739649415,1.672116952e-07
0.01364250434,-0.7804474235,1.781913426e-07
0.01365250434,-0.8181653619,1.884677516e-07
0.01366250434,-0.8526543975,1.980003788e-07
0.01367250434,-0.8837783933,2.067515794e-07
0.01368250434,-0.9114145041,2.146868212e-07
0.01369250434,-0.9354536533,2.217747976e-07
0.01370250434,-0.9558010101,2.279875275e-07
0.01371250434,-0.972376287,2.333004971e-07
0.01372250434,-0.985114038,2.376927313e-07
0.01373250434,-0.9939639568,2.411469211e-07
0.01374250434,-0.9988911748,2.436493958e-07
0.01375250434,-0.9998762012,2.451902787e-07
0.01376250434,-0.9969152212,2.457635446e-07
0.01377250434,-0.9900197983,2.453668628e-07
0.01378250434,-0.9792172909,2.440018534e-07
0.01379250434,-0.9645502567,2.41673888e-07
0.01380250434,-0.9460765123,2.383921185e-07
0.01381250434,-0.923869133,2.341695335e-07
0.01382250434,-0.8980156183,2.290227883e-07
0.01383250434,-0.8686180115,2.229722043e-07
0.01384250434,-0.8357924223,2.160416415e-07
0.01385250434,-0.7996683121,2.0825847e-07
0.01386250434,-0.7603882551,1.996533854e-07
0.01387250434,-0.7181073427,1.902603657e-07
0.01388250434,-0.6729923487,1.801164728e-07
0.01389250434,-0.6252213717,1.692617531e-07
0.01390250434,-0.5749829412,1.577390236e-07
0.01391250434,-0.5224753618,1.455937735e-07
0.01392250434,-0.46790573,1.328739359e-07
0.01393250434,-0.4114895165,1.196296893e-07
0.01394250434,-0.3534493446,1.059133368e-07
0.01395250434,-0.2940142751,9.177898619e-08
0.01396250434,-0.233418867,7.728242934e-08
0.01397250434,-0.1719022691,6.248086493e-08
0.01398250434,-0.1097072288,4.743272441e-08
0.01399250434,-0.04707923904,3.219738787e-08
0.01400250434,0.01573455706,1.683498319e-08
0.01401250434,0.0784862563,1.406137651e-09
0.01402250434,0.1409282088,-1.402825767e-08
0.01403250434,0.2028139681,-2.940728905e-08
0.01404250434,0.2638993263,-4.467026216e-08
0.01405250434,0.3239431977,-5.975694251e-08
0.01406250434,0.3827086091,-7.460779017e-08
0.01407250434,0.4399636388,-8.916419603e-08
0.01408250434,0.4954823256,-1.033687127e-07
0.01409250434,0.5490455627,-1.171652784e-07
0.01410250434,0.6004419923,-1.304994441e-07
0.01411250434,0.6494687796,-1.433186014e-07
0.01412250434,0.6959323883,-1.555721241e-07
0.01413250434,0.739649415,-1.672116952e-07
0.01414250434,0.7804474235,-1.781913426e-07
0.01415250434,0.8181653619,-1.884677516e-07
0.01416250434,0.8526543975,-1.980003788e-07
0.01417250434,0.8837783933,-2.067515794e-07
0.01418250434,0.9114145041,-2.146868212e-07
0.01419250434,0.9354536533,-2.217747976e-07
0.01420250434,0.9558010101,-2.279875275e-07
0.01421250434,0.972376287,-2.333004971e-07
0.01422250434,0.985114038,-2.376927313e-07
0.01423250434,0.9939639568,-2.411469211e-07
0.01424250434,0.9988911748,-2.436493958e-07
0.01425250434,0.9998762012,-2.451902787e-07
0.01426250434,0.9969152212,-2.457635446e-07
0.01427250434,0.9900197983,-2.453668628e-07
0.01428250434,0.9792172909,-2.440018534e-07
0.01429250434,0.9645502567,-2.41673888e-07
0.01430250434,0.9460765123,-2.383921185e-07
0.01431250434,0.923869133,-2.341695335e-07
0.01432250434,0.8980156183,-2.290227883e-07
0.01433250434,0.8686180115,-2.229722043e-07
0.01434250434,0.8357924223,-2.160416415e-07
0.01435250434,0.7996683121,-2.0825847e-07
0.01436250434,0.7603882551,-1.996533854e-07
0.01437250434,0.7181073427,-1.902603657e-07
0.01438250434,0.6729923487,-1.801164728e-07
0.01439250434,0.6252213717,-1.692617531e-07
0.01440250434,0.5749829412,-1.577390236e-07
0.01441250434,0.5224753618,-1.455937735e-07
0.01442250434,0.46790573,-1.328739359e-07
0.01443250434,0.4114895165,-1.196296893e-07
0.01444250434,0.3534493446,-1.059133368e-07
0.01445250434,0.2940142751,-9.177898619e-08
0.01446250434,0.233418867,-7.728242934e-08
0.01447250434,0.1719022691,-6.248086493e-08
0.01448250434,0.1097072288,-4.743272441e-08
0.01449250434,0.04707923904,-3.219738787e-08
0.01450250434,-0.01573455706,-1.683498319e-08
0.01451250434,-0.0784862563,-1.406137651e-09
0.01452250434,-0.1409282088,1.402825767e-08
0.01453250434,-0.2028139681,2.940728905e-08
0.01454250434,-0.2638993263,4.467026216e-08
0.01455250434,-0.3239431977,5.975694251e-08
0.01456250434,-0.3827086091,7.460779727e-08
0.01457250434,-0.4399636388,8.916419603e-08
0.01458250434,-0.4954823256,1.033687127e-07
0.01459250434,-0.5490455627,1.171652784e-07
0.01460250434,-0.6004419923,1.304994441e-07
0.01461250434,-0.6494687796,1.433186014e-07
0.01462250434,-0.6959323883,1.555721241e-07
0.01463250434,-0.739649415,1.672116952e-07
0.01464250434,-0.7804474235,1.781913426e-07
0.01465250434,-0.8181653619,1.884677516e-07
0.01466250434,-0.8526543975,1.980003788e-07
0.01467250434,-0.8837783933,2.067515794e-07
0.01468250434,-0.9114145041,2.146868212e-07
0.01469250434,-0.9354536533,2.217747976e-07
0.01470250434,-0.9558010101,2.279875275e-07
0.01471250434,-0.972376287,2.333004971e-07
0.01472250434,-0.985114038,2.376927313e-07
0.01473250434,-0.9939639568,2.411469211e-07
0.01474250434,-0.9988911748,2.436493958e-07
0.01475250434,-0.9998762012,2.451902787e-07
0.01476250434,-0.9969152212,2.457635446e-07
0.01477250434,-0.9900197983,2.453668628e-07
0.01478250434,-0.9792172909,2.440018534e-07
0.01479250434,-0.9645502567,2.41673888e-07
0.01480250434,-0.9460765123,2.383921185e-07
0.01481250434,-0.923869133,2.341695335e-07
0.01482250434,-0.8980156183,2.290227883e-07
0.01483250434,-0.8686180115,2.229722043e-07
0.01484250434,-0.8357924223,2.160416415e-07
0.01485250434,-0.7996683121,2.0825847e-07
0.01486250434,-0.7603882551,1.996533854e-07
0.01487250434,-0.7181073427,1.902603657e-07
0.01488250434,-0.6729923487,1.801164728e-07
0.01489250434,-0.6252213717,1.692617531e-07
0.01490250434,-0.5749829412,1.577390236e-07
0.01491250434,-0.5224753618,1.455937735e-07
0.01492250434,-0.46790573,1.328739359e-07
0.01493250434,-0.4114895165,1.196296893e-07
0.01494250434,-0.3534493446,1.059133368e-07
0.01495250434,-0.2940142751,9.177898619e-08
0.01496250434,-0.233418867,7.728242934e-08
0.01497250434,-0.1719022691,6.248086493e-08
0.01498250434,-0.1097072288,4.743272441e-08
0.01499250434,-0.04707923904,3.219738787e-08
0.01500250434,0.01573455706,1.683498319e-08
0.01501250434,0.0784862563,1.406137651e-09
0.01502250434,0.1409282088,-1.402825767e-08
0.01503250434,0.2028139681,-2.940728905e-08
0.01504250434,0.2638993263,-4.467026216e-08
0.01505250434,0.3239431977,-5.975694251e-08
0.01506250434,0.3827086091,-7.460779017e-08
0.01507250434,0.4399636388,-8.916419603e-08
0.01508250434,0.4954823256,-1.033687127e-07
0.01509250434,0.5490455627,-1.171652784e-07
0.01510250434,0.6004419923,-1.304994441e-07
0.01511250434,0.6494687796,-1.433186014e-07
0.01512250434,0.6959323883,-1.555721241e-07
0.01513250434,0.739649415,-1.672116952e-07
0.01514250434,0.7804474235,-1.781913426e-07
0.01515250434,0.8181653619,-1.884677516e-07
0.01516250434,0.8526543975,-1.980003788e-07
0.01517250434,0.8837783933,-2.067515794e-07
0.01518250434,0.9114145041,-2.146868212e-07
0.01519250434,0.9354536533,-2.217747976e-07
0.01520250434,0.9558010101,-2.279875275e-07
0.01521250434,0.972376287,-2.333004971e-07
0.01522250434,0.985114038,-2.376927313e-07
0.01523250434,0.9939639568,-2.411469211e-07
0.01524250434,0.9988911748,-2.436493958e-07
0.01525250434,0.9998762012,-2.451902787e-07
0.01526250434,0.9969152212,-2.457635446e-07
0.01527250434,0.9900197983,-2.453668628e-07
0.01528250434,0.9792172909,-2.440018534e-07
0.01529250434,0.9645502567,-2.41673888e-07
0.01530250434,0.9460765123,-2.383921185e-07
0.01531250434,0.923869133,-2.341695335e-07
0.01532250434,0.8980156183,-2.290227883e-07
0.01533250434,0.8686180115,-2.229722043e-07
0.01534250434,0.8357924223,-2.160416415e-07
0.01535250434,0.7996683121,-2.0825847e-07
0.01536250434,0.7603882551,-1.996533854e-07
0.01537250434,0.7181073427,-1.902603657e-07
0.01538250434,0.6729923487,-1.801164728e-07
0.01539250434,0.6252213717,-1.692617531e-07
0.01540250434,0.5749829412,-1.577390236e-07
0.01541250434,0.5224753618,-1.455937735e-07
0.01542250434,0.46790573,-1.328739359e-07
0.01543250434,0.4114895165,-1.196296893e-07
0.01544250434,0.3534493446,-1.059133368e-07
0.01545250434,0.2940142751,-9.177898619e-08
0.01546250434,0.233418867,-7.728242934e-08
0.01547250434,0.1719022691,-6.248086493e-08
0.01548250434,0.1097072288,-4.743272441e-08
0.01549250434,0.04707923904,-3.219738787e-08
0.01550250434,-0.01573455706,-1.683498319e-08
0.01551250434,-0.0784862563,-1.406137651e-09
0.01552250434,-0.1409282088,1.402825767e-08
0.01553250434,-0.2028139681,2.940728905e-08
0.01554250434,-0.2638993263,4.467026216e-08
0.01555250434,-0.3239431977,5.975694251e-08
0.01556250434,-0.3827086091,7.460779727e-08
0.01557250434,-0.4399636388,8.916419603e-08
0.01558250434,-0.4954823256,1.033687127e-07
0.01559250434,-0.5490455627,1.171652784e-07
0.01560250434,-0.6004419923,1.304994441e-07
0.01561250434,-0.6494687796,1.433186014e-07
0.01562250434,-0.6959323883,1.555721241e-07
0.01563250434,-0.739649415,1.672116952e-07
0.01564250434,-0.7804474235,1.781913426e-07
0.01565250434,-0.8181653619,1.884677516e-07
0.01566250434,-0.8526543975,1.980003788e-07
0.01567250434,-0.8837783933,2.067515794e-07
0.01568250434,-0.9114145041,2.146868212e-07
0.01569250434,-0.9354536533,2.217747976e-07
0.01570250434,-0.9558010101,2.279875275e-07
0.01571250434,-0.972376287,2.333004971e-07
0.01572250434,-0.985114038,2.376927313e-07
0.01573250434,-0.9939639568,2.411469211e-07
0.01574250434,-0.9988911748,2.436493958e-07
0.01575250434,-0.9998762012,2.451902787e-07
0.01576250434,-0.9969152212,2.457635446e-07
0.01577250434,-0.9900197983,2.453668628e-07
0.01578250434,-0.9792172909,2.440018534e-07
0.01579250434,-0.9645502567,2.41673888e-07
0.01580250434,-0.9460765123,2.383921185e-07
0.01581250434,-0.923869133,2.341695335e-07
0.01582250434,-0.8980156183,2.290227883e-07
0.01583250434,-0.8686180115,2.229722043e-07
0.01584250434,-0.8357924223,2.160416415e-07
0.01585250434,-0.7996683121,2.0825847e-07
0.01586250434,-0.7603882551,1.996533854e-07
0.01587250434,-0.7181073427,1.902603657e-07
0.01588250434,-0.6729923487,1.801164728e-07
0.01589250434,-0.6252213717,1.692617531e-07
0.01590250434,-0.5749829412,1.577390236e-07
0.01591250434,-0.5224753618,1.455937735e-07
0.01592250434,-0.46790573,1.328739359e-07
0.01593250434,-0.4114895165,1.196296893e-07
0.01594250434,-0.3534493446,1.059133368e-07
0.01595250434,-0.2940142751,9.177898619e-08
0.01596250434,-0.233418867,7.728242934e-08
0.01597250434,-0.1719022691,6.248086493e-08
0.01598250434,-0.1097072288,4.743272441e-08
0.01599250434,-0.04707923904,3.219738787e-08
0.01600250434,0.01573455706,1.683498319e-08
0.01601250434,0.0784862563,1.406137651e-09
0.01602250434,0.1409282088,-1.402825767e-08
0.01603250434,0.2028139681,-2.940728905e-08
0.01604250434,0.2638993263,-4.467026216e-08
0.01605250434,0.3239431977,-5.975694251e-08
0.01606250434,0.3827086091,-7.460779017e-08
0.01607250434,0.4399636388,-8.916419603e-08
0.01608250434,0.4954823256,-1.033687127e-07
0.01609250434,0.5490455627,-1.171652784e-07
0.01610250434,0.6004419923,-1.304994441e-07
0.01611250434,0.6494687796,-1.433186014e-07
0.01612250434,0.6959323883,-1.555721241e-07
0.01613250434,0.739649415,-1.672116952e-07
0.01614250434,0.7804474235,-1.781913426e-07
0.01615250434,0.8181653619,-1.884677516e-07
0.01616250434,0.8526543975,-1.980003788e-07
0.01617250434,0.8837783933,-2.067515794e-07
0.01618250434,0.9114145041,-2.146868212e-07
0.01619250434,0.9354536533,-2.217747976e-07
0.01620250434,0.9558010101,-2.279875275e-07
0.01621250434,0.972376287,-2.333004971e-07
0.01622250434,0.985114038,-2.376927313e-07
0.01623250434,0.9939639568,-2.411469211e-07
0.01624250434,0.9988911748,-2.436493958e-07
0.01625250434,0.9998762012,-2.451902787e-07
0.01626250434,0.9969152212,-2.457635446e-07
0.01627250434,0.9900197983,-2.453668628e-07
0.01628250434,0.9792172909,-2.440018534e-07
0.01629250434,0.9645502567,-2.41673888e-07
0.01630250434,0.9460765123,-2.383921185e-07
0.01631250434,0.923869133,-2.341695335e-07
0.01632250434,0.8980156183,-2.290227883e-07
0.01633250434,0.8686180115,-2.229722043e-07
0.01634250434,0.8357924223,-2.160416415e-07
0.01635250434,0.7996683121,-2.0825847e-07
0.01636250434,0.7603882551,-1.996533854e-07
0.01637250434,0.7181073427,-1.902603657e-07
0.01638250434,0.6729923487,-1.801164728e-07
0.01639250434,0.6252213717,-1.692617531e-07
0.01640250434,0.5749829412,-1.577390236e-07
0.01641250434,0.5224753618,-1.455937735e-07
0.01642250434,0.46790573,-1.328739359e-07
0.01643250434,0.4114895165,-1.196296893e-07
0.01644250434,0.3534493446,-1.059133368e-07
0.01645250434,0.2940142751,-9.177898619e-08
0.01646250434,0.233418867,-7.728242934e-08
0.01647250434,0.1719022691,-6.248086493e-08
0.01648250434,0.1097072288,-4.743272441e-08
0.01649250434,0.04707923904,-3.219738787e-08
0.01650250434,-0.01573455706,-1.683498319e-08
0.01651250434,-0.0784862563,-1.406137651e-09
0.01652250434,-0.1409282088,1.402825767e-08
0.01653250434,-0.2028139681,2.940728905e-08
0.01654250434,-0.2638993263,4.467026216e-08
0.01655250434,-0.3239431977,5.975694251e-08
0.01656250434,-0.3827086091,7.460779017e-08
0.01657250434,-0.4399636388,8.916419603e-08
0.01658250434,-0.4954823256,1.033687127e-07
0.01659250434,-0.5490455627,1.171652784e-07
0.01660250434,-0.6004419923,1.304994441e-07
0.01661250434,-0.6494687796,1.433186014e-07
0.01662250434,-0.6959323883,1.555721241e-07
0.01663250434,-0.739649415,1.672116952e-07
0.01664250434,-0.7804474235,1.781913426e-07
0.01665250434,-0.8181653619,1.884677516e-07
0.01666250434,-0.8526543975,1.980003788e-07
0.01667250434,-0.8837783933,2.067515794e-07
0.01668250434,-0.9114145041,2.146868212e-07
0.01669250434,-0.9354536533,2.217747976e-07
0.01670250434,-0.9558010101,2.279875275e-07
0.01671250434,-0.972376287,2.333004971e-07
0.01672250434,-0.985114038,2.376927313e-07
0.01673250434,-0.9939639568,2.411469211e-07
0.01674250434,-0.9988911748,2.436493958e-07
0.01675250434,-0.9998762012,2.451902787e-07
0.01676250434,-0.9969152212,2.457635446e-07
0.01677250434,-0.9900197983,2.453668628e-07
0.01678250434,-0.9792172909,2.440018534e-07
0.01679250434,-0.9645502567,2.41673888e-07
0.01680250434,-0.9460765123,2.383921185e-07
0.01681250434,-0.923869133,2.341695335e-07
0.01682250434,-0.8980156183,2.290227883e-07
0.01683250434,-0.8686180115,2.229722043e-07
0.01684250434,-0.8357924223,2.160416415e-07
0.01685250434,-0.7996683121,2.0825847e-07
0.01686250434,-0.7603882551,1.996533854e-07
0.01687250434,-0.7181073427,1.902603657e-07
0.01688250434,-0.6729923487,1.801164728e-07
0.01689250434,-0.6252213717,1.692617531e-07
0.01690250434,-0.5749829412,1.577390236e-07
0.01691250434,-0.5224753618,1.455937735e-07
0.01692250434,-0.46790573,1.328739359e-07
0.01693250434,-0.4114895165,1.196296893e-07
0.01694250434,-0.3534493446,1.059133368e-07
0.01695250434,-0.2940142751,9.177898619e-08
0.01696250434,-0.233418867,7.728242934e-08
0.01697250434,-0.1719022691,6.248086493e-08
0.01698250434,-0.1097072288,4.743272441e-08
0.01699250434,-0.04707923904,3.219738787e-08
0.01700250434,0.01573455706,1.683498319e-08
0.01701250434,0.0784862563,1.406137651e-09
0.01702250434,0.1409282088,-1.402825767e-08
0.01703250434,0.2028139681,-2.940728905e-08
0.01704250434,0.2638993263,-4.467026216e-08
0.01705250434,0.3239431977,-5.975694251e-08
0.01706250434,0.3827086091,-7.460779017e-08
0.01707250434,0.4399636388,-8.916419603e-08
0.01708250434,0.4954823256,-1.033687127e-07
0.01709250434,0.5490455627,-1.171652784e-07
0.01710250434,0.6004419923,-1.304994441e-07
0.01711250434,0.6494687796,-1.433186014e-07
0.01712250434,0.6959323883,-1.555721241e-07
0.01713250434,0.739649415,-1.672116952e-07
0.01714250434,0.7804474235,-1.781913426e-07
0.01715250434,0.8181653619,-1.884677516e-07
0.01716250434,0.8526543975,-1.980003788e-07
0.01717250434,0.8837783933,-2.067515794e-07
0.01718250434,0.9114145041,-2.146868212e-07
0.01719250434,0.9354536533,-2.217747976e-07
0.01720250434,0.9558010101,-2.279875275e-07
0.01721250434,0.972376287,-2.333004971e-07
0.01722250434,0.985114038,-2.376927313e-07
0.01723250434,0.9939639568,-2.411469211e-07
0.01724250434,0.9988911748,-2.436493958e-07
0.01725250434,0.9998762012,-2.451902787e-07
0.01726250434,0.9969152212,-2.457635446e-07
0.01727250434,0.9900197983,-2.453668628e-07
0.01728250434,0.9792172909,-2.440018534e-07
0.01729250434,0.9645502567,-2.41673888e-07
0.01730250434,0.9460765123,-2.383921185e-07
0.01731250434,0.923869133,-2.341695335e-07
0.01732250434,0.8980156183,-2.290227883e-07
0.01733250434,0.8686180115,-2.229722043e-07
0.01734250434,0.8357924223,-2.160416415e-07
0.01735250434,0.7996683121,-2.0825847e-07
0.01736250434,0.7603882551,-1.996533854e-07
0.01737250434,0.7181073427,-1.902603657e-07
0.01738250434,0.6729923487,-1.801164728e-07
0.01739250434,0.6252213717,-1.692617531e-07
0.01740250434,0.5749829412,-1.577390236e-07
0.01741250434,0.5224753618,-1.455937735e-07
0.01742250434,0.46790573,-1.328739359e-07
0.01743250434,0.4114895165,-1.196296893e-07
0.01744250434,0.3534493446,-1.059133368e-07
0.01745250434,0.2940142751,-9.177898619e-08
0.01746250434,0.233418867,-7.728242934e-08
0.01747250434,0.1719022691,-6.248086493e-08
0.01748250434,0.1097072288,-4.743272441e-08
0.01749250434,0.04707923904,-3.219738787e-08
0.01750250434,-0.01573455706,-1.683498319e-08
0.01751250434,-0.0784862563,-1.406137651e-09
0.01752250434,-0.1409282088,1.402825767e-08
0.01753250434,-0.2028139681,2.940728905e-08
0.01754250434,-0.2638993263,4.467026216e-08
0.01755250434,-0.3239431977,5.975694251e-08
0.01756250434,-0.3827086091,7.460779017e-08
0.01757250434,-0.4399636388,8.916419603e-08
0.01758250434,-0.4954823256,1.033687127e-07
0.01759250434,-0.5490455627,1.171652784e-07
0.01760250434,-0.6004419923,1.304994441e-07
0.01761250434,-0.6494687796,1.433186014e-07
0.01762250434,-0.6959323883,1.555721241e-07
0.01763250434,-0.739649415,1.672116952e-07
0.01764250434,-0.7804474235,1.781913426e-07
0.01765250434,-0.8181653619,1.884677516e-07
0.01766250434,-0.8526543975,1.980003788e-07
0.01767250434,-0.8837783933,2.067515794e-07
0.01768250434,-0.9114145041,2.146868212e-07
0.01769250434,-0.9354536533,2.217747976e-07
0.01770250434,-0.9558010101,2.279875275e-07
0.01771250434,-0.972376287,2.333004971e-07
0.01772250434,-0.985114038,2.376927313e-07
0.01773250434,-0.9939639568,2.411469211e-07
0.01774250434,-0.9988911748,2.436493958e-07
0.01775250434,-0.9998762012,2.451902787e-07
0.01776250434,-0.9969152212,2.457635446e-07
0.01777250434,-0.9900197983,2.453668628e-07
0.01778250434,-0.9792172909,2.440018534e-07
0.01779250434,-0.9645502567,2.41673888e-07
0.01780250434,-0.9460765123,2.383921185e-07
0.01781250434,-0.923869133,2.341695335e-07
0.01782250434,-0.8980156183,2.290227883e-07
0.01783250434,-0.8686180115,2.229722043e-07
0.01784250434,-0.8357924223,2.160416415e-07
0.01785250434,-0.7996683121,2.0825847e-07
0.01786250434,-0.7603882551,1.996533854e-07
0.01787250434,-0.7181073427,1.902603657e-07
0.01788250434,-0.6729923487,1.801164728e-07
0.01789250434,-0.6252213717,1.692617531e-07
0.01790250434,-0.5749829412,1.577390236e-07
0.01791250434,-0.5224753618,1.455937735e-07
0.01792250434,-0.46790573,1.328739359e-07
0.01793250434,-0.4114895165,1.196296893e-07
0.01794250434,-0.3534493446,1.059133368e-07
0.01795250434,-0.2940142751,9.177898619e-08
0.01796250434,-0.233418867,7.728242934e-08
0.01797250434,-0.1719022691,6.248086493e-08
0.01798250434,-0.1097072288,4.743272441e-08
0.01799250434,-0.04707923904,3.219738787e-08
0.01800250434,0.01573455706,1.683498319e-08
0.01801250434,0.0784862563,1.406137651e-09
0.01802250434,0.1409282088,-1.402825767e-08
0.01803250434,0.2028139681,-2.940728905e-08
0.01804250434,0.2638993263,-4.467026216e-08
0.01805250434,0.3239431977,-5.975694251e-08
0.01806250434,0.3827086091,-7.460779017e-08
0.01807250434,0.4399636388,-8.916419603e-08
0.01808250434,0.4954823256,-1.033687127e-07
0.01809250434,0.5490455627,-1.171652784e-07
0.01810250434,0.6004419923,-1.304994441e-07
0.01811250434,0.6494687796,-1.433186014e-07
0.01812250434,0.6959323883,-1.555721241e-07
0.01813250434,0.739649415,-1.672116952e-07
0.01814250434,0.7804474235,-1.781913426e-07
0.01815250434,0.8181653619,-1.884677516e-07
0.01816250434,0.8526543975,-1.980003788e-07
0.01817250434,0.8837783933,-2.067515794e-07
0.01818250434,0.9114145041,-2.146868212e-07
0.01819250434,0.9354536533,-2.217747976e-07
0.01820250434,0.9558010101,-2.279875275e-07
0.01821250434,0.972376287,-2.333004971e-07
0.01822250434,0.985114038,-2.376927313e-07
0.01823250434,0.9939639568,-2.411469211e-07
0.01824250434,0.9988911748,-2.436493958e-07
0.01825250434,0.9998762012,-2.451902787e-07
0.01826250434,0.9969152212,-2.457635446e-07
0.01827250434,0.9900197983,-2.453668628e-07
0.01828250434,0.9792172909,-2.440018534e-07
0.01829250434,0.9645502567,-2.41673888e-07
0.01830250434,0.9460765123,-2.383921185e-07
0.01831250434,0.923869133,-2.341695335e-07
0.01832250434,0.8980156183,-2.290227883e-07
0.01833250434,0.8686180115,-2.229722043e-07
0.01834250434,0.8357924223,-2.160416415e-07
0.01835250434,0.7996683121,-2.0825847e-07
0.01836250434,0.7603882551,-1.996533854e-07
0.01837250434,0.7181073427,-1.902603657e-07
0.01838250434,0.6729923487,-1.801164728e-07
0.01839250434,0.6252213717,-1.692617531e-07
0.01840250434,0.5749829412,-1.577390236e-07
0.01841250434,0.5224753618,-1.455937735e-07
0.01842250434,0.46790573,-1.328739359e-07
0.01843250434,0.4114895165,-1.196296893e-07
0.01844250434,0.3534493446,-1.059133368e-07
0.01845250434,0.2940142751,-9.177898619e-08
0.01846250434,0.233418867,-7.728242934e-08
0.01847250434,0.1719022691,-6.248086493e-08
0.01848250434,0.1097072288,-4.743272441e-08
0.01849250434,0.04707923904,-3.219738787e-08
0.01850250434,-0.01573455706,-1.683498319e-08
0.01851250434,-0.0784862563,-1.406137651e-09
0.01852250434,-0.1409282088,1.402825767e-08
0.01853250434,-0.2028139681,2.940728905e-08
0.01854250434,-0.2638993263,4.467026216e-08
0.01855250434,-0.3239431977,5.975694251e-08
0.01856250434,-0.3827086091,7.460779017e-08
0.01857250434,-0.4399636388,8.916419603e-08
0.01858250434,-0.4954823256,1.033687127e-07
0.01859250434,-0.5490455627,1.171652784e-07
0.01860250434,-0.6004419923,1.304994441e-07
0.01861250434,-0.6494687796,1.433186014e-07
0.01862250434,-0.6959323883,1.555721241e-07
0.01863250434,-0.739649415,1.672116952e-07
0.01864250434,-0.7804474235,1.781913426e-07
0.01865250434,-0.8181653619,1.884677516e-07
0.01866250434,-0.8526543975,1.980003788e-07
0.01867250434,-0.8837783933,2.067515794e-07
0.01868250434,-0.9114145041,2.146868212e-07
0.01869250434,-0.9354536533,2.217747976e-07
0.01870250434,-0.9558010101,2.279875275e-07
0.01871250434,-0.972376287,2.333004971e-07
0.01872250434,-0.985114038,2.376927313e-07
0.01873250434,-0.9939639568,2.411469211e-07
0.01874250434,-0.9988911748,2.436493958e-07
0.01875250434,-0.9998762012,2.451902787e-07
0.01876250434,-0.9969152212,2.457635446e-07
0.01877250434,-0.9900197983,2.453668628e-07
0.01878250434,-0.9792172909,2.440018534e-07
0.01879250434,-0.9645502567,2.41673888e-07
0.01880250434,-0.9460765123,2.383921185e-07
0.01881250434,-0.923869133,2.341695335e-07
0.01882250434,-0.8980156183,2.290227883e-07
0.01883250434,-0.8686180115,2.229722043e-07
0.01884250434,-0.8357924223,2.160416415e-07
0.01885250434,-0.7996683121,2.0825847e-07
0.01886250434,-0.7603882551,1.996533854e-07
0.01887250434,-0.7181073427,1.902603657e-07
0.01888250434,-0.6729923487,1.801164728e-07
0.01889250434,-0.6252213717,1.692617531e-07
0.01890250434,-0.5749829412,1.577390236e-07
0.01891250434,-0.5224753618,1.455937735e-07
0.01892250434,-0.46790573,1.328739359e-07
0.01893250434,-0.4114895165,1.196296893e-07
0.01894250434,-0.3534493446,1.059133368e-07
0.01895250434,-0.2940142751,9.177898619e-08
0.01896250434,-0.233418867,7.728242934e-08
0.01897250434,-0.1719022691,6.248086493e-08
0.01898250434,-0.1097072288,4.743272441e-08
0.01899250434,-0.04707923904,3.219738787e-08
0.01900250434,0.01573455706,1.683498319e-08
0.01901250434,0.0784862563,1.406137651e-09
0.01902250434,0.1409282088,-1.402825767e-08
0.01903250434,0.2028139681,-2.940728905e-08
0.01904250434,0.2638993263,-4.467026216e-08
0.01905250434,0.3239431977,-5.975694251e-08
0.01906250434,0.3827086091,-7.460779017e-08
0.01907250434,0.4399636388,-8.916419603e-08
0.01908250434,0.4954823256,-1.033687127e-07
0.01909250434,0.5490455627,-1.171652784e-07
0.01910250434,0.6004419923,-1.304994441e-07
0.01911250434,0.6494687796,-1.433186014e-07
0.01912250434,0.6959323883,-1.555721241e-07
0.01913250434,0.739649415,-1.672116952e-07
0.01914250434,0.7804474235,-1.781913426e-07
0.01915250434,0.8181653619,-1.884677516e-07
0.01916250434,0.8526543975,-1.980003788e-07
0.01917250434,0.8837783933,-2.067515794e-07
0.01918250434,0.9114145041,-2.146868212e-07
0.01919250434,0.9354536533,-2.217747976e-07
0.01920250434,0.9558010101,-2.279875275e-07
0.01921250434,0.972376287,-2.333004971e-07
0.01922250434,0.985114038,-2.376927313e-07
0.01923250434,0.9939639568,-2.411469211e-07
0.01924250434,0.9988911748,-2.436493958e-07
0.01925250434,0.9998762012,-2.451902787e-07
0.01926250434,0.9969152212,-2.457635446e-07
0.01927250434,0.9900197983,-2.453668628e-07
0.01928250434,0.9792172909,-2.440018534e-07
0.01929250434,0.9645502567,-2.41673888e-07
0.01930250434,0.9460765123,-2.383921185e-07
0.01931250434,0.923869133,-2.341695335e-07
0.01932250434,0.8980156183,-2.290227883e-07
0.01933250434,0.8686180115,-2.229722043e-07
0.01934250434,0.8357924223,-2.160416415e-07
0.01935250434,0.7996683121,-2.0825847e-07
0.01936250434,0.7603882551,-1.996533854e-07
0.01937250434,0.7181073427,-1.902603657e-07
0.01938250434,0.6729923487,-1.801164728e-07
0.01939250434,0.6252213717,-1.692617531e-07
0.01940250434,0.5749829412,-1.577390236e-07
0.01941250434,0.5224753618,-1.455937735e-07
0.01942250434,0.46790573,-1.328739359e-07
0.01943250434,0.4114895165,-1.196296893e-07
0.01944250434,0.3534493446,-1.059133368e-07
0.01945250434,0.2940142751,-9.177898619e-08
0.01946250434,0.233418867,-7.728242934e-08
0.01947250434,0.1719022691,-6.248086493e-08
0.01948250434,0.1097072288,-4.743272441e-08
0.01949250434,0.04707923904,-3.219738787e-08
0.01950250434,-0.01573455706,-1.683498319e-08
0.01951250434,-0.0784862563,-1.406137651e-09
0.01952250434,-0.1409282088,1.402825767e-08
0.01953250434,-0.2028139681,2.940728905e-08
0.01954250434,-0.2638993263,4.467026216e-08
0.01955250434,-0.3239431977,5.975694251e-08
0.01956250434,-0.3827086091,7.460779017e-08
0.01957250434,-0.4399636388,8.916419603e-08
0.01958250434,-0.4954823256,1.033687127e-07
0.01959250434,-0.5490455627,1.171652784e-07
0.01960250434,-0.6004419923,1.304994441e-07
0.01961250434,-0.6494687796,1.433186014e-07
0.01962250434,-0.6959323883,1.555721241e-07
0.01963250434,-0.739649415,1.672116952e-07
0.01964250434,-0.7804474235,1.781913426e-07
0.01965250434,-0.8181653619,1.884677516e-07
0.01966250434,-0.8526543975,1.980003788e-07
0.01967250434,-0.8837783933,2.067515794e-07
0.01968250434,-0.9114145041,2.146868212e-07
0.01969250434,-0.9354536533,2.217747976e-07
0.01970250434,-0.9558010101,2.279875275e-07
0.01971250434,-0.972376287,2.333004971e-07
0.01972250434,-0.985114038,2.376927313e-07
0.01973250434,-0.9939639568,2.411469211e-07
0.01974250434,-0.9988911748,2.436493958e-07
0.01975250434,-0.9998762012,2.451902787e-07
0.01976250434,-0.9969152212,2.457635446e-07
0.01977250434,-0.9900197983,2.453668628e-07
0.01978250434,-0.9792172909,2.440018534e-07
0.01979250434,-0.9645502567,2.41673888e-07
0.01980250434,-0.9460765123,2.383921185e-07
0.01981250434,-0.923869133,2.341695335e-07
0.01982250434,-0.8980156183,2.290227883e-07
0.01983250434,-0.8686180115,2.229722043e-07
0.01984250434,-0.8357924223,2.160416415e-07
0.01985250434,-0.7996683121,2.0825847e-07
0.01986250434,-0.7603882551,1.996533854e-07
0.01987250434,-0.7181073427,1.902603657e-07
0.01988250434,-0.6729923487,1.801164728e-07
0.01989250434,-0.6252213717,1.692617531e-07
0.01990250434,-0.5749829412,1.577390236e-07
0.01991250434,-0.5224753618,1.455937735e-07
0.01992250434,-0.46790573,1.328739359e-07
0.01993250434,-0.4114895165,1.196296893e-07
0.01994250434,-0.3534493446,1.059133368e-07
0.01995250434,-0.2940142751,9.177898619e-08
0.01996250434,-0.233418867,7.728242934e-08
0.01997250434,-0.1719022691,6.248086493e-08
0.01998250434,-0.1097072288,4.743272441e-08
0.01999250434,-0.04707923904,3.219738787e-08
0.02000250434,0.01573455706,1.683498319e-08
0.02001250434,0.0784862563,1.406137651e-09
0.02002250434,0.1409282088,-1.402825767e-08
0.02003250434,0.2028139681,-2.940728905e-08
0.02004250434,0.2638993263,-4.467026216e-08
0.02005250434,0.3239431977,-5.975694251e-08
0.02006250434,0.3827086091,-7.460779017e-08
0.02007250434,0.4399636388,-8.916419603e-08
0.02008250434,0.4954823256,-1.033687127e-07
0.02009250434,0.5490455627,-1.171652784e-07
0.02010250434,0.6004419923,-1.304994441e-07
0.02011250434,0.6494687796,-1.433186014e-07
0.02012250434,0.6959323883,-1.555721241e-07
0.02013250434,0.739649415,-1.672116952e-07
0.02014250434,0.7804474235,-1.781913426e-07
0.02015250434,0.8181653619,-1.884677516e-07
0.02016250434,0.8526543975,-1.980003788e-07
0.02017250434,0.8837783933,-2.067515794e-07
0.02018250434,0.9114145041,-2.146868212e-07
0.02019250434,0.9354536533,-2.217747976e-07
0.02020250434,0.9558010101,-2.279875275e-07
0.02021250434,0.972376287,-2.333004971e-07
0.02022250434,0.985114038,-2.376927313e-07
0.02023250434,0.9939639568,-2.411469211e-07
0.02024250434,0.9988911748,-2.436493958e-07
0.02025250434,0.9998762012,-2.451902787e-07
0.02026250434,0.9969152212,-2.457635446e-07
0.02027250434,0.9900197983,-2.453668628e-07
0.02028250434,0.9792172909,-2.440018534e-07
0.02029250434,0.9645502567,-2.41673888e-07
0.02030250434,0.9460765123,-2.383921185e-07
0.02031250434,0.923869133,-2.341695335e-07
0.02032250434,0.8980156183,-2.290227883e-07
0.02033250434,0.8686180115,-2.229722043e-07
0.02034250434,0.8357924223,-2.160416415e-07
0.02035250434,0.7996683121,-2.0825847e-07
0.02036250434,0.7603882551,-1.996533854e-07
0.02037250434,0.7181073427,-1.902603657e-07
0.02038250434,0.6729923487,-1.801164728e-07
0.02039250434,0.6252213717,-1.692617531e-07
0.02040250434,0.5749829412,-1.577390236e-07
0.02041250434,0.5224753618,-1.455937735e-07
0.02042250434,0.46790573,-1.328739359e-07
0.02043250434,0.4114895165,-1.196296893e-07
0.02044250434,0.3534493446,-1.059133368e-07
0.02045250434,0.2940142751,-9.177898619e-08
0.02046250434,0.233418867,-7.728242934e-08
0.02047250434,0.1719022691,-6.248086493e-08
0.02048250434,0.1097072288,-4.743272441e-08
0.02049250434,0.04707923904,-3.219738787e-08
0.02050250434,-0.01573455706,-1.683498319e-08
0.02051250434,-0.0784862563,-1.406137651e-09
0.02052250434,-0.1409282088,1.402825767e-08
0.02053250434,-0.2028139681,2.940728905e-08
0.02054250434,-0.2638993263,4.467026216e-08
0.02055250434,-0.3239431977,5.975694251e-08
0.02056250434,-0.3827086091,7.460779017e-08
0.02057250434,-0.4399636388,8.916419603e-08
0.02058250434,-0.4954823256,1.033687127e-07
0.02059250434,-0.5490455627,1.171652784e-07
0.02060250434,-0.6004419923,1.304994441e-07
0.02061250434,-0.6494687796,1.433186014e-07
0.02062250434,-0.6959323883,1.555721241e-07
0.02063250434,-0.739649415,1.672116952e-07
0.02064250434,-0.7804474235,1.781913426e-07
0.02065250434,-0.8181653619,1.884677516e-07
0.02066250434,-0.8526543975,1.980003788e-07
0.02067250434,-0.8837783933,2.067515794e-07
0.02068250434,-0.9114145041,2.146868212e-07
0.02069250434,-0.9354536533,2.217747976e-07
0.02070250434,-0.9558010101,2.279875275e-07
0.02071250434,-0.972376287,2.333004971e-07
0.02072250434,-0.985114038,2.376927313e-07
0.02073250434,-0.9939639568,2.411469211e-07
0.02074250434,-0.9988911748,2.436493958e-07
0.02075250434,-0.9998762012,2.451902787e-07
0.02076250434,-0.9969152212,2.457635446e-07
0.02077250434,-0.9900197983,2.453668628e-07
0.02078250434,-0.9792172909,2.440018534e-07
0.02079250434,-0.9645502567,2.41673888e-07
0.02080250434,-0.9460765123,2.383921185e-07
0.02081250434,-0.923869133,2.341695335e-07
0.02082250434,-0.8980156183,2.290227883e-07
0.02083250434,-0.8686180115,2.229722043e-07
0.02084250434,-0.8357924223,2.160416415e-07
0.02085250434,-0.7996683121,2.0825847e-07
0.02086250434,-0.7603882551,1.996533854e-07
0.02087250434,-0.7181073427,1.902603657e-07
0.02088250434,-0.6729923487,1.801164728e-07
0.02089250434,-0.6252213717,1.692617531e-07
0.02090250434,-0.5749829412,1.577390236e-07
0.02091250434,-0.5224753618,1.455937735e-07
0.02092250434,-0.46790573,1.328739359e-07
0.02093250434,-0.4114895165,1.196296893e-07
0.02094250434,-0.3534493446,1.059133368e-07
0.02095250434,-0.2940142751,9.177898619e-08
0.02096250434,-0.233418867,7.728242934e-08
0.02097250434,-0.1719022691,6.248086493e-08
0.02098250434,-0.1097072288,4.743272441e-08
0.02099250434,-0.04707923904,3.219738787e-08
0.02100250434,0.01573455706,1.683498319e-08
0.02101250434,0.0784862563,1.406137651e-09
0.02102250434,0.1409282088,-1.402825767e-08
0.02103250434,0.2028139681,-2.940728905e-08
0.02104250434,0.2638993263,-4.467026216e-08
0.02105250434,0.3239431977,-5.975694251e-08
0.02106250434,0.3827086091,-7.460779017e-08
0.02107250434,0.4399636388,-8.916419603e-08
0.02108250434,0.4954823256,-1.033687127e-07
0.02109250434,0.5490455627,-1.171652784e-07
0.02110250434,0.6004419923,-1.304994441e-07
0.02111250434,0.6494687796,-1.433186014e-07
0.02112250434,0.6959323883,-1.555721241e-07
0.02113250434,0.739649415,-1.672116952e-07
0.02114250434,0.7804474235,-1.781913426e-07
0.02115250434,0.8181653619,-1.884677516e-07
0.02116250434,0.8526543975,-1.980003788e-07
0.02117250434,0.8837783933,-2.067515794e-07
0.02118250434,0.9114145041,-2.146868212e-07
0.02119250434,0.9354536533,-2.217747976e-07
0.02120250434,0.9558010101,-2.279875275e-07
0.02121250434,0.972376287,-2.333004971e-07
0.02122250434,0.985114038,-2.376927313e-07
0.02123250434,0.9939639568,-2.411469211e-07
0.02124250434,0.9988911748,-2.436493958e-07
0.02125250434,0.9998762012,-2.451902787e-07
0.02126250434,0.9969152212,-2.457635446e-07
0.02127250434,0.9900197983,-2.453668628e-07
0.02128250434,0.9792172909,-2.440018534e-07
0.02129250434,0.9645502567,-2.41673888e-07
0.02130250434,0.9460765123,-2.383921185e-07
0.02131250434,0.923869133,-2.341695335e-07
0.02132250434,0.8980156183,-2.290227883e-07
0.02133250434,0.8686180115,-2.229722043e-07
0.02134250434,0.8357924223,-2.160416415e-07
0.02135250434,0.7996683121,-2.0825847e-07
0.02136250434,0.7603882551,-1.996533854e-07
0.02137250434,0.7181073427,-1.902603657e-07
0.02138250434,0.6729923487,-1.801164728e-07
0.02139250434,0.6252213717,-1.692617531e-07
0.02140250434,0.5749829412,-1.577390236e-07
0.02141250434,0.5224753618,-1.455937735e-07
0.02142250434,0.46790573,-1.328739359e-07
0.02143250434,0.4114895165,-1.196296893e-07
0.02144250434,0.3534493446,-1.059133368e-07
0.02145250434,0.2940142751,-9.177898619e-08
0.02146250434,0.233418867,-7.728242934e-08
0.02147250434,0.1719022691,-6.248086493e-08
0.02148250434,0.1097072288,-4.743272441e-08
0.02149250434,0.04707923904,-3.219738787e-08
0.02150250434,-0.01573455706,-1.683498319e-08
0.02151250434,-0.0784862563,-1.406137651e-09
0.02152250434,-0.1409282088,1.402825767e-08
0.02153250434,-0.2028139681,2.940728905e-08
0.02154250434,-0.2638993263,4.467026216e-08
0.02155250434,-0.3239431977,5.975694251e-08
0.02156250434,-0.3827086091,7.460779017e-08
0.02157250434,-0.4399636388,8.916419603e-08
0.02158250434,-0.4954823256,1.033687127e-07
0.02159250434,-0.5490455627,1.171652784e-07
0.02160250434,-0.6004419923,1.304994441e-07
0.02161250434,-0.6494687796,1.433186014e-07
0.02162250434,-0.6959323883,1.555721241e-07
0.02163250434,-0.739649415,1.672116952e-07
0.02164250434,-0.7804474235,1.781913426e-07
0.02165250434,-0.8181653619,1.884677516e-07
0.02166250434,-0.8526543975,1.980003788e-07
0.02167250434,-0.8837783933,2.067515794e-07
0.02168250434,-0.9114145041,2.146868212e-07
0.02169250434,-0.9354536533,2.217747976e-07
0.02170250434,-0.9558010101,2.279875275e-07
0.02171250434,-0.972376287,2.333004971e-07
0.02172250434,-0.985114038,2.376927313e-07
0.02173250434,-0.9939639568,2.411469211e-07
0.02174250434,-0.9988911748,2.436493958e-07
0.02175250434,-0.9998762012,2.451902787e-07
0.02176250434,-0.9969152212,2.457635446e-07
0.02177250434,-0.9900197983,2.453668628e-07
0.02178250434,-0.9792172909,2.440018534e-07
0.02179250434,-0.9645502567,2.41673888e-07
0.02180250434,-0.9460765123,2.383921185e-07
0.02181250434,-0.923869133,2.341695335e-07
0.02182250434,-0.8980156183,2.290227883e-07
0.02183250434,-0.8686180115,2.229722043e-07
0.02184250434,-0.8357924223,2.160416415e-07
0.02185250434,-0.7996683121,2.0825847e-07
0.02186250434,-0.7603882551,1.996533854e-07
0.02187250434,-0.7181073427,1.902603657e-07
0.02188250434,-0.6729923487,1.801164728e-07
0.02189250434,-0.6252213717,1.692617531e-07
0.02190250434,-0.5749829412,1.577390236e-07
0.02191250434,-0.5224753618,1.455937735e-07
0.02192250434,-0.46790573,1.328739359e-07
0.02193250434,-0.4114895165,1.196296893e-07
0.02194250434,-0.3534493446,1.059133368e-07
0.02195250434,-0.2940142751,9.177898619e-08
0.02196250434,-0.233418867,7.728242934e-08
0.02197250434,-0.1719022691,6.248086493e-08
0.02198250434,-0.1097072288,4.743272441e-08
0.02199250434,-0.04707923904,3.219738787e-08
0.02200250434,0.01573455706,1.683498319e-08
0.02201250434,0.0784862563,1.406137651e-09
0.02202250434,0.1409282088,-1.402825767e-08
0.02203250434,0.2028139681,-2.940728905e-08
0.02204250434,0.2638993263,-4.467026216e-08
0.02205250434,0.3239431977,-5.975694251e-08
0.02206250434,0.3827086091,-7.460779017e-08
0.02207250434,0.4399636388,-8.916419603e-08
0.02208250434,0.4954823256,-1.033687127e-07
0.02209250434,0.5490455627,-1.171652784e-07
0.02210250434,0.6004419923,-1.304994441e-07
0.02211250434,0.6494687796,-1.433186014e-07
0.02212250434,0.6959323883,-1.555721241e-07
0.02213250434,0.739649415,-1.672116952e-07
0.02214250434,0.7804474235,-1.781913426e-07
0.02215250434,0.8181653619,-1.884677516e-07
0.02216250434,0.8526543975,-1.980003788e-07
0.02217250434,0.8837783933,-2.067515794e-07
0.02218250434,0.9114145041,-2.146868212e-07
0.02219250434,0.9354536533,-2.217747976e-07
0.02220250434,0.9558010101,-2.279875275e-07
0.02221250434,0.972376287,-2.333004971e-07
0.02222250434,0.985114038,-2.376927313e-07
0.02223250434,0.9939639568,-2.411469211e-07
0.02224250434,0.9988911748,-2.436493958e-07
0.02225250434,0.9998762012,-2.451902787e-07
0.02226250434,0.9969152212,-2.457635446e-07
0.02227250434,0.9900197983,-2.453668628e-07
0.02228250434,0.9792172909,-2.440018534e-07
0.02229250434,0.9645502567,-2.41673888e-07
0.02230250434,0.9460765123,-2.383921185e-07
0.02231250434,0.923869133,-2.341695335e-07
0.02232250434,0.8980156183,-2.290227883e-07
0.02233250434,0.8686180115,-2.229722043e-07
0.02234250434,0.8357924223,-2.160416415e-07
0.02235250434,0.7996683121,-2.0825847e-07
0.02236250434,0.7603882551,-1.996533854e-07
0.02237250434,0.7181073427,-1.902603657e-07
0.02238250434,0.6729923487,-1.801164728e-07
0.02239250434,0.6252213717,-1.692617531e-07
0.02240250434,0.5749829412,-1.577390236e-07
0.02241250434,0.5224753618,-1.455937735e-07
0.02242250434,0.46790573,-1.328739359e-07
0.02243250434,0.4114895165,-1.196296893e-07
0.02244250434,0.3534493446,-1.059133368e-07
0.02245250434,0.2940142751,-9.177898619e-08
0.02246250434,0.233418867,-7.728242934e-08
0.02247250434,0.1719022691,-6.248086493e-08
0.02248250434,0.1097072288,-4.743272441e-08
0.02249250434,0.04707923904,-3.219738787e-08
0.02250250434,-0.01573455706,-1.683498319e-08
0.02251250434,-0.0784862563,-1.406137651e-09
0.02252250434,-0.1409282088,1.402825767e-08
0.02253250434,-0.2028139681,2.940728905e-08
0.02254250434,-0.2638993263,4.467026216e-08
0.02255250434,-0.3239431977,5.975694251e-08
0.02256250434,-0.3827086091,7.460779017e-08
0.02257250434,-0.4399636388,8.916419603e-08
0.02258250434,-0.4954823256,1.033687127e-07
0.02259250434,-0.5490455627,1.171652784e-07
0.02260250434,-0.6004419923,1.304994441e-07
0.02261250434,-0.6494687796,1.433186014e-07
0.02262250434,-0.6959323883,1.555721241e-07
0.02263250434,-0.739649415,1.672116952e-07
0.02264250434,-0.7804474235,1.781913426e-07
0.02265250434,-0.8181653619,1.884677516e-07
0.02266250434,-0.8526543975,1.980003788e-07
0.02267250434,-0.8837783933,2.067515794e-07
0.02268250434,-0.9114145041,2.146868212e-07
0.02269250434,-0.9354536533,2.217747976e-07
0.02270250434,-0.9558010101,2.279875275e-07
0.02271250434,-0.972376287,2.333004971e-07
0.02272250434,-0.985114038,2.376927313e-07
0.02273250434,-0.9939639568,2.411469211e-07
0.02274250434,-0.9988911748,2.436493958e-07
0.02275250434,-0.9998762012,2.451902787e-07
0.02276250434,-0.9969152212,2.457635446e-07
0.02277250434,-0.9900197983,2.453668628e-07
0.02278250434,-0.9792172909,2.440018534e-07
0.02279250434,-0.9645502567,2.41673888e-07
0.02280250434,-0.9460765123,2.383921185e-07
0.02281250434,-0.923869133,2.341695335e-07
0.02282250434,-0.8980156183,2.290227883e-07
0.02283250434,-0.8686180115,2.229722043e-07
0.02284250434,-0.8357924223,2.160416415e-07
0.02285250434,-0.7996683121,2.0825847e-07
0.02286250434,-0.7603882551,1.996533854e-07
0.02287250434,-0.7181073427,1.902603657e-07
0.02288250434,-0.6729923487,1.801164728e-07
0.02289250434,-0.6252213717,1.692617531e-07
0.02290250434,-0.5749829412,1.577390236e-07
0.02291250434,-0.5224753618,1.455937735e-07
0.02292250434,-0.46790573,1.328739359e-07
0.02293250434,-0.4114895165,1.196296893e-07
0.02294250434,-0.3534493446,1.059133368e-07
0.02295250434,-0.2940142751,9.177898619e-08
0.02296250434,-0.233418867,7.728242934e-08
0.02297250434,-0.1719022691,6.248086493e-08
0.02298250434,-0.1097072288,4.743272441e-08
0.02299250434,-0.04707923904,3.219738787e-08
0.02300250434,0.01573455706,1.683498319e-08
0.02301250434,0.0784862563,1.406137651e-09
0.02302250434,0.1409282088,-1.402825767e-08
0.02303250434,0.2028139681,-2.940728905e-08
0.02304250434,0.2638993263,-4.467026216e-08
0.02305250434,0.3239431977,-5.975694251e-08
0.02306250434,0.3827086091,-7.460779017e-08
0.02307250434,0.4399636388,-8.916419603e-08
0.02308250434,0.4954823256,-1.033687127e-07
0.02309250434,0.5490455627,-1.171652784e-07
0.02310250434,0.6004419923,-1.304994441e-07
0.02311250434,0.6494687796,-1.433186014e-07
0.02312250434,0.6959323883,-1.555721241e-07
0.02313250434,0.739649415,-1.672116952e-07
0.02314250434,0.7804474235,-1.781913426e-07
0.02315250434,0.8181653619,-1.884677516e-07
0.02316250434,0.8526543975,-1.980003788e-07
0.02317250434,0.8837783933,-2.067515794e-07
0.02318250434,0.9114145041,-2.146868212e-07
0.02319250434,0.9354536533,-2.217747976e-07
0.02320250434,0.9558010101,-2.279875275e-07
0.02321250434,0.972376287,-2.333004971e-07
0.02322250434,0.985114038,-2.376927313e-07
0.02323250434,0.9939639568,-2.411469211e-07
0.02324250434,0.9988911748,-2.436493958e-07
0.02325250434,0.9998762012,-2.451902787e-07
0.02326250434,0.9969152212,-2.457635446e-07
0.02327250434,0.9900197983,-2.453668628e-07
0.02328250434,0.9792172909,-2.440018534e-07
0.02329250434,0.9645502567,-2.41673888e-07
0.02330250434,0.9460765123,-2.383921185e-07
0.02331250434,0.923869133,-2.341695335e-07
0.02332250434,0.8980156183,-2.290227883e-07
0.02333250434,0.8686180115,-2.229722043e-07
0.02334250434,0.8357924223,-2.160416415e-07
0.02335250434,0.7996683121,-2.0825847e-07
0.02336250434,0.7603882551,-1.996533854e-07
0.02337250434,0.7181073427,-1.902603657e-07
0.02338250434,0.6729923487,-1.801164728e-07
0.02339250434,0.6252213717,-1.692617531e-07
0.02340250434,0.5749829412,-1.577390236e-07
0.02341250434,0.5224753618,-1.455937735e-07
0.02342250434,0.46790573,-1.328739359e-07
0.02343250434,0.4114895165,-1.196296893e-07
0.02344250434,0.3534493446,-1.059133368e-07
0.02345250434,0.2940142751,-9.177898619e-08
0.02346250434,0.233418867,-7.728242934e-08
0.02347250434,0.1719022691,-6.248086493e-08
0.02348250434,0.1097072288,-4.743272441e-08
0.02349250434,0.04707923904,-3.219738787e-08
0.02350250434,-0.01573455706,-1.683498319e-08
0.02351250434,-0.0784862563,-1.406137651e-09
0.02352250434,-0.1409282088,1.402825767e-08
0.02353250434,-0.2028139681,2.940728905e-08
0.02354250434,-0.2638993263,4.467026216e-08
0.02355250434,-0.3239431977,5.975694251e-08
0.02356250434,-0.3827086091,7.460779017e-08
0.02357250434,-0.4399636388,8.916419603e-08
0.02358250434,-0.4954823256,1.033687127e-07
0.02359250434,-0.5490455627,1.171652784e-07
0.02360250434,-0.6004419923,1.304994441e-07
0.02361250434,-0.6494687796,1.433186014e-07
0.02362250434,-0.6959323883,1.555721241e-07
0.02363250434,-0.739649415,1.672116952e-07
0.02364250434,-0.7804474235,1.781913426e-07
0.02365250434,-0.8181653619,1.884677516e-07
0.02366250434,-0.8526543975,1.980003788e-07
0.02367250434,-0.8837783933,2.067515794e-07
0.02368250434,-0.9114145041,2.146868212e-07
0.02369250434,-0.9354536533,2.217747976e-07
0.02370250434,-0.9558010101,2.279875275e-07
0.02371250434,-0.972376287,2.333004971e-07
0.02372250434,-0.985114038,2.376927313e-07
0.02373250434,-0.9939639568,2.411469211e-07
0.02374250434,-0.9988911748,2.436493958e-07
0.02375250434,-0.9998762012,2.451902787e-07
0.02376250434,-0.9969152212,2.457635446e-07
0.02377250434,-0.9900197983,2.453668628e-07
0.02378250434,-0.9792172909,2.440018534e-07
0.02379250434,-0.9645502567,2.41673888e-07
0.02380250434,-0.9460765123,2.383921185e-07
0.02381250434,-0.923869133,2.341695335e-07
0.02382250434,-0.8980156183,2.290227883e-07
0.02383250434,-0.8686180115,2.229722043e-07
0.02384250434,-0.8357924223,2.160416415e-07
0.02385250434,-0.7996683121,2.0825847e-07
0.02386250434,-0.7603882551,1.996533854e-07
0.02387250434,-0.7181073427,1.902603657e-07
0.02388250434,-0.6729923487,1.801164728e-07
0.02389250434,-0.6252213717,1.692617531e-07
0.02390250434,-0.5749829412,1.577390236e-07
0.02391250434,-0.5224753618,1.455937735e-07
0.02392250434,-0.46790573,1.328739359e-07
0.02393250434,-0.4114895165,1.196296893e-07
0.02394250434,-0.3534493446,1.059133368e-07
0.02395250434,-0.2940142751,9.177898619e-08
0.02396250434,-0.233418867,7.728242934e-08
0.02397250434,-0.1719022691,6.248086493e-08
0.02398250434,-0.1097072288,4.743272441e-08
0.02399250434,-0.04707923904,3.219738787e-08
0.02400250434,0.01573455706,1.683498319e-08
0.02401250434,0.0784862563,1.406137651e-09
0.02402250434,0.1409282088,-1.402825767e-08
0.02403250434,0.2028139681,-2.940728905e-08
0.02404250434,0.2638993263,-4.467026216e-08
0.02405250434,0.3239431977,-5.975694251e-08
0.02406250434,0.3827086091,-7.460779017e-08
0.02407250434,0.4399636388,-8.916419603e-08
0.02408250434,0.4954823256,-1.033687127e-07
0.02409250434,0.5490455627,-1.171652784e-07
0.02410250434,0.6004419923,-1.304994441e-07
0.02411250434,0.6494687796,-1.433186014e-07
0.02412250434,0.6959323883,-1.555721241e-07
0.02413250434,0.739649415,-1.672116952e-07
0.02414250434,0.7804474235,-1.781913426e-07
0.02415250434,0.8181653619,-1.884677516e-07
0.02416250434,0.8526543975,-1.980003788e-07
0.02417250434,0.8837783933,-2.067515794e-07
0.02418250434,0.9114145041,-2.146868212e-07
0.02419250434,0.9354536533,-2.217747976e-07
0.02420250434,0.9558010101,-2.279875275e-07
0.02421250434,0.972376287,-2.333004971e-07
0.02422250434,0.985114038,-2.376927313e-07
0.02423250434,0.9939639568,-2.411469211e-07
0.02424250434,0.9988911748,-2.436493958e-07
0.02425250434,0.9998762012,-2.451902787e-07
0.02426250434,0.9969152212,-2.457635446e-07
0.02427250434,0.9900197983,-2.453668628e-07
0.02428250434,0.9792172909,-2.440018534e-07
0.02429250434,0.9645502567,-2.41673888e-07
0.02430250434,0.9460765123,-2.383921185e-07
0.02431250434,0.923869133,-2.341695335e-07
0.02432250434,0.8980156183,-2.290227883e-07
0.02433250434,0.8686180115,-2.229722043e-07
0.02434250434,0.8357924223,-2.160416415e-07
0.02435250434,0.7996683121,-2.0825847e-07
0.02436250434,0.7603882551,-1.996533854e-07
0.02437250434,0.7181073427,-1.902603657e-07
0.02438250434,0.6729923487,-1.801164728e-07
0.02439250434,0.6252213717,-1.692617531e-07
0.02440250434,0.5749829412,-1.577390236e-07
0.02441250434,0.5224753618,-1.455937735e-07
0.02442250434,0.46790573,-1.328739359e-07
0.02443250434,0.4114895165,-1.196296893e-07
0.02444250434,0.3534493446,-1.059133368e-07
0.02445250434,0.2940142751,-9.177898619e-08
0.02446250434,0.233418867,-7.728242934e-08
0.02447250434,0.1719022691,-6.248086493e-08
0.02448250434,0.1097072288,-4.743272441e-08
0.02449250434,0.04707923904,-3.219738787e-08
0.02450250434,-0.01573455706,-1.683498319e-08
0.02451250434,-0.0784862563,-1.406137651e-09
0.02452250434,-0.1409282088,1.402825767e-08
0.02453250434,-0.2028139681,2.940728905e-08
0.02454250434,-0.2638993263,4.467026216e-08
0.02455250434,-0.3239431977,5.975694251e-08
0.02456250434,-0.3827086091,7.460779017e-08
0.02457250434,-0.4399636388,8.916419603e-08
0.02458250434,-0.4954823256,1.033687127e-07
0.02459250434,-0.5490455627,1.171652784e-07
0.02460250434,-0.6004419923,1.304994441e-07
0.02461250434,-0.6494687796,1.433186014e-07
0.02462250434,-0.6959323883,1.555721241e-07
0.02463250434,-0.739649415,1.672116952e-07
0.02464250434,-0.7804474235,1.781913426e-07
0.02465250434,-0.8181653619,1.884677516e-07
0.02466250434,-0.8526543975,1.980003788e-07
0.02467250434,-0.8837783933,2.067515794e-07
0.02468250434,-0.9114145041,2.146868212e-07
0.02469250434,-0.9354536533,2.217747976e-07
0.02470250434,-0.9558010101,2.279875275e-07
0.02471250434,-0.972376287,2.333004971e-07
0.02472250434,-0.985114038,2.376927313e-07
0.02473250434,-0.9939639568,2.411469211e-07
0.02474250434,-0.9988911748,2.436493958e-07
0.02475250434,-0.9998762012,2.451902787e-07
0.02476250434,-0.9969152212,2.457635446e-07
0.02477250434,-0.9900197983,2.453668628e-07
0.02478250434,-0.9792172909,2.440018534e-07
0.02479250434,-0.9645502567,2.41673888e-07
0.02480250434,-0.9460765123,2.383921185e-07
0.02481250434,-0.923869133,2.341695335e-07
0.02482250434,-0.8980156183,2.290227883e-07
0.02483250434,-0.8686180115,2.229722043e-07
0.02484250434,-0.8357924223,2.160416415e-07
0.02485250434,-0.7996683121,2.0825847e-07
0.02486250434,-0.7603882551,1.996533854e-07
0.02487250434,-0.7181073427,1.902603657e-07
0.02488250434,-0.6729923487,1.801164728e-07
0.02489250434,-0.6252213717,1.692617531e-07
0.02490250434,-0.5749829412,1.577390236e-07
0.02491250434,-0.5224753618,1.455937735e-07
0.02492250434,-0.46790573,1.328739359e-07
0.02493250434,-0.4114895165,1.196296893e-07
0.02494250434,-0.3534493446,1.059133368e-07
0.02495250434,-0.2940142751,9.177898619e-08
0.02496250434,-0.233418867,7.728242934e-08
0.02497250434,-0.1719022691,6.248086493e-08
0.02498250434,-0.1097072288,4.743272441e-08
0.02499250434,-0.04707923904,3.219738787e-08
0.02500250434,0.01573455706,1.683498319e-08
0.02501250434,0.0784862563,1.406137651e-09
0.02502250434,0.1409282088,-1.402825767e-08
0.02503250434,0.2028139681,-2.940728905e-08
0.02504250434,0.2638993263,-4.467026216e-08
0.02505250434,0.3239431977,-5.975694251e-08
0.02506250434,0.3827086091,-7.460779017e-08
0.02507250434,0.4399636388,-8.916419603e-08
0.02508250434,0.4954823256,-1.033687127e-07
0.02509250434,0.5490455627,-1.171652784e-07
0.02510250434,0.6004419923,-1.304994441e-07
0.02511250434,0.6494687796,-1.433186014e-07
0.02512250434,0.6959323883,-1.555721241e-07
0.02513250434,0.739649415,-1.672116952e-07
0.02514250434,0.7804474235,-1.781913426e-07
0.02515250434,0.8181653619,-1.884677516e-07
0.02516250434,0.8526543975,-1.980003788e-07
0.02517250434,0.8837783933,-2.067515794e-07
0.02518250434,0.9114145041,-2.146868212e-07
0.02519250434,0.9354536533,-2.217747976e-07
0.02520250434,0.9558010101,-2.279875275e-07
0.02521250434,0.972376287,-2.333004971e-07
0.02522250434,0.985114038,-2.376927313e-07
0.02523250434,0.9939639568,-2.411469211e-07
0.02524250434,0.9988911748,-2.436493958e-07
0.02525250434,0.9998762012,-2.451902787e-07
0.02526250434,0.9969152212,-2.457635446e-07
0.02527250434,0.9900197983,-2.453668628e-07
0.02528250434,0.9792172909,-2.440018534e-07
0.02529250434,0.9645502567,-2.41673888e-07
0.02530250434,0.9460765123,-2.383921185e-07
0.02531250434,0.923869133,-2.341695335e-07
0.02532250434,0.8980156183,-2.290227883e-07
0.02533250434,0.8686180115,-2.229722043e-07
0.02534250434,0.8357924223,-2.160416415e-07
0.02535250434,0.7996683121,-2.0825847e-07
0.02536250434,0.7603882551,-1.996533854e-07
0.02537250434,0.7181073427,-1.902603657e-07
0.02538250434,0.6729923487,-1.801164728e-07
0.02539250434,0.6252213717,-1.692617531e-07
0.02540250434,0.5749829412,-1.577390236e-07
0.02541250434,0.5224753618,-1.455937735e-07
0.02542250434,0.46790573,-1.328739359e-07
0.02543250434,0.4114895165,-1.196296893e-07
0.02544250434,0.3534493446,-1.059133368e-07
0.02545250434,0.2940142751,-9.177898619e-08
0.02546250434,0.233418867,-7.728242934e-08
0.02547250434,0.1719022691,-6.248086493e-08
0.02548250434,0.1097072288,-4.743272441e-08
0.02549250434,0.04707923904,-3.219738787e-08
0.02550250434,-0.01573455706,-1.683498319e-08
0.02551250434,-0.0784862563,-1.406137651e-09
0.02552250434,-0.1409282088,1.402825767e-08
0.02553250434,-0.2028139681,2.940728905e-08
0.02554250434,-0.2638993263,4.467026216e-08
0.02555250434,-0.3239431977,5.975694251e-08
0.02556250434,-0.3827086091,7.460779017e-08
0.02557250434,-0.4399636388,8.916419603e-08
0.02558250434,-0.4954823256,1.033687127e-07
0.02559250434,-0.5490455627,1.171652784e-07
0.02560250434,-0.6004419923,1.304994441e-07
0.02561250434,-0.6494687796,1.433186014e-07
0.02562250434,-0.6959323883,1.555721241e-07
0.02563250434,-0.739649415,1.672116952e-07
0.02564250434,-0.7804474235,1.781913426e-07
0.02565250434,-0.8181653619,1.884677516e-07
0.02566250434,-0.8526543975,1.980003788e-07
0.02567250434,-0.8837783933,2.067515794e-07
0.02568250434,-0.9114145041,2.146868212e-07
0.02569250434,-0.9354536533,2.217747976e-07
0.02570250434,-0.9558010101,2.279875275e-07
0.02571250434,-0.972376287,2.333004971e-07
0.02572250434,-0.985114038,2.376927313e-07
0.02573250434,-0.9939639568,2.411469211e-07
0.02574250434,-0.9988911748,2.436493958e-07
0.02575250434,-0.9998762012,2.451902787e-07
0.02576250434,-0.9969152212,2.457635446e-07
0.02577250434,-0.9900197983,2.453668628e-07
0.02578250434,-0.9792172909,2.440018534e-07
0.02579250434,-0.9645502567,2.41673888e-07
0.02580250434,-0.9460765123,2.383921185e-07
0.02581250434,-0.923869133,2.341695335e-07
0.02582250434,-0.8980156183,2.290227883e-07
0.02583250434,-0.8686180115,2.229722043e-07
0.02584250434,-0.8357924223,2.160416415e-07
0.02585250434,-0.7996683121,2.0825847e-07
0.02586250434,-0.7603882551,1.996533854e-07
0.02587250434,-0.7181073427,1.902603657e-07
0.02588250434,-0.6729923487,1.801164728e-07
0.02589250434,-0.6252213717,1.692617531e-07
0.02590250434,-0.5749829412,1.577390236e-07
0.02591250434,-0.5224753618,1.455937735e-07
0.02592250434,-0.46790573,1.328739359e-07
0.02593250434,-0.4114895165,1.196296893e-07
0.02594250434,-0.3534493446,1.059133368e-07
0.02595250434,-0.2940142751,9.177898619e-08
0.02596250434,-0.233418867,7.728242934e-08
0.02597250434,-0.1719022691,6.248086493e-08
0.02598250434,-0.1097072288,4.743272441e-08
0.02599250434,-0.04707923904,3.219738787e-08
0.02600250434,0.01573455706,1.683498319e-08
0.02601250434,0.0784862563,1.406137651e-09
0.02602250434,0.1409282088,-1.402825767e-08
0.02603250434,0.2028139681,-2.940728905e-08
0.02604250434,0.2638993263,-4.467026216e-08
0.02605250434,0.3239431977,-5.975694251e-08
0.02606250434,0.3827086091,-7.460779017e-08
0.02607250434,0.4399636388,-8.916419603e-08
0.02608250434,0.4954823256,-1.033687127e-07
0.02609250434,0.5490455627,-1.171652784e-07
0.02610250434,0.6004419923,-1.304994441e-07
0.02611250434,0.6494687796,-1.433186014e-07
0.02612250434,0.6959323883,-1.555721241e-07
0.02613250434,0.739649415,-1.672116952e-07
0.02614250434,0.7804474235,-1.781913426e-07
0.02615250434,0.8181653619,-1.884677516e-07
0.02616250434,0.8526543975,-1.980003788e-07
0.02617250434,0.8837783933,-2.067515794e-07
0.02618250434,0.9114145041,-2.146868212e-07
0.02619250434,0.9354536533,-2.217747976e-07
0.02620250434,0.9558010101,-2.279875275e-07
0.02621250434,0.972376287,-2.333004971e-07
0.02622250434,0.985114038,-2.376927313e-07
0.02623250434,0.9939639568,-2.411469211e-07
0.02624250434,0.9988911748,-2.436493958e-07
0.02625250434,0.9998762012,-2.451902787e-07
0.02626250434,0.9969152212,-2.457635446e-07
0.02627250434,0.9900197983,-2.453668628e-07
0.02628250434,0.9792172909,-2.440018534e-07
0.02629250434,0.9645502567,-2.41673888e-07
0.02630250434,0.9460765123,-2.383921185e-07
0.02631250434,0.923869133,-2.341695335e-07
0.02632250434,0.8980156183,-2.290227883e-07
0.02633250434,0.8686180115,-2.229722043e-07
0.02634250434,0.8357924223,-2.160416415e-07
0.02635250434,0.7996683121,-2.0825847e-07
0.02636250434,0.7603882551,-1.996533854e-07
0.02637250434,0.7181073427,-1.902603657e-07
0.02638250434,0.6729923487,-1.801164728e-07
0.02639250434,0.6252213717,-1.692617531e-07
0.02640250434,0.5749829412,-1.577390236e-07
0.02641250434,0.5224753618,-1.455937735e-07
0.02642250434,0.46790573,-1.328739359e-07
0.02643250434,0.4114895165,-1.196296893e-07
0.02644250434,0.3534493446,-1.059133368e-07
0.02645250434,0.2940142751,-9.177898619e-08
0.02646250434,0.233418867,-7.728242934e-08
0.02647250434,0.1719022691,-6.248086493e-08
0.02648250434,0.1097072288,-4.743272441e-08
0.02649250434,0.04707923904,-3.219738787e-08
0.02650250434,-0.01573455706,-1.683498319e-08
0.02651250434,-0.0784862563,-1.406137651e-09
0.02652250434,-0.1409282088,1.402825767e-08
0.02653250434,-0.2028139681,2.940728905e-08
0.02654250434,-0.2638993263,4.467026216e-08
0.02655250434,-0.3239431977,5.975694251e-08
0.02656250434,-0.3827086091,7.460779017e-08
0.02657250434,-0.4399636388,8.916419603e-08
0.02658250434,-0.4954823256,1.033687127e-07
0.02659250434,-0.5490455627,1.171652784e-07
0.02660250434,-0.6004419923,1.304994441e-07
0.02661250434,-0.6494687796,1.433186014e-07
0.02662250434,-0.6959323883,1.555721241e-07
0.02663250434,-0.739649415,1.672116952e-07
0.02664250434,-0.7804474235,1.781913426e-07
0.02665250434,-0.8181653619,1.884677516e-07
0.02666250434,-0.8526543975,1.980003788e-07
0.02667250434,-0.8837783933,2.067515794e-07
0.02668250434,-0.9114145041,2.146868212e-07
0.02669250434,-0.9354536533,2.217747976e-07
0.02670250434,-0.9558010101,2.279875275e-07
0.02671250434,-0.972376287,2.333004971e-07
0.02672250434,-0.985114038,2.376927313e-07
0.02673250434,-0.9939639568,2.411469211e-07
0.02674250434,-0.9988911748,2.436493958e-07
0.02675250434,-0.9998762012,2.451902787e-07
0.02676250434,-0.9969152212,2.457635446e-07
0.02677250434,-0.9900197983,2.453668628e-07
0.02678250434,-0.9792172909,2.440018534e-07
0.02679250434,-0.9645502567,2.41673888e-07
0.02680250434,-0.9460765123,2.383921185e-07
0.02681250434,-0.923869133,2.341695335e-07
0.02682250434,-0.8980156183,2.290227883e-07
0.02683250434,-0.8686180115,2.229722043e-07
0.02684250434,-0.8357924223,2.160416415e-07
0.02685250434,-0.7996683121,2.0825847e-07
0.02686250434,-0.7603882551,1.996533854e-07
0.02687250434,-0.7181073427,1.902603657e-07
0.02688250434,-0.6729923487,1.801164728e-07
0.02689250434,-0.6252213717,1.692617531e-07
0.02690250434,-0.5749829412,1.577390236e-07
0.02691250434,-0.5224753618,1.455937735e-07
0.02692250434,-0.46790573,1.328739359e-07
0.02693250434,-0.4114895165,1.196296893e-07
0.02694250434,-0.3534493446,1.059133368e-07
0.02695250434,-0.2940142751,9.177898619e-08
0.02696250434,-0.233418867,7.728242934e-08
0.02697250434,-0.1719022691,6.248086493e-08
0.02698250434,-0.1097072288,4.743272441e-08
0.02699250434,-0.04707923904,3.219738787e-08
0.02700250434,0.01573455706,1.683498319e-08
0.02701250434,0.0784862563,1.406137651e-09
0.02702250434,0.1409282088,-1.402825767e-08
0.02703250434,0.2028139681,-2.940728905e-08
0.02704250434,0.2638993263,-4.467026216e-08
0.02705250434,0.3239431977,-5.975694251e-08
0.02706250434,0.3827086091,-7.460779017e-08
0.02707250434,0.4399636388,-8.916419603e-08
0.02708250434,0.4954823256,-1.033687127e-07
0.02709250434,0.5490455627,-1.171652784e-07
0.02710250434,0.6004419923,-1.304994441e-07
0.02711250434,0.6494687796,-1.433186014e-07
0.02712250434,0.6959323883,-1.555721241e-07
0.02713250434,0.739649415,-1.672116952e-07
0.02714250434,0.7804474235,-1.781913426e-07
0.02715250434,0.8181653619,-1.884677516e-07
0.02716250434,0.8526543975,-1.980003788e-07
0.02717250434,0.8837783933,-2.067515794e-07
0.02718250434,0.9114145041,-2.146868212e-07
0.02719250434,0.9354536533,-2.217747976e-07
0.02720250434,0.9558010101,-2.279875275e-07
0.02721250434,0.972376287,-2.333004971e-07
0.02722250434,0.985114038,-2.376927313e-07
0.02723250434,0.9939639568,-2.411469211e-07
0.02724250434,0.9988911748,-2.436493958e-07
0.02725250434,0.9998762012,-2.451902787e-07
0.02726250434,0.9969152212,-2.457635446e-07
0.02727250434,0.9900197983,-2.453668628e-07
0.02728250434,0.9792172909,-2.440018534e-07
0.02729250434,0.9645502567,-2.41673888e-07
0.02730250434,0.9460765123,-2.383921185e-07
0.02731250434,0.923869133,-2.341695335e-07
0.02732250434,0.8980156183,-2.290227883e-07
0.02733250434,0.8686180115,-2.229722043e-07
0.02734250434,0.8357924223,-2.160416415e-07
0.02735250434,0.7996683121,-2.0825847e-07
0.02736250434,0.7603882551,-1.996533854e-07
0.02737250434,0.7181073427,-1.902603657e-07
0.02738250434,0.6729923487,-1.801164728e-07
0.02739250434,0.6252213717,-1.692617531e-07
0.02740250434,0.5749829412,-1.577390236e-07
0.02741250434,0.5224753618,-1.455937735e-07
0.02742250434,0.46790573,-1.328739359e-07
0.02743250434,0.4114895165,-1.196296893e-07
0.02744250434,0.3534493446,-1.059133368e-07
0.02745250434,0.2940142751,-9.177898619e-08
0.02746250434,0.233418867,-7.728242934e-08
0.02747250434,0.1719022691,-6.248086493e-08
0.02748250434,0.1097072288,-4.743272441e-08
0.02749250434,0.04707923904,-3.219738787e-08
0.02750250434,-0.01573455706,-1.683498319e-08
0.02751250434,-0.0784862563,-1.406137651e-09
0.02752250434,-0.1409282088,1.402825767e-08
0.02753250434,-0.2028139681,2.940728905e-08
0.02754250434,-0.2638993263,4.467026216e-08
0.02755250434,-0.3239431977,5.975694251e-08
0.02756250434,-0.3827086091,7.460779017e-08
0.02757250434,-0.4399636388,8.916419603e-08
0.02758250434,-0.4954823256,1.033687127e-07
0.02759250434,-0.5490455627,1.171652784e-07
0.02760250434,-0.6004419923,1.304994441e-07
0.02761250434,-0.6494687796,1.433186014e-07
0.02762250434,-0.6959323883,1.555721241e-07
0.02763250434,-0.739649415,1.672116952e-07
0.02764250434,-0.7804474235,1.781913426e-07
0.02765250434,-0.8181653619,1.884677516e-07
0.02766250434,-0.8526543975,1.980003788e-07
0.02767250434,-0.8837783933,2.067515794e-07
0.02768250434,-0.9114145041,2.146868212e-07
0.02769250434,-0.9354536533,2.217747976e-07
0.02770250434,-0.9558010101,2.279875275e-07
0.02771250434,-0.972376287,2.333004971e-07
0.02772250434,-0.985114038,2.376927313e-07
0.02773250434,-0.9939639568,2.411469211e-07
0.02774250434,-0.9988911748,2.436493958e-07
0.02775250434,-0.9998762012,2.451902787e-07
0.02776250434,-0.9969152212,2.457635446e-07
0.02777250434,-0.9900197983,2.453668628e-07
0.02778250434,-0.9792172909,2.440018534e-07
0.02779250434,-0.9645502567,2.41673888e-07
0.02780250434,-0.9460765123,2.383921185e-07
0.02781250434,-0.923869133,2.341695335e-07
0.02782250434,-0.8980156183,2.290227883e-07
0.02783250434,-0.8686180115,2.229722043e-07
0.02784250434,-0.8357924223,2.160416415e-07
0.02785250434,-0.7996683121,2.0825847e-07
0.02786250434,-0.7603882551,1.996533854e-07
0.02787250434,-0.7181073427,1.902603657e-07
0.02788250434,-0.6729923487,1.801164728e-07
0.02789250434,-0.6252213717,1.692617531e-07
0.02790250434,-0.5749829412,1.577390236e-07
0.02791250434,-0.5224753618,1.455937735e-07
0.02792250434,-0.46790573,1.328739359e-07
0.02793250434,-0.4114895165,1.196296893e-07
0.02794250434,-0.3534493446,1.059133368e-07
0.02795250434,-0.2940142751,9.177898619e-08
0.02796250434,-0.233418867,7.728242934e-08
0.02797250434,-0.1719022691,6.248086493e-08
0.02798250434,-0.1097072288,4.743272441e-08
0.02799250434,-0.04707923904,3.219738787e-08
0.02800250434,0.01573455706,1.683498319e-08
0.02801250434,0.0784862563,1.406137651e-09
0.02802250434,0.1409282088,-1.402825767e-08
0.02803250434,0.2028139681,-2.940728905e-08
0.02804250434,0.2638993263,-4.467026216e-08
0.02805250434,0.3239431977,-5.975694251e-08
0.02806250434,0.3827086091,-7.460779017e-08
0.02807250434,0.4399636388,-8.916419603e-08
0.02808250434,0.4954823256,-1.033687127e-07
0.02809250434,0.5490455627,-1.171652784e-07
0.02810250434,0.6004419923,-1.304994441e-07
0.02811250434,0.6494687796,-1.433186014e-07
0.02812250434,0.6959323883,-1.555721241e-07
0.02813250434,0.739649415,-1.672116952e-07
0.02814250434,0.7804474235,-1.781913426e-07
0.02815250434,0.8181653619,-1.884677516e-07
0.02816250434,0.8526543975,-1.980003788e-07
0.02817250434,0.8837783933,-2.067515794e-07
0.02818250434,0.9114145041,-2.146868212e-07
0.02819250434,0.9354536533,-2.217747976e-07
0.02820250434,0.9558010101,-2.279875275e-07
0.02821250434,0.972376287,-2.333004971e-07
0.02822250434,0.985114038,-2.376927313e-07
0.02823250434,0.9939639568,-2.411469211e-07
0.02824250434,0.9988911748,-2.436493958e-07
0.02825250434,0.9998762012,-2.451902787e-07
0.02826250434,0.9969152212,-2.457635446e-07
0.02827250434,0.9900197983,-2.453668628e-07
0.02828250434,0.9792172909,-2.440018534e-07
0.02829250434,0.9645502567,-2.41673888e-07
0.02830250434,0.9460765123,-2.383921185e-07
0.02831250434,0.923869133,-2.341695335e-07
0.02832250434,0.8980156183,-2.290227883e-07
0.02833250434,0.8686180115,-2.229722043e-07
0.02834250434,0.8357924223,-2.160416415e-07
0.02835250434,0.7996683121,-2.0825847e-07
0.02836250434,0.7603882551,-1.996533854e-07
0.02837250434,0.7181073427,-1.902603657e-07
0.02838250434,0.6729923487,-1.801164728e-07
0.02839250434,0.6252213717,-1.692617531e-07
0.02840250434,0.5749829412,-1.577390236e-07
0.02841250434,0.5224753618,-1.455937735e-07
0.02842250434,0.46790573,-1.328739359e-07
0.02843250434,0.4114895165,-1.196296893e-07
0.02844250434,0.3534493446,-1.059133368e-07
0.02845250434,0.2940142751,-9.177898619e-08
0.02846250434,0.233418867,-7.728242934e-08
0.02847250434,0.1719022691,-6.248086493e-08
0.02848250434,0.1097072288,-4.743272441e-08
0.02849250434,0.04707923904,-3.219738787e-08
0.02850250434,-0.01573455706,-1.683498319e-08
0.02851250434,-0.0784862563,-1.406137651e-09
0.02852250434,-0.1409282088,1.402825767e-08
0.02853250434,-0.2028139681,2.940728905e-08
0.02854250434,-0.2638993263,4.467026216e-08
0.02855250434,-0.3239431977,5.975694251e-08
0.02856250434,-0.3827086091,7.460779017e-08
0.02857250434,-0.4399636388,8.916419603e-08
0.02858250434,-0.4954823256,1.033687127e-07
0.02859250434,-0.5490455627,1.171652784e-07
0.02860250434,-0.6004419923,1.304994441e-07
0.02861250434,-0.6494687796,1.433186014e-07
0.02862250434,-0.6959323883,1.555721241e-07
0.02863250434,-0.739649415,1.672116952e-07
0.02864250434,-0.7804474235,1.781913426e-07
0.02865250434,-0.8181653619,1.884677516e-07
0.02866250434,-0.8526543975,1.980003788e-07
0.02867250434,-0.8837783933,2.067515794e-07
0.02868250434,-0.9114145041,2.146868212e-07
0.02869250434,-0.9354536533,2.217747976e-07
0.02870250434,-0.9558010101,2.279875275e-07
0.02871250434,-0.972376287,2.333004971e-07
0.02872250434,-0.985114038,2.376927313e-07
0.02873250434,-0.9939639568,2.411469211e-07
0.02874250434,-0.9988911748,2.436493958e-07
0.02875250434,-0.9998762012,2.451902787e-07
0.02876250434,-0.9969152212,2.457635446e-07
0.02877250434,-0.9900197983,2.453668628e-07
0.02878250434,-0.9792172909,2.440018534e-07
0.02879250434,-0.9645502567,2.41673888e-07
0.02880250434,-0.9460765123,2.383921185e-07
0.02881250434,-0.923869133,2.341695335e-07
0.02882250434,-0.8980156183,2.290227883e-07
0.02883250434,-0.8686180115,2.229722043e-07
0.02884250434,-0.8357924223,2.160416415e-07
0.02885250434,-0.7996683121,2.0825847e-07
0.02886250434,-0.7603882551,1.996533854e-07
0.02887250434,-0.7181073427,1.902603657e-07
0.02888250434,-0.6729923487,1.801164728e-07
0.02889250434,-0.6252213717,1.692617531e-07
0.02890250434,-0.5749829412,1.577390236e-07
0.02891250434,-0.5224753618,1.455937735e-07
0.02892250434,-0.46790573,1.328739359e-07
0.02893250434,-0.4114895165,1.196296893e-07
0.02894250434,-0.3534493446,1.059133368e-07
0.02895250434,-0.2940142751,9.177898619e-08
0.02896250434,-0.233418867,7.728242934e-08
0.02897250434,-0.1719022691,6.248086493e-08
0.02898250434,-0.1097072288,4.743272441e-08
0.02899250434,-0.04707923904,3.219738787e-08
0.02900250434,0.01573455706,1.683498319e-08
0.02901250434,0.0784862563,1.406137651e-09
0.02902250434,0.1409282088,-1.402825767e-08
0.02903250434,0.2028139681,-2.940728905e-08
0.02904250434,0.2638993263,-4.467026216e-08
0.02905250434,0.3239431977,-5.975694251e-08
0.02906250434,0.3827086091,-7.460779017e-08
0.02907250434,0.4399636388,-8.916419603e-08
0.02908250434,0.4954823256,-1.033687127e-07
0.02909250434,0.5490455627,-1.171652784e-07
0.02910250434,0.6004419923,-1.304994441e-07
0.02911250434,0.6494687796,-1.433186014e-07
0.02912250434,0.6959323883,-1.555721241e-07
0.02913250434,0.739649415,-1.672116952e-07
0.02914250434,0.7804474235,-1.781913426e-07
0.02915250434,0.8181653619,-1.884677516e-07
0.02916250434,0.8526543975,-1.980003788e-07
0.02917250434,0.8837783933,-2.067515794e-07
0.02918250434,0.9114145041,-2.146868212e-07
0.02919250434,0.9354536533,-2.217747976e-07
0.02920250434,0.9558010101,-2.279875275e-07
0.02921250434,0.972376287,-2.333004971e-07
0.02922250434,0.985114038,-2.376927313e-07
0.02923250434,0.9939639568,-2.411469211e-07
0.02924250434,0.9988911748,-2.436493958e-07
0.02925250434,0.9998762012,-2.451902787e-07
0.02926250434,0.9969152212,-2.457635446e-07
0.02927250434,0.9900197983,-2.453668628e-07
0.02928250434,0.9792172909,-2.440018534e-07
0.02929250434,0.9645502567,-2.41673888e-07
0.02930250434,0.9460765123,-2.383921185e-07
0.02931250434,0.923869133,-2.341695335e-07
0.02932250434,0.8980156183,-2.290227883e-07
0.02933250434,0.8686180115,-2.229722043e-07
0.02934250434,0.8357924223,-2.160416415e-07
0.02935250434,0.7996683121,-2.0825847e-07
0.02936250434,0.7603882551,-1.996533854e-07
0.02937250434,0.7181073427,-1.902603657e-07
0.02938250434,0.6729923487,-1.801164728e-07
0.02939250434,0.6252213717,-1.692617531e-07
0.02940250434,0.5749829412,-1.577390236e-07
0.02941250434,0.5224753618,-1.455937735e-07
0.02942250434,0.46790573,-1.328739359e-07
0.02943250434,0.4114895165,-1.196296893e-07
0.02944250434,0.3534493446,-1.059133368e-07
0.02945250434,0.2940142751,-9.177898619e-08
0.02946250434,0.233418867,-7.728242934e-08
0.02947250434,0.1719022691,-6.248086493e-08
0.02948250434,0.1097072288,-4.743272441e-08
0.02949250434,0.04707923904,-3.219738787e-08
0.02950250434,-0.01573455706,-1.683498319e-08
0.02951250434,-0.0784862563,-1.406137651e-09
0.02952250434,-0.1409282088,1.402825767e-08
0.02953250434,-0.2028139681,2.940728905e-08
0.02954250434,-0.2638993263,4.467026216e-08
0.02955250434,-0.3239431977,5.975694251e-08
0.02956250434,-0.3827086091,7.460779017e-08
0.02957250434,-0.4399636388,8.916419603e-08
0.02958250434,-0.4954823256,1.033687127e-07
0.02959250434,-0.5490455627,1.171652784e-07
0.02960250434,-0.6004419923,1.304994441e-07
0.02961250434,-0.6494687796,1.433186014e-07
0.02962250434,-0.6959323883,1.555721241e-07
0.02963250434,-0.739649415,1.672116952e-07
0.02964250434,-0.7804474235,1.781913426e-07
0.02965250434,-0.8181653619,1.884677516e-07
0.02966250434,-0.8526543975,1.980003788e-07
0.02967250434,-0.8837783933,2.067515794e-07
0.02968250434,-0.9114145041,2.146868212e-07
0.02969250434,-0.9354536533,2.217747976e-07
0.02970250434,-0.9558010101,2.279875275e-07
0.02971250434,-0.972376287,2.333004971e-07
0.02972250434,-0.985114038,2.376927313e-07
0.02973250434,-0.9939639568,2.411469211e-07
0.02974250434,-0.9988911748,2.436493958e-07
0.02975250434,-0.9998762012,2.451902787e-07
0.02976250434,-0.9969152212,2.457635446e-07
0.02977250434,-0.9900197983,2.453668628e-07
0.02978250434,-0.9792172909,2.440018534e-07
0.02979250434,-0.9645502567,2.41673888e-07
0.02980250434,-0.9460765123,2.383921185e-07
0.02981250434,-0.923869133,2.341695335e-07
0.02982250434,-0.8980156183,2.290227883e-07
0.02983250434,-0.8686180115,2.229722043e-07
0.02984250434,-0.8357924223,2.160416415e-07
0.02985250434,-0.7996683121,2.0825847e-07
0.02986250434,-0.7603882551,1.996533854e-07
0.02987250434,-0.7181073427,1.902603657e-07
0.02988250434,-0.6729923487,1.801164728e-07
0.02989250434,-0.6252213717,1.692617531e-07
0.02990250434,-0.5749829412,1.577390236e-07
0.02991250434,-0.5224753618,1.455937735e-07
0.02992250434,-0.46790573,1.328739359e-07
0.02993250434,-0.4114895165,1.196296893e-07
0.02994250434,-0.3534493446,1.059133368e-07
0.02995250434,-0.2940142751,9.177898619e-08
0.02996250434,-0.233418867,7.728242934e-08
0.02997250434,-0.1719022691,6.248086493e-08
0.02998250434,-0.1097072288,4.743272441e-08
0.02999250434,-0.04707923904,3.219738787e-08
0.03000250434,0.01573455706,1.683498319e-08
0.03001250434,0.0784862563,1.406137651e-09
0.03002250434,0.1409282088,-1.402825767e-08
0.03003250434,0.2028139681,-2.940728905e-08
0.03004250434,0.2638993263,-4.467026216e-08
0.03005250434,0.3239431977,-5.975694251e-08
0.03006250434,0.3827086091,-7.460779017e-08
0.03007250434,0.4399636388,-8.916419603e-08
0.03008250434,0.4954823256,-1.033687127e-07
0.03009250434,0.5490455627,-1.171652784e-07
0.03010250434,0.6004419923,-1.304994441e-07
0.03011250434,0.6494687796,-1.433186014e-07
0.03012250434,0.6959323883,-1.555721241e-07
0.03013250434,0.739649415,-1.672116952e-07
0.03014250434,0.7804474235,-1.781913426e-07
0.03015250434,0.8181653619,-1.884677516e-07
0.03016250434,0.8526543975,-1.980003788e-07
0.03017250434,0.8837783933,-2.067515794e-07
0.03018250434,0.9114145041,-2.146868212e-07
0.03019250434,0.9354536533,-2.217747976e-07
0.03020250434,0.9558010101,-2.279875275e-07
0.03021250434,0.972376287,-2.333004971e-07
0.03022250434,0.985114038,-2.376927313e-07
0.03023250434,0.9939639568,-2.411469211e-07
0.03024250434,0.9988911748,-2.436493958e-07
0.03025250434,0.9998762012,-2.451902787e-07
0.03026250434,0.9969152212,-2.457635446e-07
0.03027250434,0.9900197983,-2.453668628e-07
0.03028250434,0.9792172909,-2.440018534e-07
0.03029250434,0.9645502567,-2.41673888e-07
0.03030250434,0.9460765123,-2.383921185e-07
0.03031250434,0.923869133,-2.341695335e-07
0.03032250434,0.8980156183,-2.290227883e-07
0.03033250434,0.8686180115,-2.229722043e-07
0.03034250434,0.8357924223,-2.160416415e-07
0.03035250434,0.7996683121,-2.0825847e-07
0.03036250434,0.7603882551,-1.996533854e-07
0.03037250434,0.7181073427,-1.902603657e-07
0.03038250434,0.6729923487,-1.801164728e-07
0.03039250434,0.6252213717,-1.692617531e-07
0.03040250434,0.5749829412,-1.577390236e-07
0.03041250434,0.5224753618,-1.455937735e-07
0.03042250434,0.46790573,-1.328739359e-07
0.03043250434,0.4114895165,-1.196296893e-07
0.03044250434,0.3534493446,-1.059133368e-07
0.03045250434,0.2940142751,-9.177898619e-08
0.03046250434,0.233418867,-7.728242934e-08
0.03047250434,0.1719022691,-6.248086493e-08
0.03048250434,0.1097072288,-4.743272441e-08
0.03049250434,0.04707923904,-3.219738787e-08
0.03050250434,-0.01573455706,-1.683498319e-08
0.03051250434,-0.0784862563,-1.406137651e-09
0.03052250434,-0.1409282088,1.402825767e-08
0.03053250434,-0.2028139681,2.940728905e-08
0.03054250434,-0.2638993263,4.467026216e-08
0.03055250434,-0.3239431977,5.975694251e-08
0.03056250434,-0.3827086091,7.460779017e-08
0.03057250434,-0.4399636388,8.916419603e-08
0.03058250434,-0.4954823256,1.033687127e-07
0.03059250434,-0.5490455627,1.171652784e-07
0.03060250434,-0.6004419923,1.304994441e-07
0.03061250434,-0.6494687796,1.433186014e-07
0.03062250434,-0.6959323883,1.555721241e-07
0.03063250434,-0.739649415,1.672116952e-07
0.03064250434,-0.7804474235,1.781913426e-07
0.03065250434,-0.8181653619,1.884677516e-07
0.03066250434,-0.8526543975,1.980003788e-07
0.03067250434,-0.8837783933,2.067515794e-07
0.03068250434,-0.9114145041,2.146868212e-07
0.03069250434,-0.9354536533,2.217747976e-07
0.03070250434,-0.9558010101,2.279875275e-07
0.03071250434,-0.972376287,2.333004971e-07
0.03072250434,-0.985114038,2.376927313e-07
0.03073250434,-0.9939639568,2.411469211e-07
0.03074250434,-0.9988911748,2.436493958e-07
0.03075250434,-0.9998762012,2.451902787e-07
0.03076250434,-0.9969152212,2.457635446e-07
0.03077250434,-0.9900197983,2.453668628e-07
0.03078250434,-0.9792172909,2.440018534e-07
0.03079250434,-0.9645502567,2.41673888e-07
0.03080250434,-0.9460765123,2.383921185e-07
0.03081250434,-0.923869133,2.341695335e-07
0.03082250434,-0.8980156183,2.290227883e-07
0.03083250434,-0.8686180115,2.229722043e-07
0.03084250434,-0.8357924223,2.160416415e-07
0.03085250434,-0.7996683121,2.0825847e-07
0.03086250434,-0.7603882551,1.996533854e-07
0.03087250434,-0.7181073427,1.902603657e-07
0.03088250434,-0.6729923487,1.801164728e-07
0.03089250434,-0.6252213717,1.692617531e-07
0.03090250434,-0.5749829412,1.577390236e-07
0.03091250434,-0.5224753618,1.455937735e-07
0.03092250434,-0.46790573,1.328739359e-07
0.03093250434,-0.4114895165,1.196296893e-07
0.03094250434,-0.3534493446,1.059133368e-07
0.03095250434,-0.2940142751,9.177898619e-08
0.03096250434,-0.233418867,7.728242934e-08
0.03097250434,-0.1719022691,6.248086493e-08
0.03098250434,-0.1097072288,4.743272441e-08
0.03099250434,-0.04707923904,3.219738787e-08
0.03100250434,0.01573455706,1.683498319e-08
0.03101250434,0.0784862563,1.406137651e-09
0.03102250434,0.1409282088,-1.402825767e-08
0.03103250434,0.2028139681,-2.940728905e-08
0.03104250434,0.2638993263,-4.467026216e-08
0.03105250434,0.3239431977,-5.975694251e-08
0.03106250434,0.3827086091,-7.460779017e-08
0.03107250434,0.4399636388,-8.916419603e-08
0.03108250434,0.4954823256,-1.033687127e-07
0.03109250434,0.5490455627,-1.171652784e-07
0.03110250434,0.6004419923,-1.304994441e-07
0.03111250434,0.6494687796,-1.433186014e-07
0.03112250434,0.6959323883,-1.555721241e-07
0.03113250434,0.739649415,-1.672116952e-07
0.03114250434,0.7804474235,-1.781913426e-07
0.03115250434,0.8181653619,-1.884677516e-07
0.03116250434,0.8526543975,-1.980003788e-07
0.03117250434,0.8837783933,-2.067515794e-07
0.03118250434,0.9114145041,-2.146868212e-07
0.03119250434,0.9354536533,-2.217747976e-07
0.03120250434,0.9558010101,-2.279875275e-07
0.03121250434,0.972376287,-2.333004971e-07
0.03122250434,0.985114038,-2.376927313e-07
0.03123250434,0.9939639568,-2.411469211e-07
0.03124250434,0.9988911748,-2.436493958e-07
0.03125250434,0.9998762012,-2.451902787e-07
0.03126250434,0.9969152212,-2.457635446e-07
0.03127250434,0.9900197983,-2.453668628e-07
0.03128250434,0.9792172909,-2.440018534e-07
0.03129250434,0.9645502567,-2.41673888e-07
0.03130250434,0.9460765123,-2.383921185e-07
0.03131250434,0.923869133,-2.341695335e-07
0.03132250434,0.8980156183,-2.290227883e-07
0.03133250434,0.8686180115,-2.229722043e-07
0.03134250434,0.8357924223,-2.160416415e-07
0.03135250434,0.7996683121,-2.0825847e-07
0.03136250434,0.7603882551,-1.996533854e-07
0.03137250434,0.7181073427,-1.902603657e-07
0.03138250434,0.6729923487,-1.801164728e-07
0.03139250434,0.6252213717,-1.692617531e-07
0.03140250434,0.5749829412,-1.577390236e-07
0.03141250434,0.5224753618,-1.455937735e-07
0.03142250434,0.46790573,-1.328739359e-07
0.03143250434,0.4114895165,-1.196296893e-07
0.03144250434,0.3534493446,-1.059133368e-07
0.03145250434,0.2940142751,-9.177898619e-08
0.03146250434,0.233418867,-7.728242934e-08
0.03147250434,0.1719022691,-6.248086493e-08
0.03148250434,0.1097072288,-4.743272441e-08
0.03149250434,0.04707923904,-3.219738787e-08
0.03150250434,-0.01573455706,-1.683498319e-08
0.03151250434,-0.0784862563,-1.406137651e-09
0.03152250434,-0.1409282088,1.402825767e-08
0.03153250434,-0.2028139681,2.940728905e-08
0.03154250434,-0.2638993263,4.467026216e-08
0.03155250434,-0.3239431977,5.975694251e-08
0.03156250434,-0.3827086091,7.460779017e-08
0.03157250434,-0.4399636388,8.916419603e-08
0.03158250434,-0.4954823256,1.033687127e-07
0.03159250434,-0.5490455627,1.171652784e-07
0.03160250434,-0.6004419923,1.304994441e-07
0.03161250434,-0.6494687796,1.433186014e-07
0.03162250434,-0.6959323883,1.555721241e-07
0.03163250434,-0.739649415,1.672116952e-07
0.03164250434,-0.7804474235,1.781913426e-07
0.03165250434,-0.8181653619,1.884677516e-07
0.03166250434,-0.8526543975,1.980003788e-07
0.03167250434,-0.8837783933,2.067515794e-07
0.03168250434,-0.9114145041,2.146868212e-07
0.03169250434,-0.9354536533,2.217747976e-07
0.03170250434,-0.9558010101,2.279875275e-07
0.03171250434,-0.972376287,2.333004971e-07
0.03172250434,-0.985114038,2.376927313e-07
0.03173250434,-0.9939639568,2.411469211e-07
0.03174250434,-0.9988911748,2.436493958e-07
0.03175250434,-0.9998762012,2.451902787e-07
0.03176250434,-0.9969152212,2.457635446e-07
0.03177250434,-0.9900197983,2.453668628e-07
0.03178250434,-0.9792172909,2.440018534e-07
0.03179250434,-0.9645502567,2.41673888e-07
0.03180250434,-0.9460765123,2.383921185e-07
0.03181250434,-0.923869133,2.341695335e-07
0.03182250434,-0.8980156183,2.290227883e-07
0.03183250434,-0.8686180115,2.229722043e-07
0.03184250434,-0.8357924223,2.160416415e-07
0.03185250434,-0.7996683121,2.0825847e-07
0.03186250434,-0.7603882551,1.996533854e-07
0.03187250434,-0.7181073427,1.902603657e-07
0.03188250434,-0.6729923487,1.801164728e-07
0.03189250434,-0.6252213717,1.692617531e-07
0.03190250434,-0.5749829412,1.577390236e-07
0.03191250434,-0.5224753618,1.455937735e-07
0.03192250434,-0.46790573,1.328739359e-07
0.03193250434,-0.4114895165,1.196296893e-07
0.03194250434,-0.3534493446,1.059133368e-07
0.03195250434,-0.2940142751,9.177898619e-08
0.03196250434,-0.233418867,7.728242934e-08
0.03197250434,-0.1719022691,6.248086493e-08
0.03198250434,-0.1097072288,4.743272441e-08
0.03199250434,-0.04707923904,3.219738787e-08
0.03200250434,0.01573455706,1.683498319e-08
0.03201250434,0.0784862563,1.406137651e-09
0.03202250434,0.1409282088,-1.402825767e-08
0.03203250434,0.2028139681,-2.940728905e-08
0.03204250434,0.2638993263,-4.467026216e-08
0.03205250434,0.3239431977,-5.975694251e-08
0.03206250434,0.3827086091,-7.460779017e-08
0.03207250434,0.4399636388,-8.916419603e-08
0.03208250434,0.4954823256,-1.033687127e-07
0.03209250434,0.5490455627,-1.171652784e-07
0.03210250434,0.6004419923,-1.304994441e-07
0.03211250434,0.6494687796,-1.433186014e-07
0.03212250434,0.6959323883,-1.555721241e-07
0.03213250434,0.739649415,-1.672116952e-07
0.03214250434,0.7804474235,-1.781913426e-07
0.03215250434,0.8181653619,-1.884677516e-07
0.03216250434,0.8526543975,-1.980003788e-07
0.03217250434,0.8837783933,-2.067515794e-07
0.03218250434,0.9114145041,-2.146868212e-07
0.03219250434,0.9354536533,-2.217747976e-07
0.03220250434,0.9558010101,-2.279875275e-07
0.03221250434,0.972376287,-2.333004971e-07
0.03222250434,0.985114038,-2.376927313e-07
0.03223250434,0.9939639568,-2.411469211e-07
0.03224250434,0.9988911748,-2.436493958e-07
0.03225250434,0.9998762012,-2.451902787e-07
0.03226250434,0.9969152212,-2.457635446e-07
0.03227250434,0.9900197983,-2.453668628e-07
0.03228250434,0.9792172909,-2.440018534e-07
0.03229250434,0.9645502567,-2.41673888e-07
0.03230250434,0.9460765123,-2.383921185e-07
0.03231250434,0.923869133,-2.341695335e-07
0.03232250434,0.8980156183,-2.290227883e-07
0.03233250434,0.8686180115,-2.229722043e-07
0.03234250434,0.8357924223,-2.160416415e-07
0.03235250434,0.7996683121,-2.0825847e-07
0.03236250434,0.7603882551,-1.996533854e-07
0.03237250434,0.7181073427,-1.902603657e-07
0.03238250434,0.6729923487,-1.801164728e-07
0.03239250434,0.6252213717,-1.692617531e-07
0.03240250434,0.5749829412,-1.577390236e-07
0.03241250434,0.5224753618,-1.455937735e-07
0.03242250434,0.46790573,-1.328739359e-07
0.03243250434,0.4114895165,-1.196296893e-07
0.03244250434,0.3534493446,-1.059133368e-07
0.03245250434,0.2940142751,-9.177898619e-08
0.03246250434,0.233418867,-7.728242934e-08
0.03247250434,0.1719022691,-6.248086493e-08
0.03248250434,0.1097072288,-4.743272441e-08
0.03249250434,0.04707923904,-3.219738787e-08
0.03250250434,-0.01573455706,-1.683498319e-08
0.03251250434,-0.0784862563,-1.406137651e-09
0.03252250434,-0.1409282088,1.402825767e-08
0.03253250434,-0.2028139681,2.940728905e-08
0.03254250434,-0.2638993263,4.467026216e-08
0.03255250434,-0.3239431977,5.975694251e-08
0.03256250434,-0.3827086091,7.460779017e-08
0.03257250434,-0.4399636388,8.916419603e-08
0.03258250434,-0.4954823256,1.033687127e-07
0.03259250434,-0.5490455627,1.171652784e-07
0.03260250434,-0.6004419923,1.304994441e-07
0.03261250434,-0.6494687796,1.433186014e-07
0.03262250434,-0.6959323883,1.555721241e-07
0.03263250434,-0.739649415,1.672116952e-07
0.03264250434,-0.7804474235,1.781913426e-07
0.03265250434,-0.8181653619,1.884677516e-07
0.03266250434,-0.8526543975,1.980003788e-07
0.03267250434,-0.8837783933,2.067515794e-07
0.03268250434,-0.9114145041,2.146868212e-07
0.03269250434,-0.9354536533,2.217747976e-07
0.03270250434,-0.9558010101,2.279875275e-07
0.03271250434,-0.972376287,2.333004971e-07
0.03272250434,-0.985114038,2.376927313e-07
0.03273250434,-0.9939639568,2.411469211e-07
0.03274250434,-0.9988911748,2.436493958e-07
0.03275250434,-0.9998762012,2.451902787e-07
0.03276250434,-0.9969152212,2.457635446e-07
0.03277250434,-0.9900197983,2.453668628e-07
0.03278250434,-0.9792172909,2.440018534e-07
0.03279250434,-0.9645502567,2.41673888e-07
0.03280250434,-0.9460765123,2.383921185e-07
0.03281250434,-0.923869133,2.341695335e-07
0.03282250434,-0.8980156183,2.290227883e-07
0.03283250434,-0.8686180115,2.229722043e-07
0.03284250434,-0.8357924223,2.160416415e-07
0.03285250434,-0.7996683121,2.0825847e-07
0.03286250434,-0.7603882551,1.996533854e-07
0.03287250434,-0.7181073427,1.902603657e-07
0.03288250434,-0.6729923487,1.801164728e-07
0.03289250434,-0.6252213717,1.692617531e-07
0.03290250434,-0.5749829412,1.577390236e-07
0.03291250434,-0.5224753618,1.455937735e-07
0.03292250434,-0.46790573,1.328739359e-07
0.03293250434,-0.4114895165,1.196296893e-07
0.03294250434,-0.3534493446,1.059133368e-07
0.03295250434,-0.2940142751,9.177898619e-08
0.03296250434,-0.233418867,7.728242934e-08
0.03297250434,-0.1719022691,6.248086493e-08
0.03298250434,-0.1097072288,4.743272441e-08
0.03299250434,-0.04707923904,3.219738787e-08
0.03300250434,0.01573455706,1.683498319e-08
0.03301250434,0.0784862563,1.406137651e-09
0.03302250434,0.1409282088,-1.402825767e-08
0.03303250434,0.2028139681,-2.940728905e-08
0.03304250434,0.2638993263,-4.467026216e-08
0.03305250434,0.3239431977,-5.975694251e-08
0.03306250434,0.3827086091,-7.460779017e-08
0.03307250434,0.4399636388,-8.916419603e-08
0.03308250434,0.4954823256,-1.033687127e-07
0.03309250434,0.5490455627,-1.171652784e-07
0.03310250434,0.6004419923,-1.304994441e-07
0.03311250434,0.6494687796,-1.433186014e-07
0.03312250434,0.6959323883,-1.555721241e-07
0.03313250434,0.739649415,-1.672116952e-07
0.03314250434,0.7804474235,-1.781913426e-07
0.03315250434,0.8181653619,-1.884677516e-07
0.03316250434,0.8526543975,-1.980003788e-07
0.03317250434,0.8837783933,-2.067515794e-07
0.03318250434,0.9114145041,-2.146868212e-07
0.03319250434,0.9354536533,-2.217747976e-07
0.03320250434,0.9558010101,-2.279875275e-07
0.03321250434,0.972376287,-2.333004971e-07
0.03322250434,0.985114038,-2.376927313e-07
0.03323250434,0.9939639568,-2.411469211e-07
0.03324250434,0.9988911748,-2.436493958e-07
0.03325250434,0.9998762012,-2.451902787e-07
0.03326250434,0.9969152212,-2.457635446e-07
0.03327250434,0.9900197983,-2.453668628e-07
0.03328250434,0.9792172909,-2.440018534e-07
0.03329250434,0.9645502567,-2.41673888e-07
0.03330250434,0.9460765123,-2.383921185e-07
0.03331250434,0.923869133,-2.341695335e-07
0.03332250434,0.8980156183,-2.290227883e-07
0.03333250434,0.8686180115,-2.229722043e-07
0.03334250434,0.8357924223,-2.160416415e-07
0.03335250434,0.7996683121,-2.0825847e-07
0.03336250434,0.7603882551,-1.996533854e-07
0.03337250434,0.7181073427,-1.902603657e-07
0.03338250434,0.6729923487,-1.801164728e-07
0.03339250434,0.6252213717,-1.692617531e-07
0.03340250434,0.5749829412,-1.577390236e-07
0.03341250434,0.5224753618,-1.455937735e-07
0.03342250434,0.46790573,-1.328739359e-07
0.03343250434,0.4114895165,-1.196296893e-07
0.03344250434,0.3534493446,-1.059133368e-07
0.03345250434,0.2940142751,-9.177898619e-08
0.03346250434,0.233418867,-7.728242934e-08
0.03347250434,0.1719022691,-6.248086493e-08
0.03348250434,0.1097072288,-4.743272441e-08
0.03349250434,0.04707923904,-3.219738787e-08
0.03350250434,-0.01573455706,-1.683498319e-08
0.03351250434,-0.0784862563,-1.406137651e-09
0.03352250434,-0.1409282088,1.402825767e-08
0.03353250434,-0.2028139681,2.940728905e-08
0.03354250434,-0.2638993263,4.467026216e-08
0.03355250434,-0.3239431977,5.975694251e-08
0.03356250434,-0.3827086091,7.460779017e-08
0.03357250434,-0.4399636388,8.916419603e-08
0.03358250434,-0.4954823256,1.033687127e-07
0.03359250434,-0.5490455627,1.171652784e-07
0.03360250434,-0.6004419923,1.304994441e-07
0.03361250434,-0.6494687796,1.433186014e-07
0.03362250434,-0.6959323883,1.555721241e-07
0.03363250434,-0.739649415,1.672116952e-07
0.03364250434,-0.7804474235,1.781913426e-07
0.03365250434,-0.8181653619,1.884677516e-07
0.03366250434,-0.8526543975,1.980003788e-07
0.03367250434,-0.8837783933,2.067515794e-07
0.03368250434,-0.9114145041,2.146868212e-07
0.03369250434,-0.9354536533,2.217747976e-07
0.03370250434,-0.9558010101,2.279875275e-07
0.03371250434,-0.972376287,2.333004971e-07
0.03372250434,-0.985114038,2.376927313e-07
0.03373250434,-0.9939639568,2.411469211e-07
0.03374250434,-0.9988911748,2.436493958e-07
0.03375250434,-0.9998762012,2.451902787e-07
0.03376250434,-0.9969152212,2.457635446e-07
0.03377250434,-0.9900197983,2.453668628e-07
0.03378250434,-0.9792172909,2.440018534e-07
0.03379250434,-0.9645502567,2.41673888e-07
0.03380250434,-0.9460765123,2.383921185e-07
0.03381250434,-0.923869133,2.341695335e-07
0.03382250434,-0.8980156183,2.290227883e-07
0.03383250434,-0.8686180115,2.229722043e-07
0.03384250434,-0.8357924223,2.160416415e-07
0.03385250434,-0.7996683121,2.0825847e-07
0.03386250434,-0.7603882551,1.996533854e-07
0.03387250434,-0.7181073427,1.902603657e-07
0.03388250434,-0.6729923487,1.801164728e-07
0.03389250434,-0.6252213717,1.692617531e-07
0.03390250434,-0.5749829412,1.577390236e-07
0.03391250434,-0.5224753618,1.455937735e-07
0.03392250434,-0.46790573,1.328739359e-07
0.03393250434,-0.4114895165,1.196296893e-07
0.03394250434,-0.3534493446,1.059133368e-07
0.03395250434,-0.2940142751,9.177898619e-08
0.03396250434,-0.233418867,7.728242934e-08
0.03397250434,-0.1719022691,6.248086493e-08
0.03398250434,-0.1097072288,4.743272441e-08
0.03399250434,-0.04707923904,3.219738787e-08
0.03400250434,0.01573455706,1.683498319e-08
0.03401250434,0.0784862563,1.406137651e-09
0.03402250434,0.1409282088,-1.402825767e-08
0.03403250434,0.2028139681,-2.940728905e-08
0.03404250434,0.2638993263,-4.467026216e-08
0.03405250434,0.3239431977,-5.975694251e-08
0.03406250434,0.3827086091,-7.460779017e-08
0.03407250434,0.4399636388,-8.916419603e-08
0.03408250434,0.4954823256,-1.033687127e-07
0.03409250434,0.5490455627,-1.171652784e-07
0.03410250434,0.6004419923,-1.304994441e-07
0.03411250434,0.6494687796,-1.433186014e-07
0.03412250434,0.6959323883,-1.555721241e-07
0.03413250434,0.739649415,-1.672116952e-07
0.03414250434,0.7804474235,-1.781913426e-07
0.03415250434,0.8181653619,-1.884677516e-07
0.03416250434,0.8526543975,-1.980003788e-07
0.03417250434,0.8837783933,-2.067515794e-07
0.03418250434,0.9114145041,-2.146868212e-07
0.03419250434,0.9354536533,-2.217747976e-07
0.03420250434,0.9558010101,-2.279875275e-07
0.03421250434,0.972376287,-2.333004971e-07
0.03422250434,0.985114038,-2.376927313e-07
0.03423250434,0.9939639568,-2.411469211e-07
0.03424250434,0.9988911748,-2.436493958e-07
0.03425250434,0.9998762012,-2.451902787e-07
0.03426250434,0.9969152212,-2.457635446e-07
0.03427250434,0.9900197983,-2.453668628e-07
0.03428250434,0.9792172909,-2.440018534e-07
0.03429250434,0.9645502567,-2.41673888e-07
0.03430250434,0.9460765123,-2.383921185e-07
0.03431250434,0.923869133,-2.341695335e-07
0.03432250434,0.8980156183,-2.290227883e-07
0.03433250434,0.8686180115,-2.229722043e-07
0.03434250434,0.8357924223,-2.160416415e-07
0.03435250434,0.7996683121,-2.0825847e-07
0.03436250434,0.7603882551,-1.996533854e-07
0.03437250434,0.7181073427,-1.902603657e-07
0.03438250434,0.6729923487,-1.801164728e-07
0.03439250434,0.6252213717,-1.692617531e-07
0.03440250434,0.5749829412,-1.577390236e-07
0.03441250434,0.5224753618,-1.455937735e-07
0.03442250434,0.46790573,-1.328739359e-07
0.03443250434,0.4114895165,-1.196296893e-07
0.03444250434,0.3534493446,-1.059133368e-07
0.03445250434,0.2940142751,-9.177898619e-08
0.03446250434,0.233418867,-7.728242934e-08
0.03447250434,0.1719022691,-6.248086493e-08
0.03448250434,0.1097072288,-4.743272441e-08
0.03449250434,0.04707923904,-3.219738787e-08
0.03450250434,-0.01573455706,-1.683498319e-08
0.03451250434,-0.0784862563,-1.406137651e-09
0.03452250434,-0.1409282088,1.402825767e-08
0.03453250434,-0.2028139681,2.940728905e-08
0.03454250434,-0.2638993263,4.467026216e-08
0.03455250434,-0.3239431977,5.975694251e-08
0.03456250434,-0.3827086091,7.460779017e-08
0.03457250434,-0.4399636388,8.916419603e-08
0.03458250434,-0.4954823256,1.033687127e-07
0.03459250434,-0.5490455627,1.171652784e-07
0.03460250434,-0.6004419923,1.304994441e-07
0.03461250434,-0.6494687796,1.433186014e-07
0.03462250434,-0.6959323883,1.555721241e-07
0.03463250434,-0.739649415,1.672116952e-07
0.03464250434,-0.7804474235,1.781913426e-07
0.03465250434,-0.8181653619,1.884677516e-07
0.03466250434,-0.8526543975,1.980003788e-07
0.03467250434,-0.8837783933,2.067515794e-07
0.03468250434,-0.9114145041,2.146868212e-07
0.03469250434,-0.9354536533,2.217747976e-07
0.03470250434,-0.9558010101,2.279875275e-07
0.03471250434,-0.972376287,2.333004971e-07
0.03472250434,-0.985114038,2.376927313e-07
0.03473250434,-0.9939639568,2.411469211e-07
0.03474250434,-0.9988911748,2.436493958e-07
0.03475250434,-0.9998762012,2.451902787e-07
0.03476250434,-0.9969152212,2.457635446e-07
0.03477250434,-0.9900197983,2.453668628e-07
0.03478250434,-0.9792172909,2.440018534e-07
0.03479250434,-0.9645502567,2.41673888e-07
0.03480250434,-0.9460765123,2.383921185e-07
0.03481250434,-0.923869133,2.341695335e-07
0.03482250434,-0.8980156183,2.290227883e-07
0.03483250434,-0.8686180115,2.229722043e-07
0.03484250434,-0.8357924223,2.160416415e-07
0.03485250434,-0.7996683121,2.0825847e-07
0.03486250434,-0.7603882551,1.996533854e-07
0.03487250434,-0.7181073427,1.902603657e-07
0.03488250434,-0.6729923487,1.801164728e-07
0.03489250434,-0.6252213717,1.692617531e-07
0.03490250434,-0.5749829412,1.577390236e-07
0.03491250434,-0.5224753618,1.455937735e-07
0.03492250434,-0.46790573,1.328739359e-07
0.03493250434,-0.4114895165,1.196296893e-07
0.03494250434,-0.3534493446,1.059133368e-07
0.03495250434,-0.2940142751,9.177898619e-08
0.03496250434,-0.233418867,7.728242934e-08
0.03497250434,-0.1719022691,6.248086493e-08
0.03498250434,-0.1097072288,4.743272441e-08
0.03499250434,-0.04707923904,3.219738787e-08
0.03500250434,0.01573455706,1.683498319e-08
0.03501250434,0.0784862563,1.406137651e-09
0.03502250434,0.1409282088,-1.402825767e-08
0.03503250434,0.2028139681,-2.940728905e-08
0.03504250434,0.2638993263,-4.467026216e-08
0.03505250434,0.3239431977,-5.975694251e-08
0.03506250434,0.3827086091,-7.460779017e-08
0.03507250434,0.4399636388,-8.916419603e-08
0.03508250434,0.4954823256,-1.033687127e-07
0.03509250434,0.5490455627,-1.171652784e-07
0.03510250434,0.6004419923,-1.304994441e-07
0.03511250434,0.6494687796,-1.433186014e-07
0.03512250434,0.6959323883,-1.555721241e-07
0.03513250434,0.739649415,-1.672116952e-07
0.03514250434,0.7804474235,-1.781913426e-07
0.03515250434,0.8181653619,-1.884677516e-07
0.03516250434,0.8526543975,-1.980003788e-07
0.03517250434,0.8837783933,-2.067515794e-07
0.03518250434,0.9114145041,-2.146868212e-07
0.03519250434,0.9354536533,-2.217747976e-07
0.03520250434,0.9558010101,-2.279875275e-07
0.03521250434,0.972376287,-2.333004971e-07
0.03522250434,0.985114038,-2.376927313e-07
0.03523250434,0.9939639568,-2.411469211e-07
0.03524250434,0.9988911748,-2.436493958e-07
0.03525250434,0.9998762012,-2.451902787e-07
0.03526250434,0.9969152212,-2.457635446e-07
0.03527250434,0.9900197983,-2.453668628e-07
0.03528250434,0.9792172909,-2.440018534e-07
0.03529250434,0.9645502567,-2.41673888e-07
0.03530250434,0.9460765123,-2.383921185e-07
0.03531250434,0.923869133,-2.341695335e-07
0.03532250434,0.8980156183,-2.290227883e-07
0.03533250434,0.8686180115,-2.229722043e-07
0.03534250434,0.8357924223,-2.160416415e-07
0.03535250434,0.7996683121,-2.0825847e-07
0.03536250434,0.7603882551,-1.996533854e-07
0.03537250434,0.7181073427,-1.902603657e-07
0.03538250434,0.6729923487,-1.801164728e-07
0.03539250434,0.6252213717,-1.692617531e-07
0.03540250434,0.5749829412,-1.577390236e-07
0.03541250434,0.5224753618,-1.455937735e-07
0.03542250434,0.46790573,-1.328739359e-07
0.03543250434,0.4114895165,-1.196296893e-07
0.03544250434,0.3534493446,-1.059133368e-07
0.03545250434,0.2940142751,-9.177898619e-08
0.03546250434,0.233418867,-7.728242934e-08
0.03547250434,0.1719022691,-6.248086493e-08
0.03548250434,0.1097072288,-4.743272441e-08
0.03549250434,0.04707923904,-3.219738787e-08
0.03550250434,-0.01573455706,-1.683498319e-08
0.03551250434,-0.0784862563,-1.406137651e-09
0.03552250434,-0.1409282088,1.402825767e-08
0.03553250434,-0.2028139681,2.940728905e-08
0.03554250434,-0.2638993263,4.467026216e-08
0.03555250434,-0.3239431977,5.975694251e-08
0.03556250434,-0.3827086091,7.460779017e-08
0.03557250434,-0.4399636388,8.916419603e-08
0.03558250434,-0.4954823256,1.033687127e-07
0.03559250434,-0.5490455627,1.171652784e-07
0.03560250434,-0.6004419923,1.304994441e-07
0.03561250434,-0.6494687796,1.433186014e-07
0.03562250434,-0.6959323883,1.555721241e-07
0.03563250434,-0.739649415,1.672116952e-07
0.03564250434,-0.7804474235,1.781913426e-07
0.03565250434,-0.8181653619,1.884677516e-07
0.03566250434,-0.8526543975,1.980003788e-07
0.03567250434,-0.8837783933,2.067515794e-07
0.03568250434,-0.9114145041,2.146868212e-07
0.03569250434,-0.9354536533,2.217747976e-07
0.03570250434,-0.9558010101,2.279875275e-07
0.03571250434,-0.972376287,2.333004971e-07
0.03572250434,-0.985114038,2.376927313e-07
0.03573250434,-0.9939639568,2.411469211e-07
0.03574250434,-0.9988911748,2.436493958e-07
0.03575250434,-0.9998762012,2.451902787e-07
0.03576250434,-0.9969152212,2.457635446e-07
0.03577250434,-0.9900197983,2.453668628e-07
0.03578250434,-0.9792172909,2.440018534e-07
0.03579250434,-0.9645502567,2.41673888e-07
0.03580250434,-0.9460765123,2.383921185e-07
0.03581250434,-0.923869133,2.341695335e-07
0.03582250434,-0.8980156183,2.290227883e-07
0.03583250434,-0.8686180115,2.229722043e-07
0.03584250434,-0.8357924223,2.160416415e-07
0.03585250434,-0.7996683121,2.0825847e-07
0.03586250434,-0.7603882551,1.996533854e-07
0.03587250434,-0.7181073427,1.902603657e-07
0.03588250434,-0.6729923487,1.801164728e-07
0.03589250434,-0.6252213717,1.692617531e-07
0.03590250434,-0.5749829412,1.577390236e-07
0.03591250434,-0.5224753618,1.455937735e-07
0.03592250434,-0.46790573,1.328739359e-07
0.03593250434,-0.4114895165,1.196296893e-07
0.03594250434,-0.3534493446,1.059133368e-07
0.03595250434,-0.2940142751,9.177898619e-08
0.03596250434,-0.233418867,7.728242934e-08
0.03597250434,-0.1719022691,6.248086493e-08
0.03598250434,-0.1097072288,4.743272441e-08
0.03599250434,-0.04707923904,3.219738787e-08
0.03600250434,0.01573455706,1.683498319e-08
0.03601250434,0.0784862563,1.406137651e-09
0.03602250434,0.1409282088,-1.402825767e-08
0.03603250434,0.2028139681,-2.940728905e-08
0.03604250434,0.2638993263,-4.467026216e-08
0.03605250434,0.3239431977,-5.975694251e-08
0.03606250434,0.3827086091,-7.460779017e-08
0.03607250434,0.4399636388,-8.916419603e-08
0.03608250434,0.4954823256,-1.033687127e-07
0.03609250434,0.5490455627,-1.171652784e-07
0.03610250434,0.6004419923,-1.304994441e-07
0.03611250434,0.6494687796,-1.433186014e-07
0.03612250434,0.6959323883,-1.555721241e-07
0.03613250434,0.739649415,-1.672116952e-07
0.03614250434,0.7804474235,-1.781913426e-07
0.03615250434,0.8181653619,-1.884677516e-07
0.03616250434,0.8526543975,-1.980003788e-07
0.03617250434,0.8837783933,-2.067515794e-07
0.03618250434,0.9114145041,-2.146868212e-07
0.03619250434,0.9354536533,-2.217747976e-07
0.03620250434,0.9558010101,-2.279875275e-07
0.03621250434,0.972376287,-2.333004971e-07
0.03622250434,0.985114038,-2.376927313e-07
0.03623250434,0.9939639568,-2.411469211e-07
0.03624250434,0.9988911748,-2.436493958e-07
0.03625250434,0.9998762012,-2.451902787e-07
0.03626250434,0.9969152212,-2.457635446e-07
0.03627250434,0.9900197983,-2.453668628e-07
0.03628250434,0.9792172909,-2.440018534e-07
0.03629250434,0.9645502567,-2.41673888e-07
0.03630250434,0.9460765123,-2.383921185e-07
0.03631250434,0.923869133,-2.341695335e-07
0.03632250434,0.8980156183,-2.290227883e-07
0.03633250434,0.8686180115,-2.229722043e-07
0.03634250434,0.8357924223,-2.160416415e-07
0.03635250434,0.7996683121,-2.0825847e-07
0.03636250434,0.7603882551,-1.996533854e-07
0.03637250434,0.7181073427,-1.902603657e-07
0.03638250434,0.6729923487,-1.801164728e-07
0.03639250434,0.6252213717,-1.692617531e-07
0.03640250434,0.5749829412,-1.577390236e-07
0.03641250434,0.5224753618,-1.455937735e-07
0.03642250434,0.46790573,-1.328739359e-07
0.03643250434,0.4114895165,-1.196296893e-07
0.03644250434,0.3534493446,-1.059133368e-07
0.03645250434,0.2940142751,-9.177898619e-08
0.03646250434,0.233418867,-7.728242934e-08
0.03647250434,0.1719022691,-6.248086493e-08
0.03648250434,0.1097072288,-4.743272441e-08
0.03649250434,0.04707923904,-3.219738787e-08
0.03650250434,-0.01573455706,-1.683498319e-08
0.03651250434,-0.0784862563,-1.406137651e-09
0.03652250434,-0.1409282088,1.402825767e-08
0.03653250434,-0.2028139681,2.940728905e-08
0.03654250434,-0.2638993263,4.467026216e-08
0.03655250434,-0.3239431977,5.975694251e-08
0.03656250434,-0.3827086091,7.460779017e-08
0.03657250434,-0.4399636388,8.916419603e-08
0.03658250434,-0.4954823256,1.033687127e-07
0.03659250434,-0.5490455627,1.171652784e-07
0.03660250434,-0.6004419923,1.304994441e-07
0.03661250434,-0.6494687796,1.433186014e-07
0.03662250434,-0.6959323883,1.555721241e-07
0.03663250434,-0.739649415,1.672116952e-07
0.03664250434,-0.7804474235,1.781913426e-07
0.03665250434,-0.8181653619,1.884677516e-07
0.03666250434,-0.8526543975,1.980003788e-07
0.03667250434,-0.8837783933,2.067515794e-07
0.03668250434,-0.9114145041,2.146868212e-07
0.03669250434,-0.9354536533,2.217747976e-07
0.03670250434,-0.9558010101,2.279875275e-07
0.03671250434,-0.972376287,2.333004971e-07
0.03672250434,-0.985114038,2.376927313e-07
0.03673250434,-0.9939639568,2.411469211e-07
0.03674250434,-0.9988911748,2.436493958e-07
0.03675250434,-0.9998762012,2.451902787e-07
0.03676250434,-0.9969152212,2.457635446e-07
0.03677250434,-0.9900197983,2.453668628e-07
0.03678250434,-0.9792172909,2.440018534e-07
0.03679250434,-0.9645502567,2.41673888e-07
0.03680250434,-0.9460765123,2.383921185e-07
0.03681250434,-0.923869133,2.341695335e-07
0.03682250434,-0.8980156183,2.290227883e-07
0.03683250434,-0.8686180115,2.229722043e-07
0.03684250434,-0.8357924223,2.160416415e-07
0.03685250434,-0.7996683121,2.0825847e-07
0.03686250434,-0.7603882551,1.996533854e-07
0.03687250434,-0.7181073427,1.902603657e-07
0.03688250434,-0.6729923487,1.801164728e-07
0.03689250434,-0.6252213717,1.692617531e-07
0.03690250434,-0.5749829412,1.577390236e-07
0.03691250434,-0.5224753618,1.455937735e-07
0.03692250434,-0.46790573,1.328739359e-07
0.03693250434,-0.4114895165,1.196296893e-07
0.03694250434,-0.3534493446,1.059133368e-07
0.03695250434,-0.2940142751,9.177898619e-08
0.03696250434,-0.233418867,7.728242934e-08
0.03697250434,-0.1719022691,6.248086493e-08
0.03698250434,-0.1097072288,4.743272441e-08
0.03699250434,-0.04707923904,3.219738787e-08
0.03700250434,0.01573455706,1.683498319e-08
0.03701250434,0.0784862563,1.406137651e-09
0.03702250434,0.1409282088,-1.402825767e-08
0.03703250434,0.2028139681,-2.940728905e-08
0.03704250434,0.2638993263,-4.467026216e-08
0.03705250434,0.3239431977,-5.975694251e-08
0.03706250434,0.3827086091,-7.460779017e-08
0.03707250434,0.4399636388,-8.916419603e-08
0.03708250434,0.4954823256,-1.033687127e-07
0.03709250434,0.5490455627,-1.171652784e-07
0.03710250434,0.6004419923,-1.304994441e-07
0.03711250434,0.6494687796,-1.433186014e-07
0.03712250434,0.6959323883,-1.555721241e-07
0.03713250434,0.739649415,-1.672116952e-07
0.03714250434,0.7804474235,-1.781913426e-07
0.03715250434,0.8181653619,-1.884677516e-07
0.03716250434,0.8526543975,-1.980003788e-07
0.03717250434,0.8837783933,-2.067515794e-07
0.03718250434,0.9114145041,-2.146868212e-07
0.03719250434,0.9354536533,-2.217747976e-07
0.03720250434,0.9558010101,-2.279875275e-07
0.03721250434,0.972376287,-2.333004971e-07
0.03722250434,0.985114038,-2.376927313e-07
0.03723250434,0.9939639568,-2.411469211e-07
0.03724250434,0.9988911748,-2.436493958e-07
0.03725250434,0.9998762012,-2.451902787e-07
0.03726250434,0.9969152212,-2.457635446e-07
0.03727250434,0.9900197983,-2.453668628e-07
0.03728250434,0.9792172909,-2.440018534e-07
0.03729250434,0.9645502567,-2.41673888e-07
0.03730250434,0.9460765123,-2.383921185e-07
0.03731250434,0.923869133,-2.341695335e-07
0.03732250434,0.8980156183,-2.290227883e-07
0.03733250434,0.8686180115,-2.229722043e-07
0.03734250434,0.8357924223,-2.160416415e-07
0.03735250434,0.7996683121,-2.0825847e-07
0.03736250434,0.7603882551,-1.996533854e-07
0.03737250434,0.7181073427,-1.902603657e-07
0.03738250434,0.6729923487,-1.801164728e-07
0.03739250434,0.6252213717,-1.692617531e-07
0.03740250434,0.5749829412,-1.577390236e-07
0.03741250434,0.5224753618,-1.455937735e-07
0.03742250434,0.46790573,-1.328739359e-07
0.03743250434,0.4114895165,-1.196296893e-07
0.03744250434,0.3534493446,-1.059133368e-07
0.03745250434,0.2940142751,-9.177898619e-08
0.03746250434,0.233418867,-7.728242934e-08
0.03747250434,0.1719022691,-6.248086493e-08
0.03748250434,0.1097072288,-4.743272441e-08
0.03749250434,0.04707923904,-3.219738787e-08
0.03750250434,-0.01573455706,-1.683498319e-08
0.03751250434,-0.0784862563,-1.406137651e-09
0.03752250434,-0.1409282088,1.402825767e-08
0.03753250434,-0.2028139681,2.940728905e-08
0.03754250434,-0.2638993263,4.467026216e-08
0.03755250434,-0.3239431977,5.975694251e-08
0.03756250434,-0.3827086091,7.460779017e-08
0.03757250434,-0.4399636388,8.916419603e-08
0.03758250434,-0.4954823256,1.033687127e-07
0.03759250434,-0.5490455627,1.171652784e-07
0.03760250434,-0.6004419923,1.304994441e-07
0.03761250434,-0.6494687796,1.433186014e-07
0.03762250434,-0.6959323883,1.555721241e-07
0.03763250434,-0.739649415,1.672116952e-07
0.03764250434,-0.7804474235,1.781913426e-07
0.03765250434,-0.8181653619,1.884677516e-07
0.03766250434,-0.8526543975,1.980003788e-07
0.03767250434,-0.8837783933,2.067515794e-07
0.03768250434,-0.9114145041,2.146868212e-07
0.03769250434,-0.9354536533,2.217747976e-07
0.03770250434,-0.9558010101,2.279875275e-07
0.03771250434,-0.972376287,2.333004971e-07
0.03772250434,-0.985114038,2.376927313e-07
0.03773250434,-0.9939639568,2.411469211e-07
0.03774250434,-0.9988911748,2.436493958e-07
0.03775250434,-0.9998762012,2.451902787e-07
0.03776250434,-0.9969152212,2.457635446e-07
0.03777250434,-0.9900197983,2.453668628e-07
0.03778250434,-0.9792172909,2.440018534e-07
0.03779250434,-0.9645502567,2.41673888e-07
0.03780250434,-0.9460765123,2.383921185e-07
0.03781250434,-0.923869133,2.341695335e-07
0.03782250434,-0.8980156183,2.290227883e-07
0.03783250434,-0.8686180115,2.229722043e-07
0.03784250434,-0.8357924223,2.160416415e-07
0.03785250434,-0.7996683121,2.0825847e-07
0.03786250434,-0.7603882551,1.996533854e-07
0.03787250434,-0.7181073427,1.902603657e-07
0.03788250434,-0.6729923487,1.801164728e-07
0.03789250434,-0.6252213717,1.692617531e-07
0.03790250434,-0.5749829412,1.577390236e-07
0.03791250434,-0.5224753618,1.455937735e-07
0.03792250434,-0.46790573,1.328739359e-07
0.03793250434,-0.4114895165,1.196296893e-07
0.03794250434,-0.3534493446,1.059133368e-07
0.03795250434,-0.2940142751,9.177898619e-08
0.03796250434,-0.233418867,7.728242934e-08
0.03797250434,-0.1719022691,6.248086493e-08
0.03798250434,-0.1097072288,4.743272441e-08
0.03799250434,-0.04707923904,3.219738787e-08
0.03800250434,0.01573455706,1.683498319e-08
0.03801250434,0.0784862563,1.406137651e-09
0.03802250434,0.1409282088,-1.402825767e-08
0.03803250434,0.2028139681,-2.940728905e-08
0.03804250434,0.2638993263,-4.467026216e-08
0.03805250434,0.3239431977,-5.975694251e-08
0.03806250434,0.3827086091,-7.460779017e-08
0.03807250434,0.4399636388,-8.916419603e-08
0.03808250434,0.4954823256,-1.033687127e-07
0.03809250434,0.5490455627,-1.171652784e-07
0.03810250434,0.6004419923,-1.304994441e-07
0.03811250434,0.6494687796,-1.433186014e-07
0.03812250434,0.6959323883,-1.555721241e-07
0.03813250434,0.739649415,-1.672116952e-07
0.03814250434,0.7804474235,-1.781913426e-07
0.03815250434,0.8181653619,-1.884677516e-07
0.03816250434,0.8526543975,-1.980003788e-07
0.03817250434,0.8837783933,-2.067515794e-07
0.03818250434,0.9114145041,-2.146868212e-07
0.03819250434,0.9354536533,-2.217747976e-07
0.03820250434,0.9558010101,-2.279875275e-07
0.03821250434,0.972376287,-2.333004971e-07
0.03822250434,0.985114038,-2.376927313e-07
0.03823250434,0.9939639568,-2.411469211e-07
0.03824250434,0.9988911748,-2.436493958e-07
0.03825250434,0.9998762012,-2.451902787e-07
0.03826250434,0.9969152212,-2.457635446e-07
0.03827250434,0.9900197983,-2.453668628e-07
0.03828250434,0.9792172909,-2.440018534e-07
0.03829250434,0.9645502567,-2.41673888e-07
0.03830250434,0.9460765123,-2.383921185e-07
0.03831250434,0.923869133,-2.341695335e-07
0.03832250434,0.8980156183,-2.290227883e-07
0.03833250434,0.8686180115,-2.229722043e-07
0.03834250434,0.8357924223,-2.160416415e-07
0.03835250434,0.7996683121,-2.0825847e-07
0.03836250434,0.7603882551,-1.996533854e-07
0.03837250434,0.7181073427,-1.902603657e-07
0.03838250434,0.6729923487,-1.801164728e-07
0.03839250434,0.6252213717,-1.692617531e-07
0.03840250434,0.5749829412,-1.577390236e-07
0.03841250434,0.5224753618,-1.455937735e-07
0.03842250434,0.46790573,-1.328739359e-07
0.03843250434,0.4114895165,-1.196296893e-07
0.03844250434,0.3534493446,-1.059133368e-07
0.03845250434,0.2940142751,-9.177898619e-08
0.03846250434,0.233418867,-7.728242934e-08
0.03847250434,0.1719022691,-6.248086493e-08
0.03848250434,0.1097072288,-4.743272441e-08
0.03849250434,0.04707923904,-3.219738787e-08
0.03850250434,-0.01573455706,-1.683498319e-08
0.03851250434,-0.0784862563,-1.406137651e-09
0.03852250434,-0.1409282088,1.402825767e-08
0.03853250434,-0.2028139681,2.940728905e-08
0.03854250434,-0.2638993263,4.467026216e-08
0.03855250434,-0.3239431977,5.975694251e-08
0.03856250434,-0.3827086091,7.460779017e-08
0.03857250434,-0.4399636388,8.916419603e-08
0.03858250434,-0.4954823256,1.033687127e-07
0.03859250434,-0.5490455627,1.171652784e-07
0.03860250434,-0.6004419923,1.304994441e-07
0.03861250434,-0.6494687796,1.433186014e-07
0.03862250434,-0.6959323883,1.555721241e-07
0.03863250434,-0.739649415,1.672116952e-07
0.03864250434,-0.7804474235,1.781913426e-07
0.03865250434,-0.8181653619,1.884677516e-07
0.03866250434,-0.8526543975,1.980003788e-07
0.03867250434,-0.8837783933,2.067515794e-07
0.03868250434,-0.9114145041,2.146868212e-07
0.03869250434,-0.9354536533,2.217747976e-07
0.03870250434,-0.9558010101,2.279875275e-07
0.03871250434,-0.972376287,2.333004971e-07
0.03872250434,-0.985114038,2.376927313e-07
0.03873250434,-0.9939639568,2.411469211e-07
0.03874250434,-0.9988911748,2.436493958e-07
0.03875250434,-0.9998762012,2.451902787e-07
0.03876250434,-0.9969152212,2.457635446e-07
0.03877250434,-0.9900197983,2.453668628e-07
0.03878250434,-0.9792172909,2.440018534e-07
0.03879250434,-0.9645502567,2.41673888e-07
0.03880250434,-0.9460765123,2.383921185e-07
0.03881250434,-0.923869133,2.341695335e-07
0.03882250434,-0.8980156183,2.290227883e-07
0.03883250434,-0.8686180115,2.229722043e-07
0.03884250434,-0.8357924223,2.160416415e-07
0.03885250434,-0.7996683121,2.0825847e-07
0.03886250434,-0.7603882551,1.996533854e-07
0.03887250434,-0.7181073427,1.902603657e-07
0.03888250434,-0.6729923487,1.801164728e-07
0.03889250434,-0.6252213717,1.692617531e-07
0.03890250434,-0.5749829412,1.577390236e-07
0.03891250434,-0.5224753618,1.455937735e-07
0.03892250434,-0.46790573,1.328739359e-07
0.03893250434,-0.4114895165,1.196296893e-07
0.03894250434,-0.3534493446,1.059133368e-07
0.03895250434,-0.2940142751,9.177898619e-08
0.03896250434,-0.233418867,7.728242934e-08
0.03897250434,-0.1719022691,6.248086493e-08
0.03898250434,-0.1097072288,4.743272441e-08
0.03899250434,-0.04707923904,3.219738787e-08
0.03900250434,0.01573455706,1.683498319e-08
0.03901250434,0.0784862563,1.406137651e-09
0.03902250434,0.1409282088,-1.402825767e-08
0.03903250434,0.2028139681,-2.940728905e-08
0.03904250434,0.2638993263,-4.467026216e-08
0.03905250434,0.3239431977,-5.975694251e-08
0.03906250434,0.3827086091,-7.460779017e-08
0.03907250434,0.4399636388,-8.916419603e-08
0.03908250434,0.4954823256,-1.033687127e-07
0.03909250434,0.5490455627,-1.171652784e-07
0.03910250434,0.6004419923,-1.304994441e-07
0.03911250434,0.6494687796,-1.433186014e-07
0.03912250434,0.6959323883,-1.555721241e-07
0.03913250434,0.739649415,-1.672116952e-07
0.03914250434,0.7804474235,-1.781913426e-07
0.03915250434,0.8181653619,-1.884677516e-07
0.03916250434,0.8526543975,-1.980003788e-07
0.03917250434,0.8837783933,-2.067515794e-07
0.03918250434,0.9114145041,-2.146868212e-07
0.03919250434,0.9354536533,-2.217747976e-07
0.03920250434,0.9558010101,-2.279875275e-07
0.03921250434,0.972376287,-2.333004971e-07
0.03922250434,0.985114038,-2.376927313e-07
0.03923250434,0.9939639568,-2.411469211e-07
0.03924250434,0.9988911748,-2.436493958e-07
0.03925250434,0.9998762012,-2.451902787e-07
0.03926250434,0.9969152212,-2.457635446e-07
0.03927250434,0.9900197983,-2.453668628e-07
0.03928250434,0.9792172909,-2.440018534e-07
0.03929250434,0.9645502567,-2.41673888e-07
0.03930250434,0.9460765123,-2.383921185e-07
0.03931250434,0.923869133,-2.341695335e-07
0.03932250434,0.8980156183,-2.290227883e-07
0.03933250434,0.8686180115,-2.229722043e-07
0.03934250434,0.8357924223,-2.160416415e-07
0.03935250434,0.7996683121,-2.0825847e-07
0.03936250434,0.7603882551,-1.996533854e-07
0.03937250434,0.7181073427,-1.902603657e-07
0.03938250434,0.6729923487,-1.801164728e-07
0.03939250434,0.6252213717,-1.692617531e-07
0.03940250434,0.5749829412,-1.577390236e-07
0.03941250434,0.5224753618,-1.455937735e-07
0.03942250434,0.46790573,-1.328739359e-07
0.03943250434,0.4114895165,-1.196296893e-07
0.03944250434,0.3534493446,-1.059133368e-07
0.03945250434,0.2940142751,-9.177898619e-08
0.03946250434,0.233418867,-7.728242934e-08
0.03947250434,0.1719022691,-6.248086493e-08
0.03948250434,0.1097072288,-4.743272441e-08
0.03949250434,0.04707923904,-3.219738787e-08
0.03950250434,-0.01573455706,-1.683498319e-08
0.03951250434,-0.0784862563,-1.406137651e-09
0.03952250434,-0.1409282088,1.402825767e-08
0.03953250434,-0.2028139681,2.940728905e-08
0.03954250434,-0.2638993263,4.467026216e-08
0.03955250434,-0.3239431977,5.975694251e-08
0.03956250434,-0.3827086091,7.460779017e-08
0.03957250434,-0.4399636388,8.916419603e-08
0.03958250434,-0.4954823256,1.033687127e-07
0.03959250434,-0.5490455627,1.171652784e-07
0.03960250434,-0.6004419923,1.304994441e-07
0.03961250434,-0.6494687796,1.433186014e-07
0.03962250434,-0.6959323883,1.555721241e-07
0.03963250434,-0.739649415,1.672116952e-07
0.03964250434,-0.7804474235,1.781913426e-07
0.03965250434,-0.8181653619,1.884677516e-07
0.03966250434,-0.8526543975,1.980003788e-07
0.03967250434,-0.8837783933,2.067515794e-07
0.03968250434,-0.9114145041,2.146868212e-07
0.03969250434,-0.9354536533,2.217747976e-07
0.03970250434,-0.9558010101,2.279875275e-07
0.03971250434,-0.972376287,2.333004971e-07
0.03972250434,-0.985114038,2.376927313e-07
0.03973250434,-0.9939639568,2.411469211e-07
0.03974250434,-0.9988911748,2.436493958e-07
0.03975250434,-0.9998762012,2.451902787e-07
0.03976250434,-0.9969152212,2.457635446e-07
0.03977250434,-0.9900197983,2.453668628e-07
0.03978250434,-0.9792172909,2.440018534e-07
0.03979250434,-0.9645502567,2.41673888e-07
0.03980250434,-0.9460765123,2.383921185e-07
0.03981250434,-0.923869133,2.341695335e-07
0.03982250434,-0.8980156183,2.290227883e-07
0.03983250434,-0.8686180115,2.229722043e-07
0.03984250434,-0.8357924223,2.160416415e-07
0.03985250434,-0.7996683121,2.0825847e-07
0.03986250434,-0.7603882551,1.996533854e-07
0.03987250434,-0.7181073427,1.902603657e-07
0.03988250434,-0.6729923487,1.801164728e-07
0.03989250434,-0.6252213717,1.692617531e-07
0.03990250434,-0.5749829412,1.577390236e-07
0.03991250434,-0.5224753618,1.455937735e-07
0.03992250434,-0.46790573,1.328739359e-07
0.03993250434,-0.4114895165,1.196296893e-07
0.03994250434,-0.3534493446,1.059133368e-07
0.03995250434,-0.2940142751,9.177898619e-08
0.03996250434,-0.233418867,7.728242934e-08
0.03997250434,-0.1719022691,6.248086493e-08
0.03998250434,-0.1097072288,4.743272441e-08
0.03999250434,-0.04707923904,3.219738787e-08
0.04000250434,0.01573455706,1.683498319e-08
0.04001250434,0.0784862563,1.406137651e-09
0.04002250434,0.1409282088,-1.402825767e-08
0.04003250434,0.2028139681,-2.940728905e-08
0.04004250434,0.2638993263,-4.467026216e-08
0.04005250434,0.3239431977,-5.975694251e-08
0.04006250434,0.3827086091,-7.460779017e-08
0.04007250434,0.4399636388,-8.916419603e-08
0.04008250434,0.4954823256,-1.033687127e-07
0.04009250434,0.5490455627,-1.171652784e-07
0.04010250434,0.6004419923,-1.304994441e-07
0.04011250434,0.6494687796,-1.433186014e-07
0.04012250434,0.6959323883,-1.555721241e-07
0.04013250434,0.739649415,-1.672116952e-07
0.04014250434,0.7804474235,-1.781913426e-07
0.04015250434,0.8181653619,-1.884677516e-07
0.04016250434,0.8526543975,-1.980003788e-07
0.04017250434,0.8837783933,-2.067515794e-07
0.04018250434,0.9114145041,-2.146868212e-07
0.04019250434,0.9354536533,-2.217747976e-07
0.04020250434,0.9558010101,-2.279875275e-07
0.04021250434,0.972376287,-2.333004971e-07
0.04022250434,0.985114038,-2.376927313e-07
0.04023250434,0.9939639568,-2.411469211e-07
0.04024250434,0.9988911748,-2.436493958e-07
0.04025250434,0.9998762012,-2.451902787e-07
0.04026250434,0.9969152212,-2.457635446e-07
0.04027250434,0.9900197983,-2.453668628e-07
0.04028250434,0.9792172909,-2.440018534e-07
0.04029250434,0.9645502567,-2.41673888e-07
0.04030250434,0.9460765123,-2.383921185e-07
0.04031250434,0.923869133,-2.341695335e-07
0.04032250434,0.8980156183,-2.290227883e-07
0.04033250434,0.8686180115,-2.229722043e-07
0.04034250434,0.8357924223,-2.160416415e-07
0.04035250434,0.7996683121,-2.0825847e-07
0.04036250434,0.7603882551,-1.996533854e-07
0.04037250434,0.7181073427,-1.902603657e-07
0.04038250434,0.6729923487,-1.801164728e-07
0.04039250434,0.6252213717,-1.692617531e-07
0.04040250434,0.5749829412,-1.577390236e-07
0.04041250434,0.5224753618,-1.455937735e-07
0.04042250434,0.46790573,-1.328739359e-07
0.04043250434,0.4114895165,-1.196296893e-07
0.04044250434,0.3534493446,-1.059133368e-07
0.04045250434,0.2940142751,-9.177898619e-08
0.04046250434,0.233418867,-7.728242934e-08
0.04047250434,0.1719022691,-6.248086493e-08
0.04048250434,0.1097072288,-4.743272441e-08
0.04049250434,0.04707923904,-3.219738787e-08
0.04050250434,-0.01573455706,-1.683498319e-08
0.04051250434,-0.0784862563,-1.406137651e-09
0.04052250434,-0.1409282088,1.402825767e-08
0.04053250434,-0.2028139681,2.940728905e-08
0.04054250434,-0.2638993263,4.467026216e-08
0.04055250434,-0.3239431977,5.975694251e-08
0.04056250434,-0.3827086091,7.460779017e-08
0.04057250434,-0.4399636388,8.916419603e-08
0.04058250434,-0.4954823256,1.033687127e-07
0.04059250434,-0.5490455627,1.171652784e-07
0.04060250434,-0.6004419923,1.304994441e-07
0.04061250434,-0.6494687796,1.433186014e-07
0.04062250434,-0.6959323883,1.555721241e-07
0.04063250434,-0.739649415,1.672116952e-07
0.04064250434,-0.7804474235,1.781913426e-07
0.04065250434,-0.8181653619,1.884677516e-07
0.04066250434,-0.8526543975,1.980003788e-07
0.04067250434,-0.8837783933,2.067515794e-07
0.04068250434,-0.9114145041,2.146868212e-07
0.04069250434,-0.9354536533,2.217747976e-07
0.04070250434,-0.9558010101,2.279875275e-07
0.04071250434,-0.972376287,2.333004971e-07
0.04072250434,-0.985114038,2.376927313e-07
0.04073250434,-0.9939639568,2.411469211e-07
0.04074250434,-0.9988911748,2.436493958e-07
0.04075250434,-0.9998762012,2.451902787e-07
0.04076250434,-0.9969152212,2.457635446e-07
0.04077250434,-0.9900197983,2.453668628e-07
0.04078250434,-0.9792172909,2.440018534e-07
0.04079250434,-0.9645502567,2.41673888e-07
0.04080250434,-0.9460765123,2.383921185e-07
0.04081250434,-0.923869133,2.341695335e-07
0.04082250434,-0.8980156183,2.290227883e-07
0.04083250434,-0.8686180115,2.229722043e-07
0.04084250434,-0.8357924223,2.160416415e-07
0.04085250434,-0.7996683121,2.0825847e-07
0.04086250434,-0.7603882551,1.996533854e-07
0.04087250434,-0.7181073427,1.902603657e-07
0.04088250434,-0.6729923487,1.801164728e-07
0.04089250434,-0.6252213717,1.692617531e-07
0.04090250434,-0.5749829412,1.577390236e-07
0.04091250434,-0.5224753618,1.455937735e-07
0.04092250434,-0.46790573,1.328739359e-07
0.04093250434,-0.4114895165,1.196296893e-07
0.04094250434,-0.3534493446,1.059133368e-07
0.04095250434,-0.2940142751,9.177898619e-08
0.04096250434,-0.233418867,7.728242934e-08
0.04097250434,-0.1719022691,6.248086493e-08
0.04098250434,-0.1097072288,4.743272441e-08
0.04099250434,-0.04707923904,3.219738787e-08
0.04100250434,0.01573455706,1.683498319e-08
0.04101250434,0.0784862563,1.406137651e-09
0.04102250434,0.1409282088,-1.402825767e-08
0.04103250434,0.2028139681,-2.940728905e-08
0.04104250434,0.2638993263,-4.467026216e-08
0.04105250434,0.3239431977,-5.975694251e-08
0.04106250434,0.3827086091,-7.460779017e-08
0.04107250434,0.4399636388,-8.916419603e-08
0.04108250434,0.4954823256,-1.033687127e-07
0.04109250434,0.5490455627,-1.171652784e-07
0.04110250434,0.6004419923,-1.304994441e-07
0.04111250434,0.6494687796,-1.433186014e-07
0.04112250434,0.6959323883,-1.555721241e-07
0.04113250434,0.739649415,-1.672116952e-07
0.04114250434,0.7804474235,-1.781913426e-07
0.04115250434,0.8181653619,-1.884677516e-07
0.04116250434,0.8526543975,-1.980003788e-07
0.04117250434,0.8837783933,-2.067515794e-07
0.04118250434,0.9114145041,-2.146868212e-07
0.04119250434,0.9354536533,-2.217747976e-07
0.04120250434,0.9558010101,-2.279875275e-07
0.04121250434,0.972376287,-2.333004971e-07
0.04122250434,0.985114038,-2.376927313e-07
0.04123250434,0.9939639568,-2.411469211e-07
0.04124250434,0.9988911748,-2.436493958e-07
0.04125250434,0.9998762012,-2.451902787e-07
0.04126250434,0.9969152212,-2.457635446e-07
0.04127250434,0.9900197983,-2.453668628e-07
0.04128250434,0.9792172909,-2.440018534e-07
0.04129250434,0.9645502567,-2.41673888e-07
0.04130250434,0.9460765123,-2.383921185e-07
0.04131250434,0.923869133,-2.341695335e-07
0.04132250434,0.8980156183,-2.290227883e-07
0.04133250434,0.8686180115,-2.229722043e-07
0.04134250434,0.8357924223,-2.160416415e-07
0.04135250434,0.7996683121,-2.0825847e-07
0.04136250434,0.7603882551,-1.996533854e-07
0.04137250434,0.7181073427,-1.902603657e-07
0.04138250434,0.6729923487,-1.801164728e-07
0.04139250434,0.6252213717,-1.692617531e-07
0.04140250434,0.5749829412,-1.577390236e-07
0.04141250434,0.5224753618,-1.455937735e-07
0.04142250434,0.46790573,-1.328739359e-07
0.04143250434,0.4114895165,-1.196296893e-07
0.04144250434,0.3534493446,-1.059133368e-07
0.04145250434,0.2940142751,-9.177898619e-08
0.04146250434,0.233418867,-7.728242934e-08
0.04147250434,0.1719022691,-6.248086493e-08
0.04148250434,0.1097072288,-4.743272441e-08
0.04149250434,0.04707923904,-3.219738787e-08
0.04150250434,-0.01573455706,-1.683498319e-08
0.04151250434,-0.0784862563,-1.406137651e-09
0.04152250434,-0.1409282088,1.402825767e-08
0.04153250434,-0.2028139681,2.940728905e-08
0.04154250434,-0.2638993263,4.467026216e-08
0.04155250434,-0.3239431977,5.975694251e-08
0.04156250434,-0.3827086091,7.460779017e-08
0.04157250434,-0.4399636388,8.916419603e-08
0.04158250434,-0.4954823256,1.033687127e-07
0.04159250434,-0.5490455627,1.171652784e-07
0.04160250434,-0.6004419923,1.304994441e-07
0.04161250434,-0.6494687796,1.433186014e-07
0.04162250434,-0.6959323883,1.555721241e-07
0.04163250434,-0.739649415,1.672116952e-07
0.04164250434,-0.7804474235,1.781913426e-07
0.04165250434,-0.8181653619,1.884677516e-07
0.04166250434,-0.8526543975,1.980003788e-07
0.04167250434,-0.8837783933,2.067515794e-07
0.04168250434,-0.9114145041,2.146868212e-07
0.04169250434,-0.9354536533,2.217747976e-07
0.04170250434,-0.9558010101,2.279875275e-07
0.04171250434,-0.972376287,2.333004971e-07
0.04172250434,-0.985114038,2.376927313e-07
0.04173250434,-0.9939639568,2.411469211e-07
0.04174250434,-0.9988911748,2.436493958e-07
0.04175250434,-0.9998762012,2.451902787e-07
0.04176250434,-0.9969152212,2.457635446e-07
0.04177250434,-0.9900197983,2.453668628e-07
0.04178250434,-0.9792172909,2.440018534e-07
0.04179250434,-0.9645502567,2.41673888e-07
0.04180250434,-0.9460765123,2.383921185e-07
0.04181250434,-0.923869133,2.341695335e-07
0.04182250434,-0.8980156183,2.290227883e-07
0.04183250434,-0.8686180115,2.229722043e-07
0.04184250434,-0.8357924223,2.160416415e-07
0.04185250434,-0.7996683121,2.0825847e-07
0.04186250434,-0.7603882551,1.996533854e-07
0.04187250434,-0.7181073427,1.902603657e-07
0.04188250434,-0.6729923487,1.801164728e-07
0.04189250434,-0.6252213717,1.692617531e-07
0.04190250434,-0.5749829412,1.577390236e-07
0.04191250434,-0.5224753618,1.455937735e-07
0.04192250434,-0.46790573,1.328739359e-07
0.04193250434,-0.4114895165,1.196296893e-07
0.04194250434,-0.3534493446,1.059133368e-07
0.04195250434,-0.2940142751,9.177898619e-08
0.04196250434,-0.233418867,7.728242934e-08
0.04197250434,-0.1719022691,6.248086493e-08
0.04198250434,-0.1097072288,4.743272441e-08
0.04199250434,-0.04707923904,3.219738787e-08
0.04200250434,0.01573455706,1.683498319e-08
0.04201250434,0.0784862563,1.406137651e-09
0.04202250434,0.1409282088,-1.402825767e-08
0.04203250434,0.2028139681,-2.940728905e-08
0.04204250434,0.2638993263,-4.467026216e-08
0.04205250434,0.3239431977,-5.975694251e-08
0.04206250434,0.3827086091,-7.460779017e-08
0.04207250434,0.4399636388,-8.916419603e-08
0.04208250434,0.4954823256,-1.033687127e-07
0.04209250434,0.5490455627,-1.171652784e-07
0.04210250434,0.6004419923,-1.304994441e-07
0.04211250434,0.6494687796,-1.433186014e-07
0.04212250434,0.6959323883,-1.555721241e-07
0.04213250434,0.739649415,-1.672116952e-07
0.04214250434,0.7804474235,-1.781913426e-07
0.04215250434,0.8181653619,-1.884677516e-07
0.04216250434,0.8526543975,-1.980003788e-07
0.04217250434,0.8837783933,-2.067515794e-07
0.04218250434,0.9114145041,-2.146868212e-07
0.04219250434,0.9354536533,-2.217747976e-07
0.04220250434,0.9558010101,-2.279875275e-07
0.04221250434,0.972376287,-2.333004971e-07
0.04222250434,0.985114038,-2.376927313e-07
0.04223250434,0.9939639568,-2.411469211e-07
0.04224250434,0.9988911748,-2.436493958e-07
0.04225250434,0.9998762012,-2.451902787e-07
0.04226250434,0.9969152212,-2.457635446e-07
0.04227250434,0.9900197983,-2.453668628e-07
0.04228250434,0.9792172909,-2.440018534e-07
0.04229250434,0.9645502567,-2.41673888e-07
0.04230250434,0.9460765123,-2.383921185e-07
0.04231250434,0.923869133,-2.341695335e-07
0.04232250434,0.8980156183,-2.290227883e-07
0.04233250434,0.8686180115,-2.229722043e-07
0.04234250434,0.8357924223,-2.160416415e-07
0.04235250434,0.7996683121,-2.0825847e-07
0.04236250434,0.7603882551,-1.996533854e-07
0.04237250434,0.7181073427,-1.902603657e-07
0.04238250434,0.6729923487,-1.801164728e-07
0.04239250434,0.6252213717,-1.692617531e-07
0.04240250434,0.5749829412,-1.577390236e-07
0.04241250434,0.5224753618,-1.455937735e-07
0.04242250434,0.46790573,-1.328739359e-07
0.04243250434,0.4114895165,-1.196296893e-07
0.04244250434,0.3534493446,-1.059133368e-07
0.04245250434,0.2940142751,-9.177898619e-08
0.04246250434,0.233418867,-7.728242934e-08
0.04247250434,0.1719022691,-6.248086493e-08
0.04248250434,0.1097072288,-4.743272441e-08
0.04249250434,0.04707923904,-3.219738787e-08
0.04250250434,-0.01573455706,-1.683498319e-08
0.04251250434,-0.0784862563,-1.406137651e-09
0.04252250434,-0.1409282088,1.402825767e-08
0.04253250434,-0.2028139681,2.940728905e-08
0.04254250434,-0.2638993263,4.467026216e-08
0.04255250434,-0.3239431977,5.975694251e-08
0.04256250434,-0.3827086091,7.460779017e-08
0.04257250434,-0.4399636388,8.916419603e-08
0.04258250434,-0.4954823256,1.033687127e-07
0.04259250434,-0.5490455627,1.171652784e-07
0.04260250434,-0.6004419923,1.304994441e-07
0.04261250434,-0.6494687796,1.433186014e-07
0.04262250434,-0.6959323883,1.555721241e-07
0.04263250434,-0.739649415,1.672116952e-07
0.04264250434,-0.7804474235,1.781913426e-07
0.04265250434,-0.8181653619,1.884677516e-07
0.04266250434,-0.8526543975,1.980003788e-07
0.04267250434,-0.8837783933,2.067515794e-07
0.04268250434,-0.9114145041,2.146868212e-07
0.04269250434,-0.9354536533,2.217747976e-07
0.04270250434,-0.9558010101,2.279875275e-07
0.04271250434,-0.972376287,2.333004971e-07
0.04272250434,-0.985114038,2.376927313e-07
0.04273250434,-0.9939639568,2.411469211e-07
0.04274250434,-0.9988911748,2.436493958e-07
0.04275250434,-0.9998762012,2.451902787e-07
0.04276250434,-0.9969152212,2.457635446e-07
0.04277250434,-0.9900197983,2.453668628e-07
0.04278250434,-0.9792172909,2.440018534e-07
0.04279250434,-0.9645502567,2.41673888e-07
0.04280250434,-0.9460765123,2.383921185e-07
0.04281250434,-0.923869133,2.341695335e-07
0.04282250434,-0.8980156183,2.290227883e-07
0.04283250434,-0.8686180115,2.229722043e-07
0.04284250434,-0.8357924223,2.160416415e-07
0.04285250434,-0.7996683121,2.0825847e-07
0.04286250434,-0.7603882551,1.996533854e-07
0.04287250434,-0.7181073427,1.902603657e-07
0.04288250434,-0.6729923487,1.801164728e-07
0.04289250434,-0.6252213717,1.692617531e-07
0.04290250434,-0.5749829412,1.577390236e-07
0.04291250434,-0.5224753618,1.455937735e-07
0.04292250434,-0.46790573,1.328739359e-07
0.04293250434,-0.4114895165,1.196296893e-07
0.04294250434,-0.3534493446,1.059133368e-07
0.04295250434,-0.2940142751,9.177898619e-08
0.04296250434,-0.233418867,7.728242934e-08
0.04297250434,-0.1719022691,6.248086493e-08
0.04298250434,-0.1097072288,4.743272441e-08
0.04299250434,-0.04707923904,3.219738787e-08
0.04300250434,0.01573455706,1.683498319e-08
0.04301250434,0.0784862563,1.406137651e-09
0.04302250434,0.1409282088,-1.402825767e-08
0.04303250434,0.2028139681,-2.940728905e-08
0.04304250434,0.2638993263,-4.467026216e-08
0.04305250434,0.3239431977,-5.975694251e-08
0.04306250434,0.3827086091,-7.460779017e-08
0.04307250434,0.4399636388,-8.916419603e-08
0.04308250434,0.4954823256,-1.033687127e-07
0.04309250434,0.5490455627,-1.171652784e-07
0.04310250434,0.6004419923,-1.304994441e-07
0.04311250434,0.6494687796,-1.433186014e-07
0.04312250434,0.6959323883,-1.555721241e-07
0.04313250434,0.739649415,-1.672116952e-07
0.04314250434,0.7804474235,-1.781913426e-07
0.04315250434,0.8181653619,-1.884677516e-07
0.04316250434,0.8526543975,-1.980003788e-07
0.04317250434,0.8837783933,-2.067515794e-07
0.04318250434,0.9114145041,-2.146868212e-07
0.04319250434,0.9354536533,-2.217747976e-07
0.04320250434,0.9558010101,-2.279875275e-07
0.04321250434,0.972376287,-2.333004971e-07
0.04322250434,0.985114038,-2.376927313e-07
0.04323250434,0.9939639568,-2.411469211e-07
0.04324250434,0.9988911748,-2.436493958e-07
0.04325250434,0.9998762012,-2.451902787e-07
0.04326250434,0.9969152212,-2.457635446e-07
0.04327250434,0.9900197983,-2.453668628e-07
0.04328250434,0.9792172909,-2.440018534e-07
0.04329250434,0.9645502567,-2.41673888e-07
0.04330250434,0.9460765123,-2.383921185e-07
0.04331250434,0.923869133,-2.341695335e-07
0.04332250434,0.8980156183,-2.290227883e-07
0.04333250434,0.8686180115,-2.229722043e-07
0.04334250434,0.8357924223,-2.160416415e-07
0.04335250434,0.7996683121,-2.0825847e-07
0.04336250434,0.7603882551,-1.996533854e-07
0.04337250434,0.7181073427,-1.902603657e-07
0.04338250434,0.6729923487,-1.801164728e-07
0.04339250434,0.6252213717,-1.692617531e-07
0.04340250434,0.5749829412,-1.577390236e-07
0.04341250434,0.5224753618,-1.455937735e-07
0.04342250434,0.46790573,-1.328739359e-07
0.04343250434,0.4114895165,-1.196296893e-07
0.04344250434,0.3534493446,-1.059133368e-07
0.04345250434,0.2940142751,-9.177898619e-08
0.04346250434,0.233418867,-7.728242934e-08
0.04347250434,0.1719022691,-6.248086493e-08
0.04348250434,0.1097072288,-4.743272441e-08
0.04349250434,0.04707923904,-3.219738787e-08
0.04350250434,-0.01573455706,-1.683498319e-08
0.04351250434,-0.0784862563,-1.406137651e-09
0.04352250434,-0.1409282088,1.402825767e-08
0.04353250434,-0.2028139681,2.940728905e-08
0.04354250434,-0.2638993263,4.467026216e-08
0.04355250434,-0.3239431977,5.975694251e-08
0.04356250434,-0.3827086091,7.460779017e-08
0.04357250434,-0.4399636388,8.916419603e-08
0.04358250434,-0.4954823256,1.033687127e-07
0.04359250434,-0.5490455627,1.171652784e-07
0.04360250434,-0.6004419923,1.304994441e-07
0.04361250434,-0.6494687796,1.433186014e-07
0.04362250434,-0.6959323883,1.555721241e-07
0.04363250434,-0.739649415,1.672116952e-07
0.04364250434,-0.7804474235,1.781913426e-07
0.04365250434,-0.8181653619,1.884677516e-07
0.04366250434,-0.8526543975,1.980003788e-07
0.04367250434,-0.8837783933,2.067515794e-07
0.04368250434,-0.9114145041,2.146868212e-07
0.04369250434,-0.9354536533,2.217747976e-07
0.04370250434,-0.9558010101,2.279875275e-07
0.04371250434,-0.972376287,2.333004971e-07
0.04372250434,-0.985114038,2.376927313e-07
0.04373250434,-0.9939639568,2.411469211e-07
0.04374250434,-0.9988911748,2.436493958e-07
0.04375250434,-0.9998762012,2.451902787e-07
0.04376250434,-0.9969152212,2.457635446e-07
0.04377250434,-0.9900197983,2.453668628e-07
0.04378250434,-0.9792172909,2.440018534e-07
0.04379250434,-0.9645502567,2.41673888e-07
0.04380250434,-0.9460765123,2.383921185e-07
0.04381250434,-0.923869133,2.341695335e-07
0.04382250434,-0.8980156183,2.290227883e-07
0.04383250434,-0.8686180115,2.229722043e-07
0.04384250434,-0.8357924223,2.160416415e-07
0.04385250434,-0.7996683121,2.0825847e-07
0.04386250434,-0.7603882551,1.996533854e-07
0.04387250434,-0.7181073427,1.902603657e-07
0.04388250434,-0.6729923487,1.801164728e-07
0.04389250434,-0.6252213717,1.692617531e-07
0.04390250434,-0.5749829412,1.577390236e-07
0.04391250434,-0.5224753618,1.455937735e-07
0.04392250434,-0.46790573,1.328739359e-07
0.04393250434,-0.4114895165,1.196296893e-07
0.04394250434,-0.3534493446,1.059133368e-07
0.04395250434,-0.2940142751,9.177898619e-08
0.04396250434,-0.233418867,7.728242934e-08
0.04397250434,-0.1719022691,6.248086493e-08
0.04398250434,-0.1097072288,4.743272441e-08
0.04399250434,-0.04707923904,3.219738787e-08
0.04400250434,0.01573455706,1.683498319e-08
0.04401250434,0.0784862563,1.406137651e-09
0.04402250434,0.1409282088,-1.402825767e-08
0.04403250434,0.2028139681,-2.940728905e-08
0.04404250434,0.2638993263,-4.467026216e-08
0.04405250434,0.3239431977,-5.975694251e-08
0.04406250434,0.3827086091,-7.460779017e-08
0.04407250434,0.4399636388,-8.916419603e-08
0.04408250434,0.4954823256,-1.033687127e-07
0.04409250434,0.5490455627,-1.171652784e-07
0.04410250434,0.6004419923,-1.304994441e-07
0.04411250434,0.6494687796,-1.433186014e-07
0.04412250434,0.6959323883,-1.555721241e-07
0.04413250434,0.739649415,-1.672116952e-07
0.04414250434,0.7804474235,-1.781913426e-07
0.04415250434,0.8181653619,-1.884677516e-07
0.04416250434,0.8526543975,-1.980003788e-07
0.04417250434,0.8837783933,-2.067515794e-07
0.04418250434,0.9114145041,-2.146868212e-07
0.04419250434,0.9354536533,-2.217747976e-07
0.04420250434,0.9558010101,-2.279875275e-07
0.04421250434,0.972376287,-2.333004971e-07
0.04422250434,0.985114038,-2.376927313e-07
0.04423250434,0.9939639568,-2.411469211e-07
0.04424250434,0.9988911748,-2.436493958e-07
0.04425250434,0.9998762012,-2.451902787e-07
0.04426250434,0.9969152212,-2.457635446e-07
0.04427250434,0.9900197983,-2.453668628e-07
0.04428250434,0.9792172909,-2.440018534e-07
0.04429250434,0.9645502567,-2.41673888e-07
0.04430250434,0.9460765123,-2.383921185e-07
0.04431250434,0.923869133,-2.341695335e-07
0.04432250434,0.8980156183,-2.290227883e-07
0.04433250434,0.8686180115,-2.229722043e-07
0.04434250434,0.8357924223,-2.160416415e-07
0.04435250434,0.7996683121,-2.0825847e-07
0.04436250434,0.7603882551,-1.996533854e-07
0.04437250434,0.7181073427,-1.902603657e-07
0.04438250434,0.6729923487,-1.801164728e-07
0.04439250434,0.6252213717,-1.692617531e-07
0.04440250434,0.5749829412,-1.577390236e-07
0.04441250434,0.5224753618,-1.455937735e-07
0.04442250434,0.46790573,-1.328739359e-07
0.04443250434,0.4114895165,-1.196296893e-07
0.04444250434,0.3534493446,-1.059133368e-07
0.04445250434,0.2940142751,-9.177898619e-08
0.04446250434,0.233418867,-7.728242934e-08
0.04447250434,0.1719022691,-6.248086493e-08
0.04448250434,0.1097072288,-4.743272441e-08
0.04449250434,0.04707923904,-3.219738787e-08
0.04450250434,-0.01573455706,-1.683498319e-08
0.04451250434,-0.0784862563,-1.406137651e-09
0.04452250434,-0.1409282088,1.402825767e-08
0.04453250434,-0.2028139681,2.940728905e-08
0.04454250434,-0.2638993263,4.467026216e-08
0.04455250434,-0.3239431977,5.975694251e-08
0.04456250434,-0.3827086091,7.460779727e-08
0.04457250434,-0.4399636388,8.916419603e-08
0.04458250434,-0.4954823256,1.033687127e-07
0.04459250434,-0.5490455627,1.171652784e-07
0.04460250434,-0.6004419923,1.304994441e-07
0.04461250434,-0.6494687796,1.433186014e-07
0.04462250434,-0.6959323883,1.555721241e-07
0.04463250434,-0.739649415,1.672116952e-07
0.04464250434,-0.7804474235,1.781913426e-07
0.04465250434,-0.8181653619,1.884677516e-07
0.04466250434,-0.8526543975,1.980003788e-07
0.04467250434,-0.8837783933,2.067515794e-07
0.04468250434,-0.9114145041,2.146868212e-07
0.04469250434,-0.9354536533,2.217747976e-07
0.04470250434,-0.9558010101,2.279875275e-07
0.04471250434,-0.972376287,2.333004971e-07
0.04472250434,-0.985114038,2.376927313e-07
0.04473250434,-0.9939639568,2.411469211e-07
0.04474250434,-0.9988911748,2.436493958e-07
0.04475250434,-0.9998762012,2.451902787e-07
0.04476250434,-0.9969152212,2.457635446e-07
0.04477250434,-0.9900197983,2.453668628e-07
0.04478250434,-0.9792172909,2.440018534e-07
0.04479250434,-0.9645502567,2.41673888e-07
0.04480250434,-0.9460765123,2.383921185e-07
0.04481250434,-0.923869133,2.341695335e-07
0.04482250434,-0.8980156183,2.290227883e-07
0.04483250434,-0.8686180115,2.229722043e-07
0.04484250434,-0.8357924223,2.160416415e-07
0.04485250434,-0.7996683121,2.0825847e-07
0.04486250434,-0.7603882551,1.996533854e-07
0.04487250434,-0.7181073427,1.902603657e-07
0.04488250434,-0.6729923487,1.801164728e-07
0.04489250434,-0.6252213717,1.692617531e-07
0.04490250434,-0.5749829412,1.577390236e-07
0.04491250434,-0.5224753618,1.455937735e-07
0.04492250434,-0.46790573,1.328739359e-07
0.04493250434,-0.4114895165,1.196296893e-07
0.04494250434,-0.3534493446,1.059133368e-07
0.04495250434,-0.2940142751,9.177898619e-08
0.04496250434,-0.233418867,7.728242934e-08
0.04497250434,-0.1719022691,6.248086493e-08
0.04498250434,-0.1097072288,4.743272441e-08
0.04499250434,-0.04707923904,3.219738787e-08
0.04500250434,0.01573455706,1.683498319e-08
0.04501250434,0.0784862563,1.406137651e-09
0.04502250434,0.1409282088,-1.402825767e-08
0.04503250434,0.2028139681,-2.940728905e-08
0.04504250434,0.2638993263,-4.467026216e-08
0.04505250434,0.3239431977,-5.975694251e-08
0.04506250434,0.3827086091,-7.460779727e-08
0.04507250434,0.4399636388,-8.916419603e-08
0.04508250434,0.4954823256,-1.033687127e-07
0.04509250434,0.5490455627,-1.171652784e-07
0.04510250434,0.6004419923,-1.304994441e-07
0.04511250434,0.6494687796,-1.433186014e-07
0.04512250434,0.6959323883,-1.555721241e-07
0.04513250434,0.739649415,-1.672116952e-07
0.04514250434,0.7804474235,-1.781913426e-07
0.04515250434,0.8181653619,-1.884677516e-07
0.04516250434,0.8526543975,-1.980003788e-07
0.04517250434,0.8837783933,-2.067515794e-07
0.04518250434,0.9114145041,-2.146868212e-07
0.04519250434,0.9354536533,-2.217747976e-07
0.04520250434,0.9558010101,-2.279875275e-07
0.04521250434,0.972376287,-2.333004971e-07
0.04522250434,0.985114038,-2.376927313e-07
0.04523250434,0.9939639568,-2.411469211e-07
0.04524250434,0.9988911748,-2.436493958e-07
0.04525250434,0.9998762012,-2.451902787e-07
0.04526250434,0.9969152212,-2.457635446e-07
0.04527250434,0.9900197983,-2.453668628e-07
0.04528250434,0.9792172909,-2.440018534e-07
0.04529250434,0.9645502567,-2.41673888e-07
0.04530250434,0.9460765123,-2.383921185e-07
0.04531250434,0.923869133,-2.341695335e-07
0.04532250434,0.8980156183,-2.290227883e-07
0.04533250434,0.8686180115,-2.229722043e-07
0.04534250434,0.8357924223,-2.160416415e-07
0.04535250434,0.7996683121,-2.0825847e-07
0.04536250434,0.7603882551,-1.996533854e-07
0.04537250434,0.7181073427,-1.902603657e-07
0.04538250434,0.6729923487,-1.801164728e-07
0.04539250434,0.6252213717,-1.692617531e-07
0.04540250434,0.5749829412,-1.577390236e-07
0.04541250434,0.5224753618,-1.455937735e-07
0.04542250434,0.46790573,-1.328739359e-07
0.04543250434,0.4114895165,-1.196296893e-07
0.04544250434,0.3534493446,-1.059133368e-07
0.04545250434,0.2940142751,-9.177898619e-08
0.04546250434,0.233418867,-7.728242934e-08
0.04547250434,0.1719022691,-6.248086493e-08
0.04548250434,0.1097072288,-4.743272441e-08
0.04549250434,0.04707923904,-3.219738787e-08
0.04550250434,-0.01573455706,-1.683498319e-08
0.04551250434,-0.0784862563,-1.406137651e-09
0.04552250434,-0.1409282088,1.402825767e-08
0.04553250434,-0.2028139681,2.940728905e-08
0.04554250434,-0.2638993263,4.467026216e-08
0.04555250434,-0.3239431977,5.975694251e-08
0.04556250434,-0.3827086091,7.460779727e-08
0.04557250434,-0.4399636388,8.916419603e-08
0.04558250434,-0.4954823256,1.033687127e-07
0.04559250434,-0.5490455627,1.171652784e-07
0.04560250434,-0.6004419923,1.304994441e-07
0.04561250434,-0.6494687796,1.433186014e-07
0.04562250434,-0.6959323883,1.555721241e-07
0.04563250434,-0.739649415,1.672116952e-07
0.04564250434,-0.7804474235,1.781913426e-07
0.04565250434,-0.8181653619,1.884677516e-07
0.04566250434,-0.8526543975,1.980003788e-07
0.04567250434,-0.8837783933,2.067515794e-07
0.04568250434,-0.9114145041,2.146868212e-07
0.04569250434,-0.9354536533,2.217747976e-07
0.04570250434,-0.9558010101,2.279875275e-07
0.04571250434,-0.972376287,2.333004971e-07
0.04572250434,-0.985114038,2.376927313e-07
0.04573250434,-0.9939639568,2.411469211e-07
0.04574250434,-0.9988911748,2.436493958e-07
0.04575250434,-0.9998762012,2.451902787e-07
0.04576250434,-0.9969152212,2.457635446e-07
0.04577250434,-0.9900197983,2.453668628e-07
0.04578250434,-0.9792172909,2.440018534e-07
0.04579250434,-0.9645502567,2.41673888e-07
0.04580250434,-0.9460765123,2.383921185e-07
0.04581250434,-0.923869133,2.341695335e-07
0.04582250434,-0.8980156183,2.290227883e-07
0.04583250434,-0.8686180115,2.229722043e-07
0.04584250434,-0.8357924223,2.160416415e-07
0.04585250434,-0.7996683121,2.0825847e-07
0.04586250434,-0.7603882551,1.996533854e-07
0.04587250434,-0.7181073427,1.902603657e-07
0.04588250434,-0.6729923487,1.801164728e-07
0.04589250434,-0.6252213717,1.692617531e-07
0.04590250434,-0.5749829412,1.577390236e-07
0.04591250434,-0.5224753618,1.455937735e-07
0.04592250434,-0.46790573,1.328739359e-07
0.04593250434,-0.4114895165,1.196296893e-07
0.04594250434,-0.3534493446,1.059133368e-07
0.04595250434,-0.2940142751,9.177898619e-08
0.04596250434,-0.233418867,7.728242934e-08
0.04597250434,-0.1719022691,6.248086493e-08
0.04598250434,-0.1097072288,4.743272441e-08
0.04599250434,-0.04707923904,3.219738787e-08
0.04600250434,0.01573455706,1.683498319e-08
0.04601250434,0.0784862563,1.406137651e-09
0.04602250434,0.1409282088,-1.402825767e-08
0.04603250434,0.2028139681,-2.940728905e-08
0.04604250434,0.2638993263,-4.467026216e-08
0.04605250434,0.3239431977,-5.975694251e-08
0.04606250434,0.3827086091,-7.460779727e-08
0.04607250434,0.4399636388,-8.916419603e-08
0.04608250434,0.4954823256,-1.033687127e-07
0.04609250434,0.5490455627,-1.171652784e-07
0.04610250434,0.6004419923,-1.304994441e-07
0.04611250434,0.6494687796,-1.433186014e-07
0.04612250434,0.6959323883,-1.555721241e-07
0.04613250434,0.739649415,-1.672116952e-07
0.04614250434,0.7804474235,-1.781913426e-07
0.04615250434,0.8181653619,-1.884677516e-07
0.04616250434,0.8526543975,-1.980003788e-07
0.04617250434,0.8837783933,-2.067515794e-07
0.04618250434,0.9114145041,-2.146868212e-07
0.04619250434,0.9354536533,-2.217747976e-07
0.04620250434,0.9558010101,-2.279875275e-07
0.04621250434,0.972376287,-2.333004971e-07
0.04622250434,0.985114038,-2.376927313e-07
0.04623250434,0.9939639568,-2.411469211e-07
0.04624250434,0.9988911748,-2.436493958e-07
0.04625250434,0.9998762012,-2.451902787e-07
0.04626250434,0.9969152212,-2.457635446e-07
0.04627250434,0.9900197983,-2.453668628e-07
0.04628250434,0.9792172909,-2.440018534e-07
0.04629250434,0.9645502567,-2.41673888e-07
0.04630250434,0.9460765123,-2.383921185e-07
0.04631250434,0.923869133,-2.341695335e-07
0.04632250434,0.8980156183,-2.290227883e-07
0.04633250434,0.8686180115,-2.229722043e-07
0.04634250434,0.8357924223,-2.160416415e-07
0.04635250434,0.7996683121,-2.0825847e-07
0.04636250434,0.7603882551,-1.996533854e-07
0.04637250434,0.7181073427,-1.902603657e-07
0.04638250434,0.6729923487,-1.801164728e-07
0.04639250434,0.6252213717,-1.692617531e-07
0.04640250434,0.5749829412,-1.577390236e-07
0.04641250434,0.5224753618,-1.455937735e-07
0.04642250434,0.46790573,-1.328739359e-07
0.04643250434,0.4114895165,-1.196296893e-07
0.04644250434,0.3534493446,-1.059133368e-07
0.04645250434,0.2940142751,-9.177898619e-08
0.04646250434,0.233418867,-7.728242934e-08
0.04647250434,0.1719022691,-6.248086493e-08
0.04648250434,0.1097072288,-4.743272441e-08
0.04649250434,0.04707923904,-3.219738787e-08
0.04650250434,-0.01573455706,-1.683498319e-08
0.04651250434,-0.0784862563,-1.406137651e-09
0.04652250434,-0.1409282088,1.402825767e-08
0.04653250434,-0.2028139681,2.940728905e-08
0.04654250434,-0.2638993263,4.467026216e-08
0.04655250434,-0.3239431977,5.975694251e-08
0.04656250434,-0.3827086091,7.460779727e-08
0.04657250434,-0.4399636388,8.916419603e-08
0.04658250434,-0.4954823256,1.033687127e-07
0.04659250434,-0.5490455627,1.171652784e-07
0.04660250434,-0.6004419923,1.304994441e-07
0.04661250434,-0.6494687796,1.433186014e-07
0.04662250434,-0.6959323883,1.555721241e-07
0.04663250434,-0.739649415,1.672116952e-07
0.04664250434,-0.7804474235,1.781913426e-07
0.04665250434,-0.8181653619,1.884677516e-07
0.04666250434,-0.8526543975,1.980003788e-07
0.04667250434,-0.8837783933,2.067515794e-07
0.04668250434,-0.9114145041,2.146868212e-07
0.04669250434,-0.9354536533,2.217747976e-07
0.04670250434,-0.9558010101,2.279875275e-07
0.04671250434,-0.972376287,2.333004971e-07
0.04672250434,-0.985114038,2.376927313e-07
0.04673250434,-0.9939639568,2.411469211e-07
0.04674250434,-0.9988911748,2.436493958e-07
0.04675250434,-0.9998762012,2.451902787e-07
0.04676250434,-0.9969152212,2.457635446e-07
0.04677250434,-0.9900197983,2.453668628e-07
0.04678250434,-0.9792172909,2.440018534e-07
0.04679250434,-0.9645502567,2.41673888e-07
0.04680250434,-0.9460765123,2.383921185e-07
0.04681250434,-0.923869133,2.341695335e-07
0.04682250434,-0.8980156183,2.290227883e-07
0.04683250434,-0.8686180115,2.229722043e-07
0.04684250434,-0.8357924223,2.160416415e-07
0.04685250434,-0.7996683121,2.0825847e-07
0.04686250434,-0.7603882551,1.996533854e-07
0.04687250434,-0.7181073427,1.902603657e-07
0.04688250434,-0.6729923487,1.801164728e-07
0.04689250434,-0.6252213717,1.692617531e-07
0.04690250434,-0.5749829412,1.577390236e-07
0.04691250434,-0.5224753618,1.455937735e-07
0.04692250434,-0.46790573,1.328739359e-07
0.04693250434,-0.4114895165,1.196296893e-07
0.04694250434,-0.3534493446,1.059133368e-07
0.04695250434,-0.2940142751,9.177898619e-08
0.04696250434,-0.233418867,7.728242934e-08
0.04697250434,-0.1719022691,6.248086493e-08
0.04698250434,-0.1097072288,4.743272441e-08
0.04699250434,-0.04707923904,3.219738787e-08
0.04700250434,0.01573455706,1.683498319e-08
0.04701250434,0.0784862563,1.406137651e-09
0.04702250434,0.1409282088,-1.402825767e-08
0.04703250434,0.2028139681,-2.940728905e-08
0.04704250434,0.2638993263,-4.467026216e-08
0.04705250434,0.3239431977,-5.975694251e-08
0.04706250434,0.3827086091,-7.460779727e-08
0.04707250434,0.4399636388,-8.916419603e-08
0.04708250434,0.4954823256,-1.033687127e-07
0.04709250434,0.5490455627,-1.171652784e-07
0.04710250434,0.6004419923,-1.304994441e-07
0.04711250434,0.6494687796,-1.433186014e-07
0.04712250434,0.6959323883,-1.555721241e-07
0.04713250434,0.739649415,-1.672116952e-07
0.04714250434,0.7804474235,-1.781913426e-07
0.04715250434,0.8181653619,-1.884677516e-07
0.04716250434,0.8526543975,-1.980003788e-07
0.04717250434,0.8837783933,-2.067515794e-07
0.04718250434,0.9114145041,-2.146868212e-07
0.04719250434,0.9354536533,-2.217747976e-07
0.04720250434,0.9558010101,-2.279875275e-07
0.04721250434,0.972376287,-2.333004971e-07
0.04722250434,0.985114038,-2.376927313e-07
0.04723250434,0.9939639568,-2.411469211e-07
0.04724250434,0.9988911748,-2.436493958e-07
0.04725250434,0.9998762012,-2.451902787e-07
0.04726250434,0.9969152212,-2.457635446e-07
0.04727250434,0.9900197983,-2.453668628e-07
0.04728250434,0.9792172909,-2.440018534e-07
0.04729250434,0.9645502567,-2.41673888e-07
0.04730250434,0.9460765123,-2.383921185e-07
0.04731250434,0.923869133,-2.341695335e-07
0.04732250434,0.8980156183,-2.290227883e-07
0.04733250434,0.8686180115,-2.229722043e-07
0.04734250434,0.8357924223,-2.160416415e-07
0.04735250434,0.7996683121,-2.0825847e-07
0.04736250434,0.7603882551,-1.996533854e-07
0.04737250434,0.7181073427,-1.902603657e-07
0.04738250434,0.6729923487,-1.801164728e-07
0.04739250434,0.6252213717,-1.692617531e-07
0.04740250434,0.5749829412,-1.577390236e-07
0.04741250434,0.5224753618,-1.455937735e-07
0.04742250434,0.46790573,-1.328739359e-07
0.04743250434,0.4114895165,-1.196296893e-07
0.04744250434,0.3534493446,-1.059133368e-07
0.04745250434,0.2940142751,-9.177898619e-08
0.04746250434,0.233418867,-7.728242934e-08
0.04747250434,0.1719022691,-6.248086493e-08
0.04748250434,0.1097072288,-4.743272441e-08
0.04749250434,0.04707923904,-3.219738787e-08
0.04750250434,-0.01573455706,-1.683498319e-08
0.04751250434,-0.0784862563,-1.406137651e-09
0.04752250434,-0.1409282088,1.402825767e-08
0.04753250434,-0.2028139681,2.940728905e-08
0.04754250434,-0.2638993263,4.467026216e-08
0.04755250434,-0.3239431977,5.975694251e-08
0.04756250434,-0.3827086091,7.460779727e-08
0.04757250434,-0.4399636388,8.916419603e-08
0.04758250434,-0.4954823256,1.033687127e-07
0.04759250434,-0.5490455627,1.171652784e-07
0.04760250434,-0.6004419923,1.304994441e-07
0.04761250434,-0.6494687796,1.433186014e-07
0.04762250434,-0.6959323883,1.555721241e-07
0.04763250434,-0.739649415,1.672116952e-07
0.04764250434,-0.7804474235,1.781913426e-07
0.04765250434,-0.8181653619,1.884677516e-07
0.04766250434,-0.8526543975,1.980003788e-07
0.04767250434,-0.8837783933,2.067515794e-07
0.04768250434,-0.9114145041,2.146868212e-07
0.04769250434,-0.9354536533,2.217747976e-07
0.04770250434,-0.9558010101,2.279875275e-07
0.04771250434,-0.972376287,2.333004971e-07
0.04772250434,-0.985114038,2.376927313e-07
0.04773250434,-0.9939639568,2.411469211e-07
0.04774250434,-0.9988911748,2.436493958e-07
0.04775250434,-0.9998762012,2.451902787e-07
0.04776250434,-0.9969152212,2.457635446e-07
0.04777250434,-0.9900197983,2.453668628e-07
0.04778250434,-0.9792172909,2.440018534e-07
0.04779250434,-0.9645502567,2.41673888e-07
0.04780250434,-0.9460765123,2.383921185e-07
0.04781250434,-0.923869133,2.341695335e-07
0.04782250434,-0.8980156183,2.290227883e-07
0.04783250434,-0.8686180115,2.229722043e-07
0.04784250434,-0.8357924223,2.160416415e-07
0.04785250434,-0.7996683121,2.0825847e-07
0.04786250434,-0.7603882551,1.996533854e-07
0.04787250434,-0.7181073427,1.902603657e-07
0.04788250434,-0.6729923487,1.801164728e-07
0.04789250434,-0.6252213717,1.692617531e-07
0.04790250434,-0.5749829412,1.577390236e-07
0.04791250434,-0.5224753618,1.455937735e-07
0.04792250434,-0.46790573,1.328739359e-07
0.04793250434,-0.4114895165,1.196296893e-07
0.04794250434,-0.3534493446,1.059133368e-07
0.04795250434,-0.2940142751,9.177898619e-08
0.04796250434,-0.233418867,7.728242934e-08
0.04797250434,-0.1719022691,6.248086493e-08
0.04798250434,-0.1097072288,4.743272441e-08
0.04799250434,-0.04707923904,3.219738787e-08
0.04800250434,0.01573455706,1.683498319e-08
0.04801250434,0.0784862563,1.406137651e-09
0.04802250434,0.1409282088,-1.402825767e-08
0.04803250434,0.2028139681,-2.940728905e-08
0.04804250434,0.2638993263,-4.467026216e-08
0.04805250434,0.3239431977,-5.975694251e-08
0.04806250434,0.3827086091,-7.460779727e-08
0.04807250434,0.4399636388,-8.916419603e-08
0.04808250434,0.4954823256,-1.033687127e-07
0.04809250434,0.5490455627,-1.171652784e-07
0.04810250434,0.6004419923,-1.304994441e-07
0.04811250434,0.6494687796,-1.433186014e-07
0.04812250434,0.6959323883,-1.555721241e-07
0.04813250434,0.739649415,-1.672116952e-07
0.04814250434,0.7804474235,-1.781913426e-07
0.04815250434,0.8181653619,-1.884677516e-07
0.04816250434,0.8526543975,-1.980003788e-07
0.04817250434,0.8837783933,-2.067515794e-07
0.04818250434,0.9114145041,-2.146868212e-07
0.04819250434,0.9354536533,-2.217747976e-07
0.04820250434,0.9558010101,-2.279875275e-07
0.04821250434,0.972376287,-2.333004971e-07
0.04822250434,0.985114038,-2.376927313e-07
0.04823250434,0.9939639568,-2.411469211e-07
0.04824250434,0.9988911748,-2.436493958e-07
0.04825250434,0.9998762012,-2.451902787e-07
0.04826250434,0.9969152212,-2.457635446e-07
0.04827250434,0.9900197983,-2.453668628e-07
0.04828250434,0.9792172909,-2.440018534e-07
0.04829250434,0.9645502567,-2.41673888e-07
0.04830250434,0.9460765123,-2.383921185e-07
0.04831250434,0.923869133,-2.341695335e-07
0.04832250434,0.8980156183,-2.290227883e-07
0.04833250434,0.8686180115,-2.229722043e-07
0.04834250434,0.8357924223,-2.160416415e-07
0.04835250434,0.7996683121,-2.0825847e-07
0.04836250434,0.7603882551,-1.996533854e-07
0.04837250434,0.7181073427,-1.902603657e-07
0.04838250434,0.6729923487,-1.801164728e-07
0.04839250434,0.6252213717,-1.692617531e-07
0.04840250434,0.5749829412,-1.577390236e-07
0.04841250434,0.5224753618,-1.455937735e-07
0.04842250434,0.46790573,-1.328739359e-07
0.04843250434,0.4114895165,-1.196296893e-07
0.04844250434,0.3534493446,-1.059133368e-07
0.04845250434,0.2940142751,-9.177898619e-08
0.04846250434,0.233418867,-7.728242934e-08
0.04847250434,0.1719022691,-6.248086493e-08
0.04848250434,0.1097072288,-4.743272441e-08
0.04849250434,0.04707923904,-3.219738787e-08
0.04850250434,-0.01573455706,-1.683498319e-08
0.04851250434,-0.0784862563,-1.406137651e-09
0.04852250434,-0.1409282088,1.402825767e-08
0.04853250434,-0.2028139681,2.940728905e-08
0.04854250434,-0.2638993263,4.467026216e-08
0.04855250434,-0.3239431977,5.975694251e-08
0.04856250434,-0.3827086091,7.460779727e-08
0.04857250434,-0.4399636388,8.916419603e-08
0.04858250434,-0.4954823256,1.033687127e-07
0.04859250434,-0.5490455627,1.171652784e-07
0.04860250434,-0.6004419923,1.304994441e-07
0.04861250434,-0.6494687796,1.433186014e-07
0.04862250434,-0.6959323883,1.555721241e-07
0.04863250434,-0.739649415,1.672116952e-07
0.04864250434,-0.7804474235,1.781913426e-07
0.04865250434,-0.8181653619,1.884677516e-07
0.04866250434,-0.8526543975,1.980003788e-07
0.04867250434,-0.8837783933,2.067515794e-07
0.04868250434,-0.9114145041,2.146868212e-07
0.04869250434,-0.9354536533,2.217747976e-07
0.04870250434,-0.9558010101,2.279875275e-07
0.04871250434,-0.972376287,2.333004971e-07
0.04872250434,-0.985114038,2.376927313e-07
0.04873250434,-0.9939639568,2.411469211e-07
0.04874250434,-0.9988911748,2.436493958e-07
0.04875250434,-0.9998762012,2.451902787e-07
0.04876250434,-0.9969152212,2.457635446e-07
0.04877250434,-0.9900197983,2.453668628e-07
0.04878250434,-0.9792172909,2.440018534e-07
0.04879250434,-0.9645502567,2.41673888e-07
0.04880250434,-0.9460765123,2.383921185e-07
0.04881250434,-0.923869133,2.341695335e-07
0.04882250434,-0.8980156183,2.290227883e-07
0.04883250434,-0.8686180115,2.229722043e-07
0.04884250434,-0.8357924223,2.160416415e-07
0.04885250434,-0.7996683121,2.0825847e-07
0.04886250434,-0.7603882551,1.996533854e-07
0.04887250434,-0.7181073427,1.902603657e-07
0.04888250434,-0.6729923487,1.801164728e-07
0.04889250434,-0.6252213717,1.692617531e-07
0.04890250434,-0.5749829412,1.577390236e-07
0.04891250434,-0.5224753618,1.455937735e-07
0.04892250434,-0.46790573,1.328739359e-07
0.04893250434,-0.4114895165,1.196296893e-07
0.04894250434,-0.3534493446,1.059133368e-07
0.04895250434,-0.2940142751,9.177898619e-08
0.04896250434,-0.233418867,7.728242934e-08
0.04897250434,-0.1719022691,6.248086493e-08
0.04898250434,-0.1097072288,4.743272441e-08
0.04899250434,-0.04707923904,3.219738787e-08
0.04900250434,0.01573455706,1.683498319e-08
0.04901250434,0.0784862563,1.406137651e-09
0.04902250434,0.1409282088,-1.402825767e-08
0.04903250434,0.2028139681,-2.940728905e-08
0.04904250434,0.2638993263,-4.467026216e-08
0.04905250434,0.3239431977,-5.975694251e-08
0.04906250434,0.3827086091,-7.460779727e-08
0.04907250434,0.4399636388,-8.916419603e-08
0.04908250434,0.4954823256,-1.033687127e-07
0.04909250434,0.5490455627,-1.171652784e-07
0.04910250434,0.6004419923,-1.304994441e-07
0.04911250434,0.6494687796,-1.433186014e-07
0.04912250434,0.6959323883,-1.555721241e-07
0.04913250434,0.739649415,-1.672116952e-07
0.04914250434,0.7804474235,-1.781913426e-07
0.04915250434,0.8181653619,-1.884677516e-07
0.04916250434,0.8526543975,-1.980003788e-07
0.04917250434,0.8837783933,-2.067515794e-07
0.04918250434,0.9114145041,-2.146868212e-07
0.04919250434,0.9354536533,-2.217747976e-07
0.04920250434,0.9558010101,-2.279875275e-07
0.04921250434,0.972376287,-2.333004971e-07
0.04922250434,0.985114038,-2.376927313e-07
0.04923250434,0.9939639568,-2.411469211e-07
0.04924250434,0.9988911748,-2.436493958e-07
0.04925250434,0.9998762012,-2.451902787e-07
0.04926250434,0.9969152212,-2.457635446e-07
0.04927250434,0.9900197983,-2.453668628e-07
0.04928250434,0.9792172909,-2.440018534e-07
0.04929250434,0.9645502567,-2.41673888e-07
0.04930250434,0.9460765123,-2.383921185e-07
0.04931250434,0.923869133,-2.341695335e-07
0.04932250434,0.8980156183,-2.290227883e-07
0.04933250434,0.8686180115,-2.229722043e-07
0.04934250434,0.8357924223,-2.160416415e-07
0.04935250434,0.7996683121,-2.0825847e-07
0.04936250434,0.7603882551,-1.996533854e-07
0.04937250434,0.7181073427,-1.902603657e-07
0.04938250434,0.6729923487,-1.801164728e-07
0.04939250434,0.6252213717,-1.692617531e-07
0.04940250434,0.5749829412,-1.577390236e-07
0.04941250434,0.5224753618,-1.455937735e-07
0.04942250434,0.46790573,-1.328739359e-07
0.04943250434,0.4114895165,-1.196296893e-07
0.04944250434,0.3534493446,-1.059133368e-07
0.04945250434,0.2940142751,-9.177898619e-08
0.04946250434,0.233418867,-7.728242934e-08
0.04947250434,0.1719022691,-6.248086493e-08
0.04948250434,0.1097072288,-4.743272441e-08
0.04949250434,0.04707923904,-3.219738787e-08
0.04950250434,-0.01573455706,-1.683498319e-08
0.04951250434,-0.0784862563,-1.406137651e-09
0.04952250434,-0.1409282088,1.402825767e-08
0.04953250434,-0.2028139681,2.940728905e-08
0.04954250434,-0.2638993263,4.467026216e-08
0.04955250434,-0.3239431977,5.975694251e-08
0.04956250434,-0.3827086091,7.460779727e-08
0.04957250434,-0.4399636388,8.916419603e-08
0.04958250434,-0.4954823256,1.033687127e-07
0.04959250434,-0.5490455627,1.171652784e-07
0.04960250434,-0.6004419923,1.304994441e-07
0.04961250434,-0.6494687796,1.433186014e-07
0.04962250434,-0.6959323883,1.555721241e-07
0.04963250434,-0.739649415,1.672116952e-07
0.04964250434,-0.7804474235,1.781913426e-07
0.04965250434,-0.8181653619,1.884677516e-07
0.04966250434,-0.8526543975,1.980003788e-07
0.04967250434,-0.8837783933,2.067515794e-07
0.04968250434,-0.9114145041,2.146868212e-07
0.04969250434,-0.9354536533,2.217747976e-07
0.04970250434,-0.9558010101,2.279875275e-07
0.04971250434,-0.972376287,2.333004971e-07
0.04972250434,-0.985114038,2.376927313e-07
0.04973250434,-0.9939639568,2.411469211e-07
0.04974250434,-0.9988911748,2.436493958e-07
0.04975250434,-0.9998762012,2.451902787e-07
0.04976250434,-0.9969152212,2.457635446e-07
0.04977250434,-0.9900197983,2.453668628e-07
0.04978250434,-0.9792172909,2.440018534e-07
0.04979250434,-0.9645502567,2.41673888e-07
0.04980250434,-0.9460765123,2.383921185e-07
0.04981250434,-0.923869133,2.341695335e-07
0.04982250434,-0.8980156183,2.290227883e-07
0.04983250434,-0.8686180115,2.229722043e-07
0.04984250434,-0.8357924223,2.160416415e-07
0.04985250434,-0.7996683121,2.0825847e-07
0.04986250434,-0.7603882551,1.996533854e-07
0.04987250434,-0.7181073427,1.902603657e-07
0.04988250434,-0.6729923487,1.801164728e-07
0.04989250434,-0.6252213717,1.692617531e-07
0.04990250434,-0.5749829412,1.577390236e-07
0.04991250434,-0.5224753618,1.455937735e-07
0.04992250434,-0.46790573,1.328739359e-07
0.04993250434,-0.4114895165,1.196296893e-07
0.04994250434,-0.3534493446,1.059133368e-07
0.04995250434,-0.2940142751,9.177898619e-08
0.04996250434,-0.233418867,7.728242934e-08
0.04997250434,-0.1719022691,6.248086493e-08
0.04998250434,-0.1097072288,4.743272441e-08
0.04999250434,-0.04707923904,3.219738787e-08
0.05,1.964386719e-15,2.068931693e-08
