time_s,input_v,output_v
0,0,0
9.99999944e-11,6.28318503e-07,6.217174849e-17
1.999999888e-10,1.256637006e-06,2.486849558e-16
3.999999776e-10,2.513274012e-06,9.947295529e-16
7.999999552e-10,5.026548024e-06,6.216853797e-15
1.59999991e-09,1.005309605e-05,4.649853433e-14
3.199999821e-09,2.01061921e-05,3.6571462e-13
6.399999641e-09,4.021238419e-05,2.912616762e-12
1.279999928e-08,8.042476838e-05,2.326213874e-11
2.559999857e-08,0.0001608495368,1.858145027e-10
5.119999713e-08,0.0003216990735,1.482676759e-09
1.023999943e-07,0.0006433980889,1.180167253e-08
2.047999885e-07,0.001286795945,9.347120056e-08
4.09599977e-07,0.002573589794,7.330441463e-07
8.191999541e-07,0.005147162359,5.639248229e-06
1.43124198e-06,0.008992637508,2.805183976e-05
2.135128491e-06,0.01341500599,8.668169903e-05
2.85510354e-06,0.01793818176,0.0001944049873
3.493542045e-06,0.0219488088,0.0003379826085
4.088847366e-06,0.02568816021,0.0005174183752
4.682089065e-06,0.02941418998,0.0007432242273
5.280247925e-06,0.0331706889,0.001020740019
5.871703054e-06,0.03688462824,0.00134598813
6.605376674e-06,0.04149089381,0.00182130537
7.52972787e-06,0.04729302973,0.00253480603
8.849783822e-06,0.0555761829,0.00377527927
1.056806668e-05,0.0663523376,0.005772713106
1.294421853e-05,0.08124128729,0.009213169105
1.614311587e-05,0.1012563556,0.014981227
2.074032024e-05,0.1299467534,0.02524328977
2.757385903e-05,0.1723862439,0.0439662151
3.757385903e-05,0.2338965833,0.07696533203
4.757385903e-05,0.2944838405,0.1148689762
5.757385903e-05,0.3539089262,0.1562922299
5.857385903e-05,0.359778434,0.1605959535
6.857385903e-05,0.4176544249,0.2048051059
6.957385903e-05,0.4233550727,0.2093392909
7.957385903e-05,0.4794056118,0.2554501891
8.057385903e-05,0.4849101901,0.260134846
9.057385903e-05,0.5388676524,0.3073996902
9.157385903e-05,0.5441498756,0.3121650517
0.000101573859,0.59575665,0.3599243164
0.000102573859,0.6007912755,0.3647081256
0.000112573859,0.649800837,0.4123696983
0.000113573859,0.6545639038,0.4171157777
0.000123573859,0.7007423043,0.4641442895
0.000124573859,0.7052109838,0.468801707
0.000134573859,0.7483376861,0.5147114992
0.000135573859,0.7524906397,0.5192340612
0.000145573859,0.7923598289,0.5635844469
0.000146573859,0.7961772084,0.567930162
0.000156573859,0.8325983882,0.6103212237
0.000157573859,0.8360620737,0.6144521236
0.000167573859,0.8688613772,0.6545220613
0.000168573859,0.8719546795,0.6584036946
0.000178573859,0.9009754658,0.6958260536
0.000179573859,0.9036837816,0.6994275451
0.000189573859,0.9287874699,0.7339090705
0.000190573859,0.9310977459,0.7372027636
0.000200573859,0.9521645308,0.7684821486
0.000201573859,0.9540657997,0.771443367
0.000211573859,0.9709950089,0.7992895842
0.000212573859,0.9724781513,0.8018966913
0.000222573859,0.9851890206,0.8261078596
0.000223573859,0.9862469435,0.8283421993
0.000233573859,0.9946787357,0.8487448096
0.000234573859,0.9953064322,0.8505903482
0.000244573859,0.9994188547,0.8670383692
0.000245573859,0.9996133447,0.8684818745
0.000255573859,0.9993867874,0.8808560371
0.000265573859,0.9952161908,0.8894454837
0.000275573859,0.9871178865,0.894192636
0.000285573859,0.9751238823,0.8950588107
0.000295573859,0.9592815042,0.8920238614
0.000305573859,0.9396532774,0.8850859404
0.000315573859,0.9163166881,0.8742610216
0.000325573859,0.8893638253,0.8595824838
0.000326573859,0.8864735961,0.857904017
0.000336573859,0.8556662202,0.839045465
0.000337573859,0.8523976207,0.8369526267
0.000347573859,0.8178827763,0.8139970899
0.000348573859,0.8142514229,0.8114992976
0.000358573859,0.7761939764,0.784551084
0.000359573859,0.7722172141,0.7816597819
0.000369573859,0.7307989001,0.750843823
0.000370573859,0.7264956236,0.7475725412
0.000380573859,0.6819142699,0.7130333185
0.000381573859,0.6773051023,0.7093974948
0.000391573859,0.629773438,0.6712985635
0.000392573859,0.6248804331,0.6673154831
0.000402573859,0.5746254921,0.6258381605
0.000403573859,0.5694719553,0.6215267181
0.000413573859,0.516733706,0.5768693089
0.000414573859,0.511344254,0.572250247
0.000424573859,0.4563745558,0.5246267915
0.000425573859,0.4507748783,0.5197222233
0.000435573859,0.3938362002,0.4693615139
0.000436573859,0.3880530894,0.4641950428
0.000446573859,0.3294172883,0.411339432
0.000447573859,0.3234783411,0.4059359431
0.000457573859,0.2634254098,0.3508400023
0.000458573859,0.2573589683,0.345225513
0.000468573859,0.1961756647,0.2881549001
0.000469573859,0.1900107414,0.2823565304
0.000479573859,0.1279891878,0.2235865593
0.000480573859,0.1217551976,0.2176322341
0.000490573859,0.05919156969,0.1574465781
0.000491573859,0.05291827396,0.1513650715
0.000501573859,-0.009888687171,0.09005432576
0.000502573859,-0.01617132872,0.08387501538
0.000512573859,-0.07892172784,0.02173529938
0.000513573859,-0.08518371731,0.01548802946
0.000523573859,-0.1475779116,-0.047180444
0.000524573859,-0.1537893564,-0.05346549302
0.000534573859,-0.2155294269,-0.116359897
0.000535573859,-0.2216606438,-0.1226523444
0.000545573859,-0.2824517787,-0.1854686886
0.000546573859,-0.2884735167,-0.1917381287
0.000556573859,-0.3480254412,-0.2541727424
0.000557573859,-0.3539089262,-0.2603888512
0.000567573859,-0.4119372666,-0.3221398592
0.000568573859,-0.4176544249,-0.3282725811
0.000578573859,-0.4738821089,-0.3890413046
0.000579573859,-0.4794056118,-0.3950609863
0.000589573859,-0.5335641503,-0.4545533955
0.000590573859,-0.5388676524,-0.4604308903
0.000600573859,-0.5906984806,-0.5183591247
0.000601573859,-0.59575665,-0.524066031
0.000611573859,-0.6450121999,-0.580149591
0.000612573859,-0.649800837,-0.5856581926
0.000622573859,-0.6962459683,-0.6396254897
0.000623573859,-0.7007423043,-0.6449092031
0.000633573859,-0.7441552281,-0.6964986324
0.000634573859,-0.7483376861,-0.7015317678
0.000644573859,-0.7885110974,-0.7504932284
0.000645573859,-0.7923598289,-0.755251348
0.000655573859,-0.8291018605,-0.8013472557
0.000656573859,-0.8325983882,-0.8058072925
0.000666573859,-0.8657336831,-0.8488137126
0.000667573859,-0.8688613772,-0.85295403
0.000677573859,-0.8982316256,-0.8926618099
0.000678573859,-0.9009754658,-0.8964622021
0.000688573859,-0.926440537,-0.9326779842
0.000689573859,-0.9287874699,-0.9361199737
0.000699573859,-0.9502257109,-0.9686671495
0.000700573859,-0.9521645308,-0.9717338681
0.000710573859,-0.9694735408,-1.000453353
0.000711573859,-0.9709950089,-1.00312984
0.000721573859,-0.984092176,-1.027880669
0.000722573859,-0.9851890206,-1.030153751
0.000732573859,-0.9940117598,-1.050814271
0.000733573859,-0.9946787357,-1.052672744
0.000743573859,-0.9991849661,-1.069140553
0.000744573859,-0.9994188547,-1.070575237
0.000754573859,-0.999587059,-1.082768083
0.000764573859,-0.9958103895,-1.091020703
0.000774573859,-0.9881036282,-1.095297337
0.000784573859,-0.9764973521,-1.095578432
0.000794573859,-0.9610372186,-1.091859818
0.000804573859,-0.9417843819,-1.084153414
0.000814573859,-0.9188147187,-1.072486639
0.000824573859,-0.8922188878,-1.056902885
0.000825573859,-0.8893638253,-1.055130601
0.000835573859,-0.8589010239,-1.035306573
0.000836573859,-0.8556662202,-1.033114433
0.000846573859,-0.8214818835,-1.009141445
0.000847573859,-0.8178827763,-1.006539464
0.000857573859,-0.7801401615,-0.978528738
0.000858573859,-0.7761939764,-0.9755291343
0.000868573859,-0.735073328,-0.9436110854
0.000869573859,-0.7307989001,-0.940227747
0.000879573859,-0.6864964962,-0.9045515656
0.000880573859,-0.6819142699,-0.9008004069
0.000890573859,-0.6346416473,-0.8615332246
0.000891573859,-0.629773438,-0.857431829
0.000901573859,-0.5797563791,-0.8147580028
0.000902573859,-0.5746254921,-0.810325563
0.000912573859,-0.5221028328,-0.7644457221
0.000913573859,-0.516733706,-0.7597030997
0.000923573859,-0.461956203,-0.7108331919
0.000924573859,-0.4563745558,-0.7058027983
0.000934573859,-0.3996037841,-0.6541730762
0.000935573859,-0.3938362002,-0.648878634
0.000945573859,-0.3353432417,-0.5947325826
0.000946573859,-0.3294172883,-0.5891990066
0.000956573859,-0.2694814205,-0.5327920914
0.000957573859,-0.2634254098,-0.527045548
0.000967573859,-0.2023328394,-0.4686442316
0.000968573859,-0.1961756647,-0.4627117813
0.000978573859,-0.1342181265,-0.4025919139
0.000979573859,-0.1279891878,-0.3965016603
0.000989573859,-0.06546252966,-0.3349473476
0.000990573859,-0.05919156969,-0.32872805
0.001000573859,0.003605654929,-0.2660303116
0.001001573859,0.009888687171,-0.2597114146
0.001011573859,0.07265662402,-0.1961667538
0.001012573859,0.07892172784,-0.1897781044
0.001022573859,0.1413606554,-0.1256870925
0.001023573859,0.1475779116,-0.1192589253
0.001033573859,0.2093897015,-0.05492477864
0.001034573859,0.2155294269,-0.04848750308
0.001044573859,0.2764188945,0.01578539796
0.001045573859,0.2824517787,0.02220131829
0.001055573859,0.3421282172,0.086108841
0.001056573859,0.3480254412,0.09247304499
0.001066573859,0.406203866,0.1557127684
0.001067573859,0.4119372666,0.1619951576
0.001077573859,0.4683398902,0.2242678404
0.001078573859,0.4738821089,0.2304386646
0.001088573859,0.5282396078,0.291449666
0.001089573859,0.5335641503,0.2974797189
0.001099573859,0.5856170058,0.3569403589
0.001100573859,0.5906984806,0.3628011346
0.001110573859,0.6401980519,0.4204301238
0.001111573859,0.6450121999,0.4260939062
0.001121573859,0.6917221546,0.4816187024
0.001122573859,0.6962459683,0.4870586991
0.001132573859,0.7399433255,0.5402167439
0.001133573859,0.7441552281,0.5454072356
0.001143573859,0.7846313119,0.5959472656
0.001144573859,0.7885110974,0.6008636951
0.001154573859,0.8255726099,0.6485469341
0.001155573859,0.8291018605,0.6531661153
0.001165573859,0.8625718355,0.6977674365
0.001166573859,0.8657336831,0.702067554
0.001176573859,0.8954523206,0.7433763742
0.001177573859,0.8982316256,0.7473371625
0.001187573859,0.9240570068,0.7851587534
0.001188573859,0.926440537,0.7887614965
0.001198573859,0.9482493401,0.8229177594
0.001199573859,0.9502257109,0.8261455297
0.001209573859,0.9679138064,0.8564757109
0.001210573859,0.9694735408,0.8593133092
0.001220573859,0.9829564691,0.8856750131
0.001221573859,0.984092176,0.8881092072
0.001231573859,0.9933055639,0.9103788733
0.001232573859,0.9940117598,0.9123982191
0.001242573859,0.9989116192,0.9304719567
0.001243573859,0.9991849661,0.932066977
0.001253573859,0.9997478724,0.9458607435
0.001263573859,0.9963652492,0.9557080865
0.001273573859,0.9890504479,0.9615718722
0.001283573859,0.9778322577,0.9634309411
0.001293573859,0.962755084,0.9612796307
0.001303573859,0.943878293,0.9551284313
0.001313573859,0.9212764502,0.9450032115
0.001323573859,0.8950387836,0.9309459329
0.001324573859,0.8922188878,0.9293254614
0.001334573859,0.8621019125,0.9110095501
0.001335573859,0.8589010239,0.9089672565
0.001345573859,0.8250485063,0.8864824176
0.001346573859,0.8214818835,0.8840282559
0.001356573859,0.784055531,0.8574839234
0.001357573859,0.7801401615,0.8546298146
0.001367573859,0.7393186688,0.8241548538
0.001368573859,0.735073328,0.8209146857
0.001378573859,0.6910516024,0.7866566777
0.001379573859,0.6864964962,0.7830460668
0.001389573859,0.6394847631,0.7451706529
0.001390573859,0.6346416473,0.7412070632
0.001400573859,0.584864378,0.6998971701
0.001401573859,0.5797563791,0.6955997348
0.001411573859,0.5274512768,0.6510546207
0.001412573859,0.5221028328,0.6464440227
0.001422573859,0.4675196409,0.5988784432
0.001423573859,0.461956203,0.5939769149
0.001433573859,0.4053555727,0.5436199307
0.001434573859,0.3996037841,0.5384511352
0.001444573859,0.341255933,0.4855451286
0.001445573859,0.3353432417,0.4801338911
0.001455573859,0.2755267918,0.4249334931
0.001456573859,0.2694814205,0.419305861
0.001466573859,0.208482042,0.3620765507
0.001467573859,0.2023328394,0.3562595844
0.001477573859,0.1404417753,0.2972765565
0.001478573859,0.1342181265,0.2912982106
0.001488573859,0.07173090428,0.2308449745
0.001489573859,0.06546252966,0.2247339934
0.001499573859,0.00267751934,0.1631011218
0.001500573859,-0.003605654929,0.1568868756
0.001510573859,-0.06638865173,0.09437048435
0.001511573859,-0.07265662402,0.08808282018
0.001521573859,-0.1351378113,0.02498327754
0.001522573859,-0.1413606554,0.01865240932
0.001532573859,-0.2032417059,-0.04472717643
0.001533573859,-0.2093897015,-0.05107084289
0.001543573859,-0.2703751028,-0.1144260317
0.001544573859,-0.2764188945,-0.1207520217
0.001554573859,-0.3362174928,-0.1837785244
0.001555573859,-0.3421282172,-0.1900564432
0.001565573859,-0.400454402,-0.252451539
0.001566573859,-0.406203866,-0.2586512566
0.001576573859,-0.4627791941,-0.3201152384
0.001577573859,-0.4683398902,-0.3262069821
0.001587573859,-0.5228942037,-0.386444658
0.001588573859,-0.5282396078,-0.3923991323
0.001598573859,-0.5805124044,-0.4511211514
0.001599573859,-0.5856170058,-0.4569097757
0.001609573859,-0.6353586316,-0.5138339996
0.001610573859,-0.6401980519,-0.519429028
0.001620573859,-0.687171042,-0.5742819905
0.001621573859,-0.6917221546,-0.5796564221
0.001631573859,-0.7357022762,-0.6321746111
0.001632573859,-0.7399433255,-0.6373026371
0.001642573859,-0.7807204723,-0.6872335672
0.001643573859,-0.7846313119,-0.6920905709
0.001653573859,-0.8220107555,-0.7391942143
0.001654573859,-0.8255726099,-0.7437568307
0.001664573859,-0.8593759537,-0.7878065705
0.001665573859,-0.8625718355,-0.7920529246
0.001675573859,-0.89263767,-0.832836926
0.001676573859,-0.8954523206,-0.8367464542
0.001686573859,-0.9216369987,-0.8740683198
0.001687573859,-0.9240570068,-0.8776223063
0.001697573859,-0.9462355971,-0.9113022685
0.001698573859,-0.9482493401,-0.9144835472
0.001708573859,-0.9663158655,-0.9443592429
0.001709573859,-0.9679138064,-0.9471524358
0.001719573859,-0.9817820191,-0.9730796814
0.001720573859,-0.9829564691,-0.9754713774
0.001730573859,-0.9925601482,-0.9973248243
0.001731573859,-0.9933055639,-0.9993033409
0.001741573859,-0.9985988736,-1.016977191
0.001742573859,-0.9989116192,-1.018532991
0.001752573859,-0.9998692274,-1.031941295
0.001762573859,-0.9968808293,-1.041414499
0.001772573859,-0.9899581671,-1.046913981
0.001782573859,-0.9791285992,-1.048416972
0.001792573859,-0.9644348621,-1.04591608
0.001802573859,-0.9459349513,-1.039420128
0.001812573859,-0.9237018228,-1.028953433
0.001822573859,-0.8978233337,-1.014556289
0.001823573859,-0.8950387836,-1.012901902
0.001833573859,-0.8652687669,-0.9942461252
0.001834573859,-0.8621019125,-0.9921697974
0.001844573859,-0.8285825849,-0.9693431258
0.001845573859,-0.8250485063,-0.9668546319
0.001855573859,-0.7879399657,-0.9399646521
0.001856573859,-0.784055531,-0.9370757341
0.001866573859,-0.743534863,-0.9062495232
0.001867573859,-0.7393186688,-0.9029738903
0.001877573859,-0.6955794692,-0.8683573008
0.001878573859,-0.6910516024,-0.8647103906
0.001888573859,-0.6443026662,-0.8264673352
0.001889573859,-0.6394847631,-0.8224664927
0.001899573859,-0.5899493098,-0.7807783484
0.001900573859,-0.584864378,-0.7764424682
0.001910573859,-0.5327789783,-0.7315070033
0.001911573859,-0.5274512768,-0.7268567085
0.001921573859,-0.4730646014,-0.6788871288
0.001922573859,-0.4675196409,-0.6739445329
0.001932573859,-0.4110913575,-0.6231686473
0.001933573859,-0.4053555727,-0.6179571748
0.001943573859,-0.3471551538,-0.5646162033
0.001944573859,-0.341255933,-0.5591606498
0.001954573859,-0.2815613151,-0.5035079718
0.001955573859,-0.2755267918,-0.4978342354
0.001965573859,-0.2146230042,-0.4401344359
0.001966573859,-0.208482042,-0.4342694879
0.001976573859,-0.1466598809,-0.3747968376
0.001977573859,-0.1404417753,-0.3687685728
0.001987573859,-0.07799644768,-0.3078058362
0.001988573859,-0.07173090428,-0.3016428947
0.001998573859,-0.008960587904,-0.239479959
0.001999573859,-0.00267751934,-0.2332116663
0.002009573859,0.06011805683,-0.1701441854
0.002010573859,0.06638865173,-0.1638003439
0.002020573859,0.1289096475,-0.1001282781
0.002021573859,0.1351378113,-0.09373907745
0.002031573859,0.1970856786,-0.02976528369
0.002032573859,0.2032417059,-0.0233611092
0.002042573859,0.2643206418,0.0406100899
0.002043573859,0.2703751028,0.04699876904
0.002053573859,0.3302934766,0.1106630564
0.002054573859,0.3362174928,0.1170058548
0.002064573859,0.3946891725,0.1800603569
0.002065573859,0.400454402,0.1863270998
0.002075573859,0.4572001994,0.248471871
0.002076573859,0.4627791941,0.2546327412
0.002086573859,0.5175281167,0.3155721426
0.002087573859,0.5228942037,0.3215978444
0.002097573859,0.5753848553,0.3810420036
0.002098573859,0.5805124044,0.3869038522
0.002108573859,0.6304941177,0.4445699751
0.002109573859,0.6353586316,0.4502401054
0.002119573859,0.6825928092,0.505853951
0.002120573859,0.687171042,0.5113053918
0.002130573859,0.7314321399,0.5646024942
0.002131573859,0.7357022762,0.5698093176
0.002141573859,0.7767788768,0.6205362082
0.002142573859,0.7807204723,0.6254736781
0.002152573859,0.8184164762,0.6733891964
0.002153573859,0.8220107555,0.6780338287
0.002163573859,0.8561461568,0.7229102254
0.002164573859,0.8593759537,0.7272399068
0.002174573859,0.8897877336,0.7688639164
0.002175573859,0.89263767,0.7728580832
0.002185573859,0.9191806316,0.8110319972
0.002186573859,0.9216369987,0.8146716952
0.002196573859,0.9441844225,0.8492141962
0.002197573859,0.9462355971,0.8524821997
0.002207573859,0.9646797776,0.8832293153
0.002208573859,0.9663158655,0.886110127
0.002218573859,0.9805687666,0.9129160643
0.002219573859,0.9817820191,0.9153959155
0.002229573859,0.9917755723,0.9381337166
0.002230573859,0.9925601482,0.9402009249
0.002240573859,0.9982466698,0.9587629437
0.002241573859,0.9985988736,0.9604077339
0.002251573859,0.9999511242,0.9747062922
0.002261573859,0.9973570108,0.9850700498
0.002271573859,0.9908267856,0.991459012
0.002281573859,0.9803862572,0.9938485026
0.002291573859,0.9660766125,0.9922299981
0.002301573859,0.9479542375,0.9866105318
0.002311573859,0.9260907769,0.9770129919
0.002321573859,0.9005724192,0.9634760618
0.002331573859,0.871499896,0.9460539222
0.002332573859,0.8684014678,0.9440999031
0.002342573859,0.8355525136,0.9224848151
0.002343573859,0.8320839405,0.9201163054
0.002353573859,0.7956153154,0.8944124579
0.002354573859,0.7917932272,0.891640842
0.002364573859,0.7518790364,0.8619718552
0.002365573859,0.7477217317,0.8588103652
0.002375573859,0.7045525908,0.8253186941
0.002376573859,0.7000798583,0.821782589
0.002386573859,0.6538619399,0.7846290469
0.002387573859,0.649095118,0.7807352543
0.002397573859,0.6000490785,0.7400981188
0.002398573859,0.5950109363,0.7358652949
0.002408573859,0.5433709621,0.6919394135
0.002409573859,0.5380855799,0.6873879433
0.002419573859,0.4840982854,0.64038378
0.002420573859,0.4785908759,0.6355354786
0.002430573859,0.4225140214,0.5856783986
0.002431573859,0.4168109298,0.5805564523
0.002441573859,0.3589122891,0.528085351
0.002442573859,0.3530406952,0.5227142572
0.002452573859,0.2935967445,0.4678804874
0.002453573859,0.2875846922,0.4622860253
0.002463573859,0.2268792689,0.4053521752
0.002464573859,0.2207555026,0.3995611072
0.002474573859,0.1590784639,0.3407998681
0.002475573859,0.1528721899,0.3348399401
0.002485573859,0.0905180499,0.2745326459
0.002486573859,0.08425891399,0.2684324086
0.002496573859,0.02152541652,0.2068677992
0.002497573859,0.01524330303,0.2006564438
0.002507573859,-0.04757000133,0.1381292492
0.002508573859,-0.05384509265,0.1318365186
0.002518573859,-0.1164382696,0.06864608824
0.002519573859,-0.12267638,0.0623021014
0.002529573859,-0.1847505569,-0.001249106601
0.002530573859,-0.1909218878,-0.007613979746
0.002540573859,-0.2521806359,-0.07122175395
0.002541573859,-0.2582557499,-0.07757704705
0.002551573859,-0.3184065819,-0.140936926
0.002552573859,-0.3243564367,-0.1472522318
0.002562573859,-0.3831121325,-0.2100609392
0.002563573859,-0.3889083266,-0.2163060158
0.002573573859,-0.4459883273,-0.2782629132
0.002574573859,-0.4516031742,-0.2844078839
0.002584573859,-0.5067349672,-0.3452164233
0.002585573859,-0.512141645,-0.351231873
0.002595573859,-0.5650618672,-0.4106009901
0.002596573859,-0.5702346563,-0.4164581001
0.002606573859,-0.6206907034,-0.4741035998
0.002607573859,-0.6256047487,-0.4797743559
0.002617573859,-0.6733556986,-0.5354202986
0.002618573859,-0.6779876351,-0.540877521
0.002628573859,-0.7228054404,-0.5942575336
0.002629573859,-0.7271331549,-0.5994750857
0.002639573859,-0.7688037753,-0.6503335834
0.002640573859,-0.7728065848,-0.6552865505
0.002650573859,-0.8111310601,-0.7033799887
0.002651573859,-0.8147898912,-0.7080445886
0.002661573859,-0.8495852947,-0.7531426549
0.002662573859,-0.8528825641,-0.7574965954
0.002672573859,-0.8839826584,-0.7993832827
0.002673573859,-0.8869027495,-0.8034057617
0.002683573859,-0.9141591191,-0.8418803811
0.002684573859,-0.9166879654,-0.8455520272
0.002694573859,-0.9399704337,-0.8804302812
0.002695573859,-0.9420960546,-0.883733511
0.002705573859,-0.9612933993,-0.9148481488
0.002706573859,-0.9630056024,-0.9177671671
0.002716573859,-0.9780262113,-0.944969058
0.002717573859,-0.9793168306,-0.9474897981
0.002727573859,-0.9900889397,-0.9706483483
0.002728573859,-0.9909518361,-0.9727588296
0.002738573859,-0.9974240065,-0.9917628765
0.002739573859,-0.9978550076,-0.9934527874
0.002749573859,-0.9999964237,-1.008211017
0.002759573859,-0.9981912971,-1.019047141
0.002769573859,-0.9924467206,-1.025918007
0.002779573859,-0.9827854633,-1.028795958
0.002789573859,-0.969245553,-1.027668953
0.002799573859,-0.9518805146,-1.022541165
0.002809573859,-0.9307588339,-1.013432145
0.002819573859,-0.9059638381,-1.000377536
0.002829573859,-0.8775934577,-0.9834281206
0.002830573859,-0.8745639324,-0.9815208316
0.002840573859,-0.8423904181,-0.9603646994
0.002841573859,-0.8389880061,-0.9580412507
0.002851573859,-0.8031650186,-0.9327788949
0.002852573859,-0.7994059324,-0.9300503731
0.002862573859,-0.7601044774,-0.9008017778
0.002863573859,-0.7560067177,-0.8976811767
0.002873573859,-0.7134144902,-0.8645853996
0.002874573859,-0.7089975476,-0.8610875607
0.002884573859,-0.6633179188,-0.8243021965
0.002885573859,-0.658602953,-0.8204437494
0.002895573859,-0.6100540161,-0.7801437974
0.002896573859,-0.605063498,-0.7759431005
0.002906573859,-0.5538771749,-0.7323204875
0.002907573859,-0.5486348867,-0.7277976274
0.002917573859,-0.4950554967,-0.6810601354
0.002918573859,-0.4895865619,-0.6762365103
0.002928573859,-0.4338699877,-0.626606822
0.002929573859,-0.4282004535,-0.6215054989
0.002939573859,-0.3706127405,-0.5692200065
0.002940573859,-0.3647696972,-0.5638653636
0.002950573859,-0.3055858016,-0.5091732144
0.002951573859,-0.2995971739,-0.5035906434
0.002961573859,-0.2390997112,-0.4467525482
0.002962573859,-0.2329940945,-0.4409687221
0.002972573859,-0.1714719236,-0.3822554946
0.002973573859,-0.1652784497,-0.3762979805
0.002983573859,-0.1030253544,-0.3159895241
0.002984573859,-0.09677360952,-0.3098866642
0.002994573859,-0.03408684582,-0.2482704669
0.002995573859,-0.02780667879,-0.2420514077
0.003005573859,0.03501443192,-0.1794211566
0.003006573859,0.04129302874,-0.1731155366
0.003016573859,0.1039485112,-0.1097698212
0.003017573859,0.1101955697,-0.103407681
0.003027573859,0.1723862439,-0.03964849561
0.003028573859,0.1785719246,-0.03326018155
0.003038573859,0.2400008291,0.03060850501
0.003039573859,0.2460955977,0.03699253872
0.003049573859,0.3064694107,0.100666225
0.003050573859,0.3124441803,0.1070155501
0.003060573859,0.3714746237,0.1701906621
0.003061573859,0.3773008287,0.1764750034
0.003071573859,0.4347060323,0.2388503551
0.003072573859,0.4403558671,0.2450397313
0.003082573859,0.4958617091,0.3063179255
0.003083573859,0.5013082027,0.3123828769
0.003093573859,0.5546497107,0.3722717762
0.003094573859,0.5598668456,0.3781833351
0.003104573859,0.6107891798,0.4363974035
0.003105573859,0.6157521009,0.4421274066
0.003115573859,0.6640121937,0.4983891547
0.003116573859,0.6686971188,0.5039103031
0.003126573859,0.7140645385,0.55795151
0.003127573859,0.7184491754,0.5632374287
0.003137573859,0.7607072592,0.6148004532
0.003138573859,0.764770627,0.6198260188
0.003148573859,0.8037176132,0.6686651707
0.003149573859,0.8074402809,0.6734063625
0.003159573859,0.842890203,0.7192887664
0.003160573859,0.846254468,0.7237230539
0.003170573859,0.8780380487,0.7664300799
0.003171573859,0.8810277581,0.7705362439
0.003181573859,0.9089931846,0.8098644018
0.003182573859,0.9115941525,0.8136229515
0.003192573859,0.9356079698,0.8493848443
0.003193573859,0.9378076792,0.8527778983
0.003203573859,0.957755208,0.8848031759
0.003204573859,0.9595432281,0.8878145218
0.003214573859,0.9753291607,0.9159507155
0.003215573859,0.9766969681,0.9185659885
0.003225573859,0.9882459641,0.9426791072
0.003226573859,0.9891870022,0.9448859096
0.003236573859,0.9964438677,0.9648612142
0.003237573859,0.9969536662,0.9666490555
0.003247573859,0.9998838305,0.9823915362
0.003248573859,0.9999598265,0.983751893
0.003258573859,0.9985492826,0.9951868653
0.003268573859,0.9931979179,1.002658367
0.003278573859,0.9839268327,1.006137252
0.003288573859,0.9707726836,1.00560987
0.003298573859,0.9537873268,1.001078844
0.003308573859,0.9330377579,0.9925622344
0.003318573859,0.9086059332,0.9800938964
0.003328573859,0.8805882931,0.9637234211
0.003329573859,0.8775934577,0.9618735313
0.003339573859,0.8457595706,0.9412862659
0.003340573859,0.8423904181,0.9390192032
0.003350573859,0.806892395,0.9143139124
0.003351573859,0.8031650186,0.9116404653
0.003361573859,0.764172256,0.8829354048
0.003362573859,0.7601044774,0.8798684478
0.003372573859,0.7178032398,0.8473010063
0.003373573859,0.7134144902,0.8438551426
0.003383573859,0.6680067778,0.8075812459
0.003384573859,0.6633179188,0.8037730455
0.003394573859,0.6150205135,0.7639661431
0.003395573859,0.6100540161,0.7598138452
0.003405573859,0.5590975285,0.7166644335
0.003406573859,0.5538771749,0.7121878266
0.003416573859,0.5005049109,0.665902257
0.003417573859,0.4950554967,0.6611227393
0.003427573859,0.4395223856,0.6119224429
0.003428573859,0.4338699877,0.6068629026
0.003438573859,0.3764411211,0.5549830198
0.003439573859,0.3706127405,0.549667716
0.003449573859,0.3115623593,0.4953563809
0.003450573859,0.3055858016,0.4898106158
0.003460573859,0.2451958954,0.4333274961
0.003461573859,0.2390997112,0.4275778532
0.003471573859,0.1776586175,0.3691929281
0.003472573859,0.1714719236,0.3632668853
0.003482573859,0.1092730314,0.3032593131
0.003483573859,0.1030253544,0.2971851826
0.003493573859,0.04036566615,0.2358418107
0.003494573859,0.03408684582,0.2296486199
0.003504573859,-0.02873444743,0.1672626883
0.003505573859,-0.03501443192,0.1609800607
0.003515573859,-0.09769735485,0.09784975648
0.003516573859,-0.1039485112,0.09150770307
0.003526573859,-0.1661937535,0.02793479338
0.003527573859,-0.1723862439,0.02156364359
0.003537573859,-0.2338965833,-0.04214800894
0.003538573859,-0.2400008291,-0.04851780459
0.003548573859,-0.3004825711,-0.1120636761
0.003549573859,-0.3064694107,-0.1184016764
0.003559573859,-0.3656337261,-0.1814780384
0.003560573859,-0.3714746237,-0.1877539307
0.003570573859,-0.4290390313,-0.2500592768
0.003571573859,-0.4347060323,-0.2562431097
0.003581573859,-0.4903956354,-0.3174796402
0.003582573859,-0.4958617091,-0.32354182
0.003592573859,-0.5494106412,-0.3834168613
0.003593573859,-0.5546497107,-0.3893284202
0.003603573859,-0.6058021784,-0.4475557804
0.003604573859,-0.6107891798,-0.4532884359
0.003614573859,-0.6593010426,-0.5095897913
0.003615573859,-0.6640121937,-0.5151161551
0.003625573859,-0.7096517682,-0.5692223907
0.003626573859,-0.7140645385,-0.574516058
0.003636573859,-0.7566139102,-0.6261684895
0.003637573859,-0.7607072592,-0.6312041879
0.003647573859,-0.7999632359,-0.6801559329
0.003648573859,-0.8037176132,-0.6849095225
0.003658573859,-0.8394926786,-0.7309265137
0.003659573859,-0.842890203,-0.7353753448
0.003669573859,-0.8750136495,-0.7782376409
0.003670573859,-0.8780380487,-0.7823603749
0.003680573859,-0.9063563943,-0.8218630552
0.003681573859,-0.9089931846,-0.8256399632
0.003691573859,-0.9333713055,-0.8615940809
0.003692573859,-0.9356079698,-0.8650072217
0.003702573859,-0.9559293389,-0.8972408175
0.003703573859,-0.957755208,-0.9002737403
0.003713573859,-0.9739229083,-0.9286327362
0.003714573859,-0.9753291607,-0.931270957
0.003724573859,-0.9872659445,-0.9556195736
0.003725573859,-0.9882459641,-0.9578505158
0.003735573859,-0.9958947897,-0.9780722857
0.003736573859,-0.9964438677,-0.9798852205
0.003746573859,-0.9997683167,-0.995883286
0.003747573859,-0.9998838305,-0.9972696304
0.003757573859,-0.998867929,-1.0089674
0.003767573859,-0.9939098954,-1.016706586
0.003777573859,-0.985029459,-1.020456553
0.003787573859,-0.9722614884,-1.020202041
0.003797573859,-0.9556564689,-1.015944004
0.003807573859,-0.9352799058,-1.007699013
0.003817573859,-0.9112122059,-0.9954993725
0.003827573859,-0.8835483789,-0.9793930054
0.003828573859,-0.8805882931,-0.9775692225
0.003838573859,-0.8490953445,-0.9572392702
0.003839573859,-0.8457595706,-0.9549975395
0.003849573859,-0.810587883,-0.9305409193
0.003850573859,-0.806892395,-0.9278919101
0.003860573859,-0.7682098746,-0.899425149
0.003861573859,-0.764172256,-0.8963814378
0.003871573859,-0.7221637368,-0.8640402555
0.003872573859,-0.7178032398,-0.8606163859
0.003882573859,-0.6726691723,-0.8245549202
0.003883573859,-0.6680067778,-0.8207672834
0.003893573859,-0.6199626923,-0.7811574936
0.003894573859,-0.6150205135,-0.7770240903
0.003904573859,-0.5642958879,-0.7340549231
0.003905573859,-0.5590975285,-0.7295954823
0.003915573859,-0.5059345961,-0.6834719181
0.003916573859,-0.5005049109,-0.6787076592
0.003926573859,-0.4451574087,-0.6296496987
0.003927573859,-0.4395223856,-0.6246033907
0.003937573859,-0.3822546601,-0.5728451014
0.003938573859,-0.3764411211,-0.5675408244
0.003948573859,-0.3175266087,-0.5133290887
0.003949573859,-0.3115623593,-0.5077921748
0.003959573859,-0.2512823939,-0.4513856471
0.003960573859,-0.2451958954,-0.4456425011
0.003970573859,-0.1838383079,-0.3873103261
0.003971573859,-0.1776586175,-0.3813883066
0.003981573859,-0.1155163944,-0.321408838
0.003982573859,-0.1092730314,-0.3153362274
0.003992573859,-0.04664289206,-0.2539956272
0.003993573859,-0.04036566615,-0.247801438
0.004003573859,0.02245333232,-0.1853924096
0.004004573859,0.02873444743,-0.179106161
0.004014573859,0.09144233912,-0.115926519
0.004015573859,0.09769735485,-0.1095782146
0.004025573859,0.1599947065,-0.04592943192
0.004026573859,0.1661937535,-0.03954936564
0.004036573859,0.2277831137,0.02426482923
0.004037573859,0.2338965833,0.03064621426
0.004047573859,0.2944838405,0.09432130307
0.004048573859,0.3004825711,0.1006735489
0.004058573859,0.359778434,0.1639056802
0.004059573859,0.3656337261,0.1701984853
0.004069573859,0.4233550727,0.2326859087
0.004070573859,0.4290390313,0.2388892323
0.004080573859,0.4849101901,0.3003337681
0.004081573859,0.4903956354,0.3064180315
0.004091573859,0.5441498756,0.3665264547
0.004092573859,0.5494106412,0.3724626005
0.004102573859,0.6007912755,0.4309481084
0.004103573859,0.6058021784,0.4367077947
0.004113573859,0.6545639038,0.4932913184
0.004114573859,0.6593010426,0.4988470972
0.004124573859,0.7052109838,0.5532585979
0.004125573859,0.7096517682,0.5585839152
0.004135573859,0.7524906397,0.610563755
0.004136573859,0.7566139102,0.6156332493
0.004146573859,0.7961772084,0.6649334431
0.004147573859,0.7999632359,0.6697228551
0.004157573859,0.8360620737,0.7161081433
0.004158573859,0.8394926786,0.7205947042
0.004168573859,0.8719546795,0.7638437748
0.004169573859,0.8750136495,0.7680060863
0.004179573859,0.9036837816,0.8079125285
0.004180573859,0.9063563943,0.8117306828
0.004190573859,0.9310977459,0.8481042385
0.004191573859,0.9333713055,0.8515599966
0.004201573859,0.9540657997,0.884227097
0.004202573859,0.9559293389,0.8873040676
0.004212573859,0.9724781513,0.9161089063
0.004213573859,0.9739229083,0.9187923074
0.004223573859,0.9862469435,0.9435974956
0.004224573859,0.9872659445,0.9458745718
0.004234573859,0.9953064322,0.9665618539
0.004235573859,0.9958947897,0.9684217572
0.004245573859,0.9996133447,0.9848924875
0.004246573859,0.9997683167,0.9863263965
0.004256573859,0.9991470575,0.9985020757
0.004266573859,0.994582653,1.00672245
0.004276573859,0.9860931039,1.010955095
0.004286573859,0.9737119079,1.0111835
0.004296573859,0.9574878812,1.007406831
0.004306573859,0.9374850988,0.9996401072
0.004316573859,0.9137824774,0.9879140258
0.004326573859,0.8864735961,0.9722750187
0.004327573859,0.8835483789,0.9704975486
0.004337573859,0.8523976207,0.9506264329
0.004338573859,0.8490953445,0.9484300613
0.004348573859,0.8142514229,0.9244219065
0.004349573859,0.810587883,0.9218171239
0.004359573859,0.7722172141,0.8937866688
0.004360573859,0.7682098746,0.8907859325
0.004370573859,0.7264956236,0.8588671088
0.004371573859,0.7221637368,0.8554847836
0.004381573859,0.6773051023,0.8198301792
0.004382573859,0.6726691723,0.816082418
0.004392573859,0.6248804331,0.7768624425
0.004393573859,0.6199626923,0.7727671266
0.004403573859,0.5694719553,0.7301691771
0.004404573859,0.5642958879,0.7257458568
0.004414573859,0.511344254,0.6799735427
0.004415573859,0.5059345961,0.6752434373
0.004425573859,0.4507748783,0.6265153885
0.004426573859,0.4451574087,0.6215009689
0.004436573859,0.3880530894,0.5700500607
0.004437573859,0.3822546601,0.5647754073
0.004447573859,0.3234783411,0.5108474493
0.004448573859,0.3175266087,0.5053376555
0.004458573859,0.2573589683,0.4491902292
0.004459573859,0.2512823939,0.4434717298
0.004469573859,0.1900107414,0.3853731155
0.004470573859,0.1838383079,0.3794731498
0.004480573859,0.1217551976,0.3197008967
0.004481573859,0.1155163944,0.3136476874
0.004491573859,0.05291827396,0.2524873316
0.004492573859,0.04664289206,0.2463098019
0.004502573859,-0.01617132872,0.1840535104
0.004503573859,-0.02245333232,0.1777811348
0.004513573859,-0.08518371731,0.1147263274
0.004514573859,-0.09144233912,0.1083891019
0.004524573859,-0.1537893564,0.04483697563
0.004525573859,-0.1599947065,0.03846516088
0.004535573859,-0.2216606438,-0.02528068796
0.004536573859,-0.2277831137,-0.03165665641
0.004546573859,-0.2884735167,-0.09529171884
0.004547573859,-0.2944838405,-0.1016413793
0.004557573859,-0.3539089262,-0.1648616642
0.004558573859,-0.359778434,-0.1711546928
0.004568573859,-0.4176544249,-0.2336582094
0.004569573859,-0.4233550727,-0.2398645431
0.004579573859,-0.4794056118,-0.3013527095
0.004580573859,-0.4849101901,-0.3074426949
0.004590573859,-0.5388676524,-0.3676218092
0.004591573859,-0.5441498756,-0.3735663295
0.004601573859,-0.59575665,-0.4321489036
0.004602573859,-0.6007912755,-0.4379196167
0.004612573859,-0.649800837,-0.494625777
0.004613573859,-0.6545639038,-0.500195086
0.004623573859,-0.7007423043,-0.5547539592
0.004624573859,-0.7052109838,-0.5600952506
0.004634573859,-0.7483376861,-0.6122462749
0.004635573859,-0.7524906397,-0.6173340082
0.004645573859,-0.7923598289,-0.6668279767
0.004646573859,-0.7961772084,-0.6716378927
0.004656573859,-0.8325983882,-0.7182383537
0.004657573859,-0.8360620737,-0.7227474451
0.004667573859,-0.8688613772,-0.7662317753
0.004668573859,-0.8719546795,-0.7704185247
0.004678573859,-0.9009754658,-0.8105790019
0.004679573859,-0.9036837816,-0.8144233823
0.004689573859,-0.9287874699,-0.8510680795
0.004690573859,-0.9310977459,-0.8545517921
0.004700573859,-0.9521645308,-0.8875056505
0.004701573859,-0.9540657997,-0.8906120062
0.004711573859,-0.9709950089,-0.9197174907
0.004712573859,-0.9724781513,-0.9224316478
0.004722573859,-0.9851890206,-0.9475498199
0.004723573859,-0.9862469435,-0.9498587847
0.004733573859,-0.9946787357,-0.9708694816
0.004734573859,-0.9953064322,-0.9727622271
0.004744573859,-0.9994188547,-0.9895650744
0.004745573859,-0.9996133447,-0.9910325408
0.004755573859,-0.9993867874,-1.003547192
0.004765573859,-0.9952161908,-1.012111068
0.004775573859,-0.9871178865,-1.016690373
0.004785573859,-0.9751238823,-1.017266631
0.004795573859,-0.9592815042,-1.013837814
0.004805573859,-0.9396532774,-1.006417036
0.004815573859,-0.9163166881,-0.9950336218
0.004825573859,-0.8893638253,-0.9797324538
0.004826573859,-0.8864735961,-0.9779884815
0.004836573859,-0.8556662202,-0.9584480524
0.004837573859,-0.8523976207,-0.9562843442
0.004847573859,-0.8178827763,-0.932597816
0.004848573859,-0.8142514229,-0.9300247431
0.004858573859,-0.7761939764,-0.9023051858
0.004859573859,-0.7722172141,-0.8993349671
0.004869573859,-0.7307989001,-0.8677146435
0.004870573859,-0.7264956236,-0.864361465
0.004880573859,-0.6819142699,-0.8289912343
0.004881573859,-0.6773051023,-0.82527107
0.004891573859,-0.629773438,-0.7863197327
0.004892573859,-0.6248804331,-0.7822504044
0.004902573859,-0.5746254921,-0.7399038076
0.004903573859,-0.5694719553,-0.7355047464
0.004913573859,-0.516733706,-0.6899650693
0.004914573859,-0.511344254,-0.6852571964
0.004924573859,-0.4563745558,-0.636741817
0.004925573859,-0.4507748783,-0.631747663
0.004935573859,-0.3938362002,-0.5804880857
0.004936573859,-0.3880530894,-0.5752314329
0.004946573859,-0.3294172883,-0.5214723945
0.004947573859,-0.3234783411,-0.5159783959
0.004957573859,-0.2634254098,-0.4599764943
0.004958573859,-0.2573589683,-0.4542713463
0.004968573859,-0.1961756647,-0.3962938786
0.004969573859,-0.1900107414,-0.3904048204
0.004979573859,-0.1279891878,-0.3307285607
0.004980573859,-0.1217551976,-0.324683696
0.004990573859,-0.05919156969,-0.2635935247
0.004991573859,-0.05291827396,-0.2574217021
0.005001573859,0.009888687171,-0.195209235
0.005002573859,0.01617132872,-0.1889399141
0.005012573859,0.07892172784,-0.1259021312
0.005013573859,0.08518371731,-0.1195652634
0.005023573859,0.1475779116,-0.05600308999
0.005024573859,0.1537893564,-0.04962890595
0.005034573859,0.2155294269,0.01415423676
0.005035573859,0.2216606438,0.02053529769
0.005045573859,0.2824517787,0.08423492312
0.005046573859,0.2884735167,0.09059240669
0.005056573859,0.3480254412,0.153904438
0.005057573859,0.3539089262,0.1602079868
0.005067573859,0.4119372666,0.2228301764
0.005068573859,0.4176544249,0.2290496975
0.005078573859,0.4738821089,0.2906831205
0.005079573859,0.4794056118,0.2967889309
0.005089573859,0.5335641503,0.357139349
0.005090573859,0.5388676524,0.3631022871
0.005100573859,0.5906984806,0.4218816161
0.005101573859,0.59575665,0.4276732504
0.005111573859,0.6450121999,0.4846008718
0.005112573859,0.649800837,0.490193516
0.005122573859,0.6962459683,0.5449976921
0.005123573859,0.7007423043,0.5503646731
0.005133573859,0.7441552281,0.6027837992
0.005134573859,0.7483376861,0.6078995466
0.005144573859,0.7885110974,0.6576833725
0.005145573859,0.7923598289,0.6625233293
0.005155573859,0.8291018605,0.7094342709
0.005156573859,0.8325983882,0.7139754295
0.005166573859,0.8657336831,0.7577894926
0.005167573859,0.8688613772,0.7620101571
0.005177573859,0.8982316256,0.8025182486
0.005178573859,0.9009754658,0.8063982725
0.005188573859,0.926440537,0.8434069753
0.005189573859,0.9287874699,0.8469278812
0.005199573859,0.9502257109,0.8802605867
0.005200573859,0.9521645308,0.8834055066
0.005210573859,0.9694735408,0.9129031301
0.005211573859,0.9709950089,0.9156571031
0.005221573859,0.984092176,0.9411788583
0.005222573859,0.9851890206,0.9435287118
0.005232573859,0.9940117598,0.9649527669
0.005233573859,0.9946787357,0.9668872952
0.005243573859,0.9991849661,0.9841114879
0.005244573859,0.9994188547,0.9856214523
0.005254573859,0.999587059,0.9985635281
0.005264573859,0.9958103895,1.007558823
0.005274573859,0.9881036282,1.012571812
0.005284573859,0.9764973521,1.013582706
0.005294573859,0.9610372186,1.010587573
0.005304573859,0.9417843819,1.003598332
0.005314573859,0.9188147187,0.9926424623
0.005324573859,0.8922188878,0.9777633548
0.005325573859,0.8893638253,0.9760612249
0.005335573859,0.8589010239,0.9569349885
0.005336573859,0.8556662202,0.9548122883
0.005346573859,0.8214818835,0.9315304756
0.005347573859,0.8178827763,0.9289972782
0.005357573859,0.7801401615,0.9016709924
0.005358573859,0.7761939764,0.8987395167
0.005368573859,0.735073328,0.8674992919
0.005369573859,0.7307989001,0.8641834259
0.005379573859,0.6864964962,0.8291785121
0.005380573859,0.6819142699,0.8254941702
0.005390573859,0.6346416473,0.786891818
0.005391573859,0.629773438,0.782856524
0.005401573859,0.5797563791,0.7408410311
0.005402573859,0.5746254921,0.7364741564
0.005412573859,0.5221028328,0.6912462711
0.005413573859,0.516733706,0.6865685582
0.005423573859,0.461956203,0.6383442879
0.005424573859,0.4563745558,0.6333782077
0.005434573859,0.3996037841,0.5823878646
0.005435573859,0.3938362002,0.5771570206
0.005445573859,0.3353432417,0.5236441493
0.005446573859,0.3294172883,0.518173635
0.005456573859,0.2694814205,0.4623938203
0.005457573859,0.2634254098,0.4567096233
0.005467573859,0.2023328394,0.3989292979
0.005468573859,0.1961756647,0.3930586576
0.005478573859,0.1342181265,0.3335537612
0.005479573859,0.1279891878,0.3275246918
0.005489573859,0.06546252966,0.2665793896
0.005490573859,0.05919156969,0.2604207098
0.005500573859,-0.003605654929,0.1983260661
0.005501573859,-0.009888687171,0.1920671612
0.005511573859,-0.07265662402,0.1291197538
0.005512573859,-0.07892172784,0.1227905378
0.005522573859,-0.1413606554,0.05929097906
0.005523573859,-0.1475779116,0.05292166397
0.005533573859,-0.2093897015,-0.01082677487
0.005534573859,-0.2155294269,-0.01720576547
0.005544573859,-0.2764188945,-0.08089864254
0.005545573859,-0.2824517787,-0.08725684136
0.005555573859,-0.3421282172,-0.1505899578
0.005556573859,-0.3480254412,-0.1568970084
0.005566573859,-0.406203866,-0.2195679247
0.005567573859,-0.4119372666,-0.2257936895
0.005577573859,-0.4683398902,-0.2875030935
0.005578573859,-0.4738821089,-0.2936178446
0.005588573859,-0.5282396078,-0.3540710211
0.005589573859,-0.5335641503,-0.3600455523
0.005599573859,-0.5856170058,-0.4189537764
0.005600573859,-0.5906984806,-0.4247595966
0.005610573859,-0.6401980519,-0.4818415344
0.005611573859,-0.6450121999,-0.4874508679
0.005621573859,-0.6917221546,-0.5424339175
0.005622573859,-0.6962459683,-0.547819972
0.005632573859,-0.7399433255,-0.6004415751
0.005633573859,-0.7441552281,-0.605578661
0.005643573859,-0.7846313119,-0.6555874348
0.005644573859,-0.7885110974,-0.660450995
0.005654573859,-0.8255726099,-0.7076081038
0.005655573859,-0.8291018605,-0.712174952
0.005665573859,-0.8625718355,-0.7562552094
0.005666573859,-0.8657336831,-0.7605034709
0.005676573859,-0.8954523206,-0.8012963533
0.005677573859,-0.8982316256,-0.8052057624
0.005687573859,-0.9240570068,-0.8425164819
0.005688573859,-0.926440537,-0.8460683823
0.005698573859,-0.9482493401,-0.8797186017
0.005699573859,-0.9502257109,-0.8828960061
0.005709573859,-0.9679138064,-0.9127251506
0.005710573859,-0.9694735408,-0.9155128598
0.005720573859,-0.9829564691,-0.941378355
0.005721573859,-0.984092176,-0.9437631369
0.005731573859,-0.9933055639,-0.965541482
0.005732573859,-0.9940117598,-0.9675118923
0.005742573859,-0.9989116192,-0.985098958
0.005743573859,-0.9991849661,-0.9866455793
0.005753573859,-0.9997478724,-0.9999575019
0.005763573859,-0.9963652492,-1.009327173
0.005773573859,-0.9890504479,-1.014717579
0.005783573859,-0.9778322577,-1.016107321
0.005793573859,-0.962755084,-1.013490915
0.005803573859,-0.943878293,-1.006878734
0.005813573859,-0.9212764502,-0.9962965846
0.005823573859,-0.8950387836,-0.9817863703
0.005824573859,-0.8922188878,-0.9801208377
0.005834573859,-0.8621019125,-0.961356461
0.005835573859,-0.8589010239,-0.9592695236
0.005845573859,-0.8250485063,-0.9363405704
0.005846573859,-0.8214818835,-0.9338421822
0.005856573859,-0.784055531,-0.906858027
0.005857573859,-0.7801401615,-0.9039601684
0.005867573859,-0.7393186688,-0.8730496764
0.005868573859,-0.735073328,-0.8697661161
0.005878573859,-0.6910516024,-0.8350767493
0.005879573859,-0.6864964962,-0.831423223
0.005889573859,-0.6394847631,-0.7931206822
0.005890573859,-0.6346416473,-0.7891145945
0.005900573859,-0.584864378,-0.7473816872
0.005901573859,-0.5797563791,-0.7430421114
0.005911573859,-0.5274512768,-0.6980781555
0.005912573859,-0.5221028328,-0.6934258938
0.005922573859,-0.4675196409,-0.645445466
0.005923573859,-0.461956203,-0.6405026913
0.005933573859,-0.4053555727,-0.5897348523
0.005934573859,-0.3996037841,-0.5845251679
0.005944573859,-0.341255933,-0.5312123895
0.005945573859,-0.3353432417,-0.5257606506
0.005955573859,-0.2755267918,-0.4701573849
0.005956573859,-0.2694814205,-0.4644896686
0.005966573859,-0.208482042,-0.4068614244
0.005967573859,-0.2023328394,-0.4010047317
0.005977573859,-0.1404417753,-0.3416266441
0.005978573859,-0.1342181265,-0.335608989
0.005988573859,-0.07173090428,-0.274764508
0.005989573859,-0.06546252966,-0.2686145902
0.005999573859,-0.00267751934,-0.2065942734
0.006000573859,0.003605654929,-0.200341478
0.006010573859,0.06638865173,-0.1374413967
0.006011573859,0.07265662402,-0.1311155558
0.006021573859,0.1351378113,-0.06763605773
0.006022573859,0.1413606554,-0.06126737967
0.006032573859,0.2032417059,0.002488475759
0.006033573859,0.2093897015,0.008869583718
0.006043573859,0.2703751028,0.0725973919
0.006044573859,0.2764188945,0.0789604634
0.006054573859,0.3362174928,0.1423559487
0.006055573859,0.3421282172,0.1486705989
0.006065573859,0.400454402,0.211431101
0.006066573859,0.406203866,0.2176671922
0.006076573859,0.4627791941,0.2794930339
0.006077573859,0.4683398902,0.2856207788
0.006087573859,0.5228942037,0.3462168276
0.006088573859,0.5282396078,0.3522069752
0.006098573859,0.5805124044,0.4112838507
0.006099573859,0.5856170058,0.4171077907
0.006109573859,0.6353586316,0.4743834734
0.006110573859,0.6401980519,0.4800134301
0.006120573859,0.687171042,0.5352144241
0.006121573859,0.6917221546,0.540623486
0.006131573859,0.7357022762,0.5934863091
0.006132573859,0.7399433255,0.5986486673
0.006142573859,0.7807204723,0.6489208937
0.006143573859,0.7846313119,0.653811872
0.006153573859,0.8220107555,0.7012534142
0.006154573859,0.8255726099,0.7058497071
0.006164573859,0.8593759537,0.7502341866
0.006165573859,0.8625718355,0.7545138001
0.006175573859,0.89263767,0.7956292629
0.006176573859,0.8954523206,0.7995718122
0.006186573859,0.9216369987,0.8372218609
0.006187573859,0.9240570068,0.8408085108
0.006197573859,0.9462355971,0.8748135567
0.006198573859,0.9482493401,0.8780271411
0.006208573859,0.9663158655,0.9082247615
0.006209573859,0.9679138064,0.9110500216
0.006219573859,0.9817820191,0.9372960329
0.006220573859,0.9829564691,0.9397193789
0.006230573859,0.9925601482,0.9618884921
0.006231573859,0.9933055639,0.9638984799
0.006241573859,0.9985988736,0.9818848968
0.006242573859,0.9989116192,0.9834718108
0.006252573859,0.9998692274,0.997189641
0.006262573859,0.9968808293,1.00696969
0.006272573859,0.9899581671,1.012773395
0.006282573859,0.9791285992,1.014577746
0.006292573859,0.9644348621,1.012375712
0.006302573859,0.9459349513,1.006175876
0.006312573859,0.9237018228,0.9960027337
0.006322573859,0.8978233337,0.9818965197
0.006323573859,0.8950387836,0.9802710414
0.006333573859,0.8652687669,0.9619033933
0.006334573859,0.8621019125,0.9598557353
0.006344573859,0.8285825849,0.9373143911
0.006345573859,0.8250485063,0.934854269
0.006355573859,0.7879399657,0.9082468748
0.006356573859,0.784055531,0.9053860903
0.006366573859,0.743534863,0.8748396635
0.006367573859,0.7393186688,0.871591866
0.006377573859,0.6955794692,0.8372523189
0.006378573859,0.6910516024,0.8336330056
0.006388573859,0.6443026662,0.7956643701
0.006389573859,0.6394847631,0.7916908264
0.006399573859,0.5899493098,0.7502744198
0.006400573859,0.584864378,0.7459656
0.006410573859,0.5327789783,0.7012991905
0.006411573859,0.5274512768,0.6966757178
0.006421573859,0.4730646014,0.6489726305
0.006422573859,0.4675196409,0.644056499
0.006432573859,0.4110913575,0.5935445428
0.006433573859,0.4053555727,0.5883592963
0.006443573859,0.3471551538,0.5352796912
0.006444573859,0.341255933,0.5298501253
0.006454573859,0.2815613151,0.4744562507
0.006455573859,0.2755267918,0.4688082635
0.006465573859,0.2146230042,0.411364764
0.006466573859,0.208482042,0.4055252969
0.006476573859,0.1466598809,0.346306473
0.006477573859,0.1404417753,0.340303421
0.006487573859,0.07799644768,0.2795920372
0.006488573859,0.07173090428,0.2734540999
0.006498573859,0.008960587904,0.2115400732
0.006499573859,0.00267751934,0.2052965462
0.006509573859,-0.06011805683,0.1424755305
0.006510573859,-0.06638865173,0.1361562312
0.006520573859,-0.1289096475,0.072728239
0.006521573859,-0.1351378113,0.06636332721
0.006531573859,-0.1970856786,0.002631246578
0.006532573859,-0.2032417059,-0.003748873482
0.006542573859,-0.2643206418,-0.06748070568
0.006543573859,-0.2703751028,-0.07384556532
0.006553573859,-0.3302934766,-0.137272805
0.006554573859,-0.3362174928,-0.1435920149
0.006564573859,-0.3946891725,-0.2064117789
0.006565573859,-0.400454402,-0.2126551569
0.006575573859,-0.4572001994,-0.2745674551
0.006576573859,-0.4627791941,-0.2807052135
0.006586573859,-0.5175281167,-0.341414392
0.006587573859,-0.5228942037,-0.3474171758
0.006597573859,-0.5753848553,-0.4066333771
0.006598573859,-0.5805124044,-0.4124725461
0.006608573859,-0.6304941177,-0.4699129164
0.006609573859,-0.6353586316,-0.4755605757
0.006619573859,-0.6825928092,-0.5309509039
0.006620573859,-0.687171042,-0.5363800526
0.006630573859,-0.7314321399,-0.5894557834
0.006631573859,-0.7357022762,-0.594640553
0.006641573859,-0.7767788768,-0.6451482177
0.006642573859,-0.7807204723,-0.6500638723
0.006652573859,-0.8184164762,-0.6977622509
0.006653573859,-0.8220107555,-0.7023852468
0.006663573859,-0.8561461568,-0.7470466495
0.006664573859,-0.8593759537,-0.7513549328
0.006674573859,-0.8897877336,-0.792765975
0.006675573859,-0.89263767,-0.7967390418
0.006685573859,-0.9191806316,-0.8347020149
0.006686573859,-0.9216369987,-0.8383207917
0.006696573859,-0.9441844225,-0.872654438
0.006697573859,-0.9462355971,-0.8759016991
0.006707573859,-0.9646797776,-0.9064420462
0.006708573859,-0.9663158655,-0.9093022346
0.006718573859,-0.9805687666,-0.93590343
0.006719573859,-0.9817820191,-0.9383628964
0.006729573859,-0.9917755723,-0.9608979225
0.006730573859,-0.9925601482,-0.9629449248
0.006740573859,-0.9982466698,-0.9813061357
0.006741573859,-0.9985988736,-0.9829309583
0.006751573859,-0.9999511242,-0.9970306158
0.006761573859,-0.9973570108,-1.007197261
0.006771573859,-0.9908267856,-1.013390899
0.006781573859,-0.9803862572,-1.015586734
0.006791573859,-0.9660766125,-1.013776302
0.006801573859,-0.9479542375,-1.007966518
0.006811573859,-0.9260907769,-0.998180449
0.006821573859,-0.9005724192,-0.9844566584
0.006831573859,-0.871499896,-0.9668492079
0.006832573859,-0.8684014678,-0.964876771
0.006842573859,-0.8355525136,-0.9430782795
0.006843573859,-0.8320839405,-0.9406914711
0.006853573859,-0.7956153154,-0.9148060083
0.006854573859,-0.7917932272,-0.9120162725
0.006864573859,-0.7518790364,-0.8821673393
0.006865573859,-0.7477217317,-0.878987968
0.006875573859,-0.7045525908,-0.8453181386
0.006876573859,-0.7000798583,-0.8417643309
0.006886573859,-0.6538619399,-0.8044343591
0.006887573859,-0.649095118,-0.8005230427
0.006897573859,-0.6000490785,-0.7597111464
0.006898573859,-0.5950109363,-0.7554609776
0.006908573859,-0.5433709621,-0.7113620043
0.006909573859,-0.5380855799,-0.7067933083
0.006919573859,-0.4840982854,-0.6596179008
0.006920573859,-0.4785908759,-0.6547524929
0.006930573859,-0.4225140214,-0.6047257781
0.006931573859,-0.4168109298,-0.599586904
0.006941573859,-0.3589122891,-0.5469477773
0.006942573859,-0.3530406952,-0.5415599942
0.006952573859,-0.2935967445,-0.4865598083
0.006953573859,-0.2875846922,-0.480948776
0.006963573859,-0.2268792689,-0.4238501489
0.006964573859,-0.2207555026,-0.4180426896
0.006974573859,-0.1590784639,-0.359118253
0.006975573859,-0.1528721899,-0.3531421125
0.006985573859,-0.0905180499,-0.2926732004
0.006986573859,-0.08425891399,-0.2865568697
0.006996573859,-0.02152541652,-0.2248322368
0.006997573859,-0.01524330303,-0.218604967
0.007007573859,0.04757000133,-0.1559192985
0.007008573859,0.05384509265,-0.1496108025
0.007018573859,0.1164382696,-0.0862634182
0.007019573859,0.12267638,-0.07990381867
0.007029573859,0.1847505569,-0.01619719528
0.007030573859,0.1909218878,-0.009816857055
0.007040573859,0.2521806359,0.0539448224
0.007041573859,0.2582557499,0.06031543389
0.007051573859,0.3184065819,0.1238277256
0.007052573859,0.3243564367,0.130158186
0.007062573859,0.3831121325,0.1931178272
0.007063573859,0.3889083266,0.1993779242
0.007073573859,0.4459883273,0.2614842951
0.007074573859,0.4516031742,0.2676441371
0.007084573859,0.5067349672,0.3286007047
0.007085573859,0.512141645,0.334630847
0.007095573859,0.5650618672,0.3941465616
0.007096573859,0.5702346563,0.400018245
0.007106573859,0.6206907034,0.4578089118
0.007107573859,0.6256047487,0.463494122
0.007117573859,0.6733556986,0.5192838311
0.007118573859,0.6779876351,0.5247553587
0.007128573859,0.7228054404,0.5782777071
0.007129573859,0.7271331549,0.5835094452
0.007139573859,0.7688037753,0.6345088482
0.007140573859,0.7728065848,0.6394758821
0.007150573859,0.8111310601,0.6877089143
0.007151573859,0.8147898912,0.6923874021
0.007161573859,0.8495852947,0.7376236916
0.007162573859,0.8528825641,0.7419914603
0.007172573859,0.8839826584,0.7840149999
0.007173573859,0.8869027495,0.7880510688
0.007183573859,0.9141591191,0.8266612887
0.007184573859,0.9166879654,0.8303464055
0.007194573859,0.9399704337,0.8653589487
0.007195573859,0.9420960546,0.86867553
0.007205573859,0.9612933993,0.8999231458
0.007206573859,0.9630056024,0.9028553963
0.007216573859,0.9780262113,0.9301888943
0.007217573859,0.9793168306,0.9327228069
0.007227573859,0.9900889397,0.9560117126
0.007228573859,0.9909518361,0.958135128
0.007238573859,0.9974240065,0.9772683382
0.007239573859,0.9978550076,0.9789711237
0.007249573859,0.9999964237,0.9938571453
0.007259573859,0.9981912971,1.004820108
0.007269573859,0.9924467206,1.011816621
0.007279573859,0.9827854633,1.014819026
0.007289573859,0.969245553,1.013815403
0.007299573859,0.9518805146,1.008809924
0.007309573859,0.9307588339,0.9998221993
0.007319573859,0.9059638381,0.9868876934
0.007329573859,0.8775934577,0.9700574279
0.007330573859,0.8745639324,0.9681619406
0.007340573859,0.8423904181,0.9471237659
0.007341573859,0.8389880061,0.9448120594
0.007351573859,0.8031650186,0.9196665287
0.007352573859,0.7994059324,0.9169496298
0.007362573859,0.7601044774,0.8878166676
0.007363573859,0.7560067177,0.8847076297
0.007373573859,0.7134144902,0.8517264128
0.007374573859,0.7089975476,0.8482399583
0.007384573859,0.6633179188,0.8115680218
0.007385573859,0.658602953,0.80772084
0.007395573859,0.6100540161,0.7675332427
0.007396573859,0.605063498,0.7633437514
0.007406573859,0.5538771749,0.7198323607
0.007407573859,0.5486348867,0.7153205276
0.007417573859,0.4950554967,0.6686932445
0.007418573859,0.4895865619,0.6638805866
0.007428573859,0.4338699877,0.6143599749
0.007429573859,0.4282004535,0.6092695594
0.007439573859,0.3706127405,0.5570920706
0.007440573859,0.3647696972,0.5517481565
0.007450573859,0.3055858016,0.4971630275
0.007451573859,0.2995971739,0.4915911257
0.007461573859,0.2390997112,0.434858948
0.007462573859,0.2329940945,0.4290856719
0.007472573859,0.1714719236,0.3704773784
0.007473573859,0.1652784497,0.3645302653
0.007483573859,0.1030253544,0.3043257296
0.007484573859,0.09677360952,0.2982332408
0.007494573859,0.03408684582,0.2367199212
0.007495573859,0.02780667879,0.2305110991
0.007505573859,-0.03501443192,0.1679827422
0.007506573859,-0.04129302874,0.1616872549
0.007516573859,-0.1039485112,0.09844245017
0.007517573859,-0.1101955697,0.09209035337
0.007527573859,-0.1723862439,0.02843109146
0.007528573859,-0.1785719246,0.02205272019
0.007538573859,-0.2400008291,-0.04171700776
0.007539573859,-0.2460955977,-0.04809119925
0.007549573859,-0.3064694107,-0.111666888
0.007550573859,-0.3124441803,-0.1180064604
0.007560573859,-0.3714746237,-0.1810845286
0.007561573859,-0.3773008287,-0.1873592138
0.007571573859,-0.4347060323,-0.2496384531
0.007572573859,-0.4403558671,-0.2558182776
0.007582573859,-0.4958617091,-0.317001313
0.007583573859,-0.5013082027,-0.3230567575
0.007593573859,-0.5546497107,-0.3828514218
0.007594573859,-0.5598668456,-0.388753593
0.007604573859,-0.6107891798,-0.4468743503
0.007605573859,-0.6157521009,-0.4525950849
0.007615573859,-0.6640121937,-0.5087643862
0.007616573859,-0.6686971188,-0.5142763257
0.007626573859,-0.7140645385,-0.5682260394
0.007627573859,-0.7184491754,-0.5735028386
0.007637573859,-0.7607072592,-0.6249752641
0.007638573859,-0.764770627,-0.6299917698
0.007648573859,-0.8037176132,-0.6787411571
0.007649573859,-0.8074402809,-0.6834734082
0.007659573859,-0.842890203,-0.7292669415
0.007660573859,-0.846254468,-0.733692348
0.007670573859,-0.8780380487,-0.7763113379
0.007671573859,-0.8810277581,-0.7804087996
0.007681573859,-0.9089931846,-0.819649756
0.007682573859,-0.9115941525,-0.823399663
0.007692573859,-0.9356079698,-0.8590752482
0.007693573859,-0.9378076792,-0.8624596596
0.007703573859,-0.957755208,-0.8943994641
0.007704573859,-0.9595432281,-0.8974022865
0.007714573859,-0.9753291607,-0.9254538417
0.007715573859,-0.9766969681,-0.9280607104
0.007725573859,-0.9882459641,-0.9520899653
0.007726573859,-0.9891870022,-0.9542884231
0.007736573859,-0.9964438677,-0.974180758
0.007737573859,-0.9969536662,-0.9759603143
0.007747573859,-0.9998838305,-0.9916206002
0.007748573859,-0.9999598265,-0.9929727912
0.007758573859,-0.9985492826,-1.004326344
0.007768573859,-0.9931979179,-1.011717081
0.007778573859,-0.9839268327,-1.015115976
0.007788573859,-0.9707726836,-1.014509439
0.007798573859,-0.9537873268,-1.009899735
0.007808573859,-0.9330377579,-1.001305223
0.007818573859,-0.9086059332,-0.9887597561
0.007828573859,-0.8805882931,-0.9723127484
0.007829573859,-0.8775934577,-0.9704552293
0.007839573859,-0.8457595706,-0.9497922063
0.007840573859,-0.8423904181,-0.9475175738
0.007850573859,-0.806892395,-0.9227372408
0.007851573859,-0.8031650186,-0.9200563431
0.007861573859,-0.764172256,-0.8912769556
0.007862573859,-0.7601044774,-0.8882026076
0.007872573859,-0.7178032398,-0.8555615544
0.007873573859,-0.7134144902,-0.8521084189
0.007883573859,-0.6680067778,-0.8157616258
0.007884573859,-0.6633179188,-0.8119462132
0.007894573859,-0.6150205135,-0.7720671296
0.007895573859,-0.6100540161,-0.7679076195
0.007905573859,-0.5590975285,-0.7246867418
0.007906573859,-0.5538771749,-0.720203042
0.007916573859,-0.5005049109,-0.6738467216
0.007917573859,-0.4950554967,-0.6690601707
0.007927573859,-0.4395223856,-0.6197897196
0.007928573859,-0.4338699877,-0.6147232652
0.007938573859,-0.3764411211,-0.5627740026
0.007939573859,-0.3706127405,-0.557451725
0.007949573859,-0.3115623593,-0.5030716658
0.007950573859,-0.3055858016,-0.4975191057
0.007960573859,-0.2451958954,-0.4409679174
0.007961573859,-0.2390997112,-0.4352114797
0.007971573859,-0.1776586175,-0.3767591715
0.007972573859,-0.1714719236,-0.3708264232
0.007982573859,-0.1092730314,-0.3107520938
0.007983573859,-0.1030253544,-0.3046713173
0.007993573859,-0.04036566615,-0.2432618588
0.007994573859,-0.03408684582,-0.2370620966
0.008004573859,0.02873444743,-0.1746107042
0.008005573859,0.03501443192,-0.1683215499
0.008015573859,0.09769735485,-0.1051264331
0.008016573859,0.1039485112,-0.09877792746
0.008026573859,0.1661937535,-0.0351408273
0.008027573859,0.1723862439,-0.02876328863
0.008037573859,0.2338965833,0.03501193598
0.008038573859,0.2400008291,0.04138805717
0.008048573859,0.3004825711,0.1049968824
0.008049573859,0.3064694107,0.1113411412
0.008059573859,0.3656337261,0.1744798422
0.008060573859,0.3714746237,0.1807619482
0.008070573859,0.4290390313,0.2431290299
0.008071573859,0.4347060323,0.2493189871
0.008081573859,0.4903956354,0.310616672
0.008082573859,0.4958617091,0.3166849315
0.008092573859,0.5494106412,0.3766205311
0.008093573859,0.5546497107,0.3825380802
0.008103573859,0.6058021784,0.4408254027
0.008104573859,0.6107891798,0.4465640485
0.008114573859,0.6593010426,0.5029247403
0.008115573859,0.6640121937,0.5084570646
0.008125573859,0.7096517682,0.5626220703
0.008126573859,0.7140645385,0.5679215789
0.008136573859,0.7566139102,0.6196322441
0.008137573859,0.7607072592,0.6246737242
0.008147573859,0.7999632359,0.6736831069
0.008148573859,0.8037176132,0.6784424782
0.008158573859,0.8394926786,0.7245165706
0.008159573859,0.842890203,0.7289710641
0.008169573859,0.8750136495,0.771889925
0.008170573859,0.8780380487,0.7760182619
0.008180573859,0.9063563943,0.8155769706
0.008181573859,0.9089931846,0.8193594813
0.008191573859,0.9333713055,0.8553690314
0.008192573859,0.9356079698,0.8587876558
0.008202573859,0.9559293389,0.8910762072
0.008203573859,0.957755208,0.8941146135
0.008213573859,0.9739229083,0.9225279093
0.008214573859,0.9753291607,0.9251716137
0.008224573859,0.9872659445,0.9495740533
0.008225573859,0.9882459641,0.95181036
0.008235573859,0.9958947897,0.9720854163
0.008236573859,0.9964438677,0.9739037156
0.008246573859,0.9997683167,0.9899545908
0.008247573859,0.9998838305,0.9913461804
0.008257573859,0.998867929,1.003096223
0.008267573859,0.9939098954,1.010887265
0.008277573859,0.985029459,1.014688611
0.008287573859,0.9722614884,1.014485002
0.008297573859,0.9556564689,1.01027751
0.008307573859,0.9352799058,1.002082586
0.008317573859,0.9112122059,0.9899324775
0.008327573859,0.8835483789,0.9738752842
0.008328573859,0.8805882931,0.9720563889
0.008338573859,0.8490953445,0.951775074
0.008339573859,0.8457595706,0.9495381713
0.008349573859,0.810587883,0.9251298308
0.008350573859,0.806892395,0.92248559
0.008360573859,0.7682098746,0.8940665722
0.008361573859,0.764172256,0.8910276294
0.008371573859,0.7221637368,0.858733654
0.008372573859,0.7178032398,0.8553145528
0.008382573859,0.6726691723,0.8192998767
0.008383573859,0.6680067778,0.8155168891
0.008393573859,0.6199626923,0.7759534717
0.008394573859,0.6150205135,0.7718246579
0.008404573859,0.5642958879,0.7289013863
0.008405573859,0.5590975285,0.7244464755
0.008415573859,0.5059345961,0.6783683896
0.008416573859,0.5005049109,0.6736086607
0.008426573859,0.4451574087,0.6245957613
0.008427573859,0.4395223856,0.6195539236
0.008437573859,0.3822546601,0.5678402185
0.008438573859,0.3764411211,0.5625404119
0.008448573859,0.3175266087,0.5083727837
0.008449573859,0.3115623593,0.5028402805
0.008459573859,0.2512823939,0.4464774728
0.008460573859,0.2451958954,0.4407386482
0.008470573859,0.1838383079,0.3824497759
0.008471573859,0.1776586175,0.3765320778
0.008481573859,0.1155163944,0.3165954947
0.008482573859,0.1092730314,0.3105271459
0.008492573859,0.04664289206,0.2492290139
0.008493573859,0.04036566615,0.2430390418
0.008503573859,-0.02245333232,0.1806720644
0.008504573859,-0.02873444743,0.1743900031
0.008514573859,-0.09144233912,0.1112520024
0.008515573859,-0.09769735485,0.1049078405
0.008525573859,-0.1599947065,0.04130029306
0.008526573859,-0.1661937535,0.03492432833
0.008536573859,-0.2277831137,-0.02884902619
0.008537573859,-0.2338965833,-0.03522634879
0.008547573859,-0.2944838405,-0.09886099398
0.008548573859,-0.3004825711,-0.1052092165
0.008558573859,-0.359778434,-0.1684013009
0.008559573859,-0.3656337261,-0.1746901125
0.008569573859,-0.4233550727,-0.2371378839
0.008570573859,-0.4290390313,-0.2433372587
0.008580573859,-0.4849101901,-0.3047425449
0.008581573859,-0.4903956354,-0.3108228743
0.008591573859,-0.5441498756,-0.3708924055
0.008592573859,-0.5494106412,-0.376824677
0.008602573859,-0.6007912755,-0.4352716804
0.008603573859,-0.6058021784,-0.4410275519
0.008613573859,-0.6545639038,-0.4975728989
0.008614573859,-0.6593010426,-0.5031248927
0.008624573859,-0.7052109838,-0.5574985743
0.008625573859,-0.7096517682,-0.5628201962
0.008635573859,-0.7524906397,-0.6147626042
0.008636573859,-0.7566139102,-0.619828403
0.008646573859,-0.7961772084,-0.6690915227
0.008647573859,-0.7999632359,-0.6738772988
0.008657573859,-0.8360620737,-0.7202258706
0.008658573859,-0.8394926786,-0.7247087955
0.008668573859,-0.8719546795,-0.7679215074
0.008669573859,-0.8750136495,-0.772080183
0.008679573859,-0.9036837816,-0.8119507432
0.008680573859,-0.9063563943,-0.8157652617
0.008690573859,-0.9310977459,-0.8521032333
0.008691573859,-0.9333713055,-0.8555554748
0.008701573859,-0.9540657997,-0.8881872892
0.008702573859,-0.9559293389,-0.8912606835
0.008712573859,-0.9724781513,-0.9200305939
0.008713573859,-0.9739229083,-0.9227105379
0.008723573859,-0.9862469435,-0.9474810958
0.008724573859,-0.9872659445,-0.9497547746
0.008734573859,-0.9953064322,-0.970407784
0.008735573859,-0.9958947897,-0.9722642899
0.008745573859,-0.9996133447,-0.9887011051
0.008746573859,-0.9997683167,-0.990131557
0.008756573859,-0.9991470575,-1.002273679
0.008766573859,-0.994582653,-1.010460734
0.008776573859,-0.9860931039,-1.014660478
0.008786573859,-0.9737119079,-1.0148561
0.008796573859,-0.9574878812,-1.011047006
0.008806573859,-0.9374850988,-1.003248096
0.008816573859,-0.9137824774,-0.9914901853
0.008826573859,-0.8864735961,-0.9758195877
0.008827573859,-0.8835483789,-0.9740390182
0.008837573859,-0.8523976207,-0.95413661
0.008838573859,-0.8490953445,-0.951937139
0.008848573859,-0.8142514229,-0.9278979897
0.008849573859,-0.810587883,-0.9252901673
0.008859573859,-0.7722172141,-0.8972290158
0.008860573859,-0.7682098746,-0.8942252398
0.008870573859,-0.7264956236,-0.8622760773
0.008871573859,-0.7221637368,-0.8588907123
0.008881573859,-0.6773051023,-0.8232060671
0.008882573859,-0.6726691723,-0.819455266
0.008892573859,-0.6248804331,-0.7802054882
0.008893573859,-0.6199626923,-0.776107192
0.008903573859,-0.5694719553,-0.7334797978
0.008904573859,-0.5642958879,-0.7290535569
0.008914573859,-0.511344254,-0.6832520366
0.008915573859,-0.5059345961,-0.6785190105
0.008925573859,-0.4507748783,-0.6297620535
0.008926573859,-0.4451574087,-0.6247447729
0.008936573859,-0.3880530894,-0.5732651949
0.008937573859,-0.3822546601,-0.5679876804
0.008947573859,-0.3234783411,-0.5140313506
0.008948573859,-0.3175266087,-0.5085187554
0.008958573859,-0.2573589683,-0.4523432553
0.008959573859,-0.2512823939,-0.4466219544
0.008969573859,-0.1900107414,-0.3884955049
0.008970573859,-0.1838383079,-0.3825927973
0.008980573859,-0.1217551976,-0.3227929771
0.008981573859,-0.1155163944,-0.316737026
0.008991573859,-0.05291827396,-0.255549401
0.008992573859,-0.04664289206,-0.2493691444
0.009002573859,0.01617132872,-0.1870858371
0.009003573859,0.02245333232,-0.1808107942
0.009013573859,0.08518371731,-0.1177292243
0.009014573859,0.09144233912,-0.111389339
0.009024573859,0.1537893564,-0.04781072214
0.009025573859,0.1599947065,-0.04143626988
0.009035573859,0.2216606438,0.02233581059
0.009036573859,0.2277831137,0.02871438861
0.009046573859,0.2884735167,0.09237542748
0.009047573859,0.2944838405,0.09872767329
0.009057573859,0.3539089262,0.161973685
0.009058573859,0.359778434,0.1682692766
0.009068573859,0.4176544249,0.2307982743
0.009069573859,0.4233550727,0.2370071411
0.009079573859,0.4794056118,0.2985205352
0.009080573859,0.4849101901,0.304613024
0.009090573859,0.5388676524,0.3648171127
0.009091573859,0.5441498756,0.3707641363
0.009101573859,0.59575665,0.4293714464
0.009102573859,0.6007912755,0.4351446331
0.009112573859,0.649800837,0.4918752909
0.009113573859,0.6545639038,0.4974470437
0.009123573859,0.7007423043,0.5520302057
0.009124573859,0.7052109838,0.5573738813
0.009134573859,0.7483376861,0.6095489264
0.009135573859,0.7524906397,0.6146390438
0.009145573859,0.7923598289,0.6641567945
0.009146573859,0.7961772084,0.6689690948
0.009156573859,0.8325983882,0.7155930996
0.009157573859,0.8360620737,0.7201045752
0.009167573859,0.8688613772,0.7636122108
0.009168573859,0.8719546795,0.7678013444
0.009178573859,0.9009754658,0.8079848886
0.009179573859,0.9036837816,0.8118315935
0.009189573859,0.9287874699,0.8484991789
0.009190573859,0.9310977459,0.8519851565
0.009200573859,0.9521645308,0.8849616647
0.009201573859,0.9540657997,0.8880702257
0.009211573859,0.9709950089,0.9171982408
0.009212573859,0.9724781513,0.9199146032
0.009222573859,0.9851890206,0.9450549483
0.009223573859,0.9862469435,0.9473661184
0.009233573859,0.9946787357,0.968398869
0.009234573859,0.9953064322,0.9702938199
0.009244573859,0.9994188547,0.987118423
0.009245573859,0.9996133447,0.9885880947
0.009255573859,0.9993867874,1.001124382
0.009265573859,0.9952161908,1.009709597
0.009275573859,0.9871178865,1.014310002
0.009285573859,0.9751238823,1.01490736
0.009295573859,0.9592815042,1.011499286
0.009305573859,0.9396532774,1.00409925
0.009315573859,0.9163166881,0.9927363396
0.009325573859,0.8893638253,0.9774554372
0.009326573859,0.8864735961,0.9757134914
0.009336573859,0.8556662202,0.9561930895
0.009337573859,0.8523976207,0.9540314078
0.009347573859,0.8178827763,0.9303647876
0.009348573859,0.8142514229,0.9277936816
0.009358573859,0.7761939764,0.9000938535
0.009359573859,0.7722172141,0.8971256018
0.009369573859,0.7307989001,0.8655247688
0.009370573859,0.7264956236,0.8621734977
0.009380573859,0.6819142699,0.8268225789
0.009381573859,0.6773051023,0.8231043816
0.009391573859,0.629773438,0.7841721177
0.009392573859,0.6248804331,0.7801047564
0.009402573859,0.5746254921,0.7377771139
0.009403573859,0.5694719553,0.7333799005
0.009413573859,0.516733706,0.6878589988
0.009414573859,0.511344254,0.6831529737
0.009424573859,0.4563745558,0.6346561909
0.009425573859,0.4507748783,0.6296638846
0.009435573859,0.3938362002,0.5784227252
0.009436573859,0.3880530894,0.5731679201
0.009446573859,0.3294172883,0.5194270611
0.009447573859,0.3234783411,0.5139348507
0.009457573859,0.2634254098,0.4579510093
0.009458573859,0.2573589683,0.4522476494
0.009468573859,0.1961756647,0.394288063
0.009469573859,0.1900107414,0.3884007633
0.009479573859,0.1279891878,0.3287422061
0.009480573859,0.1217551976,0.3226990998
0.009490573859,0.05919156969,0.2616264522
0.009491573859,0.05291827396,0.255456388
0.009501573859,-0.009888687171,0.1932612658
0.009502573859,-0.01617132872,0.1869936734
0.009512573859,-0.07892172784,0.123973079
0.009513573859,-0.08518371731,0.1176379174
0.009523573859,-0.1475779116,0.05409276113
0.009524573859,-0.1537893564,0.04772027209
0.009534573859,-0.2155294269,-0.01604601741
0.009535573859,-0.2216606438,-0.02242540196
0.009545573859,-0.2824517787,-0.08610834181
0.009546573859,-0.2884735167,-0.0924641639
0.009556573859,-0.3480254412,-0.1557596624
0.009557573859,-0.3539089262,-0.1620615721
0.009567573859,-0.4119372666,-0.2246673852
0.009568573859,-0.4176544249,-0.2308852822
0.009578573859,-0.4738821089,-0.2925024927
0.009579573859,-0.4794056118,-0.2986066937
0.009589573859,-0.5335641503,-0.3589410484
0.009590573859,-0.5388676524,-0.3649024069
0.009600573859,-0.5906984806,-0.4236658514
0.009601573859,-0.59575665,-0.4294558764
0.009611573859,-0.6450121999,-0.4863677621
0.009612573859,-0.649800837,-0.4919588566
0.009622573859,-0.6962459683,-0.5467474461
0.009623573859,-0.7007423043,-0.5521128774
0.009633573859,-0.7441552281,-0.6045165658
0.009634573859,-0.7483376861,-0.6096307635
0.009644573859,-0.7885110974,-0.6593993306
0.009645573859,-0.7923598289,-0.6642377973
0.009655573859,-0.8291018605,-0.7111335397
0.009656573859,-0.8325983882,-0.7156732082
0.009666573859,-0.8657336831,-0.7594723105
0.009667573859,-0.8688613772,-0.7636914849
0.009677573859,-0.8982316256,-0.8041846752
0.009678573859,-0.9009754658,-0.8080632687
0.009688573859,-0.926440537,-0.8450572491
0.009689573859,-0.9287874699,-0.8485767245
0.009699573859,-0.9502257109,-0.8818948269
0.009700573859,-0.9521645308,-0.8850383162
0.009710573859,-0.9694735408,-0.9145215154
0.009711573859,-0.9709950089,-0.9172740579
0.009721573859,-0.984092176,-0.9427815676
0.009722573859,-0.9851890206,-0.945129931
0.009732573859,-0.9940117598,-0.9665399194
0.009733573859,-0.9946787357,-0.9684730172
0.009743573859,-0.9991849661,-0.9856832027
0.009744573859,-0.9994188547,-0.9871917367
0.009754573859,-0.999587059,-1.000120044
0.009764573859,-0.9958103895,-1.00910151
0.009774573859,-0.9881036282,-1.014100909
0.009784573859,-0.9764973521,-1.015098333
0.009794573859,-0.9610372186,-1.012089849
0.009804573859,-0.9417843819,-1.005087256
0.009814573859,-0.9188147187,-0.9941182733
0.009824573859,-0.8922188878,-0.9792261124
0.009825573859,-0.8893638253,-0.9775226712
0.009835573859,-0.8589010239,-0.9583835602
0.009836573859,-0.8556662202,-0.9562596083
0.009846573859,-0.8214818835,-0.9329649806
0.009847573859,-0.8178827763,-0.9304305315
0.009857573859,-0.7801401615,-0.9030916095
0.009858573859,-0.7761939764,-0.9001588225
0.009868573859,-0.735073328,-0.8689060807
0.009869573859,-0.7307989001,-0.865588963
0.009879573859,-0.6864964962,-0.8305716515
0.009880573859,-0.6819142699,-0.8268860579
0.009890573859,-0.6346416473,-0.7882713675
0.009891573859,-0.629773438,-0.7842348814
0.009901573859,-0.5797563791,-0.7422072291
0.009902573859,-0.5746254921,-0.7378391623
0.009912573859,-0.5221028328,-0.6925991774
0.009913573859,-0.516733706,-0.687920332
0.009923573859,-0.461956203,-0.6396841407
0.009924573859,-0.4563745558,-0.6347168088
0.009934573859,-0.3996037841,-0.583714664
0.009935573859,-0.3938362002,-0.5784826279
0.009945573859,-0.3353432417,-0.5249580741
0.009946573859,-0.3294172883,-0.5194863677
0.009956573859,-0.2694814205,-0.4636949897
0.009957573859,-0.2634254098,-0.4580096602
0.009967573859,-0.2023328394,-0.4002178311
0.009968573859,-0.1961756647,-0.3943460584
0.009978573859,-0.1342181265,-0.3348297775
0.009979573859,-0.1279891878,-0.3287995756
0.009989573859,-0.06546252966,-0.267843008
0.009990573859,-0.05919156969,-0.2616832256
0.01000057386,0.003605654929,-0.1995774359
0.01000157386,0.009888687171,-0.1933174282
0.01001157386,0.07265662402,-0.1303589791
0.01001257386,0.07892172784,-0.1240286604
0.01002257386,0.1413606554,-0.06051816791
0.01002357386,0.1475779116,-0.05414776877
0.01003357386,0.2093897015,0.009611499496
0.01003457386,0.2155294269,0.0159915667
0.01004457386,0.2764188945,0.07969516516
0.01004557386,0.2824517787,0.08605442941
0.01005557386,0.3421282172,0.1493981779
0.01005657386,0.3480254412,0.1557062715
0.01006657386,0.406203866,0.2183876932
0.01006757386,0.4119372666,0.2246145159
0.01007757386,0.4683398902,0.286334306
0.01007857386,0.4738821089,0.29245013
0.01008857386,0.5282396078,0.3529135883
0.01008957386,0.5335641503,0.3588891625
0.01009957386,0.5856170058,0.417807579
0.01010057386,0.5906984806,0.4236144125
0.01011057386,0.6401980519,0.4807064533
0.01011157386,0.6450121999,0.4863168001
0.01012157386,0.6917221546,0.5413098931
0.01012257386,0.6962459683,0.5466969609
0.01013257386,0.7399433255,0.5993283987
0.01013357386,0.7441552281,0.6044664979
0.01014357386,0.7846313119,0.6544851065
0.01014457386,0.7885110974,0.6593496203
0.01015457386,0.8255726099,0.7065165043
0.01015557386,0.8291018605,0.7110843062
0.01016557386,0.8625718355,0.7551742196
0.01016657386,0.8657336831,0.7594234347
0.01017657386,0.8954523206,0.8002258539
0.01017757386,0.8982316256,0.8041362166
0.01018757386,0.9240570068,0.8414563537
0.01018857386,0.926440537,0.8450091481
0.01019857386,0.9482493401,0.8786687851
0.01019957386,0.9502257109,0.8818471432
0.01020957386,0.9679138064,0.9116854668
0.01021057386,0.9694735408,0.9144741893
0.01022057386,0.9829564691,0.940348804
0.01022157386,0.984092176,0.9427344799
0.01023157386,0.9933055639,0.9645218849
0.01023257386,0.9940117598,0.9664931893
0.01024257386,0.9989116192,0.9840893149
0.01024357386,0.9991849661,0.9856368303
0.01025357386,0.9997478724,0.998957634
0.01026357386,0.9963652492,1.008336067
0.01027357386,0.9890504479,1.013735294
0.01028357386,0.9778322577,1.015133739
0.01029357386,0.962755084,1.012525916
0.01030357386,0.943878293,1.005922198
0.01031357386,0.9212764502,0.9953485727
0.01032357386,0.8950387836,0.9808467031
0.01032457386,0.8922188878,0.9791820049
0.01033457386,0.8621019125,0.9604259133
0.01033557386,0.8589010239,0.9583398104
0.01034557386,0.8250485063,0.935419023
0.01034657386,0.8214818835,0.9329214692
0.01035657386,0.784055531,0.9059454799
0.01035757386,0.7801401615,0.9030483961
0.01036757386,0.7393186688,0.8721459508
0.01036857386,0.735073328,0.8688631654
0.01037857386,0.6910516024,0.8341818452
0.01037957386,0.6864964962,0.8305290937
0.01038957386,0.6394847631,0.7922344208
0.01039057386,0.6346416473,0.7882291079
0.01040057386,0.584864378,0.7465040684
0.01040157386,0.5797563791,0.7421652675
0.01041157386,0.5274512768,0.6972090006
0.01041257386,0.5221028328,0.6925575137
0.01042257386,0.4675196409,0.644584775
0.01042357386,0.461956203,0.6396427751
0.01043357386,0.4053555727,0.5888825059
0.01043457386,0.3996037841,0.5836735964
0.01044457386,0.341255933,0.5303683281
0.01044557386,0.3353432417,0.5249173641
0.01045557386,0.2755267918,0.4693215191
0.01045657386,0.2694814205,0.4636545479
0.01046657386,0.208482042,0.4060336649
0.01046757386,0.2023328394,0.4001777172
0.01047757386,0.1404417753,0.3408069313
0.01047857386,0.1342181265,0.3347899914
0.01048857386,0.07173090428,0.2739527524
0.01048957386,0.06546252966,0.2678035498
0.01049957386,0.002677519573,0.2057904005
0.01050057386,-0.003605654929,0.1995383054
0.01051057386,-0.06638865173,0.136645332
0.01051157386,-0.07265662402,0.1303201914
0.01052157386,-0.1351378113,0.0668477118
0.01052257386,-0.1413606554,0.06047973409
0.01053257386,-0.2032417059,-0.003269165987
0.01053357386,-0.2093897015,-0.009649581276
0.01054357386,-0.2703751028,-0.0733705014
0.01054457386,-0.2764188945,-0.07973288745
0.01055457386,-0.3362174928,-0.1431215554
0.01055557386,-0.3421282172,-0.1494355351
0.01056557386,-0.400454402,-0.212189272
0.01056657386,-0.406203866,-0.2184246927
0.01057657386,-0.4627791941,-0.2802438438
0.01057757386,-0.4683398902,-0.2863709331
0.01058757386,-0.5228942037,-0.346960336
0.01058857386,-0.5282396078,-0.3529498279
0.01059857386,-0.5805124044,-0.4120201468
0.01059957386,-0.5856170058,-0.417843461
0.01060957386,-0.6353586316,-0.4751126468
0.01061057386,-0.6401980519,-0.4807419479
0.01062057386,-0.687171042,-0.5359365344
0.01062157386,-0.6917221546,-0.5413449407
0.01063157386,-0.7357022762,-0.594201386
0.01063257386,-0.7399433255,-0.5993630886
0.01064257386,-0.7807204723,-0.6496289968
0.01064357386,-0.7846313119,-0.6545193791
0.01065357386,-0.8220107555,-0.7019547224
0.01065457386,-0.8255726099,-0.7065503597
0.01066457386,-0.8593759537,-0.7509286404
0.01066557386,-0.8625718355,-0.7552076578
0.01067557386,-0.89263767,-0.7963169217
0.01067657386,-0.8954523206,-0.8002588749
0.01068657386,-0.9216369987,-0.8379029036
0.01068757386,-0.9240570068,-0.8414889574
0.01069757386,-0.9462355971,-0.8754879832
0.01069857386,-0.9482493401,-0.8787009716
0.01070857386,-0.9663158655,-0.9088926315
0.01070957386,-0.9679138064,-0.9117172956
0.01071957386,-0.9817820191,-0.937957406
0.01072057386,-0.9829564691,-0.9403802156
0.01073057386,-0.9925601482,-0.9625434875
0.01073157386,-0.9933055639,-0.9645528793
0.01074157386,-0.9985988736,-0.9825335145
0.01074257386,-0.9989116192,-0.9841198325
0.01075257386,-0.9998692274,-0.9978319407
0.01076257386,-0.9968808293,-1.007606387
0.01077257386,-0.9899581671,-1.013404369
0.01078257386,-0.9791285992,-1.015203238
0.01079257386,-0.9644348621,-1.012995601
0.01080257386,-0.9459349513,-1.00679028
0.01081257386,-0.9237018228,-0.996611774
0.01082257386,-0.8978233337,-0.9825001955
0.01082357386,-0.8950387836,-0.9808741808
0.01083357386,-0.8652687669,-0.9625011683
0.01083457386,-0.8621019125,-0.9604529738
0.01084457386,-0.8285825849,-0.9379063249
0.01084557386,-0.8250485063,-0.9354457259
0.01085557386,-0.7879399657,-0.9088330865
0.01085657386,-0.784055531,-0.9059717655
0.01086657386,-0.743534863,-0.8754202127
0.01086757386,-0.7393186688,-0.8721718788
0.01087757386,-0.6955794692,-0.8378272653
0.01087857386,-0.6910516024,-0.8342074156
0.01088857386,-0.6443026662,-0.7962337136
0.01088957386,-0.6394847631,-0.7922596335
0.01089957386,-0.5899493098,-0.7508382201
0.01090057386,-0.584864378,-0.7465289235
0.01091057386,-0.5327789783,-0.7018575072
0.01091157386,-0.5274512768,-0.6972335577
0.01092157386,-0.4730646014,-0.6495255232
0.01092257386,-0.4675196409,-0.6446089149
0.01093257386,-0.4110913575,-0.5940920711
0.01093357386,-0.4053555727,-0.5889063478
0.01094357386,-0.3471551538,-0.5358219147
0.01094457386,-0.341255933,-0.5303918123
0.01095457386,-0.2815613151,-0.4749932289
0.01095557386,-0.2755267918,-0.4693447351
0.01096557386,-0.2146230042,-0.411896497
0.01096657386,-0.208482042,-0.4060565829
0.01097657386,-0.1466598809,-0.3468330503
0.01097757386,-0.1404417753,-0.3408295512
0.01098757386,-0.07799644768,-0.2801135182
0.01098857386,-0.07173090428,-0.2739751041
0.01099857386,-0.008960587904,-0.2120564729
0.01099957386,-0.002677519573,-0.205812484
0.01100957386,0.06011805683,-0.1429869235
0.01101057386,0.06638865173,-0.1366671622
0.01102057386,0.1289096475,-0.07323466986
0.01102157386,0.1351378113,-0.06686931103
0.01103157386,0.1970856786,-0.003132759826
0.01103257386,0.2032417059,0.003247804707
0.01104257386,0.2643206418,0.06698405743
0.01104357386,0.2703751028,0.0733493641
0.01105357386,0.3302934766,0.1367809772
0.01105457386,0.3362174928,0.1431006342
0.01106457386,0.3946891725,0.2059247345
0.01106557386,0.400454402,0.2121685445
0.01107557386,0.4572001994,0.2740851343
0.01107657386,0.4627791941,0.28022331
0.01108657386,0.5175281167,0.3409367502
0.01108757386,0.5228942037,0.346939981
0.01109757386,0.5753848553,0.4061603546
0.01109857386,0.5805124044,0.4119999409
0.01110857386,0.6304941177,0.4694445133
0.01110957386,0.6353586316,0.4750925899
0.01111957386,0.6825928092,0.5304870009
0.01112057386,0.687171042,0.5359166265
0.01113057386,0.7314321399,0.5889964104
0.01113157386,0.7357022762,0.5941815972
0.01114157386,0.7767788768,0.644693315
0.01114257386,0.7807204723,0.6496093273
0.01115257386,0.8184164762,0.697311759
0.01115357386,0.8220107555,0.7019351721
0.01116357386,0.8561461568,0.7466005087
0.01116457386,0.8593759537,0.7509092093
0.01117457386,0.8897877336,0.792324245
0.01117557386,0.89263767,0.7962976098
0.01118557386,0.9191806316,0.8342645168
0.01118657386,0.9216369987,0.8378837109
0.01119657386,0.9441844225,0.8722212315
0.01119757386,0.9462355971,0.8754688501
0.01120757386,0.9646797776,0.9060130119
0.01120857386,0.9663158655,0.908873558
0.01121857386,0.9805687666,0.9354785681
0.01121957386,0.9817820191,0.9379383922
0.01122957386,0.9917755723,0.9604771733
0.01123057386,0.9925601482,0.9625245929
0.01124057386,0.9982466698,0.9808894396
0.01124157386,0.9985988736,0.9825146198
0.01125157386,0.9999511242,0.9966179729
0.01126157386,0.9973570108,1.006788373
0.01127157386,0.9908267856,1.012985468
0.01128157386,0.9803862572,1.015184999
0.01129157386,0.9660766125,1.013378024
0.01130157386,0.9479542375,1.007571816
0.01131157386,0.9260907769,0.9977892041
0.01132157386,0.9005724192,0.9840688705
0.01133157386,0.871499896,0.9664648771
0.01133257386,0.8684014678,0.9644927382
0.01134257386,0.8355525136,0.9426976442
0.01134357386,0.8320839405,0.9403111935
0.01135357386,0.7956153154,0.9144290686
0.01135457386,0.7917932272,0.9116396308
0.01136457386,0.7518790364,0.881794095
0.01136557386,0.7477217317,0.8786150217
0.01137557386,0.7045525908,0.8449485302
0.01137657386,0.7000798583,0.8413950205
0.01138657386,0.6538619399,0.804068327
0.01138757386,0.649095118,0.8001573086
0.01139757386,0.6000490785,0.7593486309
0.01139857386,0.5950109363,0.7550988197
0.01140857386,0.5433709621,0.7110030055
0.01140957386,0.5380855799,0.7064346671
0.01141957386,0.4840982854,0.6592623591
0.01142057386,0.4785908759,0.6543973088
0.01143057386,0.4225140214,0.6043736935
0.01143157386,0.4168109298,0.599235177
0.01144157386,0.3589122891,0.5465991497
0.01144257386,0.3530406952,0.5412116647
0.01145257386,0.2935967445,0.4862145483
0.01145357386,0.2875846922,0.4806038141
0.01146357386,0.2268792689,0.4235082567
0.01146457386,0.2207555026,0.4177010953
0.01147457386,0.1590784639,0.3587796688
0.01147557386,0.1528721899,0.3528038263
0.01148557386,0.0905180499,0.2923378944
0.01148657386,0.08425891399,0.2862218916
0.01149657386,0.02152541652,0.2245002091
0.01149757386,0.01524330303,0.2182732224
0.01150757386,-0.04757000133,0.1555904895
0.01150857386,-0.05384509265,0.1492822766
0.01151857386,-0.1164382696,0.08593779802
0.01151957386,-0.12267638,0.07957848907
0.01152957386,-0.1847505569,0.01587473974
0.01153057386,-0.1909218878,0.009494686499
0.01154057386,-0.2521806359,-0.05426414683
0.01154157386,-0.2582557499,-0.0606344752
0.01155157386,-0.3184065819,-0.1241439506
0.01155257386,-0.3243564367,-0.1304741353
0.01156257386,-0.3831121325,-0.19343099
0.01156357386,-0.3889083266,-0.1996908039
0.01157357386,-0.4459883273,-0.2617944181
0.01157457386,-0.4516031742,-0.2679539621
0.01158457386,-0.5067349672,-0.3289078176
0.01158557386,-0.512141645,-0.3349376917
0.01159557386,-0.5650618672,-0.3944506943
0.01159657386,-0.5702346563,-0.4003221095
0.01160657386,-0.6206907034,-0.4581100941
0.01160757386,-0.6256047487,-0.4637950063
0.01161757386,-0.6733556986,-0.5195820332
0.01161857386,-0.6779876351,-0.5250533223
0.01162857386,-0.7228054404,-0.5785730481
0.01162957386,-0.7271331549,-0.5838045478
0.01163957386,-0.7688037753,-0.6348013282
0.01164057386,-0.7728065848,-0.6397681236
0.01165057386,-0.8111310601,-0.6879985332
0.01165157386,-0.8147898912,-0.6926768422
0.01166157386,-0.8495852947,-0.7379105687
0.01166257386,-0.8528825641,-0.7422780395
0.01167257386,-0.8839826584,-0.7842990756
0.01167357386,-0.8869027495,-0.7883349061
0.01168357386,-0.9141591191,-0.8269425631
0.01168457386,-0.9166879654,-0.8306274414
0.01169457386,-0.9399704337,-0.8656374812
0.01169557386,-0.9420960546,-0.868953824
0.01170557386,-0.9612933993,-0.9001989961
0.01170657386,-0.9630056024,-0.9031310081
0.01171657386,-0.9780262113,-0.930462122
0.01171757386,-0.9793168306,-0.9329957366
0.01172757386,-0.9900889397,-0.956282258
0.01172857386,-0.9909518361,-0.9584054351
0.01173857386,-0.9974240065,-0.9775362015
0.01173957386,-0.9978550076,-0.9792388082
0.01174957386,-0.9999964237,-0.9941224456
0.01175957386,-0.9981912971,-1.005083084
0.01176957386,-0.9924467206,-1.012077212
0.01177957386,-0.9827854633,-1.015077353
0.01178957386,-0.969245553,-1.014071465
0.01179957386,-0.9518805146,-1.009063721
0.01180957386,-0.9307588339,-1.000073791
0.01181957386,-0.9059638381,-0.9871370196
0.01182957386,-0.8775934577,-0.9703045487
0.01183057386,-0.8745639324,-0.9684088826
0.01184057386,-0.8423904181,-0.9473685026
0.01184157386,-0.8389880061,-0.9450566173
0.01185157386,-0.8031650186,-0.9199088812
0.01185257386,-0.7994059324,-0.9171917439
0.01186257386,-0.7601044774,-0.8880566955
0.01186357386,-0.7560067177,-0.8849474192
0.01187357386,-0.7134144902,-0.8519640565
0.01187457386,-0.7089975476,-0.8484774232
0.01188457386,-0.6633179188,-0.8118033409
0.01188557386,-0.658602953,-0.8079559803
0.01189557386,-0.6100540161,-0.7677662969
0.01189657386,-0.605063498,-0.7635766268
0.01190657386,-0.5538771749,-0.7200632095
0.01190757386,-0.5486348867,-0.7155511379
0.01191757386,-0.4950554967,-0.6689218283
0.01191857386,-0.4895865619,-0.6641089916
0.01192857386,-0.4338699877,-0.6145863533
0.01192957386,-0.4282004535,-0.6094956994
0.01193957386,-0.3706127405,-0.5573162436
0.01194057386,-0.3647696972,-0.5519721508
0.01195057386,-0.3055858016,-0.497385025
0.01195157386,-0.2995971739,-0.4918129146
0.01196157386,-0.2390997112,-0.4350787699
0.01196257386,-0.2329940945,-0.4293052852
0.01197257386,-0.1714719236,-0.3706950545
0.01197357386,-0.1652784497,-0.3647477925
0.01198357386,-0.1030253544,-0.3045413196
0.01198457386,-0.09677360952,-0.2984486222
0.01199457386,-0.03408684582,-0.2369334102
0.01199557386,-0.02780667879,-0.2307243943
0.01200557386,0.03501443192,-0.1681941599
0.01200657386,0.04129302874,-0.1618984789
0.01201657386,0.1039485112,-0.09865181148
0.01201757386,0.1101955697,-0.09229952842
0.01202757386,0.1723862439,-0.02863842063
0.01202857386,0.1785719246,-0.02225986682
0.01203857386,0.2400008291,0.04151169211
0.01203957386,0.2460955977,0.04788606241
0.01204957386,0.3064694107,0.1114635691
0.01205057386,0.3124441803,0.1178033128
0.01206057386,0.3714746237,0.1808831841
0.01206157386,0.3773008287,0.1871580333
0.01207157386,0.4347060323,0.2494390607
0.01207257386,0.4403558671,0.2556190491
0.01208257386,0.4958617091,0.3168038428
0.01208357386,0.5013082027,0.3228594959
0.01209357386,0.5546497107,0.3826558888
0.01209457386,0.5598668456,0.3885582387
0.01210457386,0.6107891798,0.4466807246
0.01210557386,0.6157521009,0.4524016082
0.01211557386,0.6640121937,0.508572638
0.01211657386,0.6686971188,0.5140847564
0.01212657386,0.7140645385,0.5680360794
0.01212757386,0.7184491754,0.573313117
0.01213757386,0.7607072592,0.6247872114
0.01213857386,0.764770627,0.629803896
0.01214857386,0.8037176132,0.6785548925
0.01214957386,0.8074402809,0.6832873225
0.01215957386,0.842890203,0.7290825248
0.01216057386,0.846254468,0.73350811
0.01217057386,0.8780380487,0.7761287093
0.01217157386,0.8810277581,0.7802263498
0.01218157386,0.9089931846,0.8194689155
0.01218257386,0.9115941525,0.8232190013
0.01219257386,0.9356079698,0.8588961363
0.01219357386,0.9378076792,0.8622807264
0.01220357386,0.957755208,0.8942221403
0.01220457386,0.9595432281,0.8972250819
0.01221457386,0.9753291607,0.9252781868
0.01221557386,0.9766969681,0.9278852344
0.01222557386,0.9882459641,0.951916039
0.01222657386,0.9891870022,0.9541146755
0.01223657386,0.9964438677,0.9740085006
0.01223757386,0.9969536662,0.9757881761
0.01224757386,0.9998838305,0.9914500117
0.01224857386,0.9999598265,0.9928023219
0.01225857386,0.9985492826,1.004157424
0.01226857386,0.9931979179,1.011549711
0.01227857386,0.9839268327,1.014950037
0.01228857386,0.9707726836,1.014344931
0.01229857386,0.9537873268,1.009736776
0.01230857386,0.9330377579,1.001143694
0.01231857386,0.9086059332,0.9885995984
0.01232857386,0.8805882931,0.9721540213
0.01232957386,0.8775934577,0.9702966213
0.01233957386,0.8457595706,0.9496349692
0.01234057386,0.8423904181,0.9473605156
0.01235057386,0.806892395,0.9225815535
0.01235157386,0.8031650186,0.919900775
0.01236157386,0.764172256,0.8911227584
0.01236257386,0.7601044774,0.8880485892
0.01237257386,0.7178032398,0.8554089069
0.01237357386,0.7134144902,0.8519558907
0.01238357386,0.6680067778,0.8156104088
0.01238457386,0.6633179188,0.8117951155
0.01239457386,0.6150205135,0.7719174027
0.01239557386,0.6100540161,0.7677580118
0.01240557386,0.5590975285,0.7245385051
0.01240657386,0.5538771749,0.7200548649
0.01241657386,0.5005049109,0.6736998558
0.01241757386,0.4950554967,0.6689134836
0.01242757386,0.4395223856,0.6196443439
0.01242857386,0.4338699877,0.614577949
0.01243857386,0.3764411211,0.5626299977
0.01243957386,0.3706127405,0.557307899
0.01244957386,0.3115623593,0.5029290915
0.01245057386,0.3055858016,0.4973766208
0.01246057386,0.2451958954,0.4408266842
0.01246157386,0.2390997112,0.4350703955
0.01247157386,0.1776586175,0.376619339
0.01247257386,0.1714719236,0.3706866801
0.01248257386,0.1092730314,0.3106136322
0.01248357386,0.1030253544,0.3045329452
0.01249357386,0.04036566615,0.2431247234
0.01249457386,0.03408684582,0.2369250655
0.01250457386,-0.02873444743,0.174474895
0.01250557386,-0.03501443192,0.1681858599
0.01251557386,-0.09769735485,0.1049919352
0.01251657386,-0.1039485112,0.09864355624
0.01252657386,-0.1661937535,0.03500763699
0.01252757386,-0.1723862439,0.0286302194
0.01253757386,-0.2338965833,-0.03514382988
0.01253857386,-0.2400008291,-0.04151983559
0.01254857386,-0.3004825711,-0.1051274911
0.01254957386,-0.3064694107,-0.1114716381
0.01255957386,-0.3656337261,-0.1746091843
0.01256057386,-0.3714746237,-0.1808911711
0.01257057386,-0.4290390313,-0.2432571203
0.01257157386,-0.4347060323,-0.2494469732
0.01258157386,-0.4903956354,-0.3107435405
0.01258257386,-0.4958617091,-0.316811651
0.01259257386,-0.5494106412,-0.3767461479
0.01259357386,-0.5546497107,-0.3826636076
0.01260357386,-0.6058021784,-0.4409497976
0.01260457386,-0.6107891798,-0.4466883242
0.01261457386,-0.6593010426,-0.5030479431
0.01261557386,-0.6640121937,-0.5085801482
0.01262557386,-0.7096517682,-0.5627440214
0.01262657386,-0.7140645385,-0.5680434704
0.01263657386,-0.7566139102,-0.6197530627
0.01263757386,-0.7607072592,-0.6247944236
0.01264757386,-0.7999632359,-0.6738027334
0.01264857386,-0.8037176132,-0.6785619855
0.01265857386,-0.8394926786,-0.7246350646
0.01265957386,-0.842890203,-0.7290894389
0.01266957386,-0.8750136495,-0.7720072865
0.01267057386,-0.8780380487,-0.7761355042
0.01268057386,-0.9063563943,-0.81569314
0.01268157386,-0.9089931846,-0.8194755316
0.01269157386,-0.9333713055,-0.8554840684
0.01269257386,-0.9356079698,-0.8589026332
0.01270257386,-0.9559293389,-0.8911901116
0.01270357386,-0.957755208,-0.8942283988
0.01271357386,-0.9739229083,-0.9226407409
0.01271457386,-0.9753291607,-0.9252843261
0.01272457386,-0.9872659445,-0.949685812
0.01272557386,-0.9882459641,-0.9519219995
0.01273557386,-0.9958947897,-0.9721961021
0.01273657386,-0.9964438677,-0.9740142822
0.01274657386,-0.9997683167,-0.9900642037
0.01274757386,-0.9998838305,-0.9914556146
0.01275757386,-0.998867929,-1.003204703
0.01276757386,-0.9939098954,-1.010994792
0.01277757386,-0.985029459,-1.014795184
0.01278757386,-0.9722614884,-1.01459074
0.01279757386,-0.9556564689,-1.010382295
0.01280757386,-0.9352799058,-1.002186418
0.01281757386,-0.9112122059,-0.9900353551
0.01282757386,-0.8835483789,-0.9739772677
0.01282857386,-0.8805882931,-0.9721582532
0.01283857386,-0.8490953445,-0.9518761039
0.01283957386,-0.8457595706,-0.949639082
0.01284957386,-0.810587883,-0.9252297878
0.01285057386,-0.806892395,-0.9225854874
0.01286057386,-0.7682098746,-0.8941655755
0.01286157386,-0.764172256,-0.8911265731
0.01287157386,-0.7221637368,-0.8588317633
0.01287257386,-0.7178032398,-0.8554125428
0.01288257386,-0.6726691723,-0.8193969727
0.01288357386,-0.6680067778,-0.8156139255
0.01289357386,-0.6199626923,-0.776049614
0.01289457386,-0.6150205135,-0.7719207406
0.01290457386,-0.5642958879,-0.7289966345
0.01290557386,-0.5590975285,-0.7245416641
0.01291557386,-0.5059345961,-0.6784627438
0.01291657386,-0.5005049109,-0.6737029552
0.01292657386,-0.4451574087,-0.6246891618
0.01292757386,-0.4395223856,-0.6196472645
0.01293757386,-0.3822546601,-0.567932725
0.01293857386,-0.3764411211,-0.5626327991
0.01294857386,-0.3175266087,-0.508464396
0.01294957386,-0.3115623593,-0.5029317737
0.01295957386,-0.2512823939,-0.4465681911
0.01296057386,-0.2451958954,-0.440829277
0.01297057386,-0.1838383079,-0.3825396299
0.01297157386,-0.1776586175,-0.3766218424
0.01298157386,-0.1155163944,-0.3166844547
0.01298257386,-0.1092730314,-0.3106160462
0.01299257386,-0.04664289206,-0.2493171245
0.01299357386,-0.04036566615,-0.2431270629
0.01300357386,0.02245333232,-0.1807593107
0.01300457386,0.02873444743,-0.1744771749
0.01301457386,0.09144233912,-0.1113383994
0.01301557386,0.09769735485,-0.1049941629
0.01302557386,0.1599947065,-0.04138585553
0.01302657386,0.1661937535,-0.03500981256
0.01303657386,0.2277831137,0.02876429632
0.01303757386,0.2338965833,0.03514169157
0.01304757386,0.2944838405,0.09877708554
0.01304857386,0.3004825711,0.10512539
0.01305857386,0.359778434,0.168318212
0.01305957386,0.3656337261,0.1746070981
0.01306957386,0.4233550727,0.2370555997
0.01307057386,0.4290390313,0.243255049
0.01308057386,0.4849101901,0.3046610355
0.01308157386,0.4903956354,0.3107414544
0.01309157386,0.5441498756,0.3708117306
0.01309257386,0.5494106412,0.3767440617
0.01310257386,0.6007912755,0.4351917803
0.01310357386,0.6058021784,0.4409477115
0.01311357386,0.6545639038,0.4974937737
0.01311457386,0.6593010426,0.5030457973
0.01312457386,0.7052109838,0.5574202538
0.01312557386,0.7096517682,0.5627418756
0.01313557386,0.7524906397,0.614684999
0.01313657386,0.7566139102,0.6197508574
0.01314657386,0.7961772084,0.6690146923
0.01314757386,0.7999632359,0.673800528
0.01315757386,0.8360620737,0.7201497555
0.01315857386,0.8394926786,0.7246327996
0.01316857386,0.8719546795,0.7678461671
0.01316957386,0.8750136495,0.7720049024
0.01317957386,0.9036837816,0.8118760586
0.01318057386,0.9063563943,0.8156906962
0.01319057386,0.9310977459,0.8520293236
0.01319157386,0.9333713055,0.8554816246
0.01320157386,0.9540657997,0.8881140947
0.01320257386,0.9559293389,0.8911875486
0.01321257386,0.9724781513,0.9199581146
0.01321357386,0.9739229083,0.9226381183
0.01322357386,0.9862469435,0.9474093318
0.01322457386,0.9872659445,0.9496830702
0.01323457386,0.9953064322,0.9703366756
0.01323557386,0.9958947897,0.9721932411
0.01324557386,0.9996133447,0.988630712
0.01324657386,0.9997683167,0.9900612235
0.01325657386,0.9991470575,1.002203941
0.01326657386,0.994582653,1.010391712
0.01327657386,0.9860931039,1.014591932
0.01328657386,0.9737119079,1.01478827
0.01329657386,0.9574878812,1.010979772
0.01330657386,0.9374850988,1.003181458
0.01331657386,0.9137824774,0.9914240837
0.01332657386,0.8864735961,0.9757540822
0.01332757386,0.8835483789,0.9739735723
0.01333757386,0.8523976207,0.9540717602
0.01333857386,0.8490953445,0.9518723488
0.01334857386,0.8142514229,0.9278337359
0.01334957386,0.810587883,0.9252259731
0.01335957386,0.7722172141,0.8971653581
0.01336057386,0.7682098746,0.8941616416
0.01337057386,0.7264956236,0.8622130752
0.01337157386,0.7221637368,0.8588277102
0.01338157386,0.6773051023,0.823143661
0.01338257386,0.6726691723,0.8193929195
0.01339257386,0.6248804331,0.7801437378
0.01339357386,0.6199626923,0.7760455012
0.01340357386,0.5694719553,0.7334186435
0.01340457386,0.5642958879,0.7289924026
0.01341457386,0.511344254,0.6831914186
0.01341557386,0.5059345961,0.6784584522
0.01342557386,0.4507748783,0.6297020316
0.01342657386,0.4451574087,0.6246848106
0.01343657386,0.3880530894,0.5732057691
0.01343757386,0.3822546601,0.5679283142
0.01344757386,0.3234783411,0.5139724612
0.01344857386,0.3175266087,0.5084599853
0.01345857386,0.2573589683,0.4522849619
0.01345957386,0.2512823939,0.4465637207
0.01346957386,0.1900107414,0.3884378076
0.01347057386,0.1838383079,0.3825351298
0.01348057386,0.1217551976,0.3227358162
0.01348157386,0.1155163944,0.3166799247
0.01349157386,0.05291827396,0.2554928064
0.01349257386,0.04664289206,0.2493125945
0.01350257386,-0.01617132872,0.1870297939
0.01350357386,-0.02245333232,0.1807547957
0.01351357386,-0.08518371731,0.1176737249
0.01351457386,-0.09144233912,0.1113338843
0.01352457386,-0.1537893564,0.04775575921
0.01352557386,-0.1599947065,0.04138135538
0.01353557386,-0.2216606438,-0.0223902408
0.01353657386,-0.2277831137,-0.0287687704
0.01354657386,-0.2884735167,-0.09242933244
0.01354757386,-0.2944838405,-0.09878152609
0.01355757386,-0.3539089262,-0.1620270759
0.01355857386,-0.359778434,-0.1683226079
0.01356857386,-0.4176544249,-0.2308511287
0.01356957386,-0.4233550727,-0.2370599508
0.01357957386,-0.4794056118,-0.2985728979
0.01358057386,-0.4849101901,-0.3046653271
0.01359057386,-0.5388676524,-0.3648689687
0.01359157386,-0.5441498756,-0.3708159328
0.01360157386,-0.59575665,-0.4294227958
0.01360257386,-0.6007912755,-0.4351959229
0.01361257386,-0.649800837,-0.4919261336
0.01361357386,-0.6545639038,-0.4974978268
0.01362357386,-0.7007423043,-0.552080512
0.01362457386,-0.7052109838,-0.5574241877
0.01363457386,-0.7483376861,-0.6095987558
0.01363557386,-0.7524906397,-0.6146888733
0.01364557386,-0.7923598289,-0.6642061472
0.01364657386,-0.7961772084,-0.6690184474
0.01365657386,-0.8325983882,-0.7156419754
0.01365757386,-0.8360620737,-0.720153451
0.01366757386,-0.8688613772,-0.7636606097
0.01366857386,-0.8719546795,-0.7678496838
0.01367857386,-0.9009754658,-0.8080328107
0.01367957386,-0.9036837816,-0.8118795156
0.01368957386,-0.9287874699,-0.8485466242
0.01369057386,-0.9310977459,-0.8520326018
0.01370057386,-0.9521645308,-0.8850086927
0.01370157386,-0.9540657997,-0.8881171942
0.01371157386,-0.9709950089,-0.917244792
0.01371257386,-0.9724781513,-0.9199610949
0.01372257386,-0.9851890206,-0.9451010823
0.01372357386,-0.9862469435,-0.9474121928
0.01373357386,-0.9946787357,-0.9684445262
0.01373457386,-0.9953064322,-0.9703394175
0.01374457386,-0.9994188547,-0.9871636629
0.01374557386,-0.9996133447,-0.988633275
0.01375557386,-0.9993867874,-1.001169086
0.01376557386,-0.9952161908,-1.009754062
0.01377557386,-0.9871178865,-1.014353991
0.01378557386,-0.9751238823,-1.014950991
0.01379557386,-0.9592815042,-1.011542559
0.01380557386,-0.9396532774,-1.004142046
0.01381557386,-0.9163166881,-0.9927787781
0.01382557386,-0.8893638253,-0.9774975181
0.01382657386,-0.8864735961,-0.9757555127
0.01383657386,-0.8556662202,-0.9562347531
0.01383757386,-0.8523976207,-0.9540730119
0.01384757386,-0.8178827763,-0.9304060936
0.01384857386,-0.8142514229,-0.927834928
0.01385857386,-0.7761939764,-0.9001347423
0.01385957386,-0.7722172141,-0.897166431
0.01386957386,-0.7307989001,-0.8655652404
0.01387057386,-0.7264956236,-0.8622139692
0.01388057386,-0.6819142699,-0.8268626332
0.01388157386,-0.6773051023,-0.8231444359
0.01389157386,-0.629773438,-0.7842118144
0.01389257386,-0.6248804331,-0.7801443934
0.01390257386,-0.5746254921,-0.7378163934
0.01390357386,-0.5694719553,-0.7334191799
0.01391357386,-0.516733706,-0.6878979206
0.01391457386,-0.511344254,-0.6831918955
0.01392457386,-0.4563745558,-0.6346946955
0.01392557386,-0.4507748783,-0.6297023892
0.01393557386,-0.3938362002,-0.5784608722
0.01393657386,-0.3880530894,-0.5732060075
0.01394657386,-0.3294172883,-0.5194648504
0.01394757386,-0.3234783411,-0.51397264
0.01395757386,-0.2634254098,-0.457988441
0.01395857386,-0.2573589683,-0.4522850513
0.01396857386,-0.1961756647,-0.3943251371
0.01396957386,-0.1900107414,-0.3884378076
0.01397957386,-0.1279891878,-0.3287789226
0.01398057386,-0.1217551976,-0.3227357864
0.01399057386,-0.05919156969,-0.261662811
0.01399157386,-0.05291827396,-0.2554926872
0.01400157386,0.009888687171,-0.193297267
0.01400257386,0.01617132872,-0.1870296448
0.01401257386,0.07892172784,-0.1240087375
0.01401357386,0.08518371731,-0.1176735386
0.01402357386,0.1475779116,-0.05412806943
0.01402457386,0.1537893564,-0.04775555059
0.01403457386,0.2155294269,0.01601105183
0.01403557386,0.2216606438,0.02239046805
0.01404557386,0.2824517787,0.08607371897
0.01404657386,0.2884735167,0.0924295634
0.01405657386,0.3480254412,0.1557253748
0.01405757386,0.3539089262,0.1620272994
0.01406757386,0.4119372666,0.2246334255
0.01406857386,0.4176544249,0.2308513671
0.01407857386,0.4738821089,0.2924688756
0.01407957386,0.4794056118,0.2985731065
0.01408957386,0.5335641503,0.3589077592
0.01409057386,0.5388676524,0.3648691475
0.01410057386,0.5906984806,0.4236328602
0.01410157386,0.59575665,0.4294229448
0.01411157386,0.6450121999,0.4863351285
0.01411257386,0.649800837,0.4919262528
0.01412257386,0.6962459683,0.5467151403
0.01412357386,0.7007423043,0.5520805717
0.01413357386,0.7441552281,0.6044845581
0.01413457386,0.7483376861,0.6095987558
0.01414457386,0.7885110974,0.6593676209
0.01414557386,0.7923598289,0.6642060876
0.01415557386,0.8291018605,0.711102128
0.01415657386,0.8325983882,0.7156418562
0.01416657386,0.8657336831,0.7594411969
0.01416757386,0.8688613772,0.7636604309
0.01417757386,0.8982316256,0.8041539192
0.01417857386,0.9009754658,0.8080325127
0.01418857386,0.926440537,0.8450267911
0.01418957386,0.9287874699,0.848546207
0.01419957386,0.9502257109,0.8818646669
0.01420057386,0.9521645308,0.8850081563
0.01421057386,0.9694735408,0.9144916534
0.01421157386,0.9709950089,0.9172441959
0.01422157386,0.984092176,0.9427519441
0.01422257386,0.9851890206,0.9451003671
0.01423257386,0.9940117598,0.9665105939
0.01423357386,0.9946787357,0.9684436917
0.01424357386,0.9991849661,0.9856541157
0.01424457386,0.9994188547,0.9871627092
0.01425457386,0.999587059,1.000091195
0.01426457386,0.9958103895,1.009073019
0.01427457386,0.9881036282,1.014072657
0.01428457386,0.9764973521,1.015070319
0.01429457386,0.9610372186,1.012062073
0.01430457386,0.9417843819,1.005059719
0.01431457386,0.9188147187,0.9940909743
0.01432457386,0.8922188878,0.9791990519
0.01432557386,0.8893638253,0.9774956703
0.01433557386,0.8589010239,0.9583567977
0.01433657386,0.8556662202,0.9562328458
0.01434657386,0.8214818835,0.9329384565
0.01434757386,0.8178827763,0.930404067
0.01435757386,0.7801401615,0.9030653238
0.01435857386,0.7761939764,0.9001325965
0.01436857386,0.735073328,0.8688800931
0.01436957386,0.7307989001,0.8655629754
0.01437957386,0.6864964962,0.8305459023
0.01438057386,0.6819142699,0.8268603086
0.01439057386,0.6346416473,0.7882459164
0.01439157386,0.629773438,0.7842094302
0.01440157386,0.5797563791,0.7421820164
0.01440257386,0.5746254921,0.73781389
0.01441257386,0.5221028328,0.692574203
0.01441357386,0.516733706,0.6878953576
0.01442357386,0.461956203,0.6396593451
0.01442457386,0.4563745558,0.6346920729
0.01443457386,0.3996037841,0.5836901665
0.01443557386,0.3938362002,0.5784581304
0.01444557386,0.3353432417,0.524933815
0.01444657386,0.3294172883,0.5194621086
0.01445657386,0.2694814205,0.4636709392
0.01445757386,0.2634254098,0.4579856098
0.01446757386,0.2023328394,0.4001940191
0.01446857386,0.1961756647,0.3943222761
0.01447857386,0.1342181265,0.3348062038
0.01447957386,0.1279891878,0.3287760317
0.01448957386,0.06546252966,0.2678196728
0.01449057386,0.05919156969,0.2616598904
0.01450057386,-0.003605654929,0.1995542943
0.01450157386,-0.009888687171,0.1932943165
0.01451157386,-0.07265662402,0.130336076
0.01451257386,-0.07892172784,0.1240057722
0.01452257386,-0.1413606554,0.06049548835
0.01452357386,-0.1475779116,0.0541251041
0.01453357386,-0.2093897015,-0.009633961134
0.01453457386,-0.2155294269,-0.01601400785
0.01454457386,-0.2764188945,-0.07971740514
0.01454557386,-0.2824517787,-0.08607665449
0.01455557386,-0.3421282172,-0.1494202018
0.01455657386,-0.3480254412,-0.1557282805
0.01456657386,-0.406203866,-0.2184095085
0.01456757386,-0.4119372666,-0.2246363163
0.01457757386,-0.4683398902,-0.2863559127
0.01457857386,-0.4738821089,-0.2924717069
0.01458857386,-0.5282396078,-0.3529349864
0.01458957386,-0.5335641503,-0.3589105308
0.01459957386,-0.5856170058,-0.4178287685
0.01460057386,-0.5906984806,-0.4236355722
0.01461057386,-0.6401980519,-0.4807274342
0.01461157386,-0.6450121999,-0.486337781
0.01462157386,-0.6917221546,-0.5413306355
0.01462257386,-0.6962459683,-0.5467177033
0.01463257386,-0.7399433255,-0.5993490219
0.01463357386,-0.7441552281,-0.6044870615
0.01464357386,-0.7846313119,-0.6545054913
0.01464457386,-0.7885110974,-0.6593700051
0.01465457386,-0.8255726099,-0.7065366507
0.01465557386,-0.8291018605,-0.7111044526
0.01466557386,-0.8625718355,-0.7551941872
0.01466657386,-0.8657336831,-0.7594434023
0.01467657386,-0.8954523206,-0.8002456427
0.01467757386,-0.8982316256,-0.8041560054
0.01468757386,-0.9240570068,-0.841475904
0.01468857386,-0.926440537,-0.845028758
0.01469857386,-0.9482493401,-0.8786881566
0.01469957386,-0.9502257109,-0.8818665147
0.01470957386,-0.9679138064,-0.9117047191
0.01471057386,-0.9694735408,-0.914493382
0.01472057386,-0.9829564691,-0.9403678179
0.01472157386,-0.984092176,-0.9427534938
0.01473157386,-0.9933055639,-0.96454072
0.01473257386,-0.9940117598,-0.9665120244
0.01474257386,-0.9989116192,-0.9841079712
0.01474357386,-0.9991849661,-0.9856554866
0.01475357386,-0.9997478724,-0.9989761114
0.01476357386,-0.9963652492,-1.008354425
0.01477357386,-0.9890504479,-1.013753414
0.01478357386,-0.9778322577,-1.015151739
0.01479357386,-0.962755084,-1.012543797
0.01480357386,-0.943878293,-1.005939841
0.01481357386,-0.9212764502,-0.9953660965
0.01482357386,-0.8950387836,-0.9808641076
0.01482457386,-0.8922188878,-0.9791993499
0.01483457386,-0.8621019125,-0.9604430795
0.01483557386,-0.8589010239,-0.9583569765
0.01484557386,-0.8250485063,-0.93543607
0.01484657386,-0.8214818835,-0.9329385161
0.01485657386,-0.784055531,-0.905962348
0.01485757386,-0.7801401615,-0.9030652642
0.01486757386,-0.7393186688,-0.8721626401
0.01486857386,-0.735073328,-0.8688798547
0.01487857386,-0.6910516024,-0.8341983557
0.01487957386,-0.6864964962,-0.8305456042
0.01488957386,-0.6394847631,-0.7922508121
0.01489057386,-0.6346416473,-0.7882454991
0.01490057386,-0.584864378,-0.7465202808
0.01490157386,-0.5797563791,-0.7421814799
0.01491157386,-0.5274512768,-0.6972250938
0.01491257386,-0.5221028328,-0.6925735474
0.01492257386,-0.4675196409,-0.6446006894
0.01492357386,-0.461956203,-0.6396586299
0.01493357386,-0.4053555727,-0.5888983011
0.01493457386,-0.3996037841,-0.583689332
0.01494457386,-0.341255933,-0.5303839445
0.01494557386,-0.3353432417,-0.5249329209
0.01495557386,-0.2755267918,-0.4693369865
0.01495657386,-0.2694814205,-0.4636699855
0.01496657386,-0.208482042,-0.4060489535
0.01496757386,-0.2023328394,-0.4001930058
0.01497757386,-0.1404417753,-0.3408220708
0.01497857386,-0.1342181265,-0.334805131
0.01498857386,-0.07173090428,-0.2739677727
0.01498957386,-0.06546252966,-0.2678185403
0.01499957386,-0.002677519573,-0.205805257
0.01500057386,0.003605654929,-0.199553147
0.01501057386,0.06638865173,-0.1366600394
0.01501157386,0.07265662402,-0.1303348988
0.01502157386,0.1351378113,-0.06686228514
0.01502257386,0.1413606554,-0.06049429253
0.01503257386,0.2032417059,0.003254736541
0.01503357386,0.2093897015,0.009635164402
0.01504357386,0.2703751028,0.07335621119
0.01504457386,0.2764188945,0.07971861213
0.01505457386,0.3362174928,0.1431074142
0.01505557386,0.3421282172,0.1494213939
0.01506557386,0.400454402,0.212175265
0.01506657386,0.406203866,0.2184106857
0.01507657386,0.4627791941,0.2802299857
0.01507757386,0.4683398902,0.286357075
0.01508757386,0.5228942037,0.3469465971
0.01508857386,0.5282396078,0.352936089
0.01509857386,0.5805124044,0.412006557
0.01509957386,0.5856170058,0.4178298414
0.01510957386,0.6353586316,0.4750991464
0.01511057386,0.6401980519,0.4807284772
0.01512057386,0.687171042,0.535923183
0.01512157386,0.6917221546,0.5413315892
0.01513157386,0.7357022762,0.5941881537
0.01513257386,0.7399433255,0.599349916
0.01514257386,0.7807204723,0.6496158838
0.01514357386,0.7846313119,0.6545062661
0.01515357386,0.8220107555,0.7019417286
0.01515457386,0.8255726099,0.7065374255
0.01516457386,0.8593759537,0.7509157658
0.01516557386,0.8625718355,0.7551948428
0.01517557386,0.89263767,0.7963042259
0.01517657386,0.8954523206,0.8002461791
0.01518657386,0.9216369987,0.837890327
0.01518757386,0.9240570068,0.8414763808
0.01519757386,0.9462355971,0.8754755259
0.01519857386,0.9482493401,0.8786885142
0.01520857386,0.9663158655,0.9088802934
0.01520957386,0.9679138064,0.9117049575
0.01521957386,0.9817820191,0.9379451871
0.01522057386,0.9829564691,0.9403679967
0.01523057386,0.9925601482,0.9625313878
0.01523157386,0.9933055639,0.9645407796
0.01524157386,0.9985988736,0.9825214744
0.01524257386,0.9989116192,0.984107852
0.01525257386,0.9998692274,0.9978200793
0.01526257386,0.9968808293,1.007594585
0.01527257386,0.9899581671,1.013392687
0.01528257386,0.9791285992,1.015191674
0.01529257386,0.9644348621,1.012984157
0.01530257386,0.9459349513,1.006778955
0.01531257386,0.9237018228,0.9966005087
0.01532257386,0.8978233337,0.9824890494
0.01532357386,0.8950387836,0.9808630347
0.01533357386,0.8652687669,0.9624901414
0.01533457386,0.8621019125,0.960441947
0.01534457386,0.8285825849,0.9378954172
0.01534557386,0.8250485063,0.9354348183
0.01535557386,0.7879399657,0.9088222384
0.01535657386,0.784055531,0.9059609771
0.01536657386,0.743534863,0.8754094839
0.01536757386,0.7393186688,0.87216115
0.01537757386,0.6955794692,0.837816596
0.01537857386,0.6910516024,0.834196806
0.01538857386,0.6443026662,0.7962231636
0.01538957386,0.6394847631,0.7922491431
0.01539957386,0.5899493098,0.7508277893
0.01540057386,0.584864378,0.7465184927
0.01541057386,0.5327789783,0.7018471956
0.01541157386,0.5274512768,0.6972232461
0.01542157386,0.4730646014,0.6495152712
0.01542257386,0.4675196409,0.6445987225
0.01543257386,0.4110913575,0.5940819383
0.01543357386,0.4053555727,0.5888962746
0.01544357386,0.3471551538,0.5358118415
0.01544457386,0.341255933,0.5303818583
0.01545457386,0.2815613151,0.4749833047
0.01545557386,0.2755267918,0.4693348408
0.01546557386,0.2146230042,0.411886692
0.01546657386,0.208482042,0.4060467482
0.01547657386,0.1466598809,0.3468233049
0.01547757386,0.1404417753,0.3408198357
0.01548757386,0.07799644768,0.2801038623
0.01548857386,0.07173090428,0.2739654779
0.01549857386,0.008960587904,0.2120469362
0.01549957386,0.002677519573,0.2058029622
0.01550957386,-0.06011805683,0.1429774761
0.01551057386,-0.06638865173,0.1366577297
0.01552057386,-0.1289096475,0.07322530448
0.01552157386,-0.1351378113,0.06685995311
0.01553157386,-0.1970856786,0.003123490606
0.01553257386,-0.2032417059,-0.003257065779
0.01554257386,-0.2643206418,-0.06699323654
0.01554357386,-0.2703751028,-0.07335853577
0.01555357386,-0.3302934766,-0.136790067
0.01555457386,-0.3362174928,-0.143109709
0.01556457386,-0.3946891725,-0.2059337348
0.01556557386,-0.400454402,-0.2121775448
0.01557557386,-0.4572001994,-0.274094075
0.01557657386,-0.4627791941,-0.2802322209
0.01558657386,-0.5175281167,-0.3409456015
0.01558757386,-0.5228942037,-0.3469488025
0.01559757386,-0.5753848553,-0.4061691165
0.01559857386,-0.5805124044,-0.412008673
0.01560857386,-0.6304941177,-0.469453156
0.01560957386,-0.6353586316,-0.4751012325
0.01561957386,-0.6825928092,-0.530495584
0.01562057386,-0.687171042,-0.5359252095
0.01563057386,-0.7314321399,-0.5890049338
0.01563157386,-0.7357022762,-0.5941901207
0.01564157386,-0.7767788768,-0.6447017193
0.01564257386,-0.7807204723,-0.6496177316
0.01565257386,-0.8184164762,-0.6973201036
0.01565357386,-0.8220107555,-0.7019435167
0.01566357386,-0.8561461568,-0.7466087937
0.01566457386,-0.8593759537,-0.7509174347
0.01567457386,-0.8897877336,-0.7923324108
0.01567557386,-0.89263767,-0.7963057756
0.01568557386,-0.9191806316,-0.8342726231
0.01568657386,-0.9216369987,-0.8378917575
0.01569657386,-0.9441844225,-0.8722292185
0.01569757386,-0.9462355971,-0.8754768372
0.01570757386,-0.9646797776,-0.9060209394
0.01570857386,-0.9663158655,-0.9088814855
0.01571857386,-0.9805687666,-0.9354864359
0.01571957386,-0.9817820191,-0.93794626
0.01572957386,-0.9917755723,-0.9604849219
0.01573057386,-0.9925601482,-0.9625323415
0.01574057386,-0.9982466698,-0.9808971882
0.01574157386,-0.9985988736,-0.9825223088
0.01575157386,-0.9999511242,-0.9966256022
0.01576157386,-0.9973570108,-1.006795883
0.01577157386,-0.9908267856,-1.012992978
0.01578157386,-0.9803862572,-1.015192389
0.01579157386,-0.9660766125,-1.013385415
0.01580157386,-0.9479542375,-1.007579088
0.01581157386,-0.9260907769,-0.9977964759
0.01582157386,-0.9005724192,-0.9840760231
0.01583157386,-0.871499896,-0.9664719701
0.01583257386,-0.8684014678,-0.9644998312
0.01584257386,-0.8355525136,-0.9427046776
0.01584357386,-0.8320839405,-0.9403182268
0.01585357386,-0.7956153154,-0.9144360423
0.01585457386,-0.7917932272,-0.9116466045
0.01586457386,-0.7518790364,-0.8818010092
0.01586557386,-0.7477217317,-0.8786219358
0.01587557386,-0.7045525908,-0.8449553251
0.01587657386,-0.7000798583,-0.8414018154
0.01588657386,-0.6538619399,-0.8040750623
0.01588757386,-0.649095118,-0.8001640439
0.01589757386,-0.6000490785,-0.7593553066
0.01589857386,-0.5950109363,-0.7551054955
0.01590857386,-0.5433709621,-0.7110096812
0.01590957386,-0.5380855799,-0.7064412832
0.01591957386,-0.4840982854,-0.6592689753
0.01592057386,-0.4785908759,-0.6544038653
0.01593057386,-0.4225140214,-0.60438025
0.01593157386,-0.4168109298,-0.5992416739
0.01594157386,-0.3589122891,-0.546605587
0.01594257386,-0.3530406952,-0.541218102
0.01595257386,-0.2935967445,-0.486220926
0.01595357386,-0.2875846922,-0.4806101918
0.01596357386,-0.2268792689,-0.4235145748
0.01596457386,-0.2207555026,-0.4177074134
0.01597457386,-0.1590784639,-0.3587859273
0.01597557386,-0.1528721899,-0.3528100848
0.01598557386,-0.0905180499,-0.2923440933
0.01598657386,-0.08425891399,-0.2862280905
0.01599657386,-0.02152541652,-0.2245063335
0.01599757386,-0.01524330303,-0.2182793617
0.01600757386,0.04757000133,-0.1555965692
0.01600857386,0.05384509265,-0.1492883563
0.01601857386,0.1164382696,-0.08594381809
0.01601957386,0.12267638,-0.07958450168
0.01602957386,0.1847505569,-0.01588069834
0.01603057386,0.1909218878,-0.009500641376
0.01604057386,0.2521806359,0.05425824597
0.01604157386,0.2582557499,0.06062858179
0.01605157386,0.3184065819,0.1241381019
0.01605257386,0.3243564367,0.130468294
0.01606257386,0.3831121325,0.1934251934
0.01606357386,0.3889083266,0.1996850222
0.01607357386,0.4459883273,0.2617886961
0.01607457386,0.4516031742,0.26794824
0.01608457386,0.5067349672,0.3289021254
0.01608557386,0.512141645,0.3349320292
0.01609557386,0.5650618672,0.3944450617
0.01609657386,0.5702346563,0.4003165066
0.01610657386,0.6206907034,0.458104521
0.01610757386,0.6256047487,0.463789463
0.01611757386,0.6733556986,0.5195765495
0.01611857386,0.6779876351,0.5250478387
0.01612857386,0.7228054404,0.5785675645
0.01612957386,0.7271331549,0.5837990642
0.01613957386,0.7688037753,0.6347959638
0.01614057386,0.7728065848,0.6397626996
0.01615057386,0.8111310601,0.6879931688
0.01615157386,0.8147898912,0.6926714778
0.01616157386,0.8495852947,0.7379052639
0.01616257386,0.8528825641,0.7422727346
0.01617257386,0.8839826584,0.7842938304
0.01617357386,0.8869027495,0.7883296609
0.01618357386,0.9141591191,0.8269373775
0.01618457386,0.9166879654,0.8306222558
0.01619457386,0.9399704337,0.8656323552
0.01619557386,0.9420960546,0.868948698
0.01620557386,0.9612933993,0.9001939297
0.01620657386,0.9630056024,0.9031258821
0.01621657386,0.9780262113,0.9304570556
0.01621757386,0.9793168306,0.9329906702
0.01622757386,0.9900889397,0.9562772512
0.01622857386,0.9909518361,0.9584004283
0.01623857386,0.9974240065,0.9775312543
0.01623957386,0.9978550076,0.979233861
0.01624957386,0.9999964237,0.994117558
0.01625957386,0.9981912971,1.005078197
0.01626957386,0.9924467206,1.012072325
0.01627957386,0.9827854633,1.015072584
0.01628957386,0.969245553,1.014066815
0.01629957386,0.9518805146,1.009059072
0.01630957386,0.9307588339,1.000069141
0.01631957386,0.9059638381,0.9871323705
0.01632957386,0.8775934577,0.9703000188
0.01633057386,0.8745639324,0.9684042931
0.01634057386,0.8423904181,0.9473639727
0.01634157386,0.8389880061,0.9450520873
0.01635157386,0.8031650186,0.9199043512
0.01635257386,0.7994059324,0.9171872735
0.01636257386,0.7601044774,0.8880522251
0.01636357386,0.7560067177,0.8849429488
0.01637357386,0.7134144902,0.8519597054
0.01637457386,0.7089975476,0.8484730124
0.01638457386,0.6633179188,0.8117989898
0.01638557386,0.658602953,0.8079516292
0.01639557386,0.6100540161,0.7677620053
0.01639657386,0.605063498,0.7635722756
0.01640657386,0.5538771749,0.720058918
0.01640757386,0.5486348867,0.715546906
0.01641757386,0.4950554967,0.6689175963
0.01641857386,0.4895865619,0.6641047597
0.01642857386,0.4338699877,0.614582181
0.01642957386,0.4282004535,0.6094915271
0.01643957386,0.3706127405,0.5573121309
0.01644057386,0.3647696972,0.5519679785
0.01645057386,0.3055858016,0.4973809123
0.01645157386,0.2995971739,0.4918088019
0.01646157386,0.2390997112,0.4350747168
0.01646257386,0.2329940945,0.4293012321
0.01647257386,0.1714719236,0.3706910312
0.01647357386,0.1652784497,0.3647437692
0.01648357386,0.1030253544,0.3045373261
0.01648457386,0.09677360952,0.2984446287
0.01649457386,0.03408684582,0.2369294614
0.01649557386,0.02780667879,0.2307204455
0.01650557386,-0.03501443192,0.1681902558
0.01650657386,-0.04129302874,0.1618945748
0.01651657386,-0.1039485112,0.09864793718
0.01651757386,-0.1101955697,0.09229566157
0.01652757386,-0.1723862439,0.02863458917
0.01652857386,-0.1785719246,0.02225603722
0.01653857386,-0.2400008291,-0.04151548818
0.01653957386,-0.2460955977,-0.04788985476
0.01654957386,-0.3064694107,-0.1114673242
0.01655057386,-0.3124441803,-0.1178070679
0.01656057386,-0.3714746237,-0.1808869094
0.01656157386,-0.3773008287,-0.1871617585
0.01657157386,-0.4347060323,-0.2494427413
0.01657257386,-0.4403558671,-0.2556227446
0.01658257386,-0.4958617091,-0.3168075085
0.01658357386,-0.5013082027,-0.3228631318
0.01659357386,-0.5546497107,-0.3826594949
0.01659457386,-0.5598668456,-0.3885618448
0.01660457386,-0.6107891798,-0.4466843009
0.01660557386,-0.6157521009,-0.4524051845
0.01661557386,-0.6640121937,-0.5085761547
0.01661657386,-0.6686971188,-0.514088273
0.01662657386,-0.7140645385,-0.5680395961
0.01662757386,-0.7184491754,-0.5733166337
0.01663757386,-0.7607072592,-0.6247906685
0.01663857386,-0.764770627,-0.629807353
0.01664857386,-0.8037176132,-0.6785583496
0.01664957386,-0.8074402809,-0.6832907796
0.01665957386,-0.842890203,-0.7290859222
0.01666057386,-0.846254468,-0.7335115075
0.01667057386,-0.8780380487,-0.7761321068
0.01667157386,-0.8810277581,-0.7802296877
0.01668157386,-0.9089931846,-0.8194722533
0.01668257386,-0.9115941525,-0.8232223392
0.01669257386,-0.9356079698,-0.8588994741
0.01669357386,-0.9378076792,-0.8622840643
0.01670357386,-0.957755208,-0.8942254186
0.01670457386,-0.9595432281,-0.8972283602
0.01671457386,-0.9753291607,-0.9252814054
0.01671557386,-0.9766969681,-0.927888453
0.01672557386,-0.9882459641,-0.9519192576
0.01672657386,-0.9891870022,-0.9541178942
0.01673657386,-0.9964438677,-0.9740116596
0.01673757386,-0.9969536662,-0.9757913947
0.01674757386,-0.9998838305,-0.9914531708
0.01674857386,-0.9999598265,-0.992805481
0.01675857386,-0.9985492826,-1.004160523
0.01676857386,-0.9931979179,-1.011552811
0.01677857386,-0.9839268327,-1.014953136
0.01678857386,-0.9707726836,-1.014347911
0.01679857386,-0.9537873268,-1.009739757
0.01680857386,-0.9330377579,-1.001146674
0.01681857386,-0.9086059332,-0.988602519
0.01682857386,-0.8805882931,-0.9721569419
0.01682957386,-0.8775934577,-0.970299542
0.01683957386,-0.8457595706,-0.9496378899
0.01684057386,-0.8423904181,-0.9473633766
0.01685057386,-0.806892395,-0.9225844145
0.01685157386,-0.8031650186,-0.919903636
0.01686157386,-0.764172256,-0.8911256194
0.01686257386,-0.7601044774,-0.8880513906
0.01687257386,-0.7178032398,-0.8554117084
0.01687357386,-0.7134144902,-0.8519586921
0.01688357386,-0.6680067778,-0.8156132102
0.01688457386,-0.6633179188,-0.8117979169
0.01689457386,-0.6150205135,-0.7719202042
0.01689557386,-0.6100540161,-0.7677608132
0.01690557386,-0.5590975285,-0.7245412469
0.01690657386,-0.5538771749,-0.7200576067
0.01691657386,-0.5005049109,-0.6737025976
0.01691757386,-0.4950554967,-0.6689161658
0.01692757386,-0.4395223856,-0.6196470261
0.01692857386,-0.4338699877,-0.6145806909
0.01693857386,-0.3764411211,-0.5626326799
0.01693957386,-0.3706127405,-0.5573105216
0.01694957386,-0.3115623593,-0.5029317141
0.01695057386,-0.3055858016,-0.4973792434
0.01696057386,-0.2451958954,-0.4408293068
0.01696157386,-0.2390997112,-0.4350729883
0.01697157386,-0.1776586175,-0.3766219318
0.01697257386,-0.1714719236,-0.3706892729
0.01698257386,-0.1092730314,-0.3106161952
0.01698357386,-0.1030253544,-0.3045355082
0.01699357386,-0.04036566615,-0.2431272566
0.01699457386,-0.03408684582,-0.2369275987
0.01700457386,0.02873444743,-0.1744773984
0.01700557386,0.03501443192,-0.1681883633
0.01701557386,0.09769735485,-0.1049944237
0.01701657386,0.1039485112,-0.09864603728
0.01702657386,0.1661937535,-0.03501009941
0.01702757386,0.1723862439,-0.02863267809
0.01703757386,0.2338965833,0.03514138982
0.01703857386,0.2400008291,0.04151739925
0.01704857386,0.3004825711,0.1051250771
0.01704957386,0.3064694107,0.1114692241
0.01705957386,0.3656337261,0.1746068001
0.01706057386,0.3714746237,0.1808887869
0.01707057386,0.4290390313,0.2432547659
0.01707157386,0.4347060323,0.2494446039
0.01708157386,0.4903956354,0.3107411861
0.01708257386,0.4958617091,0.3168093264
0.01709257386,0.5494106412,0.3767438233
0.01709357386,0.5546497107,0.382661283
0.01710357386,0.6058021784,0.4409475029
0.01710457386,0.6107891798,0.4466860294
0.01711457386,0.6593010426,0.5030456781
0.01711557386,0.6640121937,0.5085778236
0.01712557386,0.7096517682,0.5627417564
0.01712657386,0.7140645385,0.5680412054
0.01713657386,0.7566139102,0.6197507977
0.01713757386,0.7607072592,0.6247921586
0.01714757386,0.7999632359,0.673800528
0.01714857386,0.8037176132,0.6785597801
0.01715857386,0.8394926786,0.7246328592
0.01715957386,0.842890203,0.7290872335
0.01716957386,0.8750136495,0.7720050812
0.01717057386,0.8780380487,0.7761333585
0.01718057386,0.9063563943,0.8156909943
0.01718157386,0.9089931846,0.8194733858
0.01719157386,0.9333713055,0.8554819822
0.01719257386,0.9356079698,0.8589004874
0.01720257386,0.9559293389,0.8911880255
0.01720357386,0.957755208,0.8942263126
0.01721357386,0.9739229083,0.9226386547
0.01721457386,0.9753291607,0.9252822399
0.01722457386,0.9872659445,0.9496837258
0.01722557386,0.9882459641,0.9519199133
0.01723557386,0.9958947897,0.9721940756
0.01723657386,0.9964438677,0.9740121961
0.01724657386,0.9997683167,0.9900621772
0.01724757386,0.9998838305,0.991453588
0.01725757386,0.998867929,1.003202677
0.01726757386,0.9939098954,1.010992885
0.01727757386,0.985029459,1.014793158
0.01728757386,0.9722614884,1.014588714
0.01729757386,0.9556564689,1.010380268
0.01730757386,0.9352799058,1.002184391
0.01731757386,0.9112122059,0.9900335073
0.01732757386,0.8835483789,0.9739753604
0.01732857386,0.8805882931,0.9721563458
0.01733857386,0.8490953445,0.9518741965
0.01733957386,0.8457595706,0.9496372342
0.01734957386,0.810587883,0.9252279401
0.01735057386,0.806892395,0.9225836396
0.01736057386,0.7682098746,0.8941637874
0.01736157386,0.764172256,0.8911247253
0.01737157386,0.7221637368,0.8588299155
0.01737257386,0.7178032398,0.8554106951
0.01738257386,0.6726691723,0.8193951845
0.01738357386,0.6680067778,0.8156121373
0.01739357386,0.6199626923,0.7760478854
0.01739457386,0.6150205135,0.7719189525
0.01740457386,0.5642958879,0.7289949059
0.01740557386,0.5590975285,0.7245399356
0.01741557386,0.5059345961,0.6784609556
0.01741657386,0.5005049109,0.6737011671
0.01742657386,0.4451574087,0.6246874332
0.01742757386,0.4395223856,0.6196455359
0.01743757386,0.3822546601,0.5679309964
0.01743857386,0.3764411211,0.5626310706
0.01744857386,0.3175266087,0.5084627271
0.01744957386,0.3115623593,0.5029301047
0.01745957386,0.2512823939,0.4465664923
0.01746057386,0.2451958954,0.4408276081
0.01747057386,0.1838383079,0.382537961
0.01747157386,0.1776586175,0.3766201735
0.01748157386,0.1155163944,0.3166828156
0.01748257386,0.1092730314,0.3106144071
0.01749257386,0.04664289206,0.2493154854
0.01749357386,0.04036566615,0.2431254387
0.01750357386,-0.02245333232,0.1807577014
0.01750457386,-0.02873444743,0.1744755656
0.01751457386,-0.09144233912,0.1113368049
0.01751557386,-0.09769735485,0.1049925685
0.01752557386,-0.1599947065,0.04138427228
0.01752657386,-0.1661937535,0.03500823304
0.01753657386,-0.2277831137,-0.02876586281
0.01753757386,-0.2338965833,-0.03514325619
0.01754757386,-0.2944838405,-0.09877863526
0.01754857386,-0.3004825711,-0.1051269397
0.01755857386,-0.359778434,-0.1683197469
0.01755957386,-0.3656337261,-0.1746086329
0.01756957386,-0.4233550727,-0.2370571196
0.01757057386,-0.4290390313,-0.2432565689
0.01758057386,-0.4849101901,-0.3046625555
0.01758157386,-0.4903956354,-0.3107429743
0.01759157386,-0.5441498756,-0.3708132207
0.01759257386,-0.5494106412,-0.3767455518
0.01760257386,-0.6007912755,-0.4351932406
0.01760357386,-0.6058021784,-0.4409491718
0.01761357386,-0.6545639038,-0.497495234
0.01761457386,-0.6593010426,-0.5030472875
0.01762457386,-0.7052109838,-0.5574216843
0.01762557386,-0.7096517682,-0.5627433062
0.01763557386,-0.7524906397,-0.6146864295
0.01763657386,-0.7566139102,-0.6197522879
0.01764657386,-0.7961772084,-0.6690160632
0.01764757386,-0.7999632359,-0.6738019586
0.01765757386,-0.8360620737,-0.720151186
0.01765857386,-0.8394926786,-0.7246341705
0.01766857386,-0.8719546795,-0.767847538
0.01766957386,-0.8750136495,-0.7720062733
0.01767957386,-0.9036837816,-0.8118774891
0.01768057386,-0.9063563943,-0.8156920671
0.01769057386,-0.9310977459,-0.8520306945
0.01769157386,-0.9333713055,-0.8554829359
0.01770157386,-0.9540657997,-0.888115406
0.01770257386,-0.9559293389,-0.8911889195
0.01771257386,-0.9724781513,-0.9199594259
0.01771357386,-0.9739229083,-0.9226394296
0.01772357386,-0.9862469435,-0.9474106431
0.01772457386,-0.9872659445,-0.9496843815
0.01773457386,-0.9953064322,-0.9703379869
0.01773557386,-0.9958947897,-0.9721945524
0.01774557386,-0.9996133447,-0.9886319637
0.01774657386,-0.9997683167,-0.9900625348
0.01775657386,-0.9991470575,-1.002205253
0.01776657386,-0.994582653,-1.010392904
0.01777657386,-0.9860931039,-1.014593244
0.01778657386,-0.9737119079,-1.014789462
0.01779657386,-0.9574878812,-1.010980964
0.01780657386,-0.9374850988,-1.00318265
0.01781657386,-0.9137824774,-0.9914252758
0.01782657386,-0.8864735961,-0.9757552743
0.01782757386,-0.8835483789,-0.9739747643
0.01783757386,-0.8523976207,-0.9540729523
0.01783857386,-0.8490953445,-0.9518735409
0.01784857386,-0.8142514229,-0.927834928
0.01784957386,-0.810587883,-0.9252271652
0.01785957386,-0.7722172141,-0.8971665502
0.01786057386,-0.7682098746,-0.8941628337
0.01787057386,-0.7264956236,-0.8622142076
0.01787157386,-0.7221637368,-0.8588289022
0.01788157386,-0.6773051023,-0.8231447935
0.01788257386,-0.6726691723,-0.819394052
0.01789257386,-0.6248804331,-0.7801448703
0.01789357386,-0.6199626923,-0.7760466337
0.01790357386,-0.5694719553,-0.733419776
0.01790457386,-0.5642958879,-0.728993535
0.01791457386,-0.511344254,-0.6831925511
0.01791557386,-0.5059345961,-0.6784595847
0.01792557386,-0.4507748783,-0.6297031641
0.01792657386,-0.4451574087,-0.6246859431
0.01793657386,-0.3880530894,-0.5732069016
0.01793757386,-0.3822546601,-0.5679293871
0.01794757386,-0.3234783411,-0.5139735937
0.01794857386,-0.3175266087,-0.5084610581
0.01795857386,-0.2573589683,-0.4522860348
0.01795957386,-0.2512823939,-0.4465647936
0.01796957386,-0.1900107414,-0.3884388506
0.01797057386,-0.1838383079,-0.3825362027
0.01798057386,-0.1217551976,-0.3227368891
0.01798157386,-0.1155163944,-0.3166809976
0.01799157386,-0.05291827396,-0.2554938495
0.01799257386,-0.04664289206,-0.2493136376
0.01800257386,0.01617132872,-0.1870308369
0.01800357386,0.02245333232,-0.1807558239
0.01801357386,0.08518371731,-0.1176747531
0.01801457386,0.09144233912,-0.1113349125
0.01802457386,0.1537893564,-0.04775677621
0.01802557386,0.1599947065,-0.04138237238
0.01803557386,0.2216606438,0.02238923497
0.01803657386,0.2277831137,0.02876776457
0.01804657386,0.2884735167,0.09242833406
0.01804757386,0.2944838405,0.09878053516
0.01805757386,0.3539089262,0.1620260775
0.01805857386,0.359778434,0.1683216244
0.01806857386,0.4176544249,0.2308501601
0.01806957386,0.4233550727,0.2370589674
0.01807957386,0.4794056118,0.2985719144
0.01808057386,0.4849101901,0.3046643734
0.01809057386,0.5388676524,0.3648680151
0.01809157386,0.5441498756,0.3708149791
0.01810157386,0.59575665,0.4294218421
0.01810257386,0.6007912755,0.4351949692
0.01811257386,0.649800837,0.4919252098
0.01811357386,0.6545639038,0.4974969029
0.01812357386,0.7007423043,0.552079618
0.01812457386,0.7052109838,0.5574232936
0.01813457386,0.7483376861,0.6095978618
0.01813557386,0.7524906397,0.6146879792
0.01814557386,0.7923598289,0.6642052531
0.01814657386,0.7961772084,0.6690174937
0.01815657386,0.8325983882,0.7156410813
0.01815757386,0.8360620737,0.7201524973
0.01816757386,0.8688613772,0.7636597157
0.01816857386,0.8719546795,0.7678487897
0.01817857386,0.9009754658,0.8080319166
0.01817957386,0.9036837816,0.8118786216
0.01818957386,0.9287874699,0.8485457301
0.01819057386,0.9310977459,0.8520317078
0.01820057386,0.9521645308,0.8850077987
0.01820157386,0.9540657997,0.8881163597
0.01821157386,0.9709950089,0.9172439575
0.01821257386,0.9724781513,0.9199602604
0.01822257386,0.9851890206,0.9451002479
0.01822357386,0.9862469435,0.9474113584
0.01823357386,0.9946787357,0.9684436917
0.01823457386,0.9953064322,0.970338583
0.01824457386,0.9994188547,0.9871628284
0.01824557386,0.9996133447,0.9886324406
0.01825557386,0.9993867874,1.001168251
0.01826557386,0.9952161908,1.009753227
0.01827557386,0.9871178865,1.014353275
0.01828557386,0.9751238823,1.014950156
0.01829557386,0.9592815042,1.011541724
0.01830557386,0.9396532774,1.004141331
0.01831557386,0.9163166881,0.9927780032
0.01832557386,0.8893638253,0.9774967432
0.01832657386,0.8864735961,0.9757547379
0.01833657386,0.8556662202,0.9562339783
0.01833757386,0.8523976207,0.9540722966
0.01834757386,0.8178827763,0.9304053187
0.01834857386,0.8142514229,0.9278341532
0.01835857386,0.7761939764,0.9001339674
0.01835957386,0.7722172141,0.8971656561
0.01836957386,0.7307989001,0.8655644655
0.01837057386,0.7264956236,0.8622131944
0.01838057386,0.6819142699,0.826861918
0.01838157386,0.6773051023,0.8231437206
0.01839157386,0.629773438,0.7842110991
0.01839257386,0.6248804331,0.7801436782
0.01840257386,0.5746254921,0.7378156781
0.01840357386,0.5694719553,0.7334184647
0.01841357386,0.516733706,0.6878972054
0.01841457386,0.511344254,0.6831911802
0.01842457386,0.4563745558,0.6346940398
0.01842557386,0.4507748783,0.629701674
0.01843557386,0.3938362002,0.5784601569
0.01843657386,0.3880530894,0.5732053518
0.01844657386,0.3294172883,0.5194641948
0.01844757386,0.3234783411,0.5139719248
0.01845757386,0.2634254098,0.4579877555
0.01845857386,0.2573589683,0.4522843659
0.01846857386,0.1961756647,0.3943244517
0.01846957386,0.1900107414,0.3884371221
0.01847957386,0.1279891878,0.3287782669
0.01848057386,0.1217551976,0.322735101
0.01849057386,0.05919156969,0.2616621554
0.01849157386,0.05291827396,0.2554920316
0.01850157386,-0.009888687171,0.1932966113
0.01850257386,-0.01617132872,0.1870289892
0.01851257386,-0.07892172784,0.1240080744
0.01851357386,-0.08518371731,0.117672883
0.01852357386,-0.1475779116,0.0541274175
0.01852457386,-0.1537893564,0.04775489867
0.01853457386,-0.2155294269,-0.01601169817
0.01853557386,-0.2216606438,-0.02239111438
0.01854557386,-0.2824517787,-0.08607435226
0.01854657386,-0.2884735167,-0.09243020415
0.01855657386,-0.3480254412,-0.1557260007
0.01855757386,-0.3539089262,-0.1620279402
0.01856757386,-0.4119372666,-0.2246340662
0.01856857386,-0.4176544249,-0.230851993
0.01857857386,-0.4738821089,-0.2924695015
0.01857957386,-0.4794056118,-0.2985737324
0.01858957386,-0.5335641503,-0.358908385
0.01859057386,-0.5388676524,-0.3648697734
0.01860057386,-0.5906984806,-0.423633486
0.01860157386,-0.59575665,-0.4294235408
0.01861157386,-0.6450121999,-0.4863357246
0.01861257386,-0.649800837,-0.4919268489
0.01862257386,-0.6962459683,-0.5467157364
0.01862357386,-0.7007423043,-0.5520811677
0.01863357386,-0.7441552281,-0.6044851542
0.01863457386,-0.7483376861,-0.6095993519
0.01864457386,-0.7885110974,-0.6593681574
0.01864557386,-0.7923598289,-0.6642066836
0.01865557386,-0.8291018605,-0.7111027241
0.01865657386,-0.8325983882,-0.7156423926
0.01866657386,-0.8657336831,-0.7594417334
0.01866757386,-0.8688613772,-0.7636609674
0.01867757386,-0.8982316256,-0.8041544557
0.01867857386,-0.9009754658,-0.8080330491
0.01868857386,-0.926440537,-0.8450273275
0.01868957386,-0.9287874699,-0.848546803
0.01869957386,-0.9502257109,-0.8818652034
0.01870057386,-0.9521645308,-0.8850086927
0.01871057386,-0.9694735408,-0.9144921899
0.01871157386,-0.9709950089,-0.9172447324
0.01872157386,-0.984092176,-0.9427524805
0.01872257386,-0.9851890206,-0.9451009035
0.01873257386,-0.9940117598,-0.9665111303
0.01873357386,-0.9946787357,-0.9684442282
0.01874357386,-0.9991849661,-0.9856546521
0.01874457386,-0.9994188547,-0.9871632457
0.01875457386,-0.999587059,-1.000091791
0.01876457386,-0.9958103895,-1.009073496
0.01877457386,-0.9881036282,-1.014073133
0.01878457386,-0.9764973521,-1.015070796
0.01879457386,-0.9610372186,-1.01206255
0.01880457386,-0.9417843819,-1.005060196
0.01881457386,-0.9188147187,-0.9940915108
0.01882457386,-0.8922188878,-0.9791995883
0.01882557386,-0.8893638253,-0.9774962068
0.01883557386,-0.8589010239,-0.9583572745
0.01883657386,-0.8556662202,-0.9562333226
0.01884657386,-0.8214818835,-0.9329389334
0.01884757386,-0.8178827763,-0.9304045439
0.01885757386,-0.7801401615,-0.9030658007
0.01885857386,-0.7761939764,-0.9001330733
0.01886857386,-0.735073328,-0.8688805699
0.01886957386,-0.7307989001,-0.8655634522
0.01887957386,-0.6864964962,-0.8305463791
0.01888057386,-0.6819142699,-0.8268607855
0.01889057386,-0.6346416473,-0.7882463932
0.01889157386,-0.629773438,-0.7842099071
0.01890157386,-0.5797563791,-0.7421824932
0.01890257386,-0.5746254921,-0.7378143668
0.01891257386,-0.5221028328,-0.6925746799
0.01891357386,-0.516733706,-0.6878957748
0.01892357386,-0.461956203,-0.639659822
0.01892457386,-0.4563745558,-0.6346925497
0.01893457386,-0.3996037841,-0.5836905837
0.01893557386,-0.3938362002,-0.5784586072
0.01894557386,-0.3353432417,-0.5249342322
0.01894657386,-0.3294172883,-0.5194625258
0.01895657386,-0.2694814205,-0.4636713862
0.01895757386,-0.2634254098,-0.4579860568
0.01896757386,-0.2023328394,-0.4001944661
0.01896857386,-0.1961756647,-0.3943226933
0.01897857386,-0.1342181265,-0.3348066211
0.01897957386,-0.1279891878,-0.328776449
0.01898957386,-0.06546252966,-0.2678200901
0.01899057386,-0.05919156969,-0.2616603076
0.01900057386,0.003605654929,-0.1995547265
0.01900157386,0.009888687171,-0.1932947487
0.01901157386,0.07265662402,-0.1303364933
0.01901257386,0.07892172784,-0.1240061969
0.01902257386,0.1413606554,-0.06049590558
0.01902357386,0.1475779116,-0.05412552506
0.01903357386,0.2093897015,0.009633545764
0.01903457386,0.2155294269,0.01601359248
0.01904457386,0.2764188945,0.07971699536
0.01904557386,0.2824517787,0.08607624471
0.01905557386,0.3421282172,0.1494197845
0.01905657386,0.3480254412,0.1557278782
0.01906657386,0.406203866,0.2184091061
0.01906757386,0.4119372666,0.224635914
0.01907757386,0.4683398902,0.2863555253
0.01907857386,0.4738821089,0.2924712896
0.01908857386,0.5282396078,0.3529345691
0.01908957386,0.5335641503,0.3589101434
0.01909957386,0.5856170058,0.4178283811
0.01910057386,0.5906984806,0.4236351848
0.01911057386,0.6401980519,0.4807270467
0.01911157386,0.6450121999,0.4863373935
0.01912157386,0.6917221546,0.5413302779
0.01912257386,0.6962459683,0.5467173457
0.01913257386,0.7399433255,0.5993486047
0.01913357386,0.7441552281,0.6044867039
0.01914357386,0.7846313119,0.654505074
0.01914457386,0.7885110974,0.6593696475
0.01915457386,0.8255726099,0.706536293
0.01915557386,0.8291018605,0.711104095
0.01916557386,0.8625718355,0.7551938295
0.01916657386,0.8657336831,0.7594429851
0.01917657386,0.8954523206,0.800245285
0.01917757386,0.8982316256,0.8041555882
0.01918757386,0.9240570068,0.8414755464
0.01918857386,0.926440537,0.8450284004
0.01919857386,0.9482493401,0.878687799
0.01919957386,0.9502257109,0.8818661571
0.01920957386,0.9679138064,0.9117043614
0.01921057386,0.9694735408,0.9144930243
0.01922057386,0.9829564691,0.9403675199
0.01922157386,0.984092176,0.9427531958
0.01923157386,0.9933055639,0.964540422
0.01923257386,0.9940117598,0.9665116668
0.01924257386,0.9989116192,0.9841076136
0.01924357386,0.9991849661,0.985655129
0.01925357386,0.9997478724,0.9989757538
0.01926357386,0.9963652492,1.008354068
0.01927357386,0.9890504479,1.013753057
0.01928357386,0.9778322577,1.015151381
0.01929357386,0.962755084,1.01254344
0.01930357386,0.943878293,1.005939603
0.01931357386,0.9212764502,0.9953657389
0.01932357386,0.8950387836,0.98086375
0.01932457386,0.8922188878,0.9791990519
0.01933457386,0.8621019125,0.9604427814
0.01933557386,0.8589010239,0.9583566785
0.01934557386,0.8250485063,0.9354357719
0.01934657386,0.8214818835,0.9329381585
0.01935657386,0.784055531,0.90596205
0.01935757386,0.7801401615,0.9030649662
0.01936757386,0.7393186688,0.8721623421
0.01936857386,0.735073328,0.8688795567
0.01937857386,0.6910516024,0.8341980577
0.01937957386,0.6864964962,0.8305453062
0.01938957386,0.6394847631,0.792250514
0.01939057386,0.6346416473,0.7882451415
0.01940057386,0.584864378,0.7465199828
0.01940157386,0.5797563791,0.7421811819
0.01941157386,0.5274512768,0.6972247958
0.01941257386,0.5221028328,0.6925732493
0.01942257386,0.4675196409,0.6446003914
0.01942357386,0.461956203,0.6396583319
0.01943357386,0.4053555727,0.5888980031
0.01943457386,0.3996037841,0.583689034
0.01944457386,0.341255933,0.5303836465
0.01944557386,0.3353432417,0.5249326229
0.01945557386,0.2755267918,0.4693366885
0.01945657386,0.2694814205,0.4636696875
0.01946657386,0.208482042,0.4060486853
0.01946757386,0.2023328394,0.4001927376
0.01947757386,0.1404417753,0.3408218026
0.01947857386,0.1342181265,0.3348048329
0.01948857386,0.07173090428,0.2739674747
0.01948957386,0.06546252966,0.2678182721
0.01949957386,0.002677519573,0.2058049887
0.01950057386,-0.003605654929,0.1995528787
0.01951057386,-0.06638865173,0.1366597712
0.01951157386,-0.07265662402,0.1303346157
0.01952157386,-0.1351378113,0.06686201692
0.01952257386,-0.1413606554,0.06049402431
0.01953257386,-0.2032417059,-0.003255003365
0.01953357386,-0.2093897015,-0.009635430761
0.01954357386,-0.2703751028,-0.07335647941
0.01954457386,-0.2764188945,-0.0797188729
0.01955457386,-0.3362174928,-0.1431076676
0.01955557386,-0.3421282172,-0.1494216621
0.01956557386,-0.400454402,-0.2121755183
0.01956657386,-0.406203866,-0.2184109539
0.01957657386,-0.4627791941,-0.2802302241
0.01957757386,-0.4683398902,-0.2863573134
0.01958757386,-0.5228942037,-0.3469468653
0.01958857386,-0.5282396078,-0.3529363573
0.01959857386,-0.5805124044,-0.4120067954
0.01959957386,-0.5856170058,-0.4178301096
0.01960957386,-0.6353586316,-0.4750994146
0.01961057386,-0.6401980519,-0.4807287157
0.01962057386,-0.687171042,-0.5359234214
0.01962157386,-0.6917221546,-0.5413318276
0.01963157386,-0.7357022762,-0.5941883922
0.01963257386,-0.7399433255,-0.5993501544
0.01964257386,-0.7807204723,-0.6496161222
0.01964357386,-0.7846313119,-0.6545065045
0.01965357386,-0.8220107555,-0.701941967
0.01965457386,-0.8255726099,-0.7065376639
0.01966457386,-0.8593759537,-0.7509160042
0.01966557386,-0.8625718355,-0.7551950812
0.01967557386,-0.89263767,-0.7963044643
0.01967657386,-0.8954523206,-0.8002464175
0.01968657386,-0.9216369987,-0.8378905654
0.01968757386,-0.9240570068,-0.8414766192
0.01969757386,-0.9462355971,-0.8754757047
0.01969857386,-0.9482493401,-0.8786887527
0.01970857386,-0.9663158655,-0.9088805318
0.01970957386,-0.9679138064,-0.9117051959
0.01971957386,-0.9817820191,-0.9379453659
0.01972057386,-0.9829564691,-0.9403681755
0.01973057386,-0.9925601482,-0.9625315666
0.01973157386,-0.9933055639,-0.9645409584
0.01974157386,-0.9985988736,-0.9825217128
0.01974257386,-0.9989116192,-0.9841080904
0.01975257386,-0.9998692274,-0.9978203177
0.01976257386,-0.9968808293,-1.007594824
0.01977257386,-0.9899581671,-1.013392925
0.01978257386,-0.9791285992,-1.015191793
0.01979257386,-0.9644348621,-1.012984395
0.01980257386,-0.9459349513,-1.006779194
0.01981257386,-0.9237018228,-0.9966006875
0.01982257386,-0.8978233337,-0.9824892282
0.01982357386,-0.8950387836,-0.9808632135
0.01983357386,-0.8652687669,-0.9624903202
0.01983457386,-0.8621019125,-0.9604421258
0.01984457386,-0.8285825849,-0.937895596
0.01984557386,-0.8250485063,-0.9354349971
0.01985557386,-0.7879399657,-0.9088224769
0.01985657386,-0.784055531,-0.9059611559
0.01986657386,-0.743534863,-0.8754096627
0.01986757386,-0.7393186688,-0.8721613288
0.01987757386,-0.6955794692,-0.8378168344
0.01987857386,-0.6910516024,-0.8341969848
0.01988857386,-0.6443026662,-0.796223402
0.01988957386,-0.6394847631,-0.7922493219
0.01989957386,-0.5899493098,-0.7508279681
0.01990057386,-0.584864378,-0.7465186715
0.01991057386,-0.5327789783,-0.7018473744
0.01991157386,-0.5274512768,-0.6972234249
0.01992157386,-0.4730646014,-0.64951545
0.01992257386,-0.4675196409,-0.6445989013
0.01993257386,-0.4110913575,-0.5940821171
0.01993357386,-0.4053555727,-0.5888964534
0.01994357386,-0.3471551538,-0.5358120799
0.01994457386,-0.341255933,-0.5303820372
0.01995457386,-0.2815613151,-0.4749834836
0.01995557386,-0.2755267918,-0.4693350196
0.01996557386,-0.2146230042,-0.4118868709
0.01996657386,-0.208482042,-0.4060469568
0.01997657386,-0.1466598809,-0.3468234837
0.01997757386,-0.1404417753,-0.3408200145
0.01998757386,-0.07799644768,-0.2801040411
0.01998857386,-0.07173090428,-0.2739656568
0.01999857386,-0.008960587904,-0.212047115
0.01999957386,-0.002677519573,-0.2058031261
0.02000957386,0.06011805683,-0.1429776549
0.02001057386,0.06638865173,-0.1366578937
0.02002057386,0.1289096475,-0.0732254833
0.02002157386,0.1351378113,-0.06686013192
0.02003157386,0.1970856786,-0.003123661736
0.02003257386,0.2032417059,0.003256894648
0.02004257386,0.2643206418,0.06699307263
0.02004357386,0.2703751028,0.0733583644
0.02005357386,0.3302934766,0.136789903
0.02005457386,0.3362174928,0.1431095451
0.02006457386,0.3946891725,0.2059335709
0.02006557386,0.400454402,0.212177366
0.02007557386,0.4572001994,0.2740938962
0.02007657386,0.4627791941,0.2802320421
0.02008657386,0.5175281167,0.3409454226
0.02008757386,0.5228942037,0.3469486237
0.02009757386,0.5753848553,0.4061689377
0.02009857386,0.5805124044,0.4120085239
0.02010857386,0.6304941177,0.469453007
0.02010957386,0.6353586316,0.4751010835
0.02011957386,0.6825928092,0.5304954052
0.02012057386,0.687171042,0.5359250307
0.02013057386,0.7314321399,0.589004755
0.02013157386,0.7357022762,0.5941899419
0.02014157386,0.7767788768,0.6447015405
0.02014257386,0.7807204723,0.6496176124
0.02015257386,0.8184164762,0.6973199248
0.02015357386,0.8220107555,0.7019433379
0.02016357386,0.8561461568,0.7466086149
0.02016457386,0.8593759537,0.7509173155
0.02017457386,0.8897877336,0.792332232
0.02017557386,0.89263767,0.7963056564
0.02018557386,0.9191806316,0.8342725039
0.02018657386,0.9216369987,0.8378916383
0.02019657386,0.9441844225,0.8722290993
0.02019757386,0.9462355971,0.8754766583
0.02020757386,0.9646797776,0.9060208201
0.02020857386,0.9663158655,0.9088813663
0.02021857386,0.9805687666,0.9354862571
0.02021957386,0.9817820191,0.9379461408
0.02022957386,0.9917755723,0.9604848027
0.02023057386,0.9925601482,0.9625322223
0.02024057386,0.9982466698,0.9808970094
0.02024157386,0.9985988736,0.9825221896
0.02025157386,0.9999511242,0.996625483
0.02026157386,0.9973570108,1.006795764
0.02027157386,0.9908267856,1.012992859
0.02028157386,0.9803862572,1.01519227
0.02029157386,0.9660766125,1.013385296
0.02030157386,0.9479542375,1.007578969
0.02031157386,0.9260907769,0.9977963567
0.02032157386,0.9005724192,0.9840759039
0.02033157386,0.871499896,0.9664718509
0.02033257386,0.8684014678,0.964499712
0.02034257386,0.8355525136,0.9427045584
0.02034357386,0.8320839405,0.940318048
0.02035357386,0.7956153154,0.9144359231
0.02035457386,0.7917932272,0.9116464853
0.02036457386,0.7518790364,0.8818008304
0.02036557386,0.7477217317,0.8786218166
0.02037557386,0.7045525908,0.8449552059
0.02037657386,0.7000798583,0.8414016962
0.02038657386,0.6538619399,0.8040749431
0.02038757386,0.649095118,0.8001639247
0.02039757386,0.6000490785,0.7593551874
0.02039857386,0.5950109363,0.7551053762
0.02040857386,0.5433709621,0.711009562
0.02040957386,0.5380855799,0.706441164
0.02041957386,0.4840982854,0.6592687964
0.02042057386,0.4785908759,0.6544037461
0.02043057386,0.4225140214,0.6043801308
0.02043157386,0.4168109298,0.5992415547
0.02044157386,0.3589122891,0.5466054678
0.02044257386,0.3530406952,0.5412179828
0.02045257386,0.2935967445,0.4862208068
0.02045357386,0.2875846922,0.4806100726
0.02046357386,0.2268792689,0.4235144556
0.02046457386,0.2207555026,0.4177072942
0.02047457386,0.1590784639,0.3587858081
0.02047557386,0.1528721899,0.3528099656
0.02048557386,0.0905180499,0.2923440039
0.02048657386,0.08425891399,0.2862279713
0.02049657386,0.02152541652,0.2245062292
0.02049757386,0.01524330303,0.2182792425
0.02050757386,-0.04757000133,0.15559645
0.02050857386,-0.05384509265,0.1492882371
0.02051857386,-0.1164382696,0.08594370633
0.02051957386,-0.12267638,0.07958438993
0.02052957386,-0.1847505569,0.01588058844
0.02053057386,-0.1909218878,0.009500530548
0.02054057386,-0.2521806359,-0.05425835401
0.02054157386,-0.2582557499,-0.06062868983
0.02055157386,-0.3184065819,-0.1241382137
0.02055257386,-0.3243564367,-0.1304683983
0.02056257386,-0.3831121325,-0.1934253126
0.02056357386,-0.3889083266,-0.1996851265
0.02057357386,-0.4459883273,-0.2617887855
0.02057457386,-0.4516031742,-0.2679483593
0.02058457386,-0.5067349672,-0.3289022446
0.02058557386,-0.512141645,-0.3349321187
0.02059557386,-0.5650618672,-0.3944451809
0.02059657386,-0.5702346563,-0.400316596
0.02060657386,-0.6206907034,-0.4581046402
0.02060757386,-0.6256047487,-0.4637895525
0.02061757386,-0.6733556986,-0.5195766687
0.02061857386,-0.6779876351,-0.5250478983
0.02062857386,-0.7228054404,-0.5785676837
0.02062957386,-0.7271331549,-0.5837991834
0.02063957386,-0.7688037753,-0.6347960234
0.02064057386,-0.7728065848,-0.6397628188
0.02065057386,-0.8111310601,-0.687993288
0.02065157386,-0.8147898912,-0.6926715374
0.02066157386,-0.8495852947,-0.7379053235
0.02066257386,-0.8528825641,-0.7422727942
0.02067257386,-0.8839826584,-0.78429389
0.02067357386,-0.8869027495,-0.7883297205
0.02068357386,-0.9141591191,-0.8269374967
0.02068457386,-0.9166879654,-0.830622375
0.02069457386,-0.9399704337,-0.8656324148
0.02069557386,-0.9420960546,-0.8689488173
0.02070557386,-0.9612933993,-0.9001939893
0.02070657386,-0.9630056024,-0.9031260014
0.02071657386,-0.9780262113,-0.9304571152
0.02071757386,-0.9793168306,-0.9329907894
0.02072757386,-0.9900889397,-0.9562773705
0.02072857386,-0.9909518361,-0.9584005475
0.02073857386,-0.9974240065,-0.9775313735
0.02073957386,-0.9978550076,-0.9792339206
0.02074957386,-0.9999964237,-0.9941176772
0.02075957386,-0.9981912971,-1.005078316
0.02076957386,-0.9924467206,-1.012072444
0.02077957386,-0.9827854633,-1.015072584
0.02078957386,-0.969245553,-1.014066815
0.02079957386,-0.9518805146,-1.009059072
0.02080957386,-0.9307588339,-1.000069141
0.02081957386,-0.9059638381,-0.9871324897
0.02082957386,-0.8775934577,-0.9703000784
0.02083057386,-0.8745639324,-0.9684043527
0.02084057386,-0.8423904181,-0.9473640323
0.02084157386,-0.8389880061,-0.9450521469
0.02085157386,-0.8031650186,-0.9199044704
0.02085257386,-0.7994059324,-0.9171873927
0.02086257386,-0.7601044774,-0.8880523443
0.02086357386,-0.7560067177,-0.884943068
0.02087357386,-0.7134144902,-0.851959765
0.02087457386,-0.7089975476,-0.8484731317
0.02088457386,-0.6633179188,-0.811799109
0.02088557386,-0.658602953,-0.8079517484
0.02089557386,-0.6100540161,-0.7677620649
0.02089657386,-0.605063498,-0.7635723948
0.02090657386,-0.5538771749,-0.7200590372
0.02090757386,-0.5486348867,-0.7155469656
0.02091757386,-0.4950554967,-0.6689176559
0.02091857386,-0.4895865619,-0.6641048193
0.02092857386,-0.4338699877,-0.6145822406
0.02092957386,-0.4282004535,-0.6094915867
0.02093957386,-0.3706127405,-0.5573121905
0.02094057386,-0.3647696972,-0.5519680381
0.02095057386,-0.3055858016,-0.4973809719
0.02095157386,-0.2995971739,-0.4918088913
0.02096157386,-0.2390997112,-0.4350747764
0.02096257386,-0.2329940945,-0.4293013215
0.02097257386,-0.1714719236,-0.3706911206
0.02097357386,-0.1652784497,-0.3647438288
0.02098357386,-0.1030253544,-0.3045374155
0.02098457386,-0.09677360952,-0.2984447181
0.02099457386,-0.03408684582,-0.2369295359
0.02099557386,-0.02780667879,-0.23072052
0.02100557386,0.03501443192,-0.1681903154
0.02100657386,0.04129302874,-0.1618946493
0.02101657386,0.1039485112,-0.09864801168
0.02101757386,0.1101955697,-0.09229572862
0.02102757386,0.1723862439,-0.02863465995
0.02102857386,0.1785719246,-0.022256108
0.02103857386,0.2400008291,0.0415154174
0.02103957386,0.2460955977,0.04788978398
0.02104957386,0.3064694107,0.1114672571
0.02105057386,0.3124441803,0.1178070009
0.02106057386,0.3714746237,0.1808868349
0.02106157386,0.3773008287,0.187161684
0.02107157386,0.4347060323,0.2494426817
0.02107257386,0.4403558671,0.255622685
0.02108257386,0.4958617091,0.3168074489
0.02108357386,0.5013082027,0.3228630722
0.02109357386,0.5546497107,0.3826594353
0.02109457386,0.5598668456,0.3885617852
0.02110457386,0.6107891798,0.4466842413
0.02110557386,0.6157521009,0.4524051249
0.02111557386,0.6640121937,0.5085760951
0.02111657386,0.6686971188,0.5140882134
0.02112657386,0.7140645385,0.5680395365
0.02112757386,0.7184491754,0.5733165741
0.02113757386,0.7607072592,0.6247906089
0.02113857386,0.764770627,0.6298072934
0.02114857386,0.8037176132,0.67855829
0.02114957386,0.8074402809,0.68329072
0.02115957386,0.842890203,0.7290858626
0.02116057386,0.846254468,0.7335114479
0.02117057386,0.8780380487,0.7761320472
0.02117157386,0.8810277581,0.7802296281
0.02118157386,0.9089931846,0.8194721937
0.02118257386,0.9115941525,0.8232222795
0.02119257386,0.9356079698,0.8588994145
0.02119357386,0.9378076792,0.8622840047
0.02120357386,0.957755208,0.894225359
0.02120457386,0.9595432281,0.8972283006
0.02121457386,0.9753291607,0.9252813458
0.02121557386,0.9766969681,0.9278883934
0.02122557386,0.9882459641,0.951919198
0.02122657386,0.9891870022,0.9541178346
0.02123657386,0.9964438677,0.9740116
0.02123757386,0.9969536662,0.9757913351
0.02124757386,0.9998838305,0.9914531112
0.02124857386,0.9999598265,0.9928054214
0.02125857386,0.9985492826,1.004160404
0.02126857386,0.9931979179,1.011552691
0.02127857386,0.9839268327,1.014953017
0.02128857386,0.9707726836,1.014347911
0.02129857386,0.9537873268,1.009739637
0.02130857386,0.9330377579,1.001146555
0.02131857386,0.9086059332,0.9886024594
0.02132857386,0.8805882931,0.9721568823
0.02132957386,0.8775934577,0.9702994823
0.02133957386,0.8457595706,0.9496378303
0.02134057386,0.8423904181,0.9473633766
0.02135057386,0.806892395,0.9225843549
0.02135157386,0.8031650186,0.919903636
0.02136157386,0.764172256,0.8911255598
0.02136257386,0.7601044774,0.888051331
0.02137257386,0.7178032398,0.8554116488
0.02137357386,0.7134144902,0.8519586325
0.02138357386,0.6680067778,0.8156131506
0.02138457386,0.6633179188,0.8117978573
0.02139457386,0.6150205135,0.7719201446
0.02139557386,0.6100540161,0.7677607536
0.02140557386,0.5590975285,0.7245411873
0.02140657386,0.5538771749,0.7200575471
0.02141657386,0.5005049109,0.673702538
0.02141757386,0.4950554967,0.6689161062
0.02142757386,0.4395223856,0.6196469665
0.02142857386,0.4338699877,0.6145806313
0.02143857386,0.3764411211,0.5626326203
0.02143957386,0.3706127405,0.557310462
0.02144957386,0.3115623593,0.5029316545
0.02145057386,0.3055858016,0.4973792136
0.02146057386,0.2451958954,0.4408292472
0.02146157386,0.2390997112,0.4350729585
0.02147157386,0.1776586175,0.3766218722
0.02147257386,0.1714719236,0.3706892133
0.02148257386,0.1092730314,0.3106161356
0.02148357386,0.1030253544,0.3045354784
0.02149357386,0.04036566615,0.2431272119
0.02149457386,0.03408684582,0.236927554
0.02150457386,-0.02873444743,0.1744773537
0.02150557386,-0.03501443192,0.1681883186
0.02151557386,-0.09769735485,0.104994379
0.02151657386,-0.1039485112,0.09864599258
0.02152657386,-0.1661937535,0.03501005471
0.02152757386,-0.1723862439,0.02863263339
0.02153757386,-0.2338965833,-0.03514143825
0.02153857386,-0.2400008291,-0.04151744395
0.02154857386,-0.3004825711,-0.1051251218
0.02154957386,-0.3064694107,-0.1114692688
0.02155957386,-0.3656337261,-0.1746068448
0.02156057386,-0.3714746237,-0.1808888316
0.02157057386,-0.4290390313,-0.2432548106
0.02157157386,-0.4347060323,-0.2494446486
0.02158157386,-0.4903956354,-0.3107412159
0.02158257386,-0.4958617091,-0.3168093562
0.02159257386,-0.5494106412,-0.3767438531
0.02159357386,-0.5546497107,-0.3826613128
0.02160357386,-0.6058021784,-0.4409475327
0.02160457386,-0.6107891798,-0.4466860592
0.02161457386,-0.6593010426,-0.5030456781
0.02161557386,-0.6640121937,-0.5085778832
0.02162557386,-0.7096517682,-0.562741816
0.02162657386,-0.7140645385,-0.568041265
0.02163657386,-0.7566139102,-0.6197508574
0.02163757386,-0.7607072592,-0.6247922182
0.02164757386,-0.7999632359,-0.6738005877
0.02164857386,-0.8037176132,-0.6785598397
0.02165857386,-0.8394926786,-0.7246329188
0.02165957386,-0.842890203,-0.7290872931
0.02166957386,-0.8750136495,-0.7720051408
0.02167057386,-0.8780380487,-0.7761333585
0.02168057386,-0.9063563943,-0.8156910539
0.02168157386,-0.9089931846,-0.8194734454
0.02169157386,-0.9333713055,-0.8554819822
0.02169257386,-0.9356079698,-0.858900547
0.02170257386,-0.9559293389,-0.8911880851
0.02170357386,-0.957755208,-0.8942263722
0.02171357386,-0.9739229083,-0.9226387143
0.02171457386,-0.9753291607,-0.9252822995
0.02172457386,-0.9872659445,-0.9496837854
0.02172557386,-0.9882459641,-0.9519199729
0.02173557386,-0.9958947897,-0.9721940756
0.02173657386,-0.9964438677,-0.9740122557
0.02174657386,-0.9997683167,-0.9900621772
0.02174757386,-0.9998838305,-0.9914536476
0.02175757386,-0.998867929,-1.003202796
0.02176757386,-0.9939098954,-1.010992885
0.02177757386,-0.985029459,-1.014793277
0.02178757386,-0.9722614884,-1.014588833
0.02179757386,-0.9556564689,-1.010380387
0.02180757386,-0.9352799058,-1.00218451
0.02181757386,-0.9112122059,-0.9900335073
0.02182757386,-0.8835483789,-0.97397542
0.02182857386,-0.8805882931,-0.9721564054
0.02183857386,-0.8490953445,-0.9518742561
0.02183957386,-0.8457595706,-0.9496372342
0.02184957386,-0.810587883,-0.9252279997
0.02185057386,-0.806892395,-0.9225836992
0.02186057386,-0.7682098746,-0.8941637874
0.02186157386,-0.764172256,-0.8911247849
0.02187157386,-0.7221637368,-0.8588299751
0.02187257386,-0.7178032398,-0.8554107547
0.02188257386,-0.6726691723,-0.8193952441
0.02188357386,-0.6680067778,-0.8156121373
0.02189357386,-0.6199626923,-0.7760478854
0.02189457386,-0.6150205135,-0.7719190121
0.02190457386,-0.5642958879,-0.7289949059
0.02190557386,-0.5590975285,-0.7245399356
0.02191557386,-0.5059345961,-0.6784610152
0.02191657386,-0.5005049109,-0.6737012267
0.02192657386,-0.4451574087,-0.6246874332
0.02192757386,-0.4395223856,-0.6196455956
0.02193757386,-0.3822546601,-0.567931056
0.02193857386,-0.3764411211,-0.5626311302
0.02194857386,-0.3175266087,-0.5084627271
0.02194957386,-0.3115623593,-0.5029301047
0.02195957386,-0.2512823939,-0.4465665519
0.02196057386,-0.2451958954,-0.4408276379
0.02197057386,-0.1838383079,-0.3825379908
0.02197157386,-0.1776586175,-0.3766202033
0.02198157386,-0.1155163944,-0.3166828454
0.02198257386,-0.1092730314,-0.3106144369
0.02199257386,-0.04664289206,-0.2493155152
0.02199357386,-0.04036566615,-0.2431254685
0.02200357386,0.02245333232,-0.1807577312
0.02200457386,0.02873444743,-0.1744755954
0.02201457386,0.09144233912,-0.1113368347
0.02201557386,0.09769735485,-0.1049925908
0.02202557386,0.1599947065,-0.04138430208
0.02202657386,0.1661937535,-0.03500826284
0.02203657386,0.2277831137,0.02876583487
0.02203757386,0.2338965833,0.03514323011
0.02204757386,0.2944838405,0.09877861291
0.02204857386,0.3004825711,0.1051269099
0.02205857386,0.359778434,0.168319717
0.02205957386,0.3656337261,0.1746086031
0.02206957386,0.4233550727,0.2370570898
0.02207057386,0.4290390313,0.2432565391
0.02208057386,0.4849101901,0.3046625257
0.02208157386,0.4903956354,0.3107429445
0.02209157386,0.5441498756,0.3708131909
0.02209257386,0.5494106412,0.376745522
0.02210257386,0.6007912755,0.4351932108
0.02210357386,0.6058021784,0.440949142
0.02211357386,0.6545639038,0.4974952042
0.02211457386,0.6593010426,0.5030472279
0.02212457386,0.7052109838,0.5574216843
0.02212557386,0.7096517682,0.5627433062
0.02213557386,0.7524906397,0.6146864295
0.02213657386,0.7566139102,0.6197522879
0.02214657386,0.7961772084,0.6690160632
0.02214757386,0.7999632359,0.673801899
0.02215757386,0.8360620737,0.7201511264
0.02215857386,0.8394926786,0.7246341705
0.02216857386,0.8719546795,0.767847538
0.02216957386,0.8750136495,0.7720062733
0.02217957386,0.9036837816,0.8118774295
0.02218057386,0.9063563943,0.8156920671
0.02219057386,0.9310977459,0.8520306349
0.02219157386,0.9333713055,0.8554829359
0.02220157386,0.9540657997,0.888115406
0.02220257386,0.9559293389,0.8911888599
0.02221257386,0.9724781513,0.9199594259
0.02221357386,0.9739229083,0.9226394296
0.02222357386,0.9862469435,0.9474106431
0.02222457386,0.9872659445,0.9496843219
0.02223457386,0.9953064322,0.9703379869
0.02223557386,0.9958947897,0.9721945524
0.02224557386,0.9996133447,0.9886319637
0.02224657386,0.9997683167,0.9900625348
0.02225657386,0.9991470575,1.002205253
0.02226657386,0.994582653,1.010392904
0.02227657386,0.9860931039,1.014593244
0.02228657386,0.9737119079,1.014789462
0.02229657386,0.9574878812,1.010980964
0.02230657386,0.9374850988,1.00318265
0.02231657386,0.9137824774,0.9914252758
0.02232657386,0.8864735961,0.9757552743
0.02232757386,0.8835483789,0.9739747643
0.02233757386,0.8523976207,0.9540728927
0.02233857386,0.8490953445,0.9518734813
0.02234857386,0.8142514229,0.927834928
0.02234957386,0.810587883,0.9252271056
0.02235957386,0.7722172141,0.8971665502
0.02236057386,0.7682098746,0.8941628337
0.02237057386,0.7264956236,0.8622142076
0.02237157386,0.7221637368,0.8588289022
0.02238157386,0.6773051023,0.8231447935
0.02238257386,0.6726691723,0.819394052
0.02239257386,0.6248804331,0.7801448703
0.02239357386,0.6199626923,0.7760465741
0.02240357386,0.5694719553,0.7334197164
0.02240457386,0.5642958879,0.728993535
0.02241457386,0.511344254,0.6831925511
0.02241557386,0.5059345961,0.6784595251
0.02242557386,0.4507748783,0.6297031045
0.02242657386,0.4451574087,0.6246858835
0.02243657386,0.3880530894,0.5732068419
0.02243757386,0.3822546601,0.5679293871
0.02244757386,0.3234783411,0.5139735341
0.02244857386,0.3175266087,0.5084610581
0.02245857386,0.2573589683,0.4522860348
0.02245957386,0.2512823939,0.4465647638
0.02246957386,0.1900107414,0.3884388506
0.02247057386,0.1838383079,0.3825361729
0.02248057386,0.1217551976,0.3227368593
0.02248157386,0.1155163944,0.3166809678
0.02249157386,0.05291827396,0.2554938197
0.02249257386,0.04664289206,0.2493136227
0.02250257386,-0.01617132872,0.187030822
0.02250357386,-0.02245333232,0.1807558089
0.02251357386,-0.08518371731,0.1176747307
0.02251457386,-0.09144233912,0.1113348901
0.02252457386,-0.1537893564,0.04775675759
0.02252557386,-0.1599947065,0.04138235375
0.02253557386,-0.2216606438,-0.0223892536
0.02253657386,-0.2277831137,-0.02876778319
0.02254657386,-0.2884735167,-0.09242834896
0.02254757386,-0.2944838405,-0.09878055006
0.02255757386,-0.3539089262,-0.1620261073
0.02255857386,-0.359778434,-0.1683216393
0.02256857386,-0.4176544249,-0.230850175
0.02256957386,-0.4233550727,-0.2370589823
0.02257957386,-0.4794056118,-0.2985719442
0.02258057386,-0.4849101901,-0.3046643734
0.02259057386,-0.5388676524,-0.3648680151
0.02259157386,-0.5441498756,-0.3708150089
0.02260157386,-0.59575665,-0.4294218719
0.02260257386,-0.6007912755,-0.435194999
0.02261257386,-0.649800837,-0.4919252098
0.02261357386,-0.6545639038,-0.4974969029
0.02262357386,-0.7007423043,-0.552079618
0.02262457386,-0.7052109838,-0.5574232936
0.02263457386,-0.7483376861,-0.6095978618
0.02263557386,-0.7524906397,-0.6146879792
0.02264557386,-0.7923598289,-0.6642052531
0.02264657386,-0.7961772084,-0.6690175533
0.02265657386,-0.8325983882,-0.7156410813
0.02265757386,-0.8360620737,-0.7201525569
0.02266757386,-0.8688613772,-0.7636597753
0.02266857386,-0.8719546795,-0.7678487897
0.02267857386,-0.9009754658,-0.8080319166
0.02267957386,-0.9036837816,-0.8118786216
0.02268957386,-0.9287874699,-0.8485457897
0.02269057386,-0.9310977459,-0.8520317078
0.02270057386,-0.9521645308,-0.8850077987
0.02270157386,-0.9540657997,-0.8881163597
0.02271157386,-0.9709950089,-0.9172439575
0.02271257386,-0.9724781513,-0.9199602604
0.02272257386,-0.9851890206,-0.9451002479
0.02272357386,-0.9862469435,-0.9474113584
0.02273357386,-0.9946787357,-0.9684436917
0.02273457386,-0.9953064322,-0.970338583
0.02274457386,-0.9994188547,-0.9871628284
0.02274557386,-0.9996133447,-0.9886324406
0.02275557386,-0.9993867874,-1.001168251
0.02276557386,-0.9952161908,-1.009753227
0.02277557386,-0.9871178865,-1.014353275
0.02278557386,-0.9751238823,-1.014950275
0.02279557386,-0.9592815042,-1.011541724
0.02280557386,-0.9396532774,-1.004141331
0.02281557386,-0.9163166881,-0.9927780032
0.02282557386,-0.8893638253,-0.9774967432
0.02282657386,-0.8864735961,-0.9757547379
0.02283657386,-0.8556662202,-0.9562340379
0.02283757386,-0.8523976207,-0.9540722966
0.02284757386,-0.8178827763,-0.9304053187
0.02284857386,-0.8142514229,-0.9278341532
0.02285857386,-0.7761939764,-0.9001339674
0.02285957386,-0.7722172141,-0.8971656561
0.02286957386,-0.7307989001,-0.8655644655
0.02287057386,-0.7264956236,-0.862213254
0.02288057386,-0.6819142699,-0.826861918
0.02288157386,-0.6773051023,-0.8231437206
0.02289157386,-0.629773438,-0.7842110991
0.02289257386,-0.6248804331,-0.7801436782
0.02290257386,-0.5746254921,-0.7378156781
0.02290357386,-0.5694719553,-0.7334184647
0.02291357386,-0.516733706,-0.6878972054
0.02291457386,-0.511344254,-0.6831911802
0.02292457386,-0.4563745558,-0.6346940398
0.02292557386,-0.4507748783,-0.629701674
0.02293557386,-0.3938362002,-0.5784601569
0.02293657386,-0.3880530894,-0.5732053518
0.02294657386,-0.3294172883,-0.5194641948
0.02294757386,-0.3234783411,-0.5139719844
0.02295757386,-0.2634254098,-0.4579877853
0.02295857386,-0.2573589683,-0.4522843659
0.02296857386,-0.1961756647,-0.3943244517
0.02296957386,-0.1900107414,-0.3884371519
0.02297957386,-0.1279891878,-0.3287782669
0.02298057386,-0.1217551976,-0.3227351308
0.02299057386,-0.05919156969,-0.2616621554
0.02299157386,-0.05291827396,-0.2554920316
0.02300157386,0.009888687171,-0.1932966113
0.02300257386,0.01617132872,-0.1870290041
0.02301257386,0.07892172784,-0.1240080893
0.02301357386,0.08518371731,-0.1176728979
0.02302357386,0.1475779116,-0.05412742868
0.02302457386,0.1537893564,-0.04775490984
0.02303457386,0.2155294269,0.016011687
0.02303557386,0.2216606438,0.02239110135
0.02304557386,0.2824517787,0.08607434481
0.02304657386,0.2884735167,0.0924301967
0.02305657386,0.3480254412,0.1557259858
0.02305757386,0.3539089262,0.1620279253
0.02306757386,0.4119372666,0.2246340513
0.02306857386,0.4176544249,0.2308519781
0.02307857386,0.4738821089,0.2924694717
0.02307957386,0.4794056118,0.2985737026
0.02308957386,0.5335641503,0.3589083552
0.02309057386,0.5388676524,0.3648697436
0.02310057386,0.5906984806,0.4236334562
0.02310157386,0.59575665,0.4294235408
0.02311157386,0.6450121999,0.4863357246
0.02311257386,0.649800837,0.4919268191
0.02312257386,0.6962459683,0.5467157364
0.02312357386,0.7007423043,0.5520811677
0.02313357386,0.7441552281,0.6044851542
0.02313457386,0.7483376861,0.6095993519
0.02314457386,0.7885110974,0.6593681574
0.02314557386,0.7923598289,0.6642066836
0.02315557386,0.8291018605,0.7111027241
0.02315657386,0.8325983882,0.7156423926
0.02316657386,0.8657336831,0.7594417334
0.02316757386,0.8688613772,0.7636609674
0.02317757386,0.8982316256,0.8041544557
0.02317857386,0.9009754658,0.8080330491
0.02318857386,0.926440537,0.8450273275
0.02318957386,0.9287874699,0.848546803
0.02319957386,0.9502257109,0.8818652034
0.02320057386,0.9521645308,0.8850086927
0.02321057386,0.9694735408,0.9144921899
0.02321157386,0.9709950089,0.9172447324
0.02322157386,0.984092176,0.9427524805
0.02322257386,0.9851890206,0.9451009035
0.02323257386,0.9940117598,0.9665111303
0.02323357386,0.9946787357,0.9684442282
0.02324357386,0.9991849661,0.9856546521
0.02324457386,0.9994188547,0.9871632457
0.02325457386,0.999587059,1.000091791
0.02326457386,0.9958103895,1.009073496
0.02327457386,0.9881036282,1.014073133
0.02328457386,0.9764973521,1.015070796
0.02329457386,0.9610372186,1.01206255
0.02330457386,0.9417843819,1.005060196
0.02331457386,0.9188147187,0.9940915108
0.02332457386,0.8922188878,0.9791995883
0.02332557386,0.8893638253,0.9774961472
0.02333557386,0.8589010239,0.9583572745
0.02333657386,0.8556662202,0.9562333226
0.02334657386,0.8214818835,0.9329389334
0.02334757386,0.8178827763,0.9304045439
0.02335757386,0.7801401615,0.9030658007
0.02335857386,0.7761939764,0.9001330733
0.02336857386,0.735073328,0.8688805103
0.02336957386,0.7307989001,0.8655634522
0.02337957386,0.6864964962,0.8305463791
0.02338057386,0.6819142699,0.8268607855
0.02339057386,0.6346416473,0.7882463336
0.02339157386,0.629773438,0.7842099071
0.02340157386,0.5797563791,0.7421824336
0.02340257386,0.5746254921,0.7378143668
0.02341257386,0.5221028328,0.6925746799
0.02341357386,0.516733706,0.6878957748
0.02342357386,0.461956203,0.639659822
0.02342457386,0.4563745558,0.6346924901
0.02343457386,0.3996037841,0.5836905837
0.02343557386,0.3938362002,0.5784586072
0.02344557386,0.3353432417,0.5249342322
0.02344657386,0.3294172883,0.5194625258
0.02345657386,0.2694814205,0.4636713564
0.02345757386,0.2634254098,0.4579860568
0.02346757386,0.2023328394,0.4001944661
0.02346857386,0.1961756647,0.3943226933
0.02347857386,0.1342181265,0.3348066211
0.02347957386,0.1279891878,0.328776449
0.02348957386,0.06546252966,0.2678200901
0.02349057386,0.05919156969,0.2616603076
0.02350057386,-0.003605654929,0.1995547265
0.02350157386,-0.009888687171,0.1932947338
0.02351157386,-0.07265662402,0.1303364784
0.02351257386,-0.07892172784,0.1240061894
0.02352257386,-0.1413606554,0.06049589813
0.02352357386,-0.1475779116,0.05412551761
0.02353357386,-0.2093897015,-0.009633553214
0.02353457386,-0.2155294269,-0.01601360179
0.02354457386,-0.2764188945,-0.07971700281
0.02354557386,-0.2824517787,-0.08607625216
0.02355557386,-0.3421282172,-0.1494197994
0.02355657386,-0.3480254412,-0.1557278782
0.02356657386,-0.406203866,-0.218409121
0.02356757386,-0.4119372666,-0.224635914
0.02357757386,-0.4683398902,-0.2863555253
0.02357857386,-0.4738821089,-0.2924713194
0.02358857386,-0.5282396078,-0.3529345989
0.02358957386,-0.5335641503,-0.3589101434
0.02359957386,-0.5856170058,-0.4178283811
0.02360057386,-0.5906984806,-0.4236352146
0.02361057386,-0.6401980519,-0.4807270765
0.02361157386,-0.6450121999,-0.4863373935
0.02362157386,-0.6917221546,-0.5413302779
0.02362257386,-0.6962459683,-0.5467173457
0.02363257386,-0.7399433255,-0.5993486047
0.02363357386,-0.7441552281,-0.6044867039
0.02364357386,-0.7846313119,-0.654505074
0.02364457386,-0.7885110974,-0.6593696475
0.02365457386,-0.8255726099,-0.706536293
0.02365557386,-0.8291018605,-0.711104095
0.02366557386,-0.8625718355,-0.7551938295
0.02366657386,-0.8657336831,-0.7594430447
0.02367657386,-0.8954523206,-0.800245285
0.02367757386,-0.8982316256,-0.8041556478
0.02368757386,-0.9240570068,-0.8414755464
0.02368857386,-0.926440537,-0.8450284004
0.02369857386,-0.9482493401,-0.878687799
0.02369957386,-0.9502257109,-0.8818661571
0.02370957386,-0.9679138064,-0.9117043614
0.02371057386,-0.9694735408,-0.9144930243
0.02372057386,-0.9829564691,-0.9403675199
0.02372157386,-0.984092176,-0.9427531958
0.02373157386,-0.9933055639,-0.964540422
0.02373257386,-0.9940117598,-0.9665117264
0.02374257386,-0.9989116192,-0.9841076136
0.02374357386,-0.9991849661,-0.985655129
0.02375357386,-0.9997478724,-0.9989757538
0.02376357386,-0.9963652492,-1.008354068
0.02377357386,-0.9890504479,-1.013753057
0.02378357386,-0.9778322577,-1.015151381
0.02379357386,-0.962755084,-1.01254344
0.02380357386,-0.943878293,-1.005939603
0.02381357386,-0.9212764502,-0.9953657389
0.02382357386,-0.8950387836,-0.98086375
0.02382457386,-0.8922188878,-0.9791990519
0.02383457386,-0.8621019125,-0.9604427814
0.02383557386,-0.8589010239,-0.9583566785
0.02384557386,-0.8250485063,-0.9354357719
0.02384657386,-0.8214818835,-0.9329381585
0.02385657386,-0.784055531,-0.90596205
0.02385757386,-0.7801401615,-0.9030649662
0.02386757386,-0.7393186688,-0.8721623421
0.02386857386,-0.735073328,-0.8688795567
0.02387857386,-0.6910516024,-0.8341980577
0.02387957386,-0.6864964962,-0.8305453062
0.02388957386,-0.6394847631,-0.792250514
0.02389057386,-0.6346416473,-0.7882452011
0.02390057386,-0.584864378,-0.7465199828
0.02390157386,-0.5797563791,-0.7421811819
0.02391157386,-0.5274512768,-0.6972247958
0.02391257386,-0.5221028328,-0.6925733089
0.02392257386,-0.4675196409,-0.6446003914
0.02392357386,-0.461956203,-0.6396583319
0.02393357386,-0.4053555727,-0.5888980031
0.02393457386,-0.3996037841,-0.583689034
0.02394457386,-0.341255933,-0.5303836465
0.02394557386,-0.3353432417,-0.5249326229
0.02395557386,-0.2755267918,-0.4693366885
0.02395657386,-0.2694814205,-0.4636696875
0.02396657386,-0.208482042,-0.4060486853
0.02396757386,-0.2023328394,-0.4001927376
0.02397757386,-0.1404417753,-0.3408218026
0.02397857386,-0.1342181265,-0.3348048627
0.02398857386,-0.07173090428,-0.2739674747
0.02398957386,-0.06546252966,-0.2678182721
0.02399957386,-0.002677519573,-0.2058049887
0.02400057386,0.003605654929,-0.1995528787
0.02401057386,0.06638865173,-0.1366597712
0.02401157386,0.07265662402,-0.1303346306
0.02402157386,0.1351378113,-0.06686202437
0.02402257386,0.1413606554,-0.06049402803
0.02403257386,0.2032417059,0.003254998242
0.02403357386,0.2093897015,0.009635426104
0.02404357386,0.2703751028,0.07335647196
0.02404457386,0.2764188945,0.07971886545
0.02405457386,0.3362174928,0.1431076676
0.02405557386,0.3421282172,0.1494216472
0.02406557386,0.400454402,0.2121755183
0.02406657386,0.406203866,0.218410939
0.02407657386,0.4627791941,0.2802302241
0.02407757386,0.4683398902,0.2863573134
0.02408757386,0.5228942037,0.3469468355
0.02408857386,0.5282396078,0.3529363573
0.02409857386,0.5805124044,0.4120067954
0.02409957386,0.5856170058,0.4178301096
0.02410957386,0.6353586316,0.4750994146
0.02411057386,0.6401980519,0.4807287157
0.02412057386,0.687171042,0.5359234214
0.02412157386,0.6917221546,0.5413318276
0.02413157386,0.7357022762,0.5941883922
0.02413257386,0.7399433255,0.5993501544
0.02414257386,0.7807204723,0.6496161222
0.02414357386,0.7846313119,0.6545065045
0.02415357386,0.8220107555,0.701941967
0.02415457386,0.8255726099,0.7065376639
0.02416457386,0.8593759537,0.7509160042
0.02416557386,0.8625718355,0.7551950812
0.02417557386,0.89263767,0.7963044643
0.02417657386,0.8954523206,0.8002464175
0.02418657386,0.9216369987,0.8378905654
0.02418757386,0.9240570068,0.8414766192
0.02419757386,0.9462355971,0.8754757047
0.02419857386,0.9482493401,0.8786887527
0.02420857386,0.9663158655,0.9088805318
0.02420957386,0.9679138064,0.9117051959
0.02421957386,0.9817820191,0.9379453659
0.02422057386,0.9829564691,0.9403681755
0.02423057386,0.9925601482,0.9625315666
0.02423157386,0.9933055639,0.9645409584
0.02424157386,0.9985988736,0.9825217128
0.02424257386,0.9989116192,0.9841080904
0.02425257386,0.9998692274,0.9978203177
0.02426257386,0.9968808293,1.007594824
0.02427257386,0.9899581671,1.013392925
0.02428257386,0.9791285992,1.015191793
0.02429257386,0.9644348621,1.012984276
0.02430257386,0.9459349513,1.006779075
0.02431257386,0.9237018228,0.9966006875
0.02432257386,0.8978233337,0.9824892282
0.02432357386,0.8950387836,0.9808632135
0.02433357386,0.8652687669,0.9624903202
0.02433457386,0.8621019125,0.9604421258
0.02434457386,0.8285825849,0.937895596
0.02434557386,0.8250485063,0.9354349971
0.02435557386,0.7879399657,0.9088224769
0.02435657386,0.784055531,0.9059611559
0.02436657386,0.743534863,0.8754096627
0.02436757386,0.7393186688,0.8721613288
0.02437757386,0.6955794692,0.8378168344
0.02437857386,0.6910516024,0.8341969848
0.02438857386,0.6443026662,0.796223402
0.02438957386,0.6394847631,0.7922493219
0.02439957386,0.5899493098,0.7508279681
0.02440057386,0.584864378,0.7465186715
0.02441057386,0.5327789783,0.7018473744
0.02441157386,0.5274512768,0.6972234249
0.02442157386,0.4730646014,0.64951545
0.02442257386,0.4675196409,0.6445989013
0.02443257386,0.4110913575,0.5940821171
0.02443357386,0.4053555727,0.5888964534
0.02444357386,0.3471551538,0.5358120203
0.02444457386,0.341255933,0.5303820372
0.02445457386,0.2815613151,0.4749834836
0.02445557386,0.2755267918,0.4693350196
0.02446557386,0.2146230042,0.4118868709
0.02446657386,0.208482042,0.406046927
0.02447657386,0.1466598809,0.3468234837
0.02447757386,0.1404417753,0.3408200145
0.02448757386,0.07799644768,0.2801040411
0.02448857386,0.07173090428,0.2739656568
0.02449857386,0.008960587904,0.2120471001
0.02449957386,0.002677519573,0.2058031261
0.02450957386,-0.06011805683,0.1429776549
0.02451057386,-0.06638865173,0.1366578937
0.02452057386,-0.1289096475,0.07322547585
0.02452157386,-0.1351378113,0.06686012447
0.02453157386,-0.1970856786,0.003123658709
0.02453257386,-0.2032417059,-0.003256897908
0.02454257386,-0.2643206418,-0.06699307263
0.02454357386,-0.2703751028,-0.0733583644
0.02455357386,-0.3302934766,-0.136789903
0.02455457386,-0.3362174928,-0.1431095451
0.02456457386,-0.3946891725,-0.2059335709
0.02456557386,-0.400454402,-0.2121773809
0.02457557386,-0.4572001994,-0.2740938962
0.02457657386,-0.4627791941,-0.2802320719
0.02458657386,-0.5175281167,-0.3409454226
0.02458757386,-0.5228942037,-0.3469486237
0.02459757386,-0.5753848553,-0.4061689377
0.02459857386,-0.5805124044,-0.4120085239
0.02460857386,-0.6304941177,-0.469453007
0.02460957386,-0.6353586316,-0.4751010835
0.02461957386,-0.6825928092,-0.5304954648
0.02462057386,-0.687171042,-0.5359250307
0.02463057386,-0.7314321399,-0.589004755
0.02463157386,-0.7357022762,-0.5941899419
0.02464157386,-0.7767788768,-0.6447015405
0.02464257386,-0.7807204723,-0.6496176124
0.02465257386,-0.8184164762,-0.6973199248
0.02465357386,-0.8220107555,-0.7019433379
0.02466357386,-0.8561461568,-0.7466086149
0.02466457386,-0.8593759537,-0.7509173155
0.02467457386,-0.8897877336,-0.792332232
0.02467557386,-0.89263767,-0.7963056564
0.02468557386,-0.9191806316,-0.8342725039
0.02468657386,-0.9216369987,-0.8378916383
0.02469657386,-0.9441844225,-0.8722290993
0.02469757386,-0.9462355971,-0.8754767179
0.02470757386,-0.9646797776,-0.9060208201
0.02470857386,-0.9663158655,-0.9088813663
0.02471857386,-0.9805687666,-0.9354862571
0.02471957386,-0.9817820191,-0.9379461408
0.02472957386,-0.9917755723,-0.9604848027
0.02473057386,-0.9925601482,-0.9625322223
0.02474057386,-0.9982466698,-0.9808970094
0.02474157386,-0.9985988736,-0.9825221896
0.02475157386,-0.9999511242,-0.996625483
0.02476157386,-0.9973570108,-1.006795764
0.02477157386,-0.9908267856,-1.012992859
0.02478157386,-0.9803862572,-1.01519227
0.02479157386,-0.9660766125,-1.013385296
0.02480157386,-0.9479542375,-1.007578969
0.02481157386,-0.9260907769,-0.9977963567
0.02482157386,-0.9005724192,-0.9840759039
0.02483157386,-0.871499896,-0.9664718509
0.02483257386,-0.8684014678,-0.964499712
0.02484257386,-0.8355525136,-0.9427045584
0.02484357386,-0.8320839405,-0.940318048
0.02485357386,-0.7956153154,-0.9144359231
0.02485457386,-0.7917932272,-0.9116464853
0.02486457386,-0.7518790364,-0.88180089
0.02486557386,-0.7477217317,-0.8786218166
0.02487557386,-0.7045525908,-0.8449552059
0.02487657386,-0.7000798583,-0.8414016962
0.02488657386,-0.6538619399,-0.8040749431
0.02488757386,-0.649095118,-0.8001639247
0.02489757386,-0.6000490785,-0.7593551874
0.02489857386,-0.5950109363,-0.7551053762
0.02490857386,-0.5433709621,-0.711009562
0.02490957386,-0.5380855799,-0.706441164
0.02491957386,-0.4840982854,-0.659268856
0.02492057386,-0.4785908759,-0.6544037461
0.02493057386,-0.4225140214,-0.6043801308
0.02493157386,-0.4168109298,-0.5992415547
0.02494157386,-0.3589122891,-0.5466054678
0.02494257386,-0.3530406952,-0.5412179828
0.02495257386,-0.2935967445,-0.4862208068
0.02495357386,-0.2875846922,-0.4806100726
0.02496357386,-0.2268792689,-0.4235144556
0.02496457386,-0.2207555026,-0.4177072942
0.02497457386,-0.1590784639,-0.3587858081
0.02497557386,-0.1528721899,-0.3528099656
0.02498557386,-0.0905180499,-0.2923440039
0.02498657386,-0.08425891399,-0.2862279713
0.02499657386,-0.02152541652,-0.2245062292
0.02499757386,-0.01524330303,-0.2182792425
0.02500757386,0.04757000133,-0.15559645
0.02500857386,0.05384509265,-0.1492882371
0.02501857386,0.1164382696,-0.08594371378
0.02501957386,0.12267638,-0.07958438993
0.02502957386,0.1847505569,-0.0158805903
0.02503057386,0.1909218878,-0.009500533342
0.02504057386,0.2521806359,0.05425835401
0.02504157386,0.2582557499,0.0606286861
0.02505157386,0.3184065819,0.1241382137
0.02505257386,0.3243564367,0.1304683983
0.02506257386,0.3831121325,0.1934252977
0.02506357386,0.3889083266,0.1996851265
0.02507357386,0.4459883273,0.2617887855
0.02507457386,0.4516031742,0.2679483593
0.02508457386,0.5067349672,0.3289022446
0.02508557386,0.512141645,0.3349321187
0.02509557386,0.5650618672,0.3944451809
0.02509657386,0.5702346563,0.400316596
0.02510657386,0.6206907034,0.4581046402
0.02510757386,0.6256047487,0.4637895525
0.02511757386,0.6733556986,0.5195766091
0.02511857386,0.6779876351,0.5250478983
0.02512857386,0.7228054404,0.5785676837
0.02512957386,0.7271331549,0.5837991834
0.02513957386,0.7688037753,0.6347960234
0.02514057386,0.7728065848,0.6397628188
0.02515057386,0.8111310601,0.687993288
0.02515157386,0.8147898912,0.6926715374
0.02516157386,0.8495852947,0.7379053235
0.02516257386,0.8528825641,0.7422727942
0.02517257386,0.8839826584,0.78429389
0.02517357386,0.8869027495,0.7883297205
0.02518357386,0.9141591191,0.8269374967
0.02518457386,0.9166879654,0.830622375
0.02519457386,0.9399704337,0.8656324148
0.02519557386,0.9420960546,0.8689488173
0.02520557386,0.9612933993,0.9001939893
0.02520657386,0.9630056024,0.9031260014
0.02521657386,0.9780262113,0.9304571152
0.02521757386,0.9793168306,0.9329907894
0.02522757386,0.9900889397,0.9562773705
0.02522857386,0.9909518361,0.9584005475
0.02523857386,0.9974240065,0.9775313735
0.02523957386,0.9978550076,0.9792339206
0.02524957386,0.9999964237,0.9941176772
0.02525957386,0.9981912971,1.005078316
0.02526957386,0.9924467206,1.012072444
0.02527957386,0.9827854633,1.015072584
0.02528957386,0.969245553,1.014066815
0.02529957386,0.9518805146,1.009059072
0.02530957386,0.9307588339,1.000069141
0.02531957386,0.9059638381,0.9871324897
0.02532957386,0.8775934577,0.9703000784
0.02533057386,0.8745639324,0.9684043527
0.02534057386,0.8423904181,0.9473640323
0.02534157386,0.8389880061,0.9450521469
0.02535157386,0.8031650186,0.9199044704
0.02535257386,0.7994059324,0.9171873927
0.02536257386,0.7601044774,0.8880523443
0.02536357386,0.7560067177,0.884943068
0.02537357386,0.7134144902,0.851959765
0.02537457386,0.7089975476,0.8484731317
0.02538457386,0.6633179188,0.811799109
0.02538557386,0.658602953,0.8079517484
0.02539557386,0.6100540161,0.7677620649
0.02539657386,0.605063498,0.7635723948
0.02540657386,0.5538771749,0.7200590372
0.02540757386,0.5486348867,0.7155469656
0.02541757386,0.4950554967,0.6689176559
0.02541857386,0.4895865619,0.6641048193
0.02542857386,0.4338699877,0.6145822406
0.02542957386,0.4282004535,0.6094915867
0.02543957386,0.3706127405,0.5573121905
0.02544057386,0.3647696972,0.5519680381
0.02545057386,0.3055858016,0.4973809719
0.02545157386,0.2995971739,0.4918088913
0.02546157386,0.2390997112,0.4350747764
0.02546257386,0.2329940945,0.4293013215
0.02547257386,0.1714719236,0.3706911206
0.02547357386,0.1652784497,0.3647438288
0.02548357386,0.1030253544,0.3045374155
0.02548457386,0.09677360952,0.2984447181
0.02549457386,0.03408684582,0.2369295359
0.02549557386,0.02780667879,0.23072052
0.02550557386,-0.03501443192,0.1681903154
0.02550657386,-0.04129302874,0.1618946493
0.02551657386,-0.1039485112,0.09864801168
0.02551757386,-0.1101955697,0.09229572862
0.02552757386,-0.1723862439,0.02863465808
0.02552857386,-0.1785719246,0.02225610614
0.02553857386,-0.2400008291,-0.0415154174
0.02553957386,-0.2460955977,-0.0478897877
0.02554957386,-0.3064694107,-0.1114672571
0.02555057386,-0.3124441803,-0.1178070009
0.02556057386,-0.3714746237,-0.1808868349
0.02556157386,-0.3773008287,-0.187161684
0.02557157386,-0.4347060323,-0.2494426817
0.02557257386,-0.4403558671,-0.255622685
0.02558257386,-0.4958617091,-0.3168074489
0.02558357386,-0.5013082027,-0.3228630722
0.02559357386,-0.5546497107,-0.3826594353
0.02559457386,-0.5598668456,-0.3885617852
0.02560457386,-0.6107891798,-0.4466842413
0.02560557386,-0.6157521009,-0.4524051249
0.02561557386,-0.6640121937,-0.5085760951
0.02561657386,-0.6686971188,-0.5140882134
0.02562657386,-0.7140645385,-0.5680395365
0.02562757386,-0.7184491754,-0.5733165741
0.02563757386,-0.7607072592,-0.6247906089
0.02563857386,-0.764770627,-0.6298072934
0.02564857386,-0.8037176132,-0.67855829
0.02564957386,-0.8074402809,-0.68329072
0.02565957386,-0.842890203,-0.7290858626
0.02566057386,-0.846254468,-0.7335114479
0.02567057386,-0.8780380487,-0.7761320472
0.02567157386,-0.8810277581,-0.7802296281
0.02568157386,-0.9089931846,-0.8194721937
0.02568257386,-0.9115941525,-0.8232222795
0.02569257386,-0.9356079698,-0.8588994145
0.02569357386,-0.9378076792,-0.8622840047
0.02570357386,-0.957755208,-0.894225359
0.02570457386,-0.9595432281,-0.8972283006
0.02571457386,-0.9753291607,-0.9252813458
0.02571557386,-0.9766969681,-0.9278883934
0.02572557386,-0.9882459641,-0.951919198
0.02572657386,-0.9891870022,-0.9541178346
0.02573657386,-0.9964438677,-0.9740116
0.02573757386,-0.9969536662,-0.9757913351
0.02574757386,-0.9998838305,-0.9914531112
0.02574857386,-0.9999598265,-0.9928054214
0.02575857386,-0.9985492826,-1.004160404
0.02576857386,-0.9931979179,-1.011552691
0.02577857386,-0.9839268327,-1.014953017
0.02578857386,-0.9707726836,-1.014347911
0.02579857386,-0.9537873268,-1.009739637
0.02580857386,-0.9330377579,-1.001146555
0.02581857386,-0.9086059332,-0.9886024594
0.02582857386,-0.8805882931,-0.9721568823
0.02582957386,-0.8775934577,-0.9702994823
0.02583957386,-0.8457595706,-0.9496378303
0.02584057386,-0.8423904181,-0.9473633766
0.02585057386,-0.806892395,-0.9225843549
0.02585157386,-0.8031650186,-0.919903636
0.02586157386,-0.764172256,-0.8911255598
0.02586257386,-0.7601044774,-0.888051331
0.02587257386,-0.7178032398,-0.8554116488
0.02587357386,-0.7134144902,-0.8519586325
0.02588357386,-0.6680067778,-0.8156131506
0.02588457386,-0.6633179188,-0.8117978573
0.02589457386,-0.6150205135,-0.7719201446
0.02589557386,-0.6100540161,-0.7677607536
0.02590557386,-0.5590975285,-0.7245411873
0.02590657386,-0.5538771749,-0.7200575471
0.02591657386,-0.5005049109,-0.673702538
0.02591757386,-0.4950554967,-0.6689161062
0.02592757386,-0.4395223856,-0.6196469665
0.02592857386,-0.4338699877,-0.6145806313
0.02593857386,-0.3764411211,-0.5626326203
0.02593957386,-0.3706127405,-0.557310462
0.02594957386,-0.3115623593,-0.5029316545
0.02595057386,-0.3055858016,-0.4973792136
0.02596057386,-0.2451958954,-0.4408292472
0.02596157386,-0.2390997112,-0.4350729585
0.02597157386,-0.1776586175,-0.3766218722
0.02597257386,-0.1714719236,-0.3706892133
0.02598257386,-0.1092730314,-0.3106161356
0.02598357386,-0.1030253544,-0.3045354784
0.02599357386,-0.04036566615,-0.2431272119
0.02599457386,-0.03408684582,-0.236927554
0.02600457386,0.02873444743,-0.1744773537
0.02600557386,0.03501443192,-0.1681883186
0.02601557386,0.09769735485,-0.104994379
0.02601657386,0.1039485112,-0.09864599258
0.02602657386,0.1661937535,-0.03501005471
0.02602757386,0.1723862439,-0.02863263525
0.02603757386,0.2338965833,0.03514143452
0.02603857386,0.2400008291,0.04151744395
0.02604857386,0.3004825711,0.1051251218
0.02604957386,0.3064694107,0.1114692688
0.02605957386,0.3656337261,0.1746068448
0.02606057386,0.3714746237,0.1808888316
0.02607057386,0.4290390313,0.2432547957
0.02607157386,0.4347060323,0.2494446486
0.02608157386,0.4903956354,0.3107412159
0.02608257386,0.4958617091,0.3168093562
0.02609257386,0.5494106412,0.3767438531
0.02609357386,0.5546497107,0.3826613128
0.02610357386,0.6058021784,0.4409475327
0.02610457386,0.6107891798,0.4466860592
0.02611457386,0.6593010426,0.5030456781
0.02611557386,0.6640121937,0.5085778832
0.02612557386,0.7096517682,0.562741816
0.02612657386,0.7140645385,0.568041265
0.02613657386,0.7566139102,0.6197508574
0.02613757386,0.7607072592,0.6247922182
0.02614757386,0.7999632359,0.6738005877
0.02614857386,0.8037176132,0.6785598397
0.02615857386,0.8394926786,0.7246329188
0.02615957386,0.842890203,0.7290872931
0.02616957386,0.8750136495,0.7720051408
0.02617057386,0.8780380487,0.7761333585
0.02618057386,0.9063563943,0.8156910539
0.02618157386,0.9089931846,0.8194734454
0.02619157386,0.9333713055,0.8554819822
0.02619257386,0.9356079698,0.858900547
0.02620257386,0.9559293389,0.8911880851
0.02620357386,0.957755208,0.8942263722
0.02621357386,0.9739229083,0.9226387143
0.02621457386,0.9753291607,0.9252822995
0.02622457386,0.9872659445,0.9496837854
0.02622557386,0.9882459641,0.9519199729
0.02623557386,0.9958947897,0.9721940756
0.02623657386,0.9964438677,0.9740122557
0.02624657386,0.9997683167,0.9900621772
0.02624757386,0.9998838305,0.9914536476
0.02625757386,0.998867929,1.003202796
0.02626757386,0.9939098954,1.010992885
0.02627757386,0.985029459,1.014793277
0.02628757386,0.9722614884,1.014588833
0.02629757386,0.9556564689,1.010380387
0.02630757386,0.9352799058,1.00218451
0.02631757386,0.9112122059,0.9900335073
0.02632757386,0.8835483789,0.97397542
0.02632857386,0.8805882931,0.9721564054
0.02633857386,0.8490953445,0.9518742561
0.02633957386,0.8457595706,0.9496372342
0.02634957386,0.810587883,0.9252279997
0.02635057386,0.806892395,0.9225836992
0.02636057386,0.7682098746,0.8941637874
0.02636157386,0.764172256,0.8911247849
0.02637157386,0.7221637368,0.8588299751
0.02637257386,0.7178032398,0.8554107547
0.02638257386,0.6726691723,0.8193952441
0.02638357386,0.6680067778,0.8156121373
0.02639357386,0.6199626923,0.7760478854
0.02639457386,0.6150205135,0.7719190121
0.02640457386,0.5642958879,0.7289949059
0.02640557386,0.5590975285,0.7245399356
0.02641557386,0.5059345961,0.6784610152
0.02641657386,0.5005049109,0.6737012267
0.02642657386,0.4451574087,0.6246874332
0.02642757386,0.4395223856,0.6196455956
0.02643757386,0.3822546601,0.567931056
0.02643857386,0.3764411211,0.5626311302
0.02644857386,0.3175266087,0.5084627271
0.02644957386,0.3115623593,0.5029301047
0.02645957386,0.2512823939,0.4465665221
0.02646057386,0.2451958954,0.4408276379
0.02647057386,0.1838383079,0.3825379908
0.02647157386,0.1776586175,0.3766202033
0.02648157386,0.1155163944,0.3166828454
0.02648257386,0.1092730314,0.3106144369
0.02649257386,0.04664289206,0.2493155152
0.02649357386,0.04036566615,0.2431254685
0.02650357386,-0.02245333232,0.1807577312
0.02650457386,-0.02873444743,0.1744755954
0.02651457386,-0.09144233912,0.1113368347
0.02651557386,-0.09769735485,0.1049925908
0.02652557386,-0.1599947065,0.04138430208
0.02652657386,-0.1661937535,0.03500826284
0.02653657386,-0.2277831137,-0.02876583487
0.02653757386,-0.2338965833,-0.03514323011
0.02654757386,-0.2944838405,-0.09877861291
0.02654857386,-0.3004825711,-0.1051269099
0.02655857386,-0.359778434,-0.168319717
0.02655957386,-0.3656337261,-0.1746086031
0.02656957386,-0.4233550727,-0.2370570898
0.02657057386,-0.4290390313,-0.2432565391
0.02658057386,-0.4849101901,-0.3046625257
0.02658157386,-0.4903956354,-0.3107429445
0.02659157386,-0.5441498756,-0.3708131909
0.02659257386,-0.5494106412,-0.376745522
0.02660257386,-0.6007912755,-0.4351932108
0.02660357386,-0.6058021784,-0.440949142
0.02661357386,-0.6545639038,-0.4974952042
0.02661457386,-0.6593010426,-0.5030472279
0.02662457386,-0.7052109838,-0.5574216843
0.02662557386,-0.7096517682,-0.5627433062
0.02663557386,-0.7524906397,-0.6146864295
0.02663657386,-0.7566139102,-0.6197522879
0.02664657386,-0.7961772084,-0.6690160632
0.02664757386,-0.7999632359,-0.673801899
0.02665757386,-0.8360620737,-0.7201511264
0.02665857386,-0.8394926786,-0.7246341705
0.02666857386,-0.8719546795,-0.767847538
0.02666957386,-0.8750136495,-0.7720062733
0.02667957386,-0.9036837816,-0.8118774295
0.02668057386,-0.9063563943,-0.8156920671
0.02669057386,-0.9310977459,-0.8520306349
0.02669157386,-0.9333713055,-0.8554829359
0.02670157386,-0.9540657997,-0.888115406
0.02670257386,-0.9559293389,-0.8911888599
0.02671257386,-0.9724781513,-0.9199594259
0.02671357386,-0.9739229083,-0.9226394296
0.02672357386,-0.9862469435,-0.9474106431
0.02672457386,-0.9872659445,-0.9496843219
0.02673457386,-0.9953064322,-0.9703379869
0.02673557386,-0.9958947897,-0.9721945524
0.02674557386,-0.9996133447,-0.9886319637
0.02674657386,-0.9997683167,-0.9900625348
0.02675657386,-0.9991470575,-1.002205253
0.02676657386,-0.994582653,-1.010392904
0.02677657386,-0.9860931039,-1.014593244
0.02678657386,-0.9737119079,-1.014789462
0.02679657386,-0.9574878812,-1.010980964
0.02680657386,-0.9374850988,-1.00318265
0.02681657386,-0.9137824774,-0.9914252758
0.02682657386,-0.8864735961,-0.9757552743
0.02682757386,-0.8835483789,-0.9739747643
0.02683757386,-0.8523976207,-0.9540728927
0.02683857386,-0.8490953445,-0.9518734813
0.02684857386,-0.8142514229,-0.927834928
0.02684957386,-0.810587883,-0.9252271056
0.02685957386,-0.7722172141,-0.8971665502
0.02686057386,-0.7682098746,-0.8941628337
0.02687057386,-0.7264956236,-0.8622142076
0.02687157386,-0.7221637368,-0.8588289022
0.02688157386,-0.6773051023,-0.8231447935
0.02688257386,-0.6726691723,-0.819394052
0.02689257386,-0.6248804331,-0.7801448703
0.02689357386,-0.6199626923,-0.7760465741
0.02690357386,-0.5694719553,-0.7334197164
0.02690457386,-0.5642958879,-0.728993535
0.02691457386,-0.511344254,-0.6831925511
0.02691557386,-0.5059345961,-0.6784595251
0.02692557386,-0.4507748783,-0.6297031045
0.02692657386,-0.4451574087,-0.6246858835
0.02693657386,-0.3880530894,-0.5732068419
0.02693757386,-0.3822546601,-0.5679293871
0.02694757386,-0.3234783411,-0.5139735341
0.02694857386,-0.3175266087,-0.5084610581
0.02695857386,-0.2573589683,-0.4522860348
0.02695957386,-0.2512823939,-0.4465647638
0.02696957386,-0.1900107414,-0.3884388506
0.02697057386,-0.1838383079,-0.3825361729
0.02698057386,-0.1217551976,-0.3227368593
0.02698157386,-0.1155163944,-0.3166809678
0.02699157386,-0.05291827396,-0.2554938197
0.02699257386,-0.04664289206,-0.2493136227
0.02700257386,0.01617132872,-0.187030822
0.02700357386,0.02245333232,-0.1807558089
0.02701357386,0.08518371731,-0.1176747307
0.02701457386,0.09144233912,-0.1113348901
0.02702457386,0.1537893564,-0.04775675759
0.02702557386,0.1599947065,-0.04138235375
0.02703557386,0.2216606438,0.02238925174
0.02703657386,0.2277831137,0.02876778319
0.02704657386,0.2884735167,0.09242834896
0.02704757386,0.2944838405,0.09878055006
0.02705757386,0.3539089262,0.1620261073
0.02705857386,0.359778434,0.1683216393
0.02706857386,0.4176544249,0.230850175
0.02706957386,0.4233550727,0.2370589823
0.02707957386,0.4794056118,0.2985719442
0.02708057386,0.4849101901,0.3046643734
0.02709057386,0.5388676524,0.3648680151
0.02709157386,0.5441498756,0.3708150089
0.02710157386,0.59575665,0.4294218719
0.02710257386,0.6007912755,0.4351949692
0.02711257386,0.649800837,0.4919252098
0.02711357386,0.6545639038,0.4974969029
0.02712357386,0.7007423043,0.552079618
0.02712457386,0.7052109838,0.5574232936
0.02713457386,0.7483376861,0.6095978618
0.02713557386,0.7524906397,0.6146879792
0.02714557386,0.7923598289,0.6642052531
0.02714657386,0.7961772084,0.6690175533
0.02715657386,0.8325983882,0.7156410813
0.02715757386,0.8360620737,0.7201525569
0.02716757386,0.8688613772,0.7636597753
0.02716857386,0.8719546795,0.7678487897
0.02717857386,0.9009754658,0.8080319166
0.02717957386,0.9036837816,0.8118786216
0.02718957386,0.9287874699,0.8485457897
0.02719057386,0.9310977459,0.8520317078
0.02720057386,0.9521645308,0.8850077987
0.02720157386,0.9540657997,0.8881163597
0.02721157386,0.9709950089,0.9172439575
0.02721257386,0.9724781513,0.9199602604
0.02722257386,0.9851890206,0.9451002479
0.02722357386,0.9862469435,0.9474113584
0.02723357386,0.9946787357,0.9684436917
0.02723457386,0.9953064322,0.970338583
0.02724457386,0.9994188547,0.9871628284
0.02724557386,0.9996133447,0.9886324406
0.02725557386,0.9993867874,1.001168251
0.02726557386,0.9952161908,1.009753227
0.02727557386,0.9871178865,1.014353275
0.02728557386,0.9751238823,1.014950275
0.02729557386,0.9592815042,1.011541724
0.02730557386,0.9396532774,1.004141331
0.02731557386,0.9163166881,0.9927780032
0.02732557386,0.8893638253,0.9774967432
0.02732657386,0.8864735961,0.9757547379
0.02733657386,0.8556662202,0.9562340379
0.02733757386,0.8523976207,0.9540722966
0.02734757386,0.8178827763,0.9304053187
0.02734857386,0.8142514229,0.9278341532
0.02735857386,0.7761939764,0.9001339674
0.02735957386,0.7722172141,0.8971656561
0.02736957386,0.7307989001,0.8655644655
0.02737057386,0.7264956236,0.862213254
0.02738057386,0.6819142699,0.826861918
0.02738157386,0.6773051023,0.8231437206
0.02739157386,0.629773438,0.7842110991
0.02739257386,0.6248804331,0.7801436782
0.02740257386,0.5746254921,0.7378156781
0.02740357386,0.5694719553,0.7334184647
0.02741357386,0.516733706,0.6878972054
0.02741457386,0.511344254,0.6831911802
0.02742457386,0.4563745558,0.6346940398
0.02742557386,0.4507748783,0.629701674
0.02743557386,0.3938362002,0.5784601569
0.02743657386,0.3880530894,0.5732053518
0.02744657386,0.3294172883,0.5194641948
0.02744757386,0.3234783411,0.5139719844
0.02745757386,0.2634254098,0.4579877853
0.02745857386,0.2573589683,0.4522843659
0.02746857386,0.1961756647,0.3943244517
0.02746957386,0.1900107414,0.3884371221
0.02747957386,0.1279891878,0.3287782669
0.02748057386,0.1217551976,0.3227351308
0.02749057386,0.05919156969,0.2616621554
0.02749157386,0.05291827396,0.2554920316
0.02750157386,-0.009888687171,0.1932966113
0.02750257386,-0.01617132872,0.1870290041
0.02751257386,-0.07892172784,0.1240080893
0.02751357386,-0.08518371731,0.1176728979
0.02752357386,-0.1475779116,0.05412742868
0.02752457386,-0.1537893564,0.04775490984
0.02753457386,-0.2155294269,-0.016011687
0.02753557386,-0.2216606438,-0.02239110135
0.02754557386,-0.2824517787,-0.08607434481
0.02754657386,-0.2884735167,-0.0924301967
0.02755657386,-0.3480254412,-0.1557259858
0.02755757386,-0.3539089262,-0.1620279253
0.02756757386,-0.4119372666,-0.2246340513
0.02756857386,-0.4176544249,-0.2308519781
0.02757857386,-0.4738821089,-0.2924694717
0.02757957386,-0.4794056118,-0.2985737026
0.02758957386,-0.5335641503,-0.3589083552
0.02759057386,-0.5388676524,-0.3648697436
0.02760057386,-0.5906984806,-0.4236334562
0.02760157386,-0.59575665,-0.4294235408
0.02761157386,-0.6450121999,-0.4863357246
0.02761257386,-0.649800837,-0.4919268191
0.02762257386,-0.6962459683,-0.5467157364
0.02762357386,-0.7007423043,-0.5520811677
0.02763357386,-0.7441552281,-0.6044851542
0.02763457386,-0.7483376861,-0.6095993519
0.02764457386,-0.7885110974,-0.6593681574
0.02764557386,-0.7923598289,-0.6642066836
0.02765557386,-0.8291018605,-0.7111027241
0.02765657386,-0.8325983882,-0.7156423926
0.02766657386,-0.8657336831,-0.7594417334
0.02766757386,-0.8688613772,-0.7636609674
0.02767757386,-0.8982316256,-0.8041544557
0.02767857386,-0.9009754658,-0.8080330491
0.02768857386,-0.926440537,-0.8450273275
0.02768957386,-0.9287874699,-0.848546803
0.02769957386,-0.9502257109,-0.8818652034
0.02770057386,-0.9521645308,-0.8850086927
0.02771057386,-0.9694735408,-0.9144921899
0.02771157386,-0.9709950089,-0.9172447324
0.02772157386,-0.984092176,-0.9427524805
0.02772257386,-0.9851890206,-0.9451009035
0.02773257386,-0.9940117598,-0.9665111303
0.02773357386,-0.9946787357,-0.9684442282
0.02774357386,-0.9991849661,-0.9856546521
0.02774457386,-0.9994188547,-0.9871632457
0.02775457386,-0.999587059,-1.000091791
0.02776457386,-0.9958103895,-1.009073496
0.02777457386,-0.9881036282,-1.014073133
0.02778457386,-0.9764973521,-1.015070796
0.02779457386,-0.9610372186,-1.01206255
0.02780457386,-0.9417843819,-1.005060196
0.02781457386,-0.9188147187,-0.9940915108
0.02782457386,-0.8922188878,-0.9791995883
0.02782557386,-0.8893638253,-0.9774961472
0.02783557386,-0.8589010239,-0.9583572745
0.02783657386,-0.8556662202,-0.9562333226
0.02784657386,-0.8214818835,-0.9329389334
0.02784757386,-0.8178827763,-0.9304045439
0.02785757386,-0.7801401615,-0.9030658007
0.02785857386,-0.7761939764,-0.9001330733
0.02786857386,-0.735073328,-0.8688805699
0.02786957386,-0.7307989001,-0.8655634522
0.02787957386,-0.6864964962,-0.8305463791
0.02788057386,-0.6819142699,-0.8268607855
0.02789057386,-0.6346416473,-0.7882463336
0.02789157386,-0.629773438,-0.7842099071
0.02790157386,-0.5797563791,-0.7421824336
0.02790257386,-0.5746254921,-0.7378143668
0.02791257386,-0.5221028328,-0.6925746799
0.02791357386,-0.516733706,-0.6878957748
0.02792357386,-0.461956203,-0.639659822
0.02792457386,-0.4563745558,-0.6346924901
0.02793457386,-0.3996037841,-0.5836905837
0.02793557386,-0.3938362002,-0.5784586072
0.02794557386,-0.3353432417,-0.5249342322
0.02794657386,-0.3294172883,-0.5194625258
0.02795657386,-0.2694814205,-0.4636713564
0.02795757386,-0.2634254098,-0.4579860568
0.02796757386,-0.2023328394,-0.4001944661
0.02796857386,-0.1961756647,-0.3943226933
0.02797857386,-0.1342181265,-0.3348066211
0.02797957386,-0.1279891878,-0.328776449
0.02798957386,-0.06546252966,-0.2678200901
0.02799057386,-0.05919156969,-0.2616603076
0.02800057386,0.003605654929,-0.1995547265
0.02800157386,0.009888687171,-0.1932947338
0.02801157386,0.07265662402,-0.1303364784
0.02801257386,0.07892172784,-0.1240061894
0.02802257386,0.1413606554,-0.06049589813
0.02802357386,0.1475779116,-0.05412551761
0.02803357386,0.2093897015,0.009633553214
0.02803457386,0.2155294269,0.01601359993
0.02804457386,0.2764188945,0.07971700281
0.02804557386,0.2824517787,0.08607625216
0.02805557386,0.3421282172,0.1494197994
0.02805657386,0.3480254412,0.1557278782
0.02806657386,0.406203866,0.218409121
0.02806757386,0.4119372666,0.224635914
0.02807757386,0.4683398902,0.2863555253
0.02807857386,0.4738821089,0.2924713194
0.02808857386,0.5282396078,0.3529345989
0.02808957386,0.5335641503,0.3589101434
0.02809957386,0.5856170058,0.4178283811
0.02810057386,0.5906984806,0.4236352146
0.02811057386,0.6401980519,0.4807270765
0.02811157386,0.6450121999,0.4863373935
0.02812157386,0.6917221546,0.5413302779
0.02812257386,0.6962459683,0.5467173457
0.02813257386,0.7399433255,0.5993486047
0.02813357386,0.7441552281,0.6044867039
0.02814357386,0.7846313119,0.654505074
0.02814457386,0.7885110974,0.6593696475
0.02815457386,0.8255726099,0.706536293
0.02815557386,0.8291018605,0.711104095
0.02816557386,0.8625718355,0.7551938295
0.02816657386,0.8657336831,0.7594430447
0.02817657386,0.8954523206,0.800245285
0.02817757386,0.8982316256,0.8041556478
0.02818757386,0.9240570068,0.8414755464
0.02818857386,0.926440537,0.8450284004
0.02819857386,0.9482493401,0.878687799
0.02819957386,0.9502257109,0.8818661571
0.02820957386,0.9679138064,0.9117043614
0.02821057386,0.9694735408,0.9144930243
0.02822057386,0.9829564691,0.9403675199
0.02822157386,0.984092176,0.9427531958
0.02823157386,0.9933055639,0.964540422
0.02823257386,0.9940117598,0.9665117264
0.02824257386,0.9989116192,0.9841076136
0.02824357386,0.9991849661,0.985655129
0.02825357386,0.9997478724,0.9989757538
0.02826357386,0.9963652492,1.008354068
0.02827357386,0.9890504479,1.013753057
0.02828357386,0.9778322577,1.015151381
0.02829357386,0.962755084,1.01254344
0.02830357386,0.943878293,1.005939603
0.02831357386,0.9212764502,0.9953657389
0.02832357386,0.8950387836,0.98086375
0.02832457386,0.8922188878,0.9791990519
0.02833457386,0.8621019125,0.9604427814
0.02833557386,0.8589010239,0.9583566785
0.02834557386,0.8250485063,0.9354357719
0.02834657386,0.8214818835,0.9329381585
0.02835657386,0.784055531,0.90596205
0.02835757386,0.7801401615,0.9030649662
0.02836757386,0.7393186688,0.8721623421
0.02836857386,0.735073328,0.8688795567
0.02837857386,0.6910516024,0.8341980577
0.02837957386,0.6864964962,0.8305453062
0.02838957386,0.6394847631,0.792250514
0.02839057386,0.6346416473,0.7882452011
0.02840057386,0.584864378,0.7465199828
0.02840157386,0.5797563791,0.7421811819
0.02841157386,0.5274512768,0.6972247958
0.02841257386,0.5221028328,0.6925733089
0.02842257386,0.4675196409,0.6446003914
0.02842357386,0.461956203,0.6396583319
0.02843357386,0.4053555727,0.5888980031
0.02843457386,0.3996037841,0.583689034
0.02844457386,0.341255933,0.5303836465
0.02844557386,0.3353432417,0.5249326229
0.02845557386,0.2755267918,0.4693366885
0.02845657386,0.2694814205,0.4636696875
0.02846657386,0.208482042,0.4060486853
0.02846757386,0.2023328394,0.4001927376
0.02847757386,0.1404417753,0.3408218026
0.02847857386,0.1342181265,0.3348048627
0.02848857386,0.07173090428,0.2739674747
0.02848957386,0.06546252966,0.2678182721
0.02849957386,0.002677519573,0.2058049887
0.02850057386,-0.003605654929,0.1995528787
0.02851057386,-0.06638865173,0.1366597712
0.02851157386,-0.07265662402,0.1303346306
0.02852157386,-0.1351378113,0.06686202437
0.02852257386,-0.1413606554,0.06049402803
0.02853257386,-0.2032417059,-0.003254998475
0.02853357386,-0.2093897015,-0.009635426104
0.02854357386,-0.2703751028,-0.07335647196
0.02854457386,-0.2764188945,-0.07971886545
0.02855457386,-0.3362174928,-0.1431076676
0.02855557386,-0.3421282172,-0.1494216472
0.02856557386,-0.400454402,-0.2121755183
0.02856657386,-0.406203866,-0.218410939
0.02857657386,-0.4627791941,-0.2802302241
0.02857757386,-0.4683398902,-0.2863573134
0.02858757386,-0.5228942037,-0.3469468355
0.02858857386,-0.5282396078,-0.3529363573
0.02859857386,-0.5805124044,-0.4120067954
0.02859957386,-0.5856170058,-0.4178301096
0.02860957386,-0.6353586316,-0.4750994146
0.02861057386,-0.6401980519,-0.4807287157
0.02862057386,-0.687171042,-0.5359234214
0.02862157386,-0.6917221546,-0.5413318276
0.02863157386,-0.7357022762,-0.5941883922
0.02863257386,-0.7399433255,-0.5993501544
0.02864257386,-0.7807204723,-0.6496161222
0.02864357386,-0.7846313119,-0.6545065045
0.02865357386,-0.8220107555,-0.701941967
0.02865457386,-0.8255726099,-0.7065376639
0.02866457386,-0.8593759537,-0.7509160042
0.02866557386,-0.8625718355,-0.7551950812
0.02867557386,-0.89263767,-0.7963044643
0.02867657386,-0.8954523206,-0.8002464175
0.02868657386,-0.9216369987,-0.8378905654
0.02868757386,-0.9240570068,-0.8414766192
0.02869757386,-0.9462355971,-0.8754757047
0.02869857386,-0.9482493401,-0.8786887527
0.02870857386,-0.9663158655,-0.9088805318
0.02870957386,-0.9679138064,-0.9117051959
0.02871957386,-0.9817820191,-0.9379453659
0.02872057386,-0.9829564691,-0.9403681755
0.02873057386,-0.9925601482,-0.9625315666
0.02873157386,-0.9933055639,-0.9645409584
0.02874157386,-0.9985988736,-0.9825217128
0.02874257386,-0.9989116192,-0.9841080904
0.02875257386,-0.9998692274,-0.9978203177
0.02876257386,-0.9968808293,-1.007594824
0.02877257386,-0.9899581671,-1.013392925
0.02878257386,-0.9791285992,-1.015191793
0.02879257386,-0.9644348621,-1.012984276
0.02880257386,-0.9459349513,-1.006779075
0.02881257386,-0.9237018228,-0.9966006875
0.02882257386,-0.8978233337,-0.9824892282
0.02882357386,-0.8950387836,-0.9808632135
0.02883357386,-0.8652687669,-0.9624903202
0.02883457386,-0.8621019125,-0.9604421258
0.02884457386,-0.8285825849,-0.937895596
0.02884557386,-0.8250485063,-0.9354349971
0.02885557386,-0.7879399657,-0.9088224769
0.02885657386,-0.784055531,-0.9059611559
0.02886657386,-0.743534863,-0.8754096627
0.02886757386,-0.7393186688,-0.8721613288
0.02887757386,-0.6955794692,-0.8378168344
0.02887857386,-0.6910516024,-0.8341969848
0.02888857386,-0.6443026662,-0.796223402
0.02888957386,-0.6394847631,-0.7922493219
0.02889957386,-0.5899493098,-0.7508279681
0.02890057386,-0.584864378,-0.7465186715
0.02891057386,-0.5327789783,-0.7018473744
0.02891157386,-0.5274512768,-0.6972234249
0.02892157386,-0.4730646014,-0.64951545
0.02892257386,-0.4675196409,-0.6445989013
0.02893257386,-0.4110913575,-0.5940821171
0.02893357386,-0.4053555727,-0.5888964534
0.02894357386,-0.3471551538,-0.5358120203
0.02894457386,-0.341255933,-0.5303820372
0.02895457386,-0.2815613151,-0.4749834836
0.02895557386,-0.2755267918,-0.4693350196
0.02896557386,-0.2146230042,-0.4118868709
0.02896657386,-0.208482042,-0.406046927
0.02897657386,-0.1466598809,-0.3468234837
0.02897757386,-0.1404417753,-0.3408200145
0.02898757386,-0.07799644768,-0.2801040411
0.02898857386,-0.07173090428,-0.2739656568
0.02899857386,-0.008960587904,-0.2120471001
0.02899957386,-0.00267751934,-0.2058031261
0.02900957386,0.06011805683,-0.1429776549
0.02901057386,0.06638865173,-0.1366578937
0.02902057386,0.1289096475,-0.07322547585
0.02902157386,0.1351378113,-0.06686012447
0.02903157386,0.1970856786,-0.003123658709
0.02903257386,0.2032417059,0.003256897675
0.02904257386,0.2643206418,0.06699307263
0.02904357386,0.2703751028,0.0733583644
0.02905357386,0.3302934766,0.136789903
0.02905457386,0.3362174928,0.1431095451
0.02906457386,0.3946891725,0.2059335709
0.02906557386,0.400454402,0.2121773809
0.02907557386,0.4572001994,0.2740938962
0.02907657386,0.4627791941,0.2802320719
0.02908657386,0.5175281167,0.3409454226
0.02908757386,0.5228942037,0.3469486237
0.02909757386,0.5753848553,0.4061689377
0.02909857386,0.5805124044,0.4120085239
0.02910857386,0.6304941177,0.469453007
0.02910957386,0.6353586316,0.4751010835
0.02911957386,0.6825928092,0.5304954648
0.02912057386,0.687171042,0.5359250307
0.02913057386,0.7314321399,0.589004755
0.02913157386,0.7357022762,0.5941899419
0.02914157386,0.7767788768,0.6447015405
0.02914257386,0.7807204723,0.6496176124
0.02915257386,0.8184164762,0.6973199248
0.02915357386,0.8220107555,0.7019433379
0.02916357386,0.8561461568,0.7466086149
0.02916457386,0.8593759537,0.7509173155
0.02917457386,0.8897877336,0.792332232
0.02917557386,0.89263767,0.7963056564
0.02918557386,0.9191806316,0.8342725039
0.02918657386,0.9216369987,0.8378916383
0.02919657386,0.9441844225,0.8722290993
0.02919757386,0.9462355971,0.8754767179
0.02920757386,0.9646797776,0.9060208201
0.02920857386,0.9663158655,0.9088813663
0.02921857386,0.9805687666,0.9354862571
0.02921957386,0.9817820191,0.9379461408
0.02922957386,0.9917755723,0.9604848027
0.02923057386,0.9925601482,0.9625322223
0.02924057386,0.9982466698,0.9808970094
0.02924157386,0.9985988736,0.9825221896
0.02925157386,0.9999511242,0.996625483
0.02926157386,0.9973570108,1.006795764
0.02927157386,0.9908267856,1.012992859
0.02928157386,0.9803862572,1.01519227
0.02929157386,0.9660766125,1.013385296
0.02930157386,0.9479542375,1.007578969
0.02931157386,0.9260907769,0.9977963567
0.02932157386,0.9005724192,0.9840759039
0.02933157386,0.871499896,0.9664718509
0.02933257386,0.8684014678,0.964499712
0.02934257386,0.8355525136,0.9427045584
0.02934357386,0.8320839405,0.940318048
0.02935357386,0.7956153154,0.9144359231
0.02935457386,0.7917932272,0.9116464853
0.02936457386,0.7518790364,0.88180089
0.02936557386,0.7477217317,0.8786218166
0.02937557386,0.7045525908,0.8449552059
0.02937657386,0.7000798583,0.8414016962
0.02938657386,0.6538619399,0.8040749431
0.02938757386,0.649095118,0.8001639247
0.02939757386,0.6000490785,0.7593551874
0.02939857386,0.5950109363,0.7551053762
0.02940857386,0.5433709621,0.711009562
0.02940957386,0.5380855799,0.706441164
0.02941957386,0.4840982854,0.659268856
0.02942057386,0.4785908759,0.6544037461
0.02943057386,0.4225140214,0.6043801308
0.02943157386,0.4168109298,0.5992415547
0.02944157386,0.3589122891,0.5466054678
0.02944257386,0.3530406952,0.5412179828
0.02945257386,0.2935967445,0.4862208068
0.02945357386,0.2875846922,0.4806100726
0.02946357386,0.2268792689,0.4235144556
0.02946457386,0.2207555026,0.4177072942
0.02947457386,0.1590784639,0.3587858081
0.02947557386,0.1528721899,0.3528099656
0.02948557386,0.0905180499,0.2923440039
0.02948657386,0.08425891399,0.2862279713
0.02949657386,0.02152541652,0.2245062292
0.02949757386,0.01524330303,0.2182792425
0.02950757386,-0.04757000133,0.15559645
0.02950857386,-0.05384509265,0.1492882371
0.02951857386,-0.1164382696,0.08594371378
0.02951957386,-0.12267638,0.07958438993
0.02952957386,-0.1847505569,0.0158805903
0.02953057386,-0.1909218878,0.009500532411
0.02954057386,-0.2521806359,-0.05425835401
0.02954157386,-0.2582557499,-0.0606286861
0.02955157386,-0.3184065819,-0.1241382137
0.02955257386,-0.3243564367,-0.1304683983
0.02956257386,-0.3831121325,-0.1934252977
0.02956357386,-0.3889083266,-0.1996851265
0.02957357386,-0.4459883273,-0.2617887855
0.02957457386,-0.4516031742,-0.2679483593
0.02958457386,-0.5067349672,-0.3289022446
0.02958557386,-0.512141645,-0.3349321187
0.02959557386,-0.5650618672,-0.3944451809
0.02959657386,-0.5702346563,-0.400316596
0.02960657386,-0.6206907034,-0.4581046402
0.02960757386,-0.6256047487,-0.4637895525
0.02961757386,-0.6733556986,-0.5195766091
0.02961857386,-0.6779876351,-0.5250478983
0.02962857386,-0.7228054404,-0.5785676837
0.02962957386,-0.7271331549,-0.5837991834
0.02963957386,-0.7688037753,-0.6347960234
0.02964057386,-0.7728065848,-0.6397628188
0.02965057386,-0.8111310601,-0.687993288
0.02965157386,-0.8147898912,-0.6926715374
0.02966157386,-0.8495852947,-0.7379053235
0.02966257386,-0.8528825641,-0.7422727942
0.02967257386,-0.8839826584,-0.78429389
0.02967357386,-0.8869027495,-0.7883297205
0.02968357386,-0.9141591191,-0.8269374967
0.02968457386,-0.9166879654,-0.830622375
0.02969457386,-0.9399704337,-0.8656324148
0.02969557386,-0.9420960546,-0.8689488173
0.02970557386,-0.9612933993,-0.9001939893
0.02970657386,-0.9630056024,-0.9031260014
0.02971657386,-0.9780262113,-0.9304571152
0.02971757386,-0.9793168306,-0.9329907894
0.02972757386,-0.9900889397,-0.9562773705
0.02972857386,-0.9909518361,-0.9584005475
0.02973857386,-0.9974240065,-0.9775313735
0.02973957386,-0.9978550076,-0.9792339206
0.02974957386,-0.9999964237,-0.9941176772
0.02975957386,-0.9981912971,-1.005078316
0.02976957386,-0.9924467206,-1.012072444
0.02977957386,-0.9827854633,-1.015072584
0.02978957386,-0.969245553,-1.014066815
0.02979957386,-0.9518805146,-1.009059072
0.02980957386,-0.9307588339,-1.000069141
0.02981957386,-0.9059638381,-0.9871324897
0.02982957386,-0.8775934577,-0.9703000784
0.02983057386,-0.8745639324,-0.9684043527
0.02984057386,-0.8423904181,-0.9473640323
0.02984157386,-0.8389880061,-0.9450521469
0.02985157386,-0.8031650186,-0.9199044704
0.02985257386,-0.7994059324,-0.9171873927
0.02986257386,-0.7601044774,-0.8880523443
0.02986357386,-0.7560067177,-0.884943068
0.02987357386,-0.7134144902,-0.851959765
0.02987457386,-0.7089975476,-0.8484731317
0.02988457386,-0.6633179188,-0.811799109
0.02988557386,-0.658602953,-0.8079517484
0.02989557386,-0.6100540161,-0.7677620649
0.02989657386,-0.605063498,-0.7635723948
0.02990657386,-0.5538771749,-0.7200590372
0.02990757386,-0.5486348867,-0.7155469656
0.02991757386,-0.4950554967,-0.6689176559
0.02991857386,-0.4895865619,-0.6641048193
0.02992857386,-0.4338699877,-0.6145822406
0.02992957386,-0.4282004535,-0.6094915867
0.02993957386,-0.3706127405,-0.5573121905
0.02994057386,-0.3647696972,-0.5519680381
0.02995057386,-0.3055858016,-0.4973809719
0.02995157386,-0.2995971739,-0.4918088913
0.02996157386,-0.2390997112,-0.4350747764
0.02996257386,-0.2329940945,-0.4293013215
0.02997257386,-0.1714719236,-0.3706911206
0.02997357386,-0.1652784497,-0.3647438288
0.02998357386,-0.1030253544,-0.3045374155
0.02998457386,-0.09677360952,-0.2984447181
0.02999457386,-0.03408684582,-0.2369295359
0.02999557386,-0.02780667879,-0.23072052
0.03000557386,0.03501443192,-0.1681903154
0.03000657386,0.04129302874,-0.1618946493
0.03001657386,0.1039485112,-0.09864801168
0.03001757386,0.1101955697,-0.09229572862
0.03002757386,0.1723862439,-0.02863465995
0.03002857386,0.1785719246,-0.02225610614
0.03003857386,0.2400008291,0.0415154174
0.03003957386,0.2460955977,0.0478897877
0.03004957386,0.3064694107,0.1114672571
0.03005057386,0.3124441803,0.1178070009
0.03006057386,0.3714746237,0.1808868349
0.03006157386,0.3773008287,0.187161684
0.03007157386,0.4347060323,0.2494426817
0.03007257386,0.4403558671,0.255622685
0.03008257386,0.4958617091,0.3168074489
0.03008357386,0.5013082027,0.3228630722
0.03009357386,0.5546497107,0.3826594353
0.03009457386,0.5598668456,0.3885617852
0.03010457386,0.6107891798,0.4466842413
0.03010557386,0.6157521009,0.4524051249
0.03011557386,0.6640121937,0.5085760951
0.03011657386,0.6686971188,0.5140882134
0.03012657386,0.7140645385,0.5680395365
0.03012757386,0.7184491754,0.5733165741
0.03013757386,0.7607072592,0.6247906089
0.03013857386,0.764770627,0.6298072934
0.03014857386,0.8037176132,0.67855829
0.03014957386,0.8074402809,0.68329072
0.03015957386,0.842890203,0.7290858626
0.03016057386,0.846254468,0.7335114479
0.03017057386,0.8780380487,0.7761320472
0.03017157386,0.8810277581,0.7802296281
0.03018157386,0.9089931846,0.8194721937
0.03018257386,0.9115941525,0.8232222795
0.03019257386,0.9356079698,0.8588994145
0.03019357386,0.9378076792,0.8622840047
0.03020357386,0.957755208,0.894225359
0.03020457386,0.9595432281,0.8972283006
0.03021457386,0.9753291607,0.9252813458
0.03021557386,0.9766969681,0.9278883934
0.03022557386,0.9882459641,0.951919198
0.03022657386,0.9891870022,0.9541178346
0.03023657386,0.9964438677,0.9740116
0.03023757386,0.9969536662,0.9757913351
0.03024757386,0.9998838305,0.9914531112
0.03024857386,0.9999598265,0.9928054214
0.03025857386,0.9985492826,1.004160404
0.03026857386,0.9931979179,1.011552691
0.03027857386,0.9839268327,1.014953017
0.03028857386,0.9707726836,1.014347911
0.03029857386,0.9537873268,1.009739637
0.03030857386,0.9330377579,1.001146555
0.03031857386,0.9086059332,0.9886024594
0.03032857386,0.8805882931,0.9721568823
0.03032957386,0.8775934577,0.9702994823
0.03033957386,0.8457595706,0.9496378303
0.03034057386,0.8423904181,0.9473633766
0.03035057386,0.806892395,0.9225843549
0.03035157386,0.8031650186,0.919903636
0.03036157386,0.764172256,0.8911255598
0.03036257386,0.7601044774,0.888051331
0.03037257386,0.7178032398,0.8554116488
0.03037357386,0.7134144902,0.8519586325
0.03038357386,0.6680067778,0.8156131506
0.03038457386,0.6633179188,0.8117978573
0.03039457386,0.6150205135,0.7719201446
0.03039557386,0.6100540161,0.7677607536
0.03040557386,0.5590975285,0.7245411873
0.03040657386,0.5538771749,0.7200575471
0.03041657386,0.5005049109,0.673702538
0.03041757386,0.4950554967,0.6689161062
0.03042757386,0.4395223856,0.6196469665
0.03042857386,0.4338699877,0.6145806313
0.03043857386,0.3764411211,0.5626326203
0.03043957386,0.3706127405,0.557310462
0.03044957386,0.3115623593,0.5029316545
0.03045057386,0.3055858016,0.4973792136
0.03046057386,0.2451958954,0.4408292472
0.03046157386,0.2390997112,0.4350729585
0.03047157386,0.1776586175,0.3766218722
0.03047257386,0.1714719236,0.3706892133
0.03048257386,0.1092730314,0.3106161356
0.03048357386,0.1030253544,0.3045354784
0.03049357386,0.04036566615,0.2431272119
0.03049457386,0.03408684582,0.236927554
0.03050457386,-0.02873444743,0.1744773537
0.03050557386,-0.03501443192,0.1681883186
0.03051557386,-0.09769735485,0.104994379
0.03051657386,-0.1039485112,0.09864599258
0.03052657386,-0.1661937535,0.03501005471
0.03052757386,-0.1723862439,0.02863263525
0.03053757386,-0.2338965833,-0.03514143452
0.03053857386,-0.2400008291,-0.04151744395
0.03054857386,-0.3004825711,-0.1051251218
0.03054957386,-0.3064694107,-0.1114692688
0.03055957386,-0.3656337261,-0.1746068448
0.03056057386,-0.3714746237,-0.1808888316
0.03057057386,-0.4290390313,-0.2432547957
0.03057157386,-0.4347060323,-0.2494446486
0.03058157386,-0.4903956354,-0.3107412159
0.03058257386,-0.4958617091,-0.3168093562
0.03059257386,-0.5494106412,-0.3767438531
0.03059357386,-0.5546497107,-0.3826613128
0.03060357386,-0.6058021784,-0.4409475327
0.03060457386,-0.6107891798,-0.4466860592
0.03061457386,-0.6593010426,-0.5030456781
0.03061557386,-0.6640121937,-0.5085778832
0.03062557386,-0.7096517682,-0.562741816
0.03062657386,-0.7140645385,-0.568041265
0.03063657386,-0.7566139102,-0.6197508574
0.03063757386,-0.7607072592,-0.6247922182
0.03064757386,-0.7999632359,-0.6738005877
0.03064857386,-0.8037176132,-0.6785598397
0.03065857386,-0.8394926786,-0.7246329188
0.03065957386,-0.842890203,-0.7290872931
0.03066957386,-0.8750136495,-0.7720051408
0.03067057386,-0.8780380487,-0.7761333585
0.03068057386,-0.9063563943,-0.8156910539
0.03068157386,-0.9089931846,-0.8194734454
0.03069157386,-0.9333713055,-0.8554819822
0.03069257386,-0.9356079698,-0.858900547
0.03070257386,-0.9559293389,-0.8911880851
0.03070357386,-0.957755208,-0.8942263722
0.03071357386,-0.9739229083,-0.9226387143
0.03071457386,-0.9753291607,-0.9252822995
0.03072457386,-0.9872659445,-0.9496837854
0.03072557386,-0.9882459641,-0.9519199729
0.03073557386,-0.9958947897,-0.9721940756
0.03073657386,-0.9964438677,-0.9740122557
0.03074657386,-0.9997683167,-0.9900621772
0.03074757386,-0.9998838305,-0.9914536476
0.03075757386,-0.998867929,-1.003202796
0.03076757386,-0.9939098954,-1.010992885
0.03077757386,-0.985029459,-1.014793277
0.03078757386,-0.9722614884,-1.014588833
0.03079757386,-0.9556564689,-1.010380387
0.03080757386,-0.9352799058,-1.00218451
0.03081757386,-0.9112122059,-0.9900335073
0.03082757386,-0.8835483789,-0.97397542
0.03082857386,-0.8805882931,-0.9721564054
0.03083857386,-0.8490953445,-0.9518742561
0.03083957386,-0.8457595706,-0.9496372342
0.03084957386,-0.810587883,-0.9252279997
0.03085057386,-0.806892395,-0.9225836992
0.03086057386,-0.7682098746,-0.8941637874
0.03086157386,-0.764172256,-0.8911247849
0.03087157386,-0.7221637368,-0.8588299751
0.03087257386,-0.7178032398,-0.8554107547
0.03088257386,-0.6726691723,-0.8193952441
0.03088357386,-0.6680067778,-0.8156121373
0.03089357386,-0.6199626923,-0.7760478854
0.03089457386,-0.6150205135,-0.7719190121
0.03090457386,-0.5642958879,-0.7289949059
0.03090557386,-0.5590975285,-0.7245399356
0.03091557386,-0.5059345961,-0.6784610152
0.03091657386,-0.5005049109,-0.6737012267
0.03092657386,-0.4451574087,-0.6246874332
0.03092757386,-0.4395223856,-0.6196455956
0.03093757386,-0.3822546601,-0.567931056
0.03093857386,-0.3764411211,-0.5626311302
0.03094857386,-0.3175266087,-0.5084627271
0.03094957386,-0.3115623593,-0.5029301047
0.03095957386,-0.2512823939,-0.4465665221
0.03096057386,-0.2451958954,-0.4408276379
0.03097057386,-0.1838383079,-0.3825379908
0.03097157386,-0.1776586175,-0.3766202033
0.03098157386,-0.1155163944,-0.3166828454
0.03098257386,-0.1092730314,-0.3106144369
0.03099257386,-0.04664289206,-0.2493155152
0.03099357386,-0.04036566615,-0.2431254685
0.03100357386,0.02245333232,-0.1807577312
0.03100457386,0.02873444743,-0.1744755954
0.03101457386,0.09144233912,-0.1113368347
0.03101557386,0.09769735485,-0.1049925908
0.03102557386,0.1599947065,-0.04138430208
0.03102657386,0.1661937535,-0.03500826284
0.03103657386,0.2277831137,0.02876583487
0.03103757386,0.2338965833,0.03514323011
0.03104757386,0.2944838405,0.09877861291
0.03104857386,0.3004825711,0.1051269099
0.03105857386,0.359778434,0.168319717
0.03105957386,0.3656337261,0.1746086031
0.03106957386,0.4233550727,0.2370570898
0.03107057386,0.4290390313,0.2432565391
0.03108057386,0.4849101901,0.3046625257
0.03108157386,0.4903956354,0.3107429445
0.03109157386,0.5441498756,0.3708131909
0.03109257386,0.5494106412,0.376745522
0.03110257386,0.6007912755,0.4351932108
0.03110357386,0.6058021784,0.440949142
0.03111357386,0.6545639038,0.4974952042
0.03111457386,0.6593010426,0.5030472279
0.03112457386,0.7052109838,0.5574216843
0.03112557386,0.7096517682,0.5627433062
0.03113557386,0.7524906397,0.6146864295
0.03113657386,0.7566139102,0.6197522879
0.03114657386,0.7961772084,0.6690160632
0.03114757386,0.7999632359,0.673801899
0.03115757386,0.8360620737,0.7201511264
0.03115857386,0.8394926786,0.7246341705
0.03116857386,0.8719546795,0.767847538
0.03116957386,0.8750136495,0.7720062733
0.03117957386,0.9036837816,0.8118774295
0.03118057386,0.9063563943,0.8156920671
0.03119057386,0.9310977459,0.8520306349
0.03119157386,0.9333713055,0.8554829359
0.03120157386,0.9540657997,0.888115406
0.03120257386,0.9559293389,0.8911888599
0.03121257386,0.9724781513,0.9199594259
0.03121357386,0.9739229083,0.9226394296
0.03122357386,0.9862469435,0.9474106431
0.03122457386,0.9872659445,0.9496843219
0.03123457386,0.9953064322,0.9703379869
0.03123557386,0.9958947897,0.9721945524
0.03124557386,0.9996133447,0.9886319637
0.03124657386,0.9997683167,0.9900625348
0.03125657386,0.9991470575,1.002205253
0.03126657386,0.994582653,1.010392904
0.03127657386,0.9860931039,1.014593244
0.03128657386,0.9737119079,1.014789462
0.03129657386,0.9574878812,1.010980964
0.03130657386,0.9374850988,1.00318265
0.03131657386,0.9137824774,0.9914252758
0.03132657386,0.8864735961,0.9757552743
0.03132757386,0.8835483789,0.9739747643
0.03133757386,0.8523976207,0.9540728927
0.03133857386,0.8490953445,0.9518734813
0.03134857386,0.8142514229,0.927834928
0.03134957386,0.810587883,0.9252271056
0.03135957386,0.7722172141,0.8971665502
0.03136057386,0.7682098746,0.8941628337
0.03137057386,0.7264956236,0.8622142076
0.03137157386,0.7221637368,0.8588289022
0.03138157386,0.6773051023,0.8231447935
0.03138257386,0.6726691723,0.819394052
0.03139257386,0.6248804331,0.7801448703
0.03139357386,0.6199626923,0.7760465741
0.03140357386,0.5694719553,0.7334197164
0.03140457386,0.5642958879,0.728993535
0.03141457386,0.511344254,0.6831925511
0.03141557386,0.5059345961,0.6784595251
0.03142557386,0.4507748783,0.6297031045
0.03142657386,0.4451574087,0.6246858835
0.03143657386,0.3880530894,0.5732068419
0.03143757386,0.3822546601,0.5679293871
0.03144757386,0.3234783411,0.5139735341
0.03144857386,0.3175266087,0.5084610581
0.03145857386,0.2573589683,0.4522860348
0.03145957386,0.2512823939,0.4465647638
0.03146957386,0.1900107414,0.3884388506
0.03147057386,0.1838383079,0.3825361729
0.03148057386,0.1217551976,0.3227368593
0.03148157386,0.1155163944,0.3166809678
0.03149157386,0.05291827396,0.2554938197
0.03149257386,0.04664289206,0.2493136227
0.03150257386,-0.01617132872,0.187030822
0.03150357386,-0.02245333232,0.1807558089
0.03151357386,-0.08518371731,0.1176747307
0.03151457386,-0.09144233912,0.1113348901
0.03152457386,-0.1537893564,0.04775675759
0.03152557386,-0.1599947065,0.04138235375
0.03153557386,-0.2216606438,-0.02238925174
0.03153657386,-0.2277831137,-0.02876778319
0.03154657386,-0.2884735167,-0.09242834896
0.03154757386,-0.2944838405,-0.09878055006
0.03155757386,-0.3539089262,-0.1620261073
0.03155857386,-0.359778434,-0.1683216393
0.03156857386,-0.4176544249,-0.230850175
0.03156957386,-0.4233550727,-0.2370589823
0.03157957386,-0.4794056118,-0.2985719442
0.03158057386,-0.4849101901,-0.3046643734
0.03159057386,-0.5388676524,-0.3648680151
0.03159157386,-0.5441498756,-0.3708150089
0.03160157386,-0.59575665,-0.4294218719
0.03160257386,-0.6007912755,-0.4351949692
0.03161257386,-0.649800837,-0.4919252098
0.03161357386,-0.6545639038,-0.4974969029
0.03162357386,-0.7007423043,-0.552079618
0.03162457386,-0.7052109838,-0.5574232936
0.03163457386,-0.7483376861,-0.6095978618
0.03163557386,-0.7524906397,-0.6146879792
0.03164557386,-0.7923598289,-0.6642052531
0.03164657386,-0.7961772084,-0.6690175533
0.03165657386,-0.8325983882,-0.7156410813
0.03165757386,-0.8360620737,-0.7201525569
0.03166757386,-0.8688613772,-0.7636597753
0.03166857386,-0.8719546795,-0.7678487897
0.03167857386,-0.9009754658,-0.8080319166
0.03167957386,-0.9036837816,-0.8118786216
0.03168957386,-0.9287874699,-0.8485457897
0.03169057386,-0.9310977459,-0.8520317078
0.03170057386,-0.9521645308,-0.8850077987
0.03170157386,-0.9540657997,-0.8881163597
0.03171157386,-0.9709950089,-0.9172439575
0.03171257386,-0.9724781513,-0.9199602604
0.03172257386,-0.9851890206,-0.9451002479
0.03172357386,-0.9862469435,-0.9474113584
0.03173357386,-0.9946787357,-0.9684436917
0.03173457386,-0.9953064322,-0.970338583
0.03174457386,-0.9994188547,-0.9871628284
0.03174557386,-0.9996133447,-0.9886324406
0.03175557386,-0.9993867874,-1.001168251
0.03176557386,-0.9952161908,-1.009753227
0.03177557386,-0.9871178865,-1.014353275
0.03178557386,-0.9751238823,-1.014950275
0.03179557386,-0.9592815042,-1.011541724
0.03180557386,-0.9396532774,-1.004141331
0.03181557386,-0.9163166881,-0.9927780032
0.03182557386,-0.8893638253,-0.9774967432
0.03182657386,-0.8864735961,-0.9757547379
0.03183657386,-0.8556662202,-0.9562340379
0.03183757386,-0.8523976207,-0.9540722966
0.03184757386,-0.8178827763,-0.9304053187
0.03184857386,-0.8142514229,-0.9278341532
0.03185857386,-0.7761939764,-0.9001339674
0.03185957386,-0.7722172141,-0.8971656561
0.03186957386,-0.7307989001,-0.8655644655
0.03187057386,-0.7264956236,-0.862213254
0.03188057386,-0.6819142699,-0.826861918
0.03188157386,-0.6773051023,-0.8231437206
0.03189157386,-0.629773438,-0.7842110991
0.03189257386,-0.6248804331,-0.7801436782
0.03190257386,-0.5746254921,-0.7378156781
0.03190357386,-0.5694719553,-0.7334184647
0.03191357386,-0.516733706,-0.6878972054
0.03191457386,-0.511344254,-0.6831911802
0.03192457386,-0.4563745558,-0.6346940398
0.03192557386,-0.4507748783,-0.629701674
0.03193557386,-0.3938362002,-0.5784601569
0.03193657386,-0.3880530894,-0.5732053518
0.03194657386,-0.3294172883,-0.5194641948
0.03194757386,-0.3234783411,-0.5139719844
0.03195757386,-0.2634254098,-0.4579877853
0.03195857386,-0.2573589683,-0.4522843659
0.03196857386,-0.1961756647,-0.3943244517
0.03196957386,-0.1900107414,-0.3884371221
0.03197957386,-0.1279891878,-0.3287782669
0.03198057386,-0.1217551976,-0.3227351308
0.03199057386,-0.05919156969,-0.2616621554
0.03199157386,-0.05291827396,-0.2554920316
0.03200157386,0.009888687171,-0.1932966113
0.03200257386,0.01617132872,-0.1870290041
0.03201257386,0.07892172784,-0.1240080893
0.03201357386,0.08518371731,-0.1176728979
0.03202357386,0.1475779116,-0.05412742868
0.03202457386,0.1537893564,-0.04775490984
0.03203457386,0.2155294269,0.016011687
0.03203557386,0.2216606438,0.02239110135
0.03204557386,0.2824517787,0.08607434481
0.03204657386,0.2884735167,0.0924301967
0.03205657386,0.3480254412,0.1557259858
0.03205757386,0.3539089262,0.1620279253
0.03206757386,0.4119372666,0.2246340513
0.03206857386,0.4176544249,0.2308519781
0.03207857386,0.4738821089,0.2924694717
0.03207957386,0.4794056118,0.2985737026
0.03208957386,0.5335641503,0.3589083552
0.03209057386,0.5388676524,0.3648697436
0.03210057386,0.5906984806,0.4236334562
0.03210157386,0.59575665,0.4294235408
0.03211157386,0.6450121999,0.4863357246
0.03211257386,0.649800837,0.4919268191
0.03212257386,0.6962459683,0.5467157364
0.03212357386,0.7007423043,0.5520811677
0.03213357386,0.7441552281,0.6044851542
0.03213457386,0.7483376861,0.6095993519
0.03214457386,0.7885110974,0.6593681574
0.03214557386,0.7923598289,0.6642066836
0.03215557386,0.8291018605,0.7111027241
0.03215657386,0.8325983882,0.7156423926
0.03216657386,0.8657336831,0.7594417334
0.03216757386,0.8688613772,0.7636609674
0.03217757386,0.8982316256,0.8041544557
0.03217857386,0.9009754658,0.8080330491
0.03218857386,0.926440537,0.8450273275
0.03218957386,0.9287874699,0.848546803
0.03219957386,0.9502257109,0.8818652034
0.03220057386,0.9521645308,0.8850086927
0.03221057386,0.9694735408,0.9144921899
0.03221157386,0.9709950089,0.9172447324
0.03222157386,0.984092176,0.9427524805
0.03222257386,0.9851890206,0.9451009035
0.03223257386,0.9940117598,0.9665111303
0.03223357386,0.9946787357,0.9684442282
0.03224357386,0.9991849661,0.9856546521
0.03224457386,0.9994188547,0.9871632457
0.03225457386,0.999587059,1.000091791
0.03226457386,0.9958103895,1.009073496
0.03227457386,0.9881036282,1.014073133
0.03228457386,0.9764973521,1.015070796
0.03229457386,0.9610372186,1.01206255
0.03230457386,0.9417843819,1.005060196
0.03231457386,0.9188147187,0.9940915108
0.03232457386,0.8922188878,0.9791995883
0.03232557386,0.8893638253,0.9774961472
0.03233557386,0.8589010239,0.9583572745
0.03233657386,0.8556662202,0.9562333226
0.03234657386,0.8214818835,0.9329389334
0.03234757386,0.8178827763,0.9304045439
0.03235757386,0.7801401615,0.9030658007
0.03235857386,0.7761939764,0.9001330733
0.03236857386,0.735073328,0.8688805699
0.03236957386,0.7307989001,0.8655634522
0.03237957386,0.6864964962,0.8305463791
0.03238057386,0.6819142699,0.8268607855
0.03239057386,0.6346416473,0.7882463336
0.03239157386,0.629773438,0.7842099071
0.03240157386,0.5797563791,0.7421824336
0.03240257386,0.5746254921,0.7378143668
0.03241257386,0.5221028328,0.6925746799
0.03241357386,0.516733706,0.6878957748
0.03242357386,0.461956203,0.639659822
0.03242457386,0.4563745558,0.6346924901
0.03243457386,0.3996037841,0.5836905837
0.03243557386,0.3938362002,0.5784586072
0.03244557386,0.3353432417,0.5249342322
0.03244657386,0.3294172883,0.5194625258
0.03245657386,0.2694814205,0.4636713564
0.03245757386,0.2634254098,0.4579860568
0.03246757386,0.2023328394,0.4001944661
0.03246857386,0.1961756647,0.3943226933
0.03247857386,0.1342181265,0.3348066211
0.03247957386,0.1279891878,0.328776449
0.03248957386,0.06546252966,0.2678200901
0.03249057386,0.05919156969,0.2616603076
0.03250057386,-0.003605654929,0.1995547265
0.03250157386,-0.009888687171,0.1932947338
0.03251157386,-0.07265662402,0.1303364784
0.03251257386,-0.07892172784,0.1240061894
0.03252257386,-0.1413606554,0.06049589813
0.03252357386,-0.1475779116,0.05412551761
0.03253357386,-0.2093897015,-0.009633553214
0.03253457386,-0.2155294269,-0.01601359993
0.03254457386,-0.2764188945,-0.07971700281
0.03254557386,-0.2824517787,-0.08607625216
0.03255557386,-0.3421282172,-0.1494197994
0.03255657386,-0.3480254412,-0.1557278782
0.03256657386,-0.406203866,-0.218409121
0.03256757386,-0.4119372666,-0.224635914
0.03257757386,-0.4683398902,-0.2863555253
0.03257857386,-0.4738821089,-0.2924713194
0.03258857386,-0.5282396078,-0.3529345989
0.03258957386,-0.5335641503,-0.3589101434
0.03259957386,-0.5856170058,-0.4178283811
0.03260057386,-0.5906984806,-0.4236352146
0.03261057386,-0.6401980519,-0.4807270765
0.03261157386,-0.6450121999,-0.4863373935
0.03262157386,-0.6917221546,-0.5413302779
0.03262257386,-0.6962459683,-0.5467173457
0.03263257386,-0.7399433255,-0.5993486047
0.03263357386,-0.7441552281,-0.6044867039
0.03264357386,-0.7846313119,-0.654505074
0.03264457386,-0.7885110974,-0.6593696475
0.03265457386,-0.8255726099,-0.706536293
0.03265557386,-0.8291018605,-0.711104095
0.03266557386,-0.8625718355,-0.7551938295
0.03266657386,-0.8657336831,-0.7594430447
0.03267657386,-0.8954523206,-0.800245285
0.03267757386,-0.8982316256,-0.8041556478
0.03268757386,-0.9240570068,-0.8414755464
0.03268857386,-0.926440537,-0.8450284004
0.03269857386,-0.9482493401,-0.878687799
0.03269957386,-0.9502257109,-0.8818661571
0.03270957386,-0.9679138064,-0.9117043614
0.03271057386,-0.9694735408,-0.9144930243
0.03272057386,-0.9829564691,-0.9403675199
0.03272157386,-0.984092176,-0.9427531958
0.03273157386,-0.9933055639,-0.964540422
0.03273257386,-0.9940117598,-0.9665117264
0.03274257386,-0.9989116192,-0.9841076136
0.03274357386,-0.9991849661,-0.985655129
0.03275357386,-0.9997478724,-0.9989757538
0.03276357386,-0.9963652492,-1.008354068
0.03277357386,-0.9890504479,-1.013753057
0.03278357386,-0.9778322577,-1.015151381
0.03279357386,-0.962755084,-1.01254344
0.03280357386,-0.943878293,-1.005939603
0.03281357386,-0.9212764502,-0.9953657389
0.03282357386,-0.8950387836,-0.98086375
0.03282457386,-0.8922188878,-0.9791990519
0.03283457386,-0.8621019125,-0.9604427814
0.03283557386,-0.8589010239,-0.9583566785
0.03284557386,-0.8250485063,-0.9354357719
0.03284657386,-0.8214818835,-0.9329381585
0.03285657386,-0.784055531,-0.90596205
0.03285757386,-0.7801401615,-0.9030649662
0.03286757386,-0.7393186688,-0.8721623421
0.03286857386,-0.735073328,-0.8688795567
0.03287857386,-0.6910516024,-0.8341980577
0.03287957386,-0.6864964962,-0.8305453062
0.03288957386,-0.6394847631,-0.792250514
0.03289057386,-0.6346416473,-0.7882452011
0.03290057386,-0.584864378,-0.7465199828
0.03290157386,-0.5797563791,-0.7421811819
0.03291157386,-0.5274512768,-0.6972247958
0.03291257386,-0.5221028328,-0.6925733089
0.03292257386,-0.4675196409,-0.6446003914
0.03292357386,-0.461956203,-0.6396583319
0.03293357386,-0.4053555727,-0.5888980031
0.03293457386,-0.3996037841,-0.583689034
0.03294457386,-0.341255933,-0.5303836465
0.03294557386,-0.3353432417,-0.5249326229
0.03295557386,-0.2755267918,-0.4693366885
0.03295657386,-0.2694814205,-0.4636696875
0.03296657386,-0.208482042,-0.4060486853
0.03296757386,-0.2023328394,-0.4001927376
0.03297757386,-0.1404417753,-0.3408218026
0.03297857386,-0.1342181265,-0.3348048627
0.03298857386,-0.07173090428,-0.2739674747
0.03298957386,-0.06546252966,-0.2678182721
0.03299957386,-0.00267751934,-0.2058049887
0.03300057386,0.003605654929,-0.1995528787
0.03301057386,0.06638865173,-0.1366597712
0.03301157386,0.07265662402,-0.1303346306
0.03302157386,0.1351378113,-0.06686202437
0.03302257386,0.1413606554,-0.06049402803
0.03303257386,0.2032417059,0.003254998475
0.03303357386,0.2093897015,0.009635426104
0.03304357386,0.2703751028,0.07335647196
0.03304457386,0.2764188945,0.07971886545
0.03305457386,0.3362174928,0.1431076676
0.03305557386,0.3421282172,0.1494216472
0.03306557386,0.400454402,0.2121755183
0.03306657386,0.406203866,0.218410939
0.03307657386,0.4627791941,0.2802302241
0.03307757386,0.4683398902,0.2863573134
0.03308757386,0.5228942037,0.3469468355
0.03308857386,0.5282396078,0.3529363573
0.03309857386,0.5805124044,0.4120067954
0.03309957386,0.5856170058,0.4178301096
0.03310957386,0.6353586316,0.4750994146
0.03311057386,0.6401980519,0.4807287157
0.03312057386,0.687171042,0.5359234214
0.03312157386,0.6917221546,0.5413318276
0.03313157386,0.7357022762,0.5941883922
0.03313257386,0.7399433255,0.5993501544
0.03314257386,0.7807204723,0.6496161222
0.03314357386,0.7846313119,0.6545065045
0.03315357386,0.8220107555,0.701941967
0.03315457386,0.8255726099,0.7065376639
0.03316457386,0.8593759537,0.7509160042
0.03316557386,0.8625718355,0.7551950812
0.03317557386,0.89263767,0.7963044643
0.03317657386,0.8954523206,0.8002464175
0.03318657386,0.9216369987,0.8378905654
0.03318757386,0.9240570068,0.8414766192
0.03319757386,0.9462355971,0.8754757047
0.03319857386,0.9482493401,0.8786887527
0.03320857386,0.9663158655,0.9088805318
0.03320957386,0.9679138064,0.9117051959
0.03321957386,0.9817820191,0.9379453659
0.03322057386,0.9829564691,0.9403681755
0.03323057386,0.9925601482,0.9625315666
0.03323157386,0.9933055639,0.9645409584
0.03324157386,0.9985988736,0.9825217128
0.03324257386,0.9989116192,0.9841080904
0.03325257386,0.9998692274,0.9978203177
0.03326257386,0.9968808293,1.007594824
0.03327257386,0.9899581671,1.013392925
0.03328257386,0.9791285992,1.015191793
0.03329257386,0.9644348621,1.012984276
0.03330257386,0.9459349513,1.006779075
0.03331257386,0.9237018228,0.9966006875
0.03332257386,0.8978233337,0.9824892282
0.03332357386,0.8950387836,0.9808632135
0.03333357386,0.8652687669,0.9624903202
0.03333457386,0.8621019125,0.9604421258
0.03334457386,0.8285825849,0.937895596
0.03334557386,0.8250485063,0.9354349971
0.03335557386,0.7879399657,0.9088224769
0.03335657386,0.784055531,0.9059611559
0.03336657386,0.743534863,0.8754096627
0.03336757386,0.7393186688,0.8721613288
0.03337757386,0.6955794692,0.8378168344
0.03337857386,0.6910516024,0.8341969848
0.03338857386,0.6443026662,0.796223402
0.03338957386,0.6394847631,0.7922493219
0.03339957386,0.5899493098,0.7508279681
0.03340057386,0.584864378,0.7465186715
0.03341057386,0.5327789783,0.7018473744
0.03341157386,0.5274512768,0.6972234249
0.03342157386,0.4730646014,0.64951545
0.03342257386,0.4675196409,0.6445989013
0.03343257386,0.4110913575,0.5940821171
0.03343357386,0.4053555727,0.5888964534
0.03344357386,0.3471551538,0.5358120203
0.03344457386,0.341255933,0.5303820372
0.03345457386,0.2815613151,0.4749834836
0.03345557386,0.2755267918,0.4693350196
0.03346557386,0.2146230042,0.4118868709
0.03346657386,0.208482042,0.406046927
0.03347657386,0.1466598809,0.3468234837
0.03347757386,0.1404417753,0.3408200145
0.03348757386,0.07799644768,0.2801040411
0.03348857386,0.07173090428,0.2739656568
0.03349857386,0.008960587904,0.2120471001
0.03349957386,0.00267751934,0.2058031261
0.03350957386,-0.06011805683,0.1429776549
0.03351057386,-0.06638865173,0.1366578937
0.03352057386,-0.1289096475,0.07322547585
0.03352157386,-0.1351378113,0.06686012447
0.03353157386,-0.1970856786,0.003123658709
0.03353257386,-0.2032417059,-0.003256897675
0.03354257386,-0.2643206418,-0.06699307263
0.03354357386,-0.2703751028,-0.0733583644
0.03355357386,-0.3302934766,-0.136789903
0.03355457386,-0.3362174928,-0.1431095451
0.03356457386,-0.3946891725,-0.2059335709
0.03356557386,-0.400454402,-0.2121773809
0.03357557386,-0.4572001994,-0.2740938962
0.03357657386,-0.4627791941,-0.2802320719
0.03358657386,-0.5175281167,-0.3409454226
0.03358757386,-0.5228942037,-0.3469486237
0.03359757386,-0.5753848553,-0.4061689377
0.03359857386,-0.5805124044,-0.4120085239
0.03360857386,-0.6304941177,-0.469453007
0.03360957386,-0.6353586316,-0.4751010835
0.03361957386,-0.6825928092,-0.5304954648
0.03362057386,-0.687171042,-0.5359250307
0.03363057386,-0.7314321399,-0.589004755
0.03363157386,-0.7357022762,-0.5941899419
0.03364157386,-0.7767788768,-0.6447015405
0.03364257386,-0.7807204723,-0.6496176124
0.03365257386,-0.8184164762,-0.6973199248
0.03365357386,-0.8220107555,-0.7019433379
0.03366357386,-0.8561461568,-0.7466086149
0.03366457386,-0.8593759537,-0.7509173155
0.03367457386,-0.8897877336,-0.792332232
0.03367557386,-0.89263767,-0.7963056564
0.03368557386,-0.9191806316,-0.8342725039
0.03368657386,-0.9216369987,-0.8378916383
0.03369657386,-0.9441844225,-0.8722290993
0.03369757386,-0.9462355971,-0.8754767179
0.03370757386,-0.9646797776,-0.9060208201
0.03370857386,-0.9663158655,-0.9088813663
0.03371857386,-0.9805687666,-0.9354862571
0.03371957386,-0.9817820191,-0.9379461408
0.03372957386,-0.9917755723,-0.9604848027
0.03373057386,-0.9925601482,-0.9625322223
0.03374057386,-0.9982466698,-0.9808970094
0.03374157386,-0.9985988736,-0.9825221896
0.03375157386,-0.9999511242,-0.996625483
0.03376157386,-0.9973570108,-1.006795764
0.03377157386,-0.9908267856,-1.012992859
0.03378157386,-0.9803862572,-1.01519227
0.03379157386,-0.9660766125,-1.013385296
0.03380157386,-0.9479542375,-1.007578969
0.03381157386,-0.9260907769,-0.9977963567
0.03382157386,-0.9005724192,-0.9840759039
0.03383157386,-0.871499896,-0.9664718509
0.03383257386,-0.8684014678,-0.964499712
0.03384257386,-0.8355525136,-0.9427045584
0.03384357386,-0.8320839405,-0.940318048
0.03385357386,-0.7956153154,-0.9144359231
0.03385457386,-0.7917932272,-0.9116464853
0.03386457386,-0.7518790364,-0.88180089
0.03386557386,-0.7477217317,-0.8786218166
0.03387557386,-0.7045525908,-0.8449552059
0.03387657386,-0.7000798583,-0.8414016962
0.03388657386,-0.6538619399,-0.8040749431
0.03388757386,-0.649095118,-0.8001639247
0.03389757386,-0.6000490785,-0.7593551874
0.03389857386,-0.5950109363,-0.7551053762
0.03390857386,-0.5433709621,-0.711009562
0.03390957386,-0.5380855799,-0.706441164
0.03391957386,-0.4840982854,-0.659268856
0.03392057386,-0.4785908759,-0.6544037461
0.03393057386,-0.4225140214,-0.6043801308
0.03393157386,-0.4168109298,-0.5992415547
0.03394157386,-0.3589122891,-0.5466054678
0.03394257386,-0.3530406952,-0.5412179828
0.03395257386,-0.2935967445,-0.4862208068
0.03395357386,-0.2875846922,-0.4806100726
0.03396357386,-0.2268792689,-0.4235144556
0.03396457386,-0.2207555026,-0.4177072942
0.03397457386,-0.1590784639,-0.3587858081
0.03397557386,-0.1528721899,-0.3528099656
0.03398557386,-0.0905180499,-0.2923440039
0.03398657386,-0.08425891399,-0.2862279713
0.03399657386,-0.02152541652,-0.2245062292
0.03399757386,-0.01524330303,-0.2182792425
0.03400757386,0.04757000133,-0.15559645
0.03400857386,0.05384509265,-0.1492882371
0.03401857386,0.1164382696,-0.08594371378
0.03401957386,0.12267638,-0.07958438993
0.03402957386,0.1847505569,-0.0158805903
0.03403057386,0.1909218878,-0.009500532411
0.03404057386,0.2521806359,0.05425835401
0.03404157386,0.2582557499,0.0606286861
0.03405157386,0.3184065819,0.1241382137
0.03405257386,0.3243564367,0.1304683983
0.03406257386,0.3831121325,0.1934252977
0.03406357386,0.3889083266,0.1996851265
0.03407357386,0.4459883273,0.2617887855
0.03407457386,0.4516031742,0.2679483593
0.03408457386,0.5067349672,0.3289022446
0.03408557386,0.512141645,0.3349321187
0.03409557386,0.5650618672,0.3944451809
0.03409657386,0.5702346563,0.400316596
0.03410657386,0.6206907034,0.4581046402
0.03410757386,0.6256047487,0.4637895525
0.03411757386,0.6733556986,0.5195766091
0.03411857386,0.6779876351,0.5250478983
0.03412857386,0.7228054404,0.5785676837
0.03412957386,0.7271331549,0.5837991834
0.03413957386,0.7688037753,0.6347960234
0.03414057386,0.7728065848,0.6397628188
0.03415057386,0.8111310601,0.687993288
0.03415157386,0.8147898912,0.6926715374
0.03416157386,0.8495852947,0.7379053235
0.03416257386,0.8528825641,0.7422727942
0.03417257386,0.8839826584,0.78429389
0.03417357386,0.8869027495,0.7883297205
0.03418357386,0.9141591191,0.8269374967
0.03418457386,0.9166879654,0.830622375
0.03419457386,0.9399704337,0.8656324148
0.03419557386,0.9420960546,0.8689488173
0.03420557386,0.9612933993,0.9001939893
0.03420657386,0.9630056024,0.9031260014
0.03421657386,0.9780262113,0.9304571152
0.03421757386,0.9793168306,0.9329907894
0.03422757386,0.9900889397,0.9562773705
0.03422857386,0.9909518361,0.9584005475
0.03423857386,0.9974240065,0.9775313735
0.03423957386,0.9978550076,0.9792339206
0.03424957386,0.9999964237,0.9941176772
0.03425957386,0.9981912971,1.005078316
0.03426957386,0.9924467206,1.012072444
0.03427957386,0.9827854633,1.015072584
0.03428957386,0.969245553,1.014066815
0.03429957386,0.9518805146,1.009059072
0.03430957386,0.9307588339,1.000069141
0.03431957386,0.9059638381,0.9871324897
0.03432957386,0.8775934577,0.9703000784
0.03433057386,0.8745639324,0.9684043527
0.03434057386,0.8423904181,0.9473640323
0.03434157386,0.8389880061,0.9450521469
0.03435157386,0.8031650186,0.9199044704
0.03435257386,0.7994059324,0.9171873927
0.03436257386,0.7601044774,0.8880523443
0.03436357386,0.7560067177,0.884943068
0.03437357386,0.7134144902,0.851959765
0.03437457386,0.7089975476,0.8484731317
0.03438457386,0.6633179188,0.811799109
0.03438557386,0.658602953,0.8079517484
0.03439557386,0.6100540161,0.7677620649
0.03439657386,0.605063498,0.7635723948
0.03440657386,0.5538771749,0.7200590372
0.03440757386,0.5486348867,0.7155469656
0.03441757386,0.4950554967,0.6689176559
0.03441857386,0.4895865619,0.6641048193
0.03442857386,0.4338699877,0.6145822406
0.03442957386,0.4282004535,0.6094915867
0.03443957386,0.3706127405,0.5573121905
0.03444057386,0.3647696972,0.5519680381
0.03445057386,0.3055858016,0.4973809719
0.03445157386,0.2995971739,0.4918088913
0.03446157386,0.2390997112,0.4350747764
0.03446257386,0.2329940945,0.4293013215
0.03447257386,0.1714719236,0.3706911206
0.03447357386,0.1652784497,0.3647438288
0.03448357386,0.1030253544,0.3045374155
0.03448457386,0.09677360952,0.2984447181
0.03449457386,0.03408684582,0.2369295359
0.03449557386,0.02780667879,0.23072052
0.03450557386,-0.03501443192,0.1681903154
0.03450657386,-0.04129302874,0.1618946493
0.03451657386,-0.1039485112,0.09864801168
0.03451757386,-0.1101955697,0.09229572862
0.03452757386,-0.1723862439,0.02863465995
0.03452857386,-0.1785719246,0.02225610614
0.03453857386,-0.2400008291,-0.0415154174
0.03453957386,-0.2460955977,-0.0478897877
0.03454957386,-0.3064694107,-0.1114672571
0.03455057386,-0.3124441803,-0.1178070009
0.03456057386,-0.3714746237,-0.1808868349
0.03456157386,-0.3773008287,-0.187161684
0.03457157386,-0.4347060323,-0.2494426817
0.03457257386,-0.4403558671,-0.255622685
0.03458257386,-0.4958617091,-0.3168074489
0.03458357386,-0.5013082027,-0.3228630722
0.03459357386,-0.5546497107,-0.3826594353
0.03459457386,-0.5598668456,-0.3885617852
0.03460457386,-0.6107891798,-0.4466842413
0.03460557386,-0.6157521009,-0.4524051249
0.03461557386,-0.6640121937,-0.5085760951
0.03461657386,-0.6686971188,-0.5140882134
0.03462657386,-0.7140645385,-0.5680395365
0.03462757386,-0.7184491754,-0.5733165741
0.03463757386,-0.7607072592,-0.6247906089
0.03463857386,-0.764770627,-0.6298072934
0.03464857386,-0.8037176132,-0.67855829
0.03464957386,-0.8074402809,-0.68329072
0.03465957386,-0.842890203,-0.7290858626
0.03466057386,-0.846254468,-0.7335114479
0.03467057386,-0.8780380487,-0.7761320472
0.03467157386,-0.8810277581,-0.7802296281
0.03468157386,-0.9089931846,-0.8194721937
0.03468257386,-0.9115941525,-0.8232222795
0.03469257386,-0.9356079698,-0.8588994145
0.03469357386,-0.9378076792,-0.8622840047
0.03470357386,-0.957755208,-0.894225359
0.03470457386,-0.9595432281,-0.8972283006
0.03471457386,-0.9753291607,-0.9252813458
0.03471557386,-0.9766969681,-0.9278883934
0.03472557386,-0.9882459641,-0.951919198
0.03472657386,-0.9891870022,-0.9541178346
0.03473657386,-0.9964438677,-0.9740116
0.03473757386,-0.9969536662,-0.9757913351
0.03474757386,-0.9998838305,-0.9914531112
0.03474857386,-0.9999598265,-0.9928054214
0.03475857386,-0.9985492826,-1.004160404
0.03476857386,-0.9931979179,-1.011552691
0.03477857386,-0.9839268327,-1.014953017
0.03478857386,-0.9707726836,-1.014347911
0.03479857386,-0.9537873268,-1.009739637
0.03480857386,-0.9330377579,-1.001146555
0.03481857386,-0.9086059332,-0.9886024594
0.03482857386,-0.8805882931,-0.9721568823
0.03482957386,-0.8775934577,-0.9702994823
0.03483957386,-0.8457595706,-0.9496378303
0.03484057386,-0.8423904181,-0.9473633766
0.03485057386,-0.806892395,-0.9225843549
0.03485157386,-0.8031650186,-0.919903636
0.03486157386,-0.764172256,-0.8911255598
0.03486257386,-0.7601044774,-0.888051331
0.03487257386,-0.7178032398,-0.8554116488
0.03487357386,-0.7134144902,-0.8519586325
0.03488357386,-0.6680067778,-0.8156131506
0.03488457386,-0.6633179188,-0.8117978573
0.03489457386,-0.6150205135,-0.7719201446
0.03489557386,-0.6100540161,-0.7677607536
0.03490557386,-0.5590975285,-0.7245411873
0.03490657386,-0.5538771749,-0.7200575471
0.03491657386,-0.5005049109,-0.673702538
0.03491757386,-0.4950554967,-0.6689161062
0.03492757386,-0.4395223856,-0.6196469665
0.03492857386,-0.4338699877,-0.6145806313
0.03493857386,-0.3764411211,-0.5626326203
0.03493957386,-0.3706127405,-0.557310462
0.03494957386,-0.3115623593,-0.5029316545
0.03495057386,-0.3055858016,-0.4973792136
0.03496057386,-0.2451958954,-0.4408292472
0.03496157386,-0.2390997112,-0.4350729585
0.03497157386,-0.1776586175,-0.3766218722
0.03497257386,-0.1714719236,-0.3706892133
0.03498257386,-0.1092730314,-0.3106161356
0.03498357386,-0.1030253544,-0.3045354784
0.03499357386,-0.04036566615,-0.2431272119
0.03499457386,-0.03408684582,-0.236927554
0.03500457386,0.02873444743,-0.1744773537
0.03500557386,0.03501443192,-0.1681883186
0.03501557386,0.09769735485,-0.104994379
0.03501657386,0.1039485112,-0.09864599258
0.03502657386,0.1661937535,-0.03501005471
0.03502757386,0.1723862439,-0.02863263525
0.03503757386,0.2338965833,0.03514143452
0.03503857386,0.2400008291,0.04151744395
0.03504857386,0.3004825711,0.1051251218
0.03504957386,0.3064694107,0.1114692688
0.03505957386,0.3656337261,0.1746068448
0.03506057386,0.3714746237,0.1808888316
0.03507057386,0.4290390313,0.2432547957
0.03507157386,0.4347060323,0.2494446486
0.03508157386,0.4903956354,0.3107412159
0.03508257386,0.4958617091,0.3168093562
0.03509257386,0.5494106412,0.3767438531
0.03509357386,0.5546497107,0.3826613128
0.03510357386,0.6058021784,0.4409475327
0.03510457386,0.6107891798,0.4466860592
0.03511457386,0.6593010426,0.5030456781
0.03511557386,0.6640121937,0.5085778832
0.03512557386,0.7096517682,0.562741816
0.03512657386,0.7140645385,0.568041265
0.03513657386,0.7566139102,0.6197508574
0.03513757386,0.7607072592,0.6247922182
0.03514757386,0.7999632359,0.6738005877
0.03514857386,0.8037176132,0.6785598397
0.03515857386,0.8394926786,0.7246329188
0.03515957386,0.842890203,0.7290872931
0.03516957386,0.8750136495,0.7720051408
0.03517057386,0.8780380487,0.7761333585
0.03518057386,0.9063563943,0.8156910539
0.03518157386,0.9089931846,0.8194734454
0.03519157386,0.9333713055,0.8554819822
0.03519257386,0.9356079698,0.858900547
0.03520257386,0.9559293389,0.8911880851
0.03520357386,0.957755208,0.8942263722
0.03521357386,0.9739229083,0.9226387143
0.03521457386,0.9753291607,0.9252822995
0.03522457386,0.9872659445,0.9496837854
0.03522557386,0.9882459641,0.9519199729
0.03523557386,0.9958947897,0.9721940756
0.03523657386,0.9964438677,0.9740122557
0.03524657386,0.9997683167,0.9900621772
0.03524757386,0.9998838305,0.9914536476
0.03525757386,0.998867929,1.003202796
0.03526757386,0.9939098954,1.010992885
0.03527757386,0.985029459,1.014793277
0.03528757386,0.9722614884,1.014588833
0.03529757386,0.9556564689,1.010380387
0.03530757386,0.9352799058,1.00218451
0.03531757386,0.9112122059,0.9900335073
0.03532757386,0.8835483789,0.97397542
0.03532857386,0.8805882931,0.9721564054
0.03533857386,0.8490953445,0.9518742561
0.03533957386,0.8457595706,0.9496372342
0.03534957386,0.810587883,0.9252279997
0.03535057386,0.806892395,0.9225836992
0.03536057386,0.7682098746,0.8941637874
0.03536157386,0.764172256,0.8911247849
0.03537157386,0.7221637368,0.8588299751
0.03537257386,0.7178032398,0.8554107547
0.03538257386,0.6726691723,0.8193952441
0.03538357386,0.6680067778,0.8156121373
0.03539357386,0.6199626923,0.7760478854
0.03539457386,0.6150205135,0.7719190121
0.03540457386,0.5642958879,0.7289949059
0.03540557386,0.5590975285,0.7245399356
0.03541557386,0.5059345961,0.6784610152
0.03541657386,0.5005049109,0.6737012267
0.03542657386,0.4451574087,0.6246874332
0.03542757386,0.4395223856,0.6196455956
0.03543757386,0.3822546601,0.567931056
0.03543857386,0.3764411211,0.5626311302
0.03544857386,0.3175266087,0.5084627271
0.03544957386,0.3115623593,0.5029301047
0.03545957386,0.2512823939,0.4465665221
0.03546057386,0.2451958954,0.4408276379
0.03547057386,0.1838383079,0.3825379908
0.03547157386,0.1776586175,0.3766202033
0.03548157386,0.1155163944,0.3166828454
0.03548257386,0.1092730314,0.3106144369
0.03549257386,0.04664289206,0.2493155152
0.03549357386,0.04036566615,0.2431254685
0.03550357386,-0.02245333232,0.1807577312
0.03550457386,-0.02873444743,0.1744755954
0.03551457386,-0.09144233912,0.1113368347
0.03551557386,-0.09769735485,0.1049925908
0.03552557386,-0.1599947065,0.04138430208
0.03552657386,-0.1661937535,0.03500826284
0.03553657386,-0.2277831137,-0.02876583487
0.03553757386,-0.2338965833,-0.03514323011
0.03554757386,-0.2944838405,-0.09877861291
0.03554857386,-0.3004825711,-0.1051269099
0.03555857386,-0.359778434,-0.168319717
0.03555957386,-0.3656337261,-0.1746086031
0.03556957386,-0.4233550727,-0.2370570898
0.03557057386,-0.4290390313,-0.2432565391
0.03558057386,-0.4849101901,-0.3046625257
0.03558157386,-0.4903956354,-0.3107429445
0.03559157386,-0.5441498756,-0.3708131909
0.03559257386,-0.5494106412,-0.376745522
0.03560257386,-0.6007912755,-0.4351932108
0.03560357386,-0.6058021784,-0.440949142
0.03561357386,-0.6545639038,-0.4974952042
0.03561457386,-0.6593010426,-0.5030472279
0.03562457386,-0.7052109838,-0.5574216843
0.03562557386,-0.7096517682,-0.5627433062
0.03563557386,-0.7524906397,-0.6146864295
0.03563657386,-0.7566139102,-0.6197522879
0.03564657386,-0.7961772084,-0.6690160632
0.03564757386,-0.7999632359,-0.673801899
0.03565757386,-0.8360620737,-0.7201511264
0.03565857386,-0.8394926786,-0.7246341705
0.03566857386,-0.8719546795,-0.767847538
0.03566957386,-0.8750136495,-0.7720062733
0.03567957386,-0.9036837816,-0.8118774295
0.03568057386,-0.9063563943,-0.8156920671
0.03569057386,-0.9310977459,-0.8520306349
0.03569157386,-0.9333713055,-0.8554829359
0.03570157386,-0.9540657997,-0.888115406
0.03570257386,-0.9559293389,-0.8911888599
0.03571257386,-0.9724781513,-0.9199594259
0.03571357386,-0.9739229083,-0.9226394296
0.03572357386,-0.9862469435,-0.9474106431
0.03572457386,-0.9872659445,-0.9496843219
0.03573457386,-0.9953064322,-0.9703379869
0.03573557386,-0.9958947897,-0.9721945524
0.03574557386,-0.9996133447,-0.9886319637
0.03574657386,-0.9997683167,-0.9900625348
0.03575657386,-0.9991470575,-1.002205253
0.03576657386,-0.994582653,-1.010392904
0.03577657386,-0.9860931039,-1.014593244
0.03578657386,-0.9737119079,-1.014789462
0.03579657386,-0.9574878812,-1.010980964
0.03580657386,-0.9374850988,-1.00318265
0.03581657386,-0.9137824774,-0.9914252758
0.03582657386,-0.8864735961,-0.9757552743
0.03582757386,-0.8835483789,-0.9739747643
0.03583757386,-0.8523976207,-0.9540728927
0.03583857386,-0.8490953445,-0.9518734813
0.03584857386,-0.8142514229,-0.927834928
0.03584957386,-0.810587883,-0.9252271056
0.03585957386,-0.7722172141,-0.8971665502
0.03586057386,-0.7682098746,-0.8941628337
0.03587057386,-0.7264956236,-0.8622142076
0.03587157386,-0.7221637368,-0.8588289022
0.03588157386,-0.6773051023,-0.8231447935
0.03588257386,-0.6726691723,-0.819394052
0.03589257386,-0.6248804331,-0.7801448703
0.03589357386,-0.6199626923,-0.7760465741
0.03590357386,-0.5694719553,-0.7334197164
0.03590457386,-0.5642958879,-0.728993535
0.03591457386,-0.511344254,-0.6831925511
0.03591557386,-0.5059345961,-0.6784595251
0.03592557386,-0.4507748783,-0.6297031045
0.03592657386,-0.4451574087,-0.6246858835
0.03593657386,-0.3880530894,-0.5732068419
0.03593757386,-0.3822546601,-0.5679293871
0.03594757386,-0.3234783411,-0.5139735341
0.03594857386,-0.3175266087,-0.5084610581
0.03595857386,-0.2573589683,-0.4522860348
0.03595957386,-0.2512823939,-0.4465647638
0.03596957386,-0.1900107414,-0.3884388506
0.03597057386,-0.1838383079,-0.3825361729
0.03598057386,-0.1217551976,-0.3227368593
0.03598157386,-0.1155163944,-0.3166809678
0.03599157386,-0.05291827396,-0.2554938197
0.03599257386,-0.04664289206,-0.2493136227
0.03600257386,0.01617132872,-0.187030822
0.03600357386,0.02245333232,-0.1807558089
0.03601357386,0.08518371731,-0.1176747307
0.03601457386,0.09144233912,-0.1113348901
0.03602457386,0.1537893564,-0.04775675759
0.03602557386,0.1599947065,-0.04138235375
0.03603557386,0.2216606438,0.02238925174
0.03603657386,0.2277831137,0.02876778319
0.03604657386,0.2884735167,0.09242834896
0.03604757386,0.2944838405,0.09878055006
0.03605757386,0.3539089262,0.1620261073
0.03605857386,0.359778434,0.1683216393
0.03606857386,0.4176544249,0.230850175
0.03606957386,0.4233550727,0.2370589823
0.03607957386,0.4794056118,0.2985719442
0.03608057386,0.4849101901,0.3046643734
0.03609057386,0.5388676524,0.3648680151
0.03609157386,0.5441498756,0.3708150089
0.03610157386,0.59575665,0.4294218719
0.03610257386,0.6007912755,0.4351949692
0.03611257386,0.649800837,0.4919252098
0.03611357386,0.6545639038,0.4974969029
0.03612357386,0.7007423043,0.552079618
0.03612457386,0.7052109838,0.5574232936
0.03613457386,0.7483376861,0.6095978618
0.03613557386,0.7524906397,0.6146879792
0.03614557386,0.7923598289,0.6642052531
0.03614657386,0.7961772084,0.6690175533
0.03615657386,0.8325983882,0.7156410813
0.03615757386,0.8360620737,0.7201525569
0.03616757386,0.8688613772,0.7636597753
0.03616857386,0.8719546795,0.7678487897
0.03617857386,0.9009754658,0.8080319166
0.03617957386,0.9036837816,0.8118786216
0.03618957386,0.9287874699,0.8485457897
0.03619057386,0.9310977459,0.8520317078
0.03620057386,0.9521645308,0.8850077987
0.03620157386,0.9540657997,0.8881163597
0.03621157386,0.9709950089,0.9172439575
0.03621257386,0.9724781513,0.9199602604
0.03622257386,0.9851890206,0.9451002479
0.03622357386,0.9862469435,0.9474113584
0.03623357386,0.9946787357,0.9684436917
0.03623457386,0.9953064322,0.970338583
0.03624457386,0.9994188547,0.9871628284
0.03624557386,0.9996133447,0.9886324406
0.03625557386,0.9993867874,1.001168251
0.03626557386,0.9952161908,1.009753227
0.03627557386,0.9871178865,1.014353275
0.03628557386,0.9751238823,1.014950275
0.03629557386,0.9592815042,1.011541724
0.03630557386,0.9396532774,1.004141331
0.03631557386,0.9163166881,0.9927780032
0.03632557386,0.8893638253,0.9774967432
0.03632657386,0.8864735961,0.9757547379
0.03633657386,0.8556662202,0.9562340379
0.03633757386,0.8523976207,0.9540722966
0.03634757386,0.8178827763,0.9304053187
0.03634857386,0.8142514229,0.9278341532
0.03635857386,0.7761939764,0.9001339674
0.03635957386,0.7722172141,0.8971656561
0.03636957386,0.7307989001,0.8655644655
0.03637057386,0.7264956236,0.862213254
0.03638057386,0.6819142699,0.826861918
0.03638157386,0.6773051023,0.8231437206
0.03639157386,0.629773438,0.7842110991
0.03639257386,0.6248804331,0.7801436782
0.03640257386,0.5746254921,0.7378156781
0.03640357386,0.5694719553,0.7334184647
0.03641357386,0.516733706,0.6878972054
0.03641457386,0.511344254,0.6831911802
0.03642457386,0.4563745558,0.6346940398
0.03642557386,0.4507748783,0.629701674
0.03643557386,0.3938362002,0.5784601569
0.03643657386,0.3880530894,0.5732053518
0.03644657386,0.3294172883,0.5194641948
0.03644757386,0.3234783411,0.5139719844
0.03645757386,0.2634254098,0.4579877853
0.03645857386,0.2573589683,0.4522843659
0.03646857386,0.1961756647,0.3943244517
0.03646957386,0.1900107414,0.3884371221
0.03647957386,0.1279891878,0.3287782669
0.03648057386,0.1217551976,0.3227351308
0.03649057386,0.05919156969,0.2616621554
0.03649157386,0.05291827396,0.2554920316
0.03650157386,-0.009888687171,0.1932966113
0.03650257386,-0.01617132872,0.1870290041
0.03651257386,-0.07892172784,0.1240080893
0.03651357386,-0.08518371731,0.1176728979
0.03652357386,-0.1475779116,0.05412742868
0.03652457386,-0.1537893564,0.04775490984
0.03653457386,-0.2155294269,-0.016011687
0.03653557386,-0.2216606438,-0.02239110135
0.03654557386,-0.2824517787,-0.08607434481
0.03654657386,-0.2884735167,-0.0924301967
0.03655657386,-0.3480254412,-0.1557259858
0.03655757386,-0.3539089262,-0.1620279253
0.03656757386,-0.4119372666,-0.2246340513
0.03656857386,-0.4176544249,-0.2308519781
0.03657857386,-0.4738821089,-0.2924694717
0.03657957386,-0.4794056118,-0.2985737026
0.03658957386,-0.5335641503,-0.3589083552
0.03659057386,-0.5388676524,-0.3648697436
0.03660057386,-0.5906984806,-0.4236334562
0.03660157386,-0.59575665,-0.4294235408
0.03661157386,-0.6450121999,-0.4863357246
0.03661257386,-0.649800837,-0.4919268191
0.03662257386,-0.6962459683,-0.5467157364
0.03662357386,-0.7007423043,-0.5520811677
0.03663357386,-0.7441552281,-0.6044851542
0.03663457386,-0.7483376861,-0.6095993519
0.03664457386,-0.7885110974,-0.6593681574
0.03664557386,-0.7923598289,-0.6642066836
0.03665557386,-0.8291018605,-0.7111027241
0.03665657386,-0.8325983882,-0.7156423926
0.03666657386,-0.8657336831,-0.7594417334
0.03666757386,-0.8688613772,-0.7636609674
0.03667757386,-0.8982316256,-0.8041544557
0.03667857386,-0.9009754658,-0.8080330491
0.03668857386,-0.926440537,-0.8450273275
0.03668957386,-0.9287874699,-0.848546803
0.03669957386,-0.9502257109,-0.8818652034
0.03670057386,-0.9521645308,-0.8850086927
0.03671057386,-0.9694735408,-0.9144921899
0.03671157386,-0.9709950089,-0.9172447324
0.03672157386,-0.984092176,-0.9427524805
0.03672257386,-0.9851890206,-0.9451009035
0.03673257386,-0.9940117598,-0.9665111303
0.03673357386,-0.9946787357,-0.9684442282
0.03674357386,-0.9991849661,-0.9856546521
0.03674457386,-0.9994188547,-0.9871632457
0.03675457386,-0.999587059,-1.000091791
0.03676457386,-0.9958103895,-1.009073496
0.03677457386,-0.9881036282,-1.014073133
0.03678457386,-0.9764973521,-1.015070796
0.03679457386,-0.9610372186,-1.01206255
0.03680457386,-0.9417843819,-1.005060196
0.03681457386,-0.9188147187,-0.9940915108
0.03682457386,-0.8922188878,-0.9791995883
0.03682557386,-0.8893638253,-0.9774961472
0.03683557386,-0.8589010239,-0.9583572745
0.03683657386,-0.8556662202,-0.9562333226
0.03684657386,-0.8214818835,-0.9329389334
0.03684757386,-0.8178827763,-0.9304045439
0.03685757386,-0.7801401615,-0.9030658007
0.03685857386,-0.7761939764,-0.9001330733
0.03686857386,-0.735073328,-0.8688805699
0.03686957386,-0.7307989001,-0.8655634522
0.03687957386,-0.6864964962,-0.8305463791
0.03688057386,-0.6819142699,-0.8268607855
0.03689057386,-0.6346416473,-0.7882463336
0.03689157386,-0.629773438,-0.7842099071
0.03690157386,-0.5797563791,-0.7421824336
0.03690257386,-0.5746254921,-0.7378143668
0.03691257386,-0.5221028328,-0.6925746799
0.03691357386,-0.516733706,-0.6878957748
0.03692357386,-0.461956203,-0.639659822
0.03692457386,-0.4563745558,-0.6346924901
0.03693457386,-0.3996037841,-0.5836905837
0.03693557386,-0.3938362002,-0.5784586072
0.03694557386,-0.3353432417,-0.5249342322
0.03694657386,-0.3294172883,-0.5194625258
0.03695657386,-0.2694814205,-0.4636713564
0.03695757386,-0.2634254098,-0.4579860568
0.03696757386,-0.2023328394,-0.4001944661
0.03696857386,-0.1961756647,-0.3943226933
0.03697857386,-0.1342181265,-0.3348066211
0.03697957386,-0.1279891878,-0.328776449
0.03698957386,-0.06546252966,-0.2678200901
0.03699057386,-0.05919156969,-0.2616603076
0.03700057386,0.003605654929,-0.1995547265
0.03700157386,0.009888687171,-0.1932947338
0.03701157386,0.07265662402,-0.1303364784
0.03701257386,0.07892172784,-0.1240061894
0.03702257386,0.1413606554,-0.06049589813
0.03702357386,0.1475779116,-0.05412551761
0.03703357386,0.2093897015,0.009633553214
0.03703457386,0.2155294269,0.01601359993
0.03704457386,0.2764188945,0.07971700281
0.03704557386,0.2824517787,0.08607625216
0.03705557386,0.3421282172,0.1494197994
0.03705657386,0.3480254412,0.1557278782
0.03706657386,0.406203866,0.218409121
0.03706757386,0.4119372666,0.224635914
0.03707757386,0.4683398902,0.2863555253
0.03707857386,0.4738821089,0.2924713194
0.03708857386,0.5282396078,0.3529345989
0.03708957386,0.5335641503,0.3589101434
0.03709957386,0.5856170058,0.4178283811
0.03710057386,0.5906984806,0.4236352146
0.03711057386,0.6401980519,0.4807270765
0.03711157386,0.6450121999,0.4863373935
0.03712157386,0.6917221546,0.5413302779
0.03712257386,0.6962459683,0.5467173457
0.03713257386,0.7399433255,0.5993486047
0.03713357386,0.7441552281,0.6044867039
0.03714357386,0.7846313119,0.654505074
0.03714457386,0.7885110974,0.6593696475
0.03715457386,0.8255726099,0.706536293
0.03715557386,0.8291018605,0.711104095
0.03716557386,0.8625718355,0.7551938295
0.03716657386,0.8657336831,0.7594430447
0.03717657386,0.8954523206,0.800245285
0.03717757386,0.8982316256,0.8041556478
0.03718757386,0.9240570068,0.8414755464
0.03718857386,0.926440537,0.8450284004
0.03719857386,0.9482493401,0.878687799
0.03719957386,0.9502257109,0.8818661571
0.03720957386,0.9679138064,0.9117043614
0.03721057386,0.9694735408,0.9144930243
0.03722057386,0.9829564691,0.9403675199
0.03722157386,0.984092176,0.9427531958
0.03723157386,0.9933055639,0.964540422
0.03723257386,0.9940117598,0.9665117264
0.03724257386,0.9989116192,0.9841076136
0.03724357386,0.9991849661,0.985655129
0.03725357386,0.9997478724,0.9989757538
0.03726357386,0.9963652492,1.008354068
0.03727357386,0.9890504479,1.013753057
0.03728357386,0.9778322577,1.015151381
0.03729357386,0.962755084,1.01254344
0.03730357386,0.943878293,1.005939603
0.03731357386,0.9212764502,0.9953657389
0.03732357386,0.8950387836,0.98086375
0.03732457386,0.8922188878,0.9791990519
0.03733457386,0.8621019125,0.9604427814
0.03733557386,0.8589010239,0.9583566785
0.03734557386,0.8250485063,0.9354357719
0.03734657386,0.8214818835,0.9329381585
0.03735657386,0.784055531,0.90596205
0.03735757386,0.7801401615,0.9030649662
0.03736757386,0.7393186688,0.8721623421
0.03736857386,0.735073328,0.8688795567
0.03737857386,0.6910516024,0.8341980577
0.03737957386,0.6864964962,0.8305453062
0.03738957386,0.6394847631,0.792250514
0.03739057386,0.6346416473,0.7882452011
0.03740057386,0.584864378,0.7465199828
0.03740157386,0.5797563791,0.7421811819
0.03741157386,0.5274512768,0.6972247958
0.03741257386,0.5221028328,0.6925733089
0.03742257386,0.4675196409,0.6446003914
0.03742357386,0.461956203,0.6396583319
0.03743357386,0.4053555727,0.5888980031
0.03743457386,0.3996037841,0.583689034
0.03744457386,0.341255933,0.5303836465
0.03744557386,0.3353432417,0.5249326229
0.03745557386,0.2755267918,0.4693366885
0.03745657386,0.2694814205,0.4636696875
0.03746657386,0.208482042,0.4060486853
0.03746757386,0.2023328394,0.4001927376
0.03747757386,0.1404417753,0.3408218026
0.03747857386,0.1342181265,0.3348048627
0.03748857386,0.07173090428,0.2739674747
0.03748957386,0.06546252966,0.2678182721
0.03749957386,0.00267751934,0.2058049887
0.03750057386,-0.003605654929,0.1995528787
0.03751057386,-0.06638865173,0.1366597712
0.03751157386,-0.07265662402,0.1303346306
0.03752157386,-0.1351378113,0.06686202437
0.03752257386,-0.1413606554,0.06049402803
0.03753257386,-0.2032417059,-0.003254998475
0.03753357386,-0.2093897015,-0.009635426104
0.03754357386,-0.2703751028,-0.07335647196
0.03754457386,-0.2764188945,-0.07971886545
0.03755457386,-0.3362174928,-0.1431076676
0.03755557386,-0.3421282172,-0.1494216472
0.03756557386,-0.400454402,-0.2121755183
0.03756657386,-0.406203866,-0.218410939
0.03757657386,-0.4627791941,-0.2802302241
0.03757757386,-0.4683398902,-0.2863573134
0.03758757386,-0.5228942037,-0.3469468355
0.03758857386,-0.5282396078,-0.3529363573
0.03759857386,-0.5805124044,-0.4120067954
0.03759957386,-0.5856170058,-0.4178301096
0.03760957386,-0.6353586316,-0.4750994146
0.03761057386,-0.6401980519,-0.4807287157
0.03762057386,-0.687171042,-0.5359234214
0.03762157386,-0.6917221546,-0.5413318276
0.03763157386,-0.7357022762,-0.5941883922
0.03763257386,-0.7399433255,-0.5993501544
0.03764257386,-0.7807204723,-0.6496161222
0.03764357386,-0.7846313119,-0.6545065045
0.03765357386,-0.8220107555,-0.701941967
0.03765457386,-0.8255726099,-0.7065376639
0.03766457386,-0.8593759537,-0.7509160042
0.03766557386,-0.8625718355,-0.7551950812
0.03767557386,-0.89263767,-0.7963044643
0.03767657386,-0.8954523206,-0.8002464175
0.03768657386,-0.9216369987,-0.8378905654
0.03768757386,-0.9240570068,-0.8414766192
0.03769757386,-0.9462355971,-0.8754757047
0.03769857386,-0.9482493401,-0.8786887527
0.03770857386,-0.9663158655,-0.9088805318
0.03770957386,-0.9679138064,-0.9117051959
0.03771957386,-0.9817820191,-0.9379453659
0.03772057386,-0.9829564691,-0.9403681755
0.03773057386,-0.9925601482,-0.9625315666
0.03773157386,-0.9933055639,-0.9645409584
0.03774157386,-0.9985988736,-0.9825217128
0.03774257386,-0.9989116192,-0.9841080904
0.03775257386,-0.9998692274,-0.9978203177
0.03776257386,-0.9968808293,-1.007594824
0.03777257386,-0.9899581671,-1.013392925
0.03778257386,-0.9791285992,-1.015191793
0.03779257386,-0.9644348621,-1.012984276
0.03780257386,-0.9459349513,-1.006779075
0.03781257386,-0.9237018228,-0.9966006875
0.03782257386,-0.8978233337,-0.9824892282
0.03782357386,-0.8950387836,-0.9808632135
0.03783357386,-0.8652687669,-0.9624903202
0.03783457386,-0.8621019125,-0.9604421258
0.03784457386,-0.8285825849,-0.937895596
0.03784557386,-0.8250485063,-0.9354349971
0.03785557386,-0.7879399657,-0.9088224769
0.03785657386,-0.784055531,-0.9059611559
0.03786657386,-0.743534863,-0.8754096627
0.03786757386,-0.7393186688,-0.8721613288
0.03787757386,-0.6955794692,-0.8378168344
0.03787857386,-0.6910516024,-0.8341969848
0.03788857386,-0.6443026662,-0.796223402
0.03788957386,-0.6394847631,-0.7922493219
0.03789957386,-0.5899493098,-0.7508279681
0.03790057386,-0.584864378,-0.7465186715
0.03791057386,-0.5327789783,-0.7018473744
0.03791157386,-0.5274512768,-0.6972234249
0.03792157386,-0.4730646014,-0.64951545
0.03792257386,-0.4675196409,-0.6445989013
0.03793257386,-0.4110913575,-0.5940821171
0.03793357386,-0.4053555727,-0.5888964534
0.03794357386,-0.3471551538,-0.5358120203
0.03794457386,-0.341255933,-0.5303820372
0.03795457386,-0.2815613151,-0.4749834836
0.03795557386,-0.2755267918,-0.4693350196
0.03796557386,-0.2146230042,-0.4118868709
0.03796657386,-0.208482042,-0.406046927
0.03797657386,-0.1466598809,-0.3468234837
0.03797757386,-0.1404417753,-0.3408200145
0.03798757386,-0.07799644768,-0.2801040411
0.03798857386,-0.07173090428,-0.2739656568
0.03799857386,-0.008960587904,-0.2120471001
0.03799957386,-0.00267751934,-0.2058031261
0.03800957386,0.06011805683,-0.1429776549
0.03801057386,0.06638865173,-0.1366578937
0.03802057386,0.1289096475,-0.07322547585
0.03802157386,0.1351378113,-0.06686012447
0.03803157386,0.1970856786,-0.003123658709
0.03803257386,0.2032417059,0.003256897675
0.03804257386,0.2643206418,0.06699307263
0.03804357386,0.2703751028,0.0733583644
0.03805357386,0.3302934766,0.136789903
0.03805457386,0.3362174928,0.1431095451
0.03806457386,0.3946891725,0.2059335709
0.03806557386,0.400454402,0.2121773809
0.03807557386,0.4572001994,0.2740938962
0.03807657386,0.4627791941,0.2802320719
0.03808657386,0.5175281167,0.3409454226
0.03808757386,0.5228942037,0.3469486237
0.03809757386,0.5753848553,0.4061689377
0.03809857386,0.5805124044,0.4120085239
0.03810857386,0.6304941177,0.469453007
0.03810957386,0.6353586316,0.4751010835
0.03811957386,0.6825928092,0.5304954648
0.03812057386,0.687171042,0.5359250307
0.03813057386,0.7314321399,0.589004755
0.03813157386,0.7357022762,0.5941899419
0.03814157386,0.7767788768,0.6447015405
0.03814257386,0.7807204723,0.6496176124
0.03815257386,0.8184164762,0.6973199248
0.03815357386,0.8220107555,0.7019433379
0.03816357386,0.8561461568,0.7466086149
0.03816457386,0.8593759537,0.7509173155
0.03817457386,0.8897877336,0.792332232
0.03817557386,0.89263767,0.7963056564
0.03818557386,0.9191806316,0.8342725039
0.03818657386,0.9216369987,0.8378916383
0.03819657386,0.9441844225,0.8722290993
0.03819757386,0.9462355971,0.8754767179
0.03820757386,0.9646797776,0.9060208201
0.03820857386,0.9663158655,0.9088813663
0.03821857386,0.9805687666,0.9354862571
0.03821957386,0.9817820191,0.9379461408
0.03822957386,0.9917755723,0.9604848027
0.03823057386,0.9925601482,0.9625322223
0.03824057386,0.9982466698,0.9808970094
0.03824157386,0.9985988736,0.9825221896
0.03825157386,0.9999511242,0.996625483
0.03826157386,0.9973570108,1.006795764
0.03827157386,0.9908267856,1.012992859
0.03828157386,0.9803862572,1.01519227
0.03829157386,0.9660766125,1.013385296
0.03830157386,0.9479542375,1.007578969
0.03831157386,0.9260907769,0.9977963567
0.03832157386,0.9005724192,0.9840759039
0.03833157386,0.871499896,0.9664718509
0.03833257386,0.8684014678,0.964499712
0.03834257386,0.8355525136,0.9427045584
0.03834357386,0.8320839405,0.940318048
0.03835357386,0.7956153154,0.9144359231
0.03835457386,0.7917932272,0.9116464853
0.03836457386,0.7518790364,0.88180089
0.03836557386,0.7477217317,0.8786218166
0.03837557386,0.7045525908,0.8449552059
0.03837657386,0.7000798583,0.8414016962
0.03838657386,0.6538619399,0.8040749431
0.03838757386,0.649095118,0.8001639247
0.03839757386,0.6000490785,0.7593551874
0.03839857386,0.5950109363,0.7551053762
0.03840857386,0.5433709621,0.711009562
0.03840957386,0.5380855799,0.706441164
0.03841957386,0.4840982854,0.659268856
0.03842057386,0.4785908759,0.6544037461
0.03843057386,0.4225140214,0.6043801308
0.03843157386,0.4168109298,0.5992415547
0.03844157386,0.3589122891,0.5466054678
0.03844257386,0.3530406952,0.5412179828
0.03845257386,0.2935967445,0.4862208068
0.03845357386,0.2875846922,0.4806100726
0.03846357386,0.2268792689,0.4235144556
0.03846457386,0.2207555026,0.4177072942
0.03847457386,0.1590784639,0.3587858081
0.03847557386,0.1528721899,0.3528099656
0.03848557386,0.0905180499,0.2923440039
0.03848657386,0.08425891399,0.2862279713
0.03849657386,0.02152541652,0.2245062292
0.03849757386,0.01524330303,0.2182792425
0.03850757386,-0.04757000133,0.15559645
0.03850857386,-0.05384509265,0.1492882371
0.03851857386,-0.1164382696,0.08594370633
0.03851957386,-0.12267638,0.07958438993
0.03852957386,-0.1847505569,0.0158805903
0.03853057386,-0.1909218878,0.009500532411
0.03854057386,-0.2521806359,-0.05425835401
0.03854157386,-0.2582557499,-0.0606286861
0.03855157386,-0.3184065819,-0.1241382137
0.03855257386,-0.3243564367,-0.1304683983
0.03856257386,-0.3831121325,-0.1934252977
0.03856357386,-0.3889083266,-0.1996851265
0.03857357386,-0.4459883273,-0.2617887855
0.03857457386,-0.4516031742,-0.2679483593
0.03858457386,-0.5067349672,-0.3289022446
0.03858557386,-0.512141645,-0.3349321187
0.03859557386,-0.5650618672,-0.3944451809
0.03859657386,-0.5702346563,-0.400316596
0.03860657386,-0.6206907034,-0.4581046402
0.03860757386,-0.6256047487,-0.4637895525
0.03861757386,-0.6733556986,-0.5195766091
0.03861857386,-0.6779876351,-0.5250478983
0.03862857386,-0.7228054404,-0.5785676837
0.03862957386,-0.7271331549,-0.5837991834
0.03863957386,-0.7688037753,-0.6347960234
0.03864057386,-0.7728065848,-0.6397628188
0.03865057386,-0.8111310601,-0.687993288
0.03865157386,-0.8147898912,-0.6926715374
0.03866157386,-0.8495852947,-0.7379053235
0.03866257386,-0.8528825641,-0.7422727942
0.03867257386,-0.8839826584,-0.78429389
0.03867357386,-0.8869027495,-0.7883297205
0.03868357386,-0.9141591191,-0.8269374967
0.03868457386,-0.9166879654,-0.830622375
0.03869457386,-0.9399704337,-0.8656324148
0.03869557386,-0.9420960546,-0.8689488173
0.03870557386,-0.9612933993,-0.9001939893
0.03870657386,-0.9630056024,-0.9031260014
0.03871657386,-0.9780262113,-0.9304571152
0.03871757386,-0.9793168306,-0.9329907894
0.03872757386,-0.9900889397,-0.9562773705
0.03872857386,-0.9909518361,-0.9584005475
0.03873857386,-0.9974240065,-0.9775313735
0.03873957386,-0.9978550076,-0.9792339206
0.03874957386,-0.9999964237,-0.9941176772
0.03875957386,-0.9981912971,-1.005078316
0.03876957386,-0.9924467206,-1.012072444
0.03877957386,-0.9827854633,-1.015072584
0.03878957386,-0.969245553,-1.014066815
0.03879957386,-0.9518805146,-1.009059072
0.03880957386,-0.9307588339,-1.000069141
0.03881957386,-0.9059638381,-0.9871324897
0.03882957386,-0.8775934577,-0.9703000784
0.03883057386,-0.8745639324,-0.9684043527
0.03884057386,-0.8423904181,-0.9473640323
0.03884157386,-0.8389880061,-0.9450521469
0.03885157386,-0.8031650186,-0.9199044704
0.03885257386,-0.7994059324,-0.9171873927
0.03886257386,-0.7601044774,-0.8880523443
0.03886357386,-0.7560067177,-0.884943068
0.03887357386,-0.7134144902,-0.851959765
0.03887457386,-0.7089975476,-0.8484731317
0.03888457386,-0.6633179188,-0.811799109
0.03888557386,-0.658602953,-0.8079517484
0.03889557386,-0.6100540161,-0.7677620649
0.03889657386,-0.605063498,-0.7635723948
0.03890657386,-0.5538771749,-0.7200590372
0.03890757386,-0.5486348867,-0.7155469656
0.03891757386,-0.4950554967,-0.6689176559
0.03891857386,-0.4895865619,-0.6641048193
0.03892857386,-0.4338699877,-0.6145822406
0.03892957386,-0.4282004535,-0.6094915867
0.03893957386,-0.3706127405,-0.5573121905
0.03894057386,-0.3647696972,-0.5519680381
0.03895057386,-0.3055858016,-0.4973809719
0.03895157386,-0.2995971739,-0.4918088913
0.03896157386,-0.2390997112,-0.4350747764
0.03896257386,-0.2329940945,-0.4293013215
0.03897257386,-0.1714719236,-0.3706911206
0.03897357386,-0.1652784497,-0.3647438288
0.03898357386,-0.1030253544,-0.3045374155
0.03898457386,-0.09677360952,-0.2984447181
0.03899457386,-0.03408684582,-0.2369295359
0.03899557386,-0.02780667879,-0.23072052
0.03900557386,0.03501443192,-0.1681903154
0.03900657386,0.04129303247,-0.1618946493
0.03901657386,0.1039485112,-0.09864801168
0.03901757386,0.1101955697,-0.09229572862
0.03902757386,0.1723862439,-0.02863465808
0.03902857386,0.1785719246,-0.02225610614
0.03903857386,0.2400008291,0.0415154174
0.03903957386,0.2460955977,0.0478897877
0.03904957386,0.3064694107,0.1114672571
0.03905057386,0.3124441803,0.1178070009
0.03906057386,0.3714746237,0.1808868349
0.03906157386,0.3773008287,0.187161684
0.03907157386,0.4347060323,0.2494426817
0.03907257386,0.4403558671,0.255622685
0.03908257386,0.4958617091,0.3168074489
0.03908357386,0.5013082027,0.3228630722
0.03909357386,0.5546497107,0.3826594353
0.03909457386,0.5598668456,0.3885617852
0.03910457386,0.6107891798,0.4466842413
0.03910557386,0.6157521009,0.4524051249
0.03911557386,0.6640121937,0.5085760951
0.03911657386,0.6686971188,0.5140882134
0.03912657386,0.7140645385,0.5680395365
0.03912757386,0.7184491754,0.5733165741
0.03913757386,0.7607072592,0.6247906089
0.03913857386,0.764770627,0.6298072934
0.03914857386,0.8037176132,0.67855829
0.03914957386,0.8074402809,0.68329072
0.03915957386,0.842890203,0.7290858626
0.03916057386,0.846254468,0.7335114479
0.03917057386,0.8780380487,0.7761320472
0.03917157386,0.8810277581,0.7802296281
0.03918157386,0.9089931846,0.8194721937
0.03918257386,0.9115941525,0.8232222795
0.03919257386,0.9356079698,0.8588994145
0.03919357386,0.9378076792,0.8622840047
0.03920357386,0.957755208,0.894225359
0.03920457386,0.9595432281,0.8972283006
0.03921457386,0.9753291607,0.9252813458
0.03921557386,0.9766969681,0.9278883934
0.03922557386,0.9882459641,0.951919198
0.03922657386,0.9891870022,0.9541178346
0.03923657386,0.9964438677,0.9740116
0.03923757386,0.9969536662,0.9757913351
0.03924757386,0.9998838305,0.9914531112
0.03924857386,0.9999598265,0.9928054214
0.03925857386,0.9985492826,1.004160404
0.03926857386,0.9931979179,1.011552691
0.03927857386,0.9839268327,1.014953017
0.03928857386,0.9707726836,1.014347911
0.03929857386,0.9537873268,1.009739637
0.03930857386,0.9330377579,1.001146555
0.03931857386,0.9086059332,0.9886024594
0.03932857386,0.8805882931,0.9721568823
0.03932957386,0.8775934577,0.9702994823
0.03933957386,0.8457595706,0.9496378303
0.03934057386,0.8423904181,0.9473633766
0.03935057386,0.806892395,0.9225843549
0.03935157386,0.8031650186,0.919903636
0.03936157386,0.764172256,0.8911255598
0.03936257386,0.7601044774,0.888051331
0.03937257386,0.7178032398,0.8554116488
0.03937357386,0.7134144902,0.8519586325
0.03938357386,0.6680067778,0.8156131506
0.03938457386,0.6633179188,0.8117978573
0.03939457386,0.6150205135,0.7719201446
0.03939557386,0.6100540161,0.7677607536
0.03940557386,0.5590975285,0.7245411873
0.03940657386,0.5538771749,0.7200575471
0.03941657386,0.5005049109,0.673702538
0.03941757386,0.4950554967,0.6689161062
0.03942757386,0.4395223856,0.6196469665
0.03942857386,0.4338699877,0.6145806313
0.03943857386,0.3764411211,0.5626326203
0.03943957386,0.3706127405,0.557310462
0.03944957386,0.3115623593,0.5029316545
0.03945057386,0.3055858016,0.4973792136
0.03946057386,0.2451958954,0.4408292472
0.03946157386,0.2390997112,0.4350729585
0.03947157386,0.1776586175,0.3766218722
0.03947257386,0.1714719236,0.3706892133
0.03948257386,0.1092730314,0.3106161356
0.03948357386,0.1030253544,0.3045354784
0.03949357386,0.04036566615,0.2431272119
0.03949457386,0.03408684582,0.236927554
0.03950457386,-0.02873444743,0.1744773537
0.03950557386,-0.03501443192,0.1681883186
0.03951557386,-0.09769735485,0.104994379
0.03951657386,-0.1039485112,0.09864599258
0.03952657386,-0.1661937535,0.03501005471
0.03952757386,-0.1723862439,0.02863263339
0.03953757386,-0.2338965833,-0.03514143452
0.03953857386,-0.2400008291,-0.04151744395
0.03954857386,-0.3004825711,-0.1051251218
0.03954957386,-0.3064694107,-0.1114692688
0.03955957386,-0.3656337261,-0.1746068448
0.03956057386,-0.3714746237,-0.1808888316
0.03957057386,-0.4290390313,-0.2432547957
0.03957157386,-0.4347060323,-0.2494446486
0.03958157386,-0.4903956354,-0.3107412159
0.03958257386,-0.4958617091,-0.3168093562
0.03959257386,-0.5494106412,-0.3767438531
0.03959357386,-0.5546497107,-0.3826613128
0.03960357386,-0.6058021784,-0.4409475327
0.03960457386,-0.6107891798,-0.4466860592
0.03961457386,-0.6593010426,-0.5030456781
0.03961557386,-0.6640121937,-0.5085778832
0.03962557386,-0.7096517682,-0.562741816
0.03962657386,-0.7140645385,-0.568041265
0.03963657386,-0.7566139102,-0.6197508574
0.03963757386,-0.7607072592,-0.6247922182
0.03964757386,-0.7999632359,-0.6738005877
0.03964857386,-0.8037176132,-0.6785598397
0.03965857386,-0.8394926786,-0.7246329188
0.03965957386,-0.842890203,-0.7290872931
0.03966957386,-0.8750136495,-0.7720051408
0.03967057386,-0.8780380487,-0.7761333585
0.03968057386,-0.9063563943,-0.8156910539
0.03968157386,-0.9089931846,-0.8194734454
0.03969157386,-0.9333713055,-0.8554819822
0.03969257386,-0.9356079698,-0.858900547
0.03970257386,-0.9559293389,-0.8911880851
0.03970357386,-0.957755208,-0.8942263722
0.03971357386,-0.9739229083,-0.9226387143
0.03971457386,-0.9753291607,-0.9252822995
0.03972457386,-0.9872659445,-0.9496837854
0.03972557386,-0.9882459641,-0.9519199729
0.03973557386,-0.9958947897,-0.9721940756
0.03973657386,-0.9964438677,-0.9740122557
0.03974657386,-0.9997683167,-0.9900621772
0.03974757386,-0.9998838305,-0.9914536476
0.03975757386,-0.998867929,-1.003202796
0.03976757386,-0.9939098954,-1.010992885
0.03977757386,-0.985029459,-1.014793277
0.03978757386,-0.9722614884,-1.014588833
0.03979757386,-0.9556564689,-1.010380387
0.03980757386,-0.9352799058,-1.00218451
0.03981757386,-0.9112122059,-0.9900335073
0.03982757386,-0.8835483789,-0.97397542
0.03982857386,-0.8805882931,-0.9721564054
0.03983857386,-0.8490953445,-0.9518742561
0.03983957386,-0.8457595706,-0.9496372342
0.03984957386,-0.810587883,-0.9252279997
0.03985057386,-0.806892395,-0.9225836992
0.03986057386,-0.7682098746,-0.8941637874
0.03986157386,-0.764172256,-0.8911247849
0.03987157386,-0.7221637368,-0.8588299751
0.03987257386,-0.7178032398,-0.8554107547
0.03988257386,-0.6726691723,-0.8193952441
0.03988357386,-0.6680067778,-0.8156121373
0.03989357386,-0.6199626923,-0.7760478854
0.03989457386,-0.6150205135,-0.7719190121
0.03990457386,-0.5642958879,-0.7289949059
0.03990557386,-0.5590975285,-0.7245399356
0.03991557386,-0.5059345961,-0.6784610152
0.03991657386,-0.5005049109,-0.6737012267
0.03992657386,-0.4451574087,-0.6246874332
0.03992757386,-0.4395223856,-0.6196455956
0.03993757386,-0.3822546601,-0.567931056
0.03993857386,-0.3764411211,-0.5626311302
0.03994857386,-0.3175266087,-0.5084627271
0.03994957386,-0.3115623593,-0.5029301047
0.03995957386,-0.2512823939,-0.4465665221
0.03996057386,-0.2451958954,-0.4408276379
0.03997057386,-0.1838383079,-0.3825379908
0.03997157386,-0.1776586175,-0.3766202033
0.03998157386,-0.1155163944,-0.3166828454
0.03998257386,-0.1092730314,-0.3106144369
0.03999257386,-0.04664289206,-0.2493155152
0.03999357386,-0.04036566615,-0.2431254685
0.04000357386,0.02245333232,-0.1807577312
0.04000457386,0.02873444743,-0.1744755954
0.04001457386,0.09144233912,-0.1113368347
0.04001557386,0.09769735485,-0.1049925908
0.04002557386,0.1599947065,-0.04138430208
0.04002657386,0.1661937535,-0.03500826284
0.04003657386,0.2277831137,0.02876583487
0.04003757386,0.2338965833,0.03514323011
0.04004757386,0.2944838405,0.09877861291
0.04004857386,0.3004825711,0.1051269099
0.04005857386,0.359778434,0.168319717
0.04005957386,0.3656337261,0.1746086031
0.04006957386,0.4233550727,0.2370570898
0.04007057386,0.4290390313,0.2432565391
0.04008057386,0.4849101901,0.3046625257
0.04008157386,0.4903956354,0.3107429445
0.04009157386,0.5441498756,0.3708131909
0.04009257386,0.5494106412,0.376745522
0.04010257386,0.6007912755,0.4351932108
0.04010357386,0.6058021784,0.440949142
0.04011357386,0.6545639038,0.4974952042
0.04011457386,0.6593010426,0.5030472279
0.04012457386,0.7052109838,0.5574216843
0.04012557386,0.7096517682,0.5627433062
0.04013557386,0.7524906397,0.6146864295
0.04013657386,0.7566139102,0.6197522879
0.04014657386,0.7961772084,0.6690160632
0.04014757386,0.7999632359,0.673801899
0.04015757386,0.8360620737,0.7201511264
0.04015857386,0.8394926786,0.7246341705
0.04016857386,0.8719546795,0.767847538
0.04016957386,0.8750136495,0.7720062733
0.04017957386,0.9036837816,0.8118774295
0.04018057386,0.9063563943,0.8156920671
0.04019057386,0.9310977459,0.8520306349
0.04019157386,0.9333713055,0.8554829359
0.04020157386,0.9540657997,0.888115406
0.04020257386,0.9559293389,0.8911888599
0.04021257386,0.9724781513,0.9199594259
0.04021357386,0.9739229083,0.9226394296
0.04022357386,0.9862469435,0.9474106431
0.04022457386,0.9872659445,0.9496843219
0.04023457386,0.9953064322,0.9703379869
0.04023557386,0.9958947897,0.9721945524
0.04024557386,0.9996133447,0.9886319637
0.04024657386,0.9997683167,0.9900625348
0.04025657386,0.9991470575,1.002205253
0.04026657386,0.994582653,1.010392904
0.04027657386,0.9860931039,1.014593244
0.04028657386,0.9737119079,1.014789462
0.04029657386,0.9574878812,1.010980964
0.04030657386,0.9374850988,1.00318265
0.04031657386,0.9137824774,0.9914252758
0.04032657386,0.8864735961,0.9757552743
0.04032757386,0.8835483789,0.9739747643
0.04033757386,0.8523976207,0.9540728927
0.04033857386,0.8490953445,0.9518734813
0.04034857386,0.8142514229,0.927834928
0.04034957386,0.810587883,0.9252271056
0.04035957386,0.7722172141,0.8971665502
0.04036057386,0.7682098746,0.8941628337
0.04037057386,0.7264956236,0.8622142076
0.04037157386,0.7221637368,0.8588289022
0.04038157386,0.6773051023,0.8231447935
0.04038257386,0.6726691723,0.819394052
0.04039257386,0.6248804331,0.7801448703
0.04039357386,0.6199626923,0.7760465741
0.04040357386,0.5694719553,0.7334197164
0.04040457386,0.5642958879,0.728993535
0.04041457386,0.511344254,0.6831925511
0.04041557386,0.5059345961,0.6784595251
0.04042557386,0.4507748783,0.6297031045
0.04042657386,0.4451574087,0.6246858835
0.04043657386,0.3880530894,0.5732068419
0.04043757386,0.3822546601,0.5679293871
0.04044757386,0.3234783411,0.5139735341
0.04044857386,0.3175266087,0.5084610581
0.04045857386,0.2573589683,0.4522860348
0.04045957386,0.2512823939,0.4465647638
0.04046957386,0.1900107414,0.3884388506
0.04047057386,0.1838383079,0.3825361729
0.04048057386,0.1217551976,0.3227368593
0.04048157386,0.1155163944,0.3166809678
0.04049157386,0.05291827396,0.2554938197
0.04049257386,0.04664289206,0.2493136227
0.04050257386,-0.01617132872,0.187030822
0.04050357386,-0.02245333232,0.1807558089
0.04051357386,-0.08518371731,0.1176747307
0.04051457386,-0.09144233912,0.1113348901
0.04052457386,-0.1537893564,0.04775675759
0.04052557386,-0.1599947065,0.04138235375
0.04053557386,-0.2216606438,-0.02238925174
0.04053657386,-0.2277831137,-0.02876778319
0.04054657386,-0.2884735167,-0.09242834896
0.04054757386,-0.2944838405,-0.09878055006
0.04055757386,-0.3539089262,-0.1620261073
0.04055857386,-0.359778434,-0.1683216393
0.04056857386,-0.4176544249,-0.230850175
0.04056957386,-0.4233550727,-0.2370589823
0.04057957386,-0.4794056118,-0.2985719442
0.04058057386,-0.4849101901,-0.3046643734
0.04059057386,-0.5388676524,-0.3648680151
0.04059157386,-0.5441498756,-0.3708150089
0.04060157386,-0.59575665,-0.4294218719
0.04060257386,-0.6007912755,-0.435194999
0.04061257386,-0.649800837,-0.4919252098
0.04061357386,-0.6545639038,-0.4974969029
0.04062357386,-0.7007423043,-0.552079618
0.04062457386,-0.7052109838,-0.5574232936
0.04063457386,-0.7483376861,-0.6095978618
0.04063557386,-0.7524906397,-0.6146879792
0.04064557386,-0.7923598289,-0.6642052531
0.04064657386,-0.7961772084,-0.6690175533
0.04065657386,-0.8325983882,-0.7156410813
0.04065757386,-0.8360620737,-0.7201525569
0.04066757386,-0.8688613772,-0.7636597753
0.04066857386,-0.8719546795,-0.7678487897
0.04067857386,-0.9009754658,-0.8080319166
0.04067957386,-0.9036837816,-0.8118786216
0.04068957386,-0.9287874699,-0.8485457897
0.04069057386,-0.9310977459,-0.8520317078
0.04070057386,-0.9521645308,-0.8850077987
0.04070157386,-0.9540657997,-0.8881163597
0.04071157386,-0.9709950089,-0.9172439575
0.04071257386,-0.9724781513,-0.9199602604
0.04072257386,-0.9851890206,-0.9451002479
0.04072357386,-0.9862469435,-0.9474113584
0.04073357386,-0.9946787357,-0.9684436917
0.04073457386,-0.9953064322,-0.970338583
0.04074457386,-0.9994188547,-0.9871628284
0.04074557386,-0.9996133447,-0.9886324406
0.04075557386,-0.9993867874,-1.001168251
0.04076557386,-0.9952161908,-1.009753227
0.04077557386,-0.9871178865,-1.014353275
0.04078557386,-0.9751238823,-1.014950275
0.04079557386,-0.9592815042,-1.011541724
0.04080557386,-0.9396532774,-1.004141331
0.04081557386,-0.9163166881,-0.9927780032
0.04082557386,-0.8893638253,-0.9774967432
0.04082657386,-0.8864735961,-0.9757547379
0.04083657386,-0.8556662202,-0.9562340379
0.04083757386,-0.8523976207,-0.9540722966
0.04084757386,-0.8178827763,-0.9304053187
0.04084857386,-0.8142514229,-0.9278341532
0.04085857386,-0.7761939764,-0.9001339674
0.04085957386,-0.7722172141,-0.8971656561
0.04086957386,-0.7307989001,-0.8655644655
0.04087057386,-0.7264956236,-0.862213254
0.04088057386,-0.6819142699,-0.826861918
0.04088157386,-0.6773051023,-0.8231437206
0.04089157386,-0.629773438,-0.7842110991
0.04089257386,-0.6248804331,-0.7801436782
0.04090257386,-0.5746254921,-0.7378156781
0.04090357386,-0.5694719553,-0.7334184647
0.04091357386,-0.516733706,-0.6878972054
0.04091457386,-0.511344254,-0.6831911802
0.04092457386,-0.4563745558,-0.6346940398
0.04092557386,-0.4507748783,-0.629701674
0.04093557386,-0.3938362002,-0.5784601569
0.04093657386,-0.3880530894,-0.5732053518
0.04094657386,-0.3294172883,-0.5194641948
0.04094757386,-0.3234783411,-0.5139719844
0.04095757386,-0.2634254098,-0.4579877853
0.04095857386,-0.2573589683,-0.4522843659
0.04096857386,-0.1961756647,-0.3943244517
0.04096957386,-0.1900107414,-0.3884371221
0.04097957386,-0.1279891878,-0.3287782669
0.04098057386,-0.1217551976,-0.3227351308
0.04099057386,-0.05919156969,-0.2616621554
0.04099157386,-0.05291827396,-0.2554920316
0.04100157386,0.009888687171,-0.1932966113
0.04100257386,0.01617132872,-0.1870290041
0.04101257386,0.07892172784,-0.1240080893
0.04101357386,0.08518371731,-0.1176728979
0.04102357386,0.1475779116,-0.05412742868
0.04102457386,0.1537893564,-0.04775490984
0.04103457386,0.2155294269,0.016011687
0.04103557386,0.2216606438,0.02239110135
0.04104557386,0.2824517787,0.08607434481
0.04104657386,0.2884735167,0.0924301967
0.04105657386,0.3480254412,0.1557259858
0.04105757386,0.3539089262,0.1620279253
0.04106757386,0.4119372666,0.2246340513
0.04106857386,0.4176544249,0.2308519781
0.04107857386,0.4738821089,0.2924694717
0.04107957386,0.4794056118,0.2985737026
0.04108957386,0.5335641503,0.3589083552
0.04109057386,0.5388676524,0.3648697436
0.04110057386,0.5906984806,0.4236334562
0.04110157386,0.59575665,0.4294235408
0.04111157386,0.6450121999,0.4863357246
0.04111257386,0.649800837,0.4919268191
0.04112257386,0.6962459683,0.5467157364
0.04112357386,0.7007423043,0.5520811677
0.04113357386,0.7441552281,0.6044851542
0.04113457386,0.7483376861,0.6095993519
0.04114457386,0.7885110974,0.6593681574
0.04114557386,0.7923598289,0.6642066836
0.04115557386,0.8291018605,0.7111027241
0.04115657386,0.8325983882,0.7156423926
0.04116657386,0.8657336831,0.7594417334
0.04116757386,0.8688613772,0.7636609674
0.04117757386,0.8982316256,0.8041544557
0.04117857386,0.9009754658,0.8080330491
0.04118857386,0.926440537,0.8450273275
0.04118957386,0.9287874699,0.848546803
0.04119957386,0.9502257109,0.8818652034
0.04120057386,0.9521645308,0.8850086927
0.04121057386,0.9694735408,0.9144921899
0.04121157386,0.9709950089,0.9172447324
0.04122157386,0.984092176,0.9427524805
0.04122257386,0.9851890206,0.9451009035
0.04123257386,0.9940117598,0.9665111303
0.04123357386,0.9946787357,0.9684442282
0.04124357386,0.9991849661,0.9856546521
0.04124457386,0.9994188547,0.9871632457
0.04125457386,0.999587059,1.000091791
0.04126457386,0.9958103895,1.009073496
0.04127457386,0.9881036282,1.014073133
0.04128457386,0.9764973521,1.015070796
0.04129457386,0.9610372186,1.01206255
0.04130457386,0.9417843819,1.005060196
0.04131457386,0.9188147187,0.9940915108
0.04132457386,0.8922188878,0.9791995883
0.04132557386,0.8893638253,0.9774961472
0.04133557386,0.8589010239,0.9583572745
0.04133657386,0.8556662202,0.9562333226
0.04134657386,0.8214818835,0.9329389334
0.04134757386,0.8178827763,0.9304045439
0.04135757386,0.7801401615,0.9030658007
0.04135857386,0.7761939764,0.9001330733
0.04136857386,0.735073328,0.8688805699
0.04136957386,0.7307989001,0.8655634522
0.04137957386,0.6864964962,0.8305463791
0.04138057386,0.6819142699,0.8268607855
0.04139057386,0.6346416473,0.7882463336
0.04139157386,0.629773438,0.7842099071
0.04140157386,0.5797563791,0.7421824336
0.04140257386,0.5746254921,0.7378143668
0.04141257386,0.5221028328,0.6925746799
0.04141357386,0.516733706,0.6878957748
0.04142357386,0.461956203,0.639659822
0.04142457386,0.4563745558,0.6346924901
0.04143457386,0.3996037841,0.5836905837
0.04143557386,0.3938362002,0.5784586072
0.04144557386,0.3353432417,0.5249342322
0.04144657386,0.3294172883,0.5194625258
0.04145657386,0.2694814205,0.4636713564
0.04145757386,0.2634254098,0.4579860568
0.04146757386,0.2023328394,0.4001944661
0.04146857386,0.1961756647,0.3943226933
0.04147857386,0.1342181265,0.3348066211
0.04147957386,0.1279891878,0.328776449
0.04148957386,0.06546252966,0.2678200901
0.04149057386,0.05919156969,0.2616603076
0.04150057386,-0.003605654929,0.1995547265
0.04150157386,-0.009888687171,0.1932947338
0.04151157386,-0.07265662402,0.1303364784
0.04151257386,-0.07892172784,0.1240061894
0.04152257386,-0.1413606554,0.06049589813
0.04152357386,-0.1475779116,0.05412551761
0.04153357386,-0.2093897015,-0.009633553214
0.04153457386,-0.2155294269,-0.01601359993
0.04154457386,-0.2764188945,-0.07971700281
0.04154557386,-0.2824517787,-0.08607625216
0.04155557386,-0.3421282172,-0.1494197994
0.04155657386,-0.3480254412,-0.1557278782
0.04156657386,-0.406203866,-0.218409121
0.04156757386,-0.4119372666,-0.224635914
0.04157757386,-0.4683398902,-0.2863555253
0.04157857386,-0.4738821089,-0.2924713194
0.04158857386,-0.5282396078,-0.3529345989
0.04158957386,-0.5335641503,-0.3589101434
0.04159957386,-0.5856170058,-0.4178283811
0.04160057386,-0.5906984806,-0.4236352146
0.04161057386,-0.6401980519,-0.4807270765
0.04161157386,-0.6450121999,-0.4863373935
0.04162157386,-0.6917221546,-0.5413302779
0.04162257386,-0.6962459683,-0.5467173457
0.04163257386,-0.7399433255,-0.5993486047
0.04163357386,-0.7441552281,-0.6044867039
0.04164357386,-0.7846313119,-0.654505074
0.04164457386,-0.7885110974,-0.6593696475
0.04165457386,-0.8255726099,-0.706536293
0.04165557386,-0.8291018605,-0.711104095
0.04166557386,-0.8625718355,-0.7551938295
0.04166657386,-0.8657336831,-0.7594430447
0.04167657386,-0.8954523206,-0.800245285
0.04167757386,-0.8982316256,-0.8041556478
0.04168757386,-0.9240570068,-0.8414755464
0.04168857386,-0.926440537,-0.8450284004
0.04169857386,-0.9482493401,-0.878687799
0.04169957386,-0.9502257109,-0.8818661571
0.04170957386,-0.9679138064,-0.9117043614
0.04171057386,-0.9694735408,-0.9144930243
0.04172057386,-0.9829564691,-0.9403675199
0.04172157386,-0.984092176,-0.9427531958
0.04173157386,-0.9933055639,-0.964540422
0.04173257386,-0.9940117598,-0.9665117264
0.04174257386,-0.9989116192,-0.9841076136
0.04174357386,-0.9991849661,-0.985655129
0.04175357386,-0.9997478724,-0.9989757538
0.04176357386,-0.9963652492,-1.008354068
0.04177357386,-0.9890504479,-1.013753057
0.04178357386,-0.9778322577,-1.015151381
0.04179357386,-0.962755084,-1.01254344
0.04180357386,-0.943878293,-1.005939603
0.04181357386,-0.9212764502,-0.9953657389
0.04182357386,-0.8950387836,-0.98086375
0.04182457386,-0.8922188878,-0.9791990519
0.04183457386,-0.8621019125,-0.9604427814
0.04183557386,-0.8589010239,-0.9583566785
0.04184557386,-0.8250485063,-0.9354357719
0.04184657386,-0.8214818835,-0.9329381585
0.04185657386,-0.784055531,-0.90596205
0.04185757386,-0.7801401615,-0.9030649662
0.04186757386,-0.7393186688,-0.8721623421
0.04186857386,-0.735073328,-0.8688795567
0.04187857386,-0.6910516024,-0.8341980577
0.04187957386,-0.6864964962,-0.8305453062
0.04188957386,-0.6394847631,-0.792250514
0.04189057386,-0.6346416473,-0.7882452011
0.04190057386,-0.584864378,-0.7465199828
0.04190157386,-0.5797563791,-0.7421811819
0.04191157386,-0.5274512768,-0.6972247958
0.04191257386,-0.5221028328,-0.6925733089
0.04192257386,-0.4675196409,-0.6446003914
0.04192357386,-0.461956203,-0.6396583319
0.04193357386,-0.4053555727,-0.5888980031
0.04193457386,-0.3996037841,-0.583689034
0.04194457386,-0.341255933,-0.5303836465
0.04194557386,-0.3353432417,-0.5249326229
0.04195557386,-0.2755267918,-0.4693366885
0.04195657386,-0.2694814205,-0.4636696875
0.04196657386,-0.208482042,-0.4060486853
0.04196757386,-0.2023328394,-0.4001927376
0.04197757386,-0.1404417753,-0.3408218026
0.04197857386,-0.1342181265,-0.3348048627
0.04198857386,-0.07173090428,-0.2739674747
0.04198957386,-0.06546252966,-0.2678182721
0.04199957386,-0.00267751934,-0.2058049887
0.04200057386,0.003605654929,-0.1995528787
0.04201057386,0.06638865173,-0.1366597712
0.04201157386,0.07265662402,-0.1303346306
0.04202157386,0.1351378113,-0.06686202437
0.04202257386,0.1413606554,-0.06049402803
0.04203257386,0.2032417059,0.003254998475
0.04203357386,0.2093897015,0.009635426104
0.04204357386,0.2703751028,0.07335647196
0.04204457386,0.2764188945,0.07971886545
0.04205457386,0.3362174928,0.1431076676
0.04205557386,0.3421282172,0.1494216472
0.04206557386,0.400454402,0.2121755183
0.04206657386,0.406203866,0.218410939
0.04207657386,0.4627791941,0.2802302241
0.04207757386,0.4683398902,0.2863573134
0.04208757386,0.5228942037,0.3469468355
0.04208857386,0.5282396078,0.3529363573
0.04209857386,0.5805124044,0.4120067954
0.04209957386,0.5856170058,0.4178301096
0.04210957386,0.6353586316,0.4750994146
0.04211057386,0.6401980519,0.4807287157
0.04212057386,0.687171042,0.5359234214
0.04212157386,0.6917221546,0.5413318276
0.04213157386,0.7357022762,0.5941883922
0.04213257386,0.7399433255,0.5993501544
0.04214257386,0.7807204723,0.6496161222
0.04214357386,0.7846313119,0.6545065045
0.04215357386,0.8220107555,0.701941967
0.04215457386,0.8255726099,0.7065376639
0.04216457386,0.8593759537,0.7509160042
0.04216557386,0.8625718355,0.7551950812
0.04217557386,0.89263767,0.7963044643
0.04217657386,0.8954523206,0.8002464175
0.04218657386,0.9216369987,0.8378905654
0.04218757386,0.9240570068,0.8414766192
0.04219757386,0.9462355971,0.8754757047
0.04219857386,0.9482493401,0.8786887527
0.04220857386,0.9663158655,0.9088805318
0.04220957386,0.9679138064,0.9117051959
0.04221957386,0.9817820191,0.9379453659
0.04222057386,0.9829564691,0.9403681755
0.04223057386,0.9925601482,0.9625315666
0.04223157386,0.9933055639,0.9645409584
0.04224157386,0.9985988736,0.9825217128
0.04224257386,0.9989116192,0.9841080904
0.04225257386,0.9998692274,0.9978203177
0.04226257386,0.9968808293,1.007594824
0.04227257386,0.9899581671,1.013392925
0.04228257386,0.9791285992,1.015191793
0.04229257386,0.9644348621,1.012984276
0.04230257386,0.9459349513,1.006779075
0.04231257386,0.9237018228,0.9966006875
0.04232257386,0.8978233337,0.9824892282
0.04232357386,0.8950387836,0.9808632135
0.04233357386,0.8652687669,0.9624903202
0.04233457386,0.8621019125,0.9604421258
0.04234457386,0.8285825849,0.937895596
0.04234557386,0.8250485063,0.9354349971
0.04235557386,0.7879399657,0.9088224769
0.04235657386,0.784055531,0.9059611559
0.04236657386,0.743534863,0.8754096627
0.04236757386,0.7393186688,0.8721613288
0.04237757386,0.6955794692,0.8378168344
0.04237857386,0.6910516024,0.8341969848
0.04238857386,0.6443026662,0.796223402
0.04238957386,0.6394847631,0.7922493219
0.04239957386,0.5899493098,0.7508279681
0.04240057386,0.584864378,0.7465186715
0.04241057386,0.5327789783,0.7018473744
0.04241157386,0.5274512768,0.6972234249
0.04242157386,0.4730646014,0.64951545
0.04242257386,0.4675196409,0.6445989013
0.04243257386,0.4110913575,0.5940821171
0.04243357386,0.4053555727,0.5888964534
0.04244357386,0.3471551538,0.5358120203
0.04244457386,0.341255933,0.5303820372
0.04245457386,0.2815613151,0.4749834836
0.04245557386,0.2755267918,0.4693350196
0.04246557386,0.2146230042,0.4118868709
0.04246657386,0.208482042,0.406046927
0.04247657386,0.1466598809,0.3468234837
0.04247757386,0.1404417753,0.3408200145
0.04248757386,0.07799644768,0.2801040411
0.04248857386,0.07173090428,0.2739656568
0.04249857386,0.008960587904,0.2120471001
0.04249957386,0.00267751934,0.2058031261
0.04250957386,-0.06011805683,0.1429776549
0.04251057386,-0.06638865173,0.1366578937
0.04252057386,-0.1289096475,0.07322547585
0.04252157386,-0.1351378113,0.06686012447
0.04253157386,-0.1970856786,0.003123658709
0.04253257386,-0.2032417059,-0.003256897675
0.04254257386,-0.2643206418,-0.06699307263
0.04254357386,-0.2703751028,-0.0733583644
0.04255357386,-0.3302934766,-0.136789903
0.04255457386,-0.3362174928,-0.1431095451
0.04256457386,-0.3946891725,-0.2059335709
0.04256557386,-0.400454402,-0.2121773809
0.04257557386,-0.4572001994,-0.2740938962
0.04257657386,-0.4627791941,-0.2802320719
0.04258657386,-0.5175281167,-0.3409454226
0.04258757386,-0.5228942037,-0.3469486237
0.04259757386,-0.5753848553,-0.4061689377
0.04259857386,-0.5805124044,-0.4120085239
0.04260857386,-0.6304941177,-0.469453007
0.04260957386,-0.6353586316,-0.4751010835
0.04261957386,-0.6825928092,-0.5304954648
0.04262057386,-0.687171042,-0.5359250307
0.04263057386,-0.7314321399,-0.589004755
0.04263157386,-0.7357022762,-0.5941899419
0.04264157386,-0.7767788768,-0.6447015405
0.04264257386,-0.7807204723,-0.6496176124
0.04265257386,-0.8184164762,-0.6973199248
0.04265357386,-0.8220107555,-0.7019433379
0.04266357386,-0.8561461568,-0.7466086149
0.04266457386,-0.8593759537,-0.7509173155
0.04267457386,-0.8897877336,-0.792332232
0.04267557386,-0.89263767,-0.7963056564
0.04268557386,-0.9191806316,-0.8342725039
0.04268657386,-0.9216369987,-0.8378916383
0.04269657386,-0.9441844225,-0.8722290993
0.04269757386,-0.9462355971,-0.8754767179
0.04270757386,-0.9646797776,-0.9060208201
0.04270857386,-0.9663158655,-0.9088813663
0.04271857386,-0.9805687666,-0.9354862571
0.04271957386,-0.9817820191,-0.9379461408
0.04272957386,-0.9917755723,-0.9604848027
0.04273057386,-0.9925601482,-0.9625322223
0.04274057386,-0.9982466698,-0.9808970094
0.04274157386,-0.9985988736,-0.9825221896
0.04275157386,-0.9999511242,-0.996625483
0.04276157386,-0.9973570108,-1.006795764
0.04277157386,-0.9908267856,-1.012992859
0.04278157386,-0.9803862572,-1.01519227
0.04279157386,-0.9660766125,-1.013385296
0.04280157386,-0.9479542375,-1.007578969
0.04281157386,-0.9260907769,-0.9977963567
0.04282157386,-0.9005724192,-0.9840759039
0.04283157386,-0.871499896,-0.9664718509
0.04283257386,-0.8684014678,-0.964499712
0.04284257386,-0.8355525136,-0.9427045584
0.04284357386,-0.8320839405,-0.940318048
0.04285357386,-0.7956153154,-0.9144359231
0.04285457386,-0.7917932272,-0.9116464853
0.04286457386,-0.7518790364,-0.88180089
0.04286557386,-0.7477217317,-0.8786218166
0.04287557386,-0.7045525908,-0.8449552059
0.04287657386,-0.7000798583,-0.8414016962
0.04288657386,-0.6538619399,-0.8040749431
0.04288757386,-0.649095118,-0.8001639247
0.04289757386,-0.6000490785,-0.7593551874
0.04289857386,-0.5950109363,-0.7551053762
0.04290857386,-0.5433709621,-0.711009562
0.04290957386,-0.5380855799,-0.706441164
0.04291957386,-0.4840982854,-0.659268856
0.04292057386,-0.4785908759,-0.6544037461
0.04293057386,-0.4225140214,-0.6043801308
0.04293157386,-0.4168109298,-0.5992415547
0.04294157386,-0.3589122891,-0.5466054678
0.04294257386,-0.3530406952,-0.5412179828
0.04295257386,-0.2935967445,-0.4862208068
0.04295357386,-0.2875846922,-0.4806100726
0.04296357386,-0.2268792689,-0.4235144556
0.04296457386,-0.2207555026,-0.4177072942
0.04297457386,-0.1590784639,-0.3587858081
0.04297557386,-0.1528721899,-0.3528099656
0.04298557386,-0.0905180499,-0.2923440039
0.04298657386,-0.08425891399,-0.2862279713
0.04299657386,-0.02152541652,-0.2245062292
0.04299757386,-0.01524330303,-0.2182792425
0.04300757386,0.04757000133,-0.15559645
0.04300857386,0.05384509265,-0.1492882371
0.04301857386,0.1164382696,-0.08594370633
0.04301957386,0.12267638,-0.07958438993
0.04302957386,0.1847505569,-0.0158805903
0.04303057386,0.1909218878,-0.009500532411
0.04304057386,0.2521806359,0.05425835401
0.04304157386,0.2582557499,0.0606286861
0.04305157386,0.3184065819,0.1241382137
0.04305257386,0.3243564367,0.1304683983
0.04306257386,0.3831121325,0.1934252977
0.04306357386,0.3889083266,0.1996851265
0.04307357386,0.4459883273,0.2617887855
0.04307457386,0.4516031742,0.2679483593
0.04308457386,0.5067349672,0.3289022446
0.04308557386,0.512141645,0.3349321187
0.04309557386,0.5650618672,0.3944451809
0.04309657386,0.5702346563,0.400316596
0.04310657386,0.6206907034,0.4581046402
0.04310757386,0.6256047487,0.4637895525
0.04311757386,0.6733556986,0.5195766091
0.04311857386,0.6779876351,0.5250478983
0.04312857386,0.7228054404,0.5785676837
0.04312957386,0.7271331549,0.5837991834
0.04313957386,0.7688037753,0.6347960234
0.04314057386,0.7728065848,0.6397628188
0.04315057386,0.8111310601,0.687993288
0.04315157386,0.8147898912,0.6926715374
0.04316157386,0.8495852947,0.7379053235
0.04316257386,0.8528825641,0.7422727942
0.04317257386,0.8839826584,0.78429389
0.04317357386,0.8869027495,0.7883297205
0.04318357386,0.9141591191,0.8269374967
0.04318457386,0.9166879654,0.830622375
0.04319457386,0.9399704337,0.8656324148
0.04319557386,0.9420960546,0.8689488173
0.04320557386,0.9612933993,0.9001939893
0.04320657386,0.9630056024,0.9031260014
0.04321657386,0.9780262113,0.9304571152
0.04321757386,0.9793168306,0.9329907894
0.04322757386,0.9900889397,0.9562773705
0.04322857386,0.9909518361,0.9584005475
0.04323857386,0.9974240065,0.9775313735
0.04323957386,0.9978550076,0.9792339206
0.04324957386,0.9999964237,0.9941176772
0.04325957386,0.9981912971,1.005078316
0.04326957386,0.9924467206,1.012072444
0.04327957386,0.9827854633,1.015072584
0.04328957386,0.969245553,1.014066815
0.04329957386,0.9518805146,1.009059072
0.04330957386,0.9307588339,1.000069141
0.04331957386,0.9059638381,0.9871324897
0.04332957386,0.8775934577,0.9703000784
0.04333057386,0.8745639324,0.9684043527
0.04334057386,0.8423904181,0.9473640323
0.04334157386,0.8389880061,0.9450521469
0.04335157386,0.8031650186,0.9199044704
0.04335257386,0.7994059324,0.9171873927
0.04336257386,0.7601044774,0.8880523443
0.04336357386,0.7560067177,0.884943068
0.04337357386,0.7134144902,0.851959765
0.04337457386,0.7089975476,0.8484731317
0.04338457386,0.6633179188,0.811799109
0.04338557386,0.658602953,0.8079517484
0.04339557386,0.6100540161,0.7677620649
0.04339657386,0.605063498,0.7635723948
0.04340657386,0.5538771749,0.7200590372
0.04340757386,0.5486348867,0.7155469656
0.04341757386,0.4950554967,0.6689176559
0.04341857386,0.4895865619,0.6641048193
0.04342857386,0.4338699877,0.6145822406
0.04342957386,0.4282004535,0.6094915867
0.04343957386,0.3706127405,0.5573121905
0.04344057386,0.3647696972,0.5519680381
0.04345057386,0.3055858016,0.4973809719
0.04345157386,0.2995971739,0.4918088913
0.04346157386,0.2390997112,0.4350747764
0.04346257386,0.2329940945,0.4293013215
0.04347257386,0.1714719236,0.3706911206
0.04347357386,0.1652784497,0.3647438288
0.04348357386,0.1030253544,0.3045374155
0.04348457386,0.09677360952,0.2984447181
0.04349457386,0.03408684582,0.2369295359
0.04349557386,0.02780667879,0.23072052
0.04350557386,-0.03501443192,0.1681903154
0.04350657386,-0.04129303247,0.1618946493
0.04351657386,-0.1039485112,0.09864801168
0.04351757386,-0.1101955697,0.09229572862
0.04352757386,-0.1723862439,0.02863465808
0.04352857386,-0.1785719246,0.02225610614
0.04353857386,-0.2400008291,-0.0415154174
0.04353957386,-0.2460955977,-0.0478897877
0.04354957386,-0.3064694107,-0.1114672571
0.04355057386,-0.3124441803,-0.1178070009
0.04356057386,-0.3714746237,-0.1808868349
0.04356157386,-0.3773008287,-0.187161684
0.04357157386,-0.4347060323,-0.2494426817
0.04357257386,-0.4403558671,-0.255622685
0.04358257386,-0.4958617091,-0.3168074489
0.04358357386,-0.5013082027,-0.3228630722
0.04359357386,-0.5546497107,-0.3826594353
0.04359457386,-0.5598668456,-0.3885617852
0.04360457386,-0.6107891798,-0.4466842413
0.04360557386,-0.6157521009,-0.4524051249
0.04361557386,-0.6640121937,-0.5085760951
0.04361657386,-0.6686971188,-0.5140882134
0.04362657386,-0.7140645385,-0.5680395365
0.04362757386,-0.7184491754,-0.5733165741
0.04363757386,-0.7607072592,-0.6247906089
0.04363857386,-0.764770627,-0.6298072934
0.04364857386,-0.8037176132,-0.67855829
0.04364957386,-0.8074402809,-0.68329072
0.04365957386,-0.842890203,-0.7290858626
0.04366057386,-0.846254468,-0.7335114479
0.04367057386,-0.8780380487,-0.7761320472
0.04367157386,-0.8810277581,-0.7802296281
0.04368157386,-0.9089931846,-0.8194721937
0.04368257386,-0.9115941525,-0.8232222795
0.04369257386,-0.9356079698,-0.8588994145
0.04369357386,-0.9378076792,-0.8622840047
0.04370357386,-0.957755208,-0.894225359
0.04370457386,-0.9595432281,-0.8972283006
0.04371457386,-0.9753291607,-0.9252813458
0.04371557386,-0.9766969681,-0.9278883934
0.04372557386,-0.9882459641,-0.951919198
0.04372657386,-0.9891870022,-0.9541178346
0.04373657386,-0.9964438677,-0.9740116
0.04373757386,-0.9969536662,-0.9757913351
0.04374757386,-0.9998838305,-0.9914531112
0.04374857386,-0.9999598265,-0.9928054214
0.04375857386,-0.9985492826,-1.004160404
0.04376857386,-0.9931979179,-1.011552691
0.04377857386,-0.9839268327,-1.014953017
0.04378857386,-0.9707726836,-1.014347911
0.04379857386,-0.9537873268,-1.009739637
0.04380857386,-0.9330377579,-1.001146555
0.04381857386,-0.9086059332,-0.9886024594
0.04382857386,-0.8805882931,-0.9721568823
0.04382957386,-0.8775934577,-0.9702994823
0.04383957386,-0.8457595706,-0.9496378303
0.04384057386,-0.8423904181,-0.9473633766
0.04385057386,-0.806892395,-0.9225843549
0.04385157386,-0.8031650186,-0.919903636
0.04386157386,-0.764172256,-0.8911255598
0.04386257386,-0.7601044774,-0.888051331
0.04387257386,-0.7178032398,-0.8554116488
0.04387357386,-0.7134144902,-0.8519586325
0.04388357386,-0.6680067778,-0.8156131506
0.04388457386,-0.6633179188,-0.8117978573
0.04389457386,-0.6150205135,-0.7719201446
0.04389557386,-0.6100540161,-0.7677607536
0.04390557386,-0.5590975285,-0.7245411873
0.04390657386,-0.5538771749,-0.7200575471
0.04391657386,-0.5005049109,-0.673702538
0.04391757386,-0.4950554967,-0.6689161062
0.04392757386,-0.4395223856,-0.6196469665
0.04392857386,-0.4338699877,-0.6145806313
0.04393857386,-0.3764411211,-0.5626326203
0.04393957386,-0.3706127405,-0.557310462
0.04394957386,-0.3115623593,-0.5029316545
0.04395057386,-0.3055858016,-0.4973792136
0.04396057386,-0.2451958954,-0.4408292472
0.04396157386,-0.2390997112,-0.4350729585
0.04397157386,-0.1776586175,-0.3766218722
0.04397257386,-0.1714719236,-0.3706892133
0.04398257386,-0.1092730314,-0.3106161356
0.04398357386,-0.1030253544,-0.3045354784
0.04399357386,-0.04036566615,-0.2431272119
0.04399457386,-0.03408684582,-0.236927554
0.04400457386,0.02873444743,-0.1744773537
0.04400557386,0.03501443192,-0.1681883186
0.04401557386,0.09769735485,-0.104994379
0.04401657386,0.1039485112,-0.09864599258
0.04402657386,0.1661937535,-0.03501005471
0.04402757386,0.1723862439,-0.02863263339
0.04403757386,0.2338965833,0.03514143452
0.04403857386,0.2400008291,0.04151744395
0.04404857386,0.3004825711,0.1051251218
0.04404957386,0.3064694107,0.1114692688
0.04405957386,0.3656337261,0.1746068448
0.04406057386,0.3714746237,0.1808888316
0.04407057386,0.4290390313,0.2432547957
0.04407157386,0.4347060323,0.2494446486
0.04408157386,0.4903956354,0.3107412159
0.04408257386,0.4958617091,0.3168093562
0.04409257386,0.5494106412,0.3767438531
0.04409357386,0.5546497107,0.3826613128
0.04410357386,0.6058021784,0.4409475327
0.04410457386,0.6107891798,0.4466860592
0.04411457386,0.6593010426,0.5030456781
0.04411557386,0.6640121937,0.5085778832
0.04412557386,0.7096517682,0.562741816
0.04412657386,0.7140645385,0.568041265
0.04413657386,0.7566139102,0.6197508574
0.04413757386,0.7607072592,0.6247922182
0.04414757386,0.7999632359,0.6738005877
0.04414857386,0.8037176132,0.6785598397
0.04415857386,0.8394926786,0.7246329188
0.04415957386,0.842890203,0.7290872931
0.04416957386,0.8750136495,0.7720051408
0.04417057386,0.8780380487,0.7761333585
0.04418057386,0.9063563943,0.8156910539
0.04418157386,0.9089931846,0.8194734454
0.04419157386,0.9333713055,0.8554819822
0.04419257386,0.9356079698,0.858900547
0.04420257386,0.9559293389,0.8911880851
0.04420357386,0.957755208,0.8942263722
0.04421357386,0.9739229083,0.9226387143
0.04421457386,0.9753291607,0.9252822995
0.04422457386,0.9872659445,0.9496837854
0.04422557386,0.9882459641,0.9519199729
0.04423557386,0.9958947897,0.9721940756
0.04423657386,0.9964438677,0.9740122557
0.04424657386,0.9997683167,0.9900621772
0.04424757386,0.9998838305,0.9914536476
0.04425757386,0.998867929,1.003202796
0.04426757386,0.9939098954,1.010992885
0.04427757386,0.985029459,1.014793277
0.04428757386,0.9722614884,1.014588833
0.04429757386,0.9556564689,1.010380387
0.04430757386,0.9352799058,1.00218451
0.04431757386,0.9112122059,0.9900335073
0.04432757386,0.8835483789,0.97397542
0.04432857386,0.8805882931,0.9721564054
0.04433857386,0.8490953445,0.9518742561
0.04433957386,0.8457595706,0.9496372342
0.04434957386,0.810587883,0.9252279997
0.04435057386,0.806892395,0.9225836992
0.04436057386,0.7682098746,0.8941637874
0.04436157386,0.764172256,0.8911247849
0.04437157386,0.7221637368,0.8588299751
0.04437257386,0.7178032398,0.8554107547
0.04438257386,0.6726691723,0.8193952441
0.04438357386,0.6680067778,0.8156121373
0.04439357386,0.6199626923,0.7760478854
0.04439457386,0.6150205135,0.7719190121
0.04440457386,0.5642958879,0.7289949059
0.04440557386,0.5590975285,0.7245399356
0.04441557386,0.5059345961,0.6784610152
0.04441657386,0.5005049109,0.6737012267
0.04442657386,0.4451574087,0.6246874332
0.04442757386,0.4395223856,0.6196455956
0.04443757386,0.3822546601,0.567931056
0.04443857386,0.3764411211,0.5626311302
0.04444857386,0.3175266087,0.5084627271
0.04444957386,0.3115623593,0.5029301047
0.04445957386,0.2512823939,0.4465665221
0.04446057386,0.2451958954,0.4408276379
0.04447057386,0.1838383079,0.3825379908
0.04447157386,0.1776586175,0.3766202033
0.04448157386,0.1155163944,0.3166828454
0.04448257386,0.1092730314,0.3106144369
0.04449257386,0.04664289206,0.2493155152
0.04449357386,0.04036566615,0.2431254685
0.04450357386,-0.02245333232,0.1807577312
0.04450457386,-0.02873444743,0.1744755954
0.04451457386,-0.09144233912,0.1113368347
0.04451557386,-0.09769735485,0.1049925908
0.04452557386,-0.1599947065,0.04138430208
0.04452657386,-0.1661937535,0.03500826284
0.04453657386,-0.2277831137,-0.02876583487
0.04453757386,-0.2338965833,-0.03514323011
0.04454757386,-0.2944838405,-0.09877861291
0.04454857386,-0.3004825711,-0.1051269099
0.04455857386,-0.359778434,-0.168319717
0.04455957386,-0.3656337261,-0.1746086031
0.04456957386,-0.4233550727,-0.2370570898
0.04457057386,-0.4290390313,-0.2432565391
0.04458057386,-0.4849101901,-0.3046625257
0.04458157386,-0.4903956354,-0.3107429445
0.04459157386,-0.5441498756,-0.3708131909
0.04459257386,-0.5494106412,-0.376745522
0.04460257386,-0.6007912755,-0.4351932108
0.04460357386,-0.6058021784,-0.440949142
0.04461357386,-0.6545639038,-0.4974952042
0.04461457386,-0.6593010426,-0.5030472279
0.04462457386,-0.7052109838,-0.5574216843
0.04462557386,-0.7096517682,-0.5627433062
0.04463557386,-0.7524906397,-0.6146864295
0.04463657386,-0.7566139102,-0.6197522879
0.04464657386,-0.7961772084,-0.6690160632
0.04464757386,-0.7999632359,-0.673801899
0.04465757386,-0.8360620737,-0.7201511264
0.04465857386,-0.8394926786,-0.7246341705
0.04466857386,-0.8719546795,-0.767847538
0.04466957386,-0.8750136495,-0.7720062733
0.04467957386,-0.9036837816,-0.8118774295
0.04468057386,-0.9063563943,-0.8156920671
0.04469057386,-0.9310977459,-0.8520306349
0.04469157386,-0.9333713055,-0.8554829359
0.04470157386,-0.9540657997,-0.888115406
0.04470257386,-0.9559293389,-0.8911888599
0.04471257386,-0.9724781513,-0.9199594259
0.04471357386,-0.9739229083,-0.9226394296
0.04472357386,-0.9862469435,-0.9474106431
0.04472457386,-0.9872659445,-0.9496843219
0.04473457386,-0.9953064322,-0.9703379869
0.04473557386,-0.9958947897,-0.9721945524
0.04474557386,-0.9996133447,-0.9886319637
0.04474657386,-0.9997683167,-0.9900625348
0.04475657386,-0.9991470575,-1.002205253
0.04476657386,-0.994582653,-1.010392904
0.04477657386,-0.9860931039,-1.014593244
0.04478657386,-0.9737119079,-1.014789462
0.04479657386,-0.9574878812,-1.010980964
0.04480657386,-0.9374850988,-1.00318265
0.04481657386,-0.9137824774,-0.9914252758
0.04482657386,-0.8864735961,-0.9757552743
0.04482757386,-0.8835483789,-0.9739747643
0.04483757386,-0.8523976207,-0.9540728927
0.04483857386,-0.8490953445,-0.9518734813
0.04484857386,-0.8142514229,-0.927834928
0.04484957386,-0.810587883,-0.9252271056
0.04485957386,-0.7722172141,-0.8971665502
0.04486057386,-0.7682098746,-0.8941628337
0.04487057386,-0.7264956236,-0.8622142076
0.04487157386,-0.7221637368,-0.8588289022
0.04488157386,-0.6773051023,-0.8231447935
0.04488257386,-0.6726691723,-0.819394052
0.04489257386,-0.6248804331,-0.7801448703
0.04489357386,-0.6199626923,-0.7760465741
0.04490357386,-0.5694719553,-0.7334197164
0.04490457386,-0.5642958879,-0.728993535
0.04491457386,-0.511344254,-0.6831925511
0.04491557386,-0.5059345961,-0.6784595251
0.04492557386,-0.4507748783,-0.6297031045
0.04492657386,-0.4451574087,-0.6246858835
0.04493657386,-0.3880530894,-0.5732068419
0.04493757386,-0.3822546601,-0.5679293871
0.04494757386,-0.3234783411,-0.5139735341
0.04494857386,-0.3175266087,-0.5084610581
0.04495857386,-0.2573589683,-0.4522860348
0.04495957386,-0.2512823939,-0.4465647638
0.04496957386,-0.1900107414,-0.3884388506
0.04497057386,-0.1838383079,-0.3825361729
0.04498057386,-0.1217551976,-0.3227368593
0.04498157386,-0.1155163944,-0.3166809678
0.04499157386,-0.05291827396,-0.2554938197
0.04499257386,-0.04664289206,-0.2493136227
0.04500257386,0.01617132872,-0.187030822
0.04500357386,0.02245333232,-0.1807558089
0.04501357386,0.08518371731,-0.1176747307
0.04501457386,0.09144233912,-0.1113348901
0.04502457386,0.1537893564,-0.04775675759
0.04502557386,0.1599947065,-0.04138235375
0.04503557386,0.2216606438,0.02238925174
0.04503657386,0.2277831137,0.02876778319
0.04504657386,0.2884735167,0.09242834896
0.04504757386,0.2944838405,0.09878055006
0.04505757386,0.3539089262,0.1620261073
0.04505857386,0.359778434,0.1683216393
0.04506857386,0.4176544249,0.230850175
0.04506957386,0.4233550727,0.2370589823
0.04507957386,0.4794056118,0.2985719442
0.04508057386,0.4849101901,0.3046643734
0.04509057386,0.5388676524,0.3648680151
0.04509157386,0.5441498756,0.3708150089
0.04510157386,0.59575665,0.4294218719
0.04510257386,0.6007912755,0.435194999
0.04511257386,0.649800837,0.4919252098
0.04511357386,0.6545639038,0.4974969029
0.04512357386,0.7007423043,0.552079618
0.04512457386,0.7052109838,0.5574232936
0.04513457386,0.7483376861,0.6095978618
0.04513557386,0.7524906397,0.6146879792
0.04514557386,0.7923598289,0.6642052531
0.04514657386,0.7961772084,0.6690175533
0.04515657386,0.8325983882,0.7156410813
0.04515757386,0.8360620737,0.7201525569
0.04516757386,0.8688613772,0.7636597753
0.04516857386,0.8719546795,0.7678487897
0.04517857386,0.9009754658,0.8080319166
0.04517957386,0.9036837816,0.8118786216
0.04518957386,0.9287874699,0.8485457897
0.04519057386,0.9310977459,0.8520317078
0.04520057386,0.9521645308,0.8850077987
0.04520157386,0.9540657997,0.8881163597
0.04521157386,0.9709950089,0.9172439575
0.04521257386,0.9724781513,0.9199602604
0.04522257386,0.9851890206,0.9451002479
0.04522357386,0.9862469435,0.9474113584
0.04523357386,0.9946787357,0.9684436917
0.04523457386,0.9953064322,0.970338583
0.04524457386,0.9994188547,0.9871628284
0.04524557386,0.9996133447,0.9886324406
0.04525557386,0.9993867874,1.001168251
0.04526557386,0.9952161908,1.009753227
0.04527557386,0.9871178865,1.014353275
0.04528557386,0.9751238823,1.014950275
0.04529557386,0.9592815042,1.011541724
0.04530557386,0.9396532774,1.004141331
0.04531557386,0.9163166881,0.9927780032
0.04532557386,0.8893638253,0.9774967432
0.04532657386,0.8864735961,0.9757547379
0.04533657386,0.8556662202,0.9562340379
0.04533757386,0.8523976207,0.9540722966
0.04534757386,0.8178827763,0.9304053187
0.04534857386,0.8142514229,0.9278341532
0.04535857386,0.7761939764,0.9001339674
0.04535957386,0.7722172141,0.8971656561
0.04536957386,0.7307989001,0.8655644655
0.04537057386,0.7264956236,0.862213254
0.04538057386,0.6819142699,0.826861918
0.04538157386,0.6773051023,0.8231437206
0.04539157386,0.629773438,0.7842110991
0.04539257386,0.6248804331,0.7801436782
0.04540257386,0.5746254921,0.7378156781
0.04540357386,0.5694719553,0.7334184647
0.04541357386,0.516733706,0.6878972054
0.04541457386,0.511344254,0.6831911802
0.04542457386,0.4563745558,0.6346940398
0.04542557386,0.4507748783,0.629701674
0.04543557386,0.3938362002,0.5784601569
0.04543657386,0.3880530894,0.5732053518
0.04544657386,0.3294172883,0.5194641948
0.04544757386,0.3234783411,0.5139719844
0.04545757386,0.2634254098,0.4579877853
0.04545857386,0.2573589683,0.4522843659
0.04546857386,0.1961756647,0.3943244517
0.04546957386,0.1900107414,0.3884371221
0.04547957386,0.1279891878,0.3287782669
0.04548057386,0.1217551976,0.3227351308
0.04549057386,0.05919156969,0.2616621554
0.04549157386,0.05291827396,0.2554920316
0.04550157386,-0.009888687171,0.1932966113
0.04550257386,-0.01617132872,0.1870290041
0.04551257386,-0.07892172784,0.1240080893
0.04551357386,-0.08518371731,0.1176728979
0.04552357386,-0.1475779116,0.05412742868
0.04552457386,-0.1537893564,0.04775490984
0.04553457386,-0.2155294269,-0.016011687
0.04553557386,-0.2216606438,-0.02239110135
0.04554557386,-0.2824517787,-0.08607434481
0.04554657386,-0.2884735167,-0.0924301967
0.04555657386,-0.3480254412,-0.1557259858
0.04555757386,-0.3539089262,-0.1620279253
0.04556757386,-0.4119372666,-0.2246340513
0.04556857386,-0.4176544249,-0.2308519781
0.04557857386,-0.4738821089,-0.2924694717
0.04557957386,-0.4794056118,-0.2985737026
0.04558957386,-0.5335641503,-0.3589083552
0.04559057386,-0.5388676524,-0.3648697436
0.04560057386,-0.5906984806,-0.4236334562
0.04560157386,-0.59575665,-0.4294235408
0.04561157386,-0.6450121999,-0.4863357246
0.04561257386,-0.649800837,-0.4919268191
0.04562257386,-0.6962459683,-0.5467157364
0.04562357386,-0.7007423043,-0.5520811677
0.04563357386,-0.7441552281,-0.6044851542
0.04563457386,-0.7483376861,-0.6095993519
0.04564457386,-0.7885110974,-0.6593681574
0.04564557386,-0.7923598289,-0.6642066836
0.04565557386,-0.8291018605,-0.7111027241
0.04565657386,-0.8325983882,-0.7156423926
0.04566657386,-0.8657336831,-0.7594417334
0.04566757386,-0.8688613772,-0.7636609674
0.04567757386,-0.8982316256,-0.8041544557
0.04567857386,-0.9009754658,-0.8080330491
0.04568857386,-0.926440537,-0.8450273275
0.04568957386,-0.9287874699,-0.848546803
0.04569957386,-0.9502257109,-0.8818652034
0.04570057386,-0.9521645308,-0.8850086927
0.04571057386,-0.9694735408,-0.9144921899
0.04571157386,-0.9709950089,-0.9172447324
0.04572157386,-0.984092176,-0.9427524805
0.04572257386,-0.9851890206,-0.9451009035
0.04573257386,-0.9940117598,-0.9665111303
0.04573357386,-0.9946787357,-0.9684442282
0.04574357386,-0.9991849661,-0.9856546521
0.04574457386,-0.9994188547,-0.9871632457
0.04575457386,-0.999587059,-1.000091791
0.04576457386,-0.9958103895,-1.009073496
0.04577457386,-0.9881036282,-1.014073133
0.04578457386,-0.9764973521,-1.015070796
0.04579457386,-0.9610372186,-1.01206255
0.04580457386,-0.9417843819,-1.005060196
0.04581457386,-0.9188147187,-0.9940915108
0.04582457386,-0.8922188878,-0.9791995883
0.04582557386,-0.8893638253,-0.9774961472
0.04583557386,-0.8589010239,-0.9583572745
0.04583657386,-0.8556662202,-0.9562333226
0.04584657386,-0.8214818835,-0.9329389334
0.04584757386,-0.8178827763,-0.9304045439
0.04585757386,-0.7801401615,-0.9030658007
0.04585857386,-0.7761939764,-0.9001330733
0.04586857386,-0.735073328,-0.8688805699
0.04586957386,-0.7307989001,-0.8655634522
0.04587957386,-0.6864964962,-0.8305463791
0.04588057386,-0.6819142699,-0.8268607855
0.04589057386,-0.6346416473,-0.7882463336
0.04589157386,-0.629773438,-0.7842099071
0.04590157386,-0.5797563791,-0.7421824336
0.04590257386,-0.5746254921,-0.7378143668
0.04591257386,-0.5221028328,-0.6925746799
0.04591357386,-0.516733706,-0.6878957748
0.04592357386,-0.461956203,-0.639659822
0.04592457386,-0.4563745558,-0.6346924901
0.04593457386,-0.3996037841,-0.5836905837
0.04593557386,-0.3938362002,-0.5784586072
0.04594557386,-0.3353432417,-0.5249342322
0.04594657386,-0.3294172883,-0.5194625258
0.04595657386,-0.2694814205,-0.4636713564
0.04595757386,-0.2634254098,-0.4579860568
0.04596757386,-0.2023328394,-0.4001944661
0.04596857386,-0.1961756647,-0.3943226933
0.04597857386,-0.1342181265,-0.3348066211
0.04597957386,-0.1279891878,-0.328776449
0.04598957386,-0.06546252966,-0.2678200901
0.04599057386,-0.05919156969,-0.2616603076
0.04600057386,0.003605654929,-0.1995547265
0.04600157386,0.009888687171,-0.1932947338
0.04601157386,0.07265662402,-0.1303364784
0.04601257386,0.07892172784,-0.1240061894
0.04602257386,0.1413606554,-0.06049589813
0.04602357386,0.1475779116,-0.05412551761
0.04603357386,0.2093897015,0.009633553214
0.04603457386,0.2155294269,0.01601359993
0.04604457386,0.2764188945,0.07971700281
0.04604557386,0.2824517787,0.08607625216
0.04605557386,0.3421282172,0.1494197994
0.04605657386,0.3480254412,0.1557278782
0.04606657386,0.406203866,0.218409121
0.04606757386,0.4119372666,0.224635914
0.04607757386,0.4683398902,0.2863555253
0.04607857386,0.4738821089,0.2924713194
0.04608857386,0.5282396078,0.3529345989
0.04608957386,0.5335641503,0.3589101434
0.04609957386,0.5856170058,0.4178283811
0.04610057386,0.5906984806,0.4236352146
0.04611057386,0.6401980519,0.4807270765
0.04611157386,0.6450121999,0.4863373935
0.04612157386,0.6917221546,0.5413302779
0.04612257386,0.6962459683,0.5467173457
0.04613257386,0.7399433255,0.5993486047
0.04613357386,0.7441552281,0.6044867039
0.04614357386,0.7846313119,0.654505074
0.04614457386,0.7885110974,0.6593696475
0.04615457386,0.8255726099,0.706536293
0.04615557386,0.8291018605,0.711104095
0.04616557386,0.8625718355,0.7551938295
0.04616657386,0.8657336831,0.7594430447
0.04617657386,0.8954523206,0.800245285
0.04617757386,0.8982316256,0.8041556478
0.04618757386,0.9240570068,0.8414755464
0.04618857386,0.926440537,0.8450284004
0.04619857386,0.9482493401,0.878687799
0.04619957386,0.9502257109,0.8818661571
0.04620957386,0.9679138064,0.9117043614
0.04621057386,0.9694735408,0.9144930243
0.04622057386,0.9829564691,0.9403675199
0.04622157386,0.984092176,0.9427531958
0.04623157386,0.9933055639,0.964540422
0.04623257386,0.9940117598,0.9665117264
0.04624257386,0.9989116192,0.9841076136
0.04624357386,0.9991849661,0.985655129
0.04625357386,0.9997478724,0.9989757538
0.04626357386,0.9963652492,1.008354068
0.04627357386,0.9890504479,1.013753057
0.04628357386,0.9778322577,1.015151381
0.04629357386,0.962755084,1.01254344
0.04630357386,0.943878293,1.005939603
0.04631357386,0.9212764502,0.9953657389
0.04632357386,0.8950387836,0.98086375
0.04632457386,0.8922188878,0.9791990519
0.04633457386,0.8621019125,0.9604427814
0.04633557386,0.8589010239,0.9583566785
0.04634557386,0.8250485063,0.9354357719
0.04634657386,0.8214818835,0.9329381585
0.04635657386,0.784055531,0.90596205
0.04635757386,0.7801401615,0.9030649662
0.04636757386,0.7393186688,0.8721623421
0.04636857386,0.735073328,0.8688795567
0.04637857386,0.6910516024,0.8341980577
0.04637957386,0.6864964962,0.8305453062
0.04638957386,0.6394847631,0.792250514
0.04639057386,0.6346416473,0.7882452011
0.04640057386,0.584864378,0.7465199828
0.04640157386,0.5797563791,0.7421811819
0.04641157386,0.5274512768,0.6972247958
0.04641257386,0.5221028328,0.6925733089
0.04642257386,0.4675196409,0.6446003914
0.04642357386,0.461956203,0.6396583319
0.04643357386,0.4053555727,0.5888980031
0.04643457386,0.3996037841,0.583689034
0.04644457386,0.341255933,0.5303836465
0.04644557386,0.3353432417,0.5249326229
0.04645557386,0.2755267918,0.4693366885
0.04645657386,0.2694814205,0.4636696875
0.04646657386,0.208482042,0.4060486853
0.04646757386,0.2023328394,0.4001927376
0.04647757386,0.1404417753,0.3408218026
0.04647857386,0.1342181265,0.3348048627
0.04648857386,0.07173090428,0.2739674747
0.04648957386,0.06546252966,0.2678182721
0.04649957386,0.00267751934,0.2058049887
0.04650057386,-0.003605654929,0.1995528787
0.04651057386,-0.06638865173,0.1366597712
0.04651157386,-0.07265662402,0.1303346306
0.04652157386,-0.1351378113,0.06686202437
0.04652257386,-0.1413606554,0.06049402803
0.04653257386,-0.2032417059,-0.003254998475
0.04653357386,-0.2093897015,-0.009635426104
0.04654357386,-0.2703751028,-0.07335647196
0.04654457386,-0.2764188945,-0.07971886545
0.04655457386,-0.3362174928,-0.1431076676
0.04655557386,-0.3421282172,-0.1494216472
0.04656557386,-0.400454402,-0.2121755183
0.04656657386,-0.406203866,-0.218410939
0.04657657386,-0.4627791941,-0.2802302241
0.04657757386,-0.4683398902,-0.2863573134
0.04658757386,-0.5228942037,-0.3469468355
0.04658857386,-0.5282396078,-0.3529363573
0.04659857386,-0.5805124044,-0.4120067954
0.04659957386,-0.5856170058,-0.4178301096
0.04660957386,-0.6353586316,-0.4750994146
0.04661057386,-0.6401980519,-0.4807287157
0.04662057386,-0.687171042,-0.5359234214
0.04662157386,-0.6917221546,-0.5413318276
0.04663157386,-0.7357022762,-0.5941883922
0.04663257386,-0.7399433255,-0.5993501544
0.04664257386,-0.7807204723,-0.6496161222
0.04664357386,-0.7846313119,-0.6545065045
0.04665357386,-0.8220107555,-0.701941967
0.04665457386,-0.8255726099,-0.7065376639
0.04666457386,-0.8593759537,-0.7509160042
0.04666557386,-0.8625718355,-0.7551950812
0.04667557386,-0.89263767,-0.7963044643
0.04667657386,-0.8954523206,-0.8002464175
0.04668657386,-0.9216369987,-0.8378905654
0.04668757386,-0.9240570068,-0.8414766192
0.04669757386,-0.9462355971,-0.8754757047
0.04669857386,-0.9482493401,-0.8786887527
0.04670857386,-0.9663158655,-0.9088805318
0.04670957386,-0.9679138064,-0.9117051959
0.04671957386,-0.9817820191,-0.9379453659
0.04672057386,-0.9829564691,-0.9403681755
0.04673057386,-0.9925601482,-0.9625315666
0.04673157386,-0.9933055639,-0.9645409584
0.04674157386,-0.9985988736,-0.9825217128
0.04674257386,-0.9989116192,-0.9841080904
0.04675257386,-0.9998692274,-0.9978203177
0.04676257386,-0.9968808293,-1.007594824
0.04677257386,-0.9899581671,-1.013392925
0.04678257386,-0.9791285992,-1.015191793
0.04679257386,-0.9644348621,-1.012984276
0.04680257386,-0.9459349513,-1.006779075
0.04681257386,-0.9237018228,-0.9966006875
0.04682257386,-0.8978233337,-0.9824892282
0.04682357386,-0.8950387836,-0.9808632135
0.04683357386,-0.8652687669,-0.9624903202
0.04683457386,-0.8621019125,-0.9604421258
0.04684457386,-0.8285825849,-0.937895596
0.04684557386,-0.8250485063,-0.9354349971
0.04685557386,-0.7879399657,-0.9088224769
0.04685657386,-0.784055531,-0.9059611559
0.04686657386,-0.743534863,-0.8754096627
0.04686757386,-0.7393186688,-0.8721613288
0.04687757386,-0.6955794692,-0.8378168344
0.04687857386,-0.6910516024,-0.8341969848
0.04688857386,-0.6443026662,-0.796223402
0.04688957386,-0.6394847631,-0.7922493219
0.04689957386,-0.5899493098,-0.7508279681
0.04690057386,-0.584864378,-0.7465186715
0.04691057386,-0.5327789783,-0.7018473744
0.04691157386,-0.5274512768,-0.6972234249
0.04692157386,-0.4730646014,-0.64951545
0.04692257386,-0.4675196409,-0.6445989013
0.04693257386,-0.4110913575,-0.5940821171
0.04693357386,-0.4053555727,-0.5888964534
0.04694357386,-0.3471551538,-0.5358120203
0.04694457386,-0.341255933,-0.5303820372
0.04695457386,-0.2815613151,-0.4749834836
0.04695557386,-0.2755267918,-0.4693350196
0.04696557386,-0.2146230042,-0.4118868709
0.04696657386,-0.208482042,-0.406046927
0.04697657386,-0.1466598809,-0.3468234837
0.04697757386,-0.1404417753,-0.3408200145
0.04698757386,-0.07799644768,-0.2801040411
0.04698857386,-0.07173090428,-0.2739656568
0.04699857386,-0.008960587904,-0.2120471001
0.04699957386,-0.00267751934,-0.2058031261
0.04700957386,0.06011805683,-0.1429776549
0.04701057386,0.06638865173,-0.1366578937
0.04702057386,0.1289096475,-0.07322547585
0.04702157386,0.1351378113,-0.06686012447
0.04703157386,0.1970856786,-0.003123658709
0.04703257386,0.2032417059,0.003256897675
0.04704257386,0.2643206418,0.06699307263
0.04704357386,0.2703751028,0.0733583644
0.04705357386,0.3302934766,0.136789903
0.04705457386,0.3362174928,0.1431095451
0.04706457386,0.3946891725,0.2059335709
0.04706557386,0.400454402,0.2121773809
0.04707557386,0.4572001994,0.2740938962
0.04707657386,0.4627791941,0.2802320719
0.04708657386,0.5175281167,0.3409454226
0.04708757386,0.5228942037,0.3469486237
0.04709757386,0.5753848553,0.4061689377
0.04709857386,0.5805124044,0.4120085239
0.04710857386,0.6304941177,0.469453007
0.04710957386,0.6353586316,0.4751010835
0.04711957386,0.6825928092,0.5304954648
0.04712057386,0.687171042,0.5359250307
0.04713057386,0.7314321399,0.589004755
0.04713157386,0.7357022762,0.5941899419
0.04714157386,0.7767788768,0.6447015405
0.04714257386,0.7807204723,0.6496176124
0.04715257386,0.8184164762,0.6973199248
0.04715357386,0.8220107555,0.7019433379
0.04716357386,0.8561461568,0.7466086149
0.04716457386,0.8593759537,0.7509173155
0.04717457386,0.8897877336,0.792332232
0.04717557386,0.89263767,0.7963056564
0.04718557386,0.9191806316,0.8342725039
0.04718657386,0.9216369987,0.8378916383
0.04719657386,0.9441844225,0.8722290993
0.04719757386,0.9462355971,0.8754767179
0.04720757386,0.9646797776,0.9060208201
0.04720857386,0.9663158655,0.9088813663
0.04721857386,0.9805687666,0.9354862571
0.04721957386,0.9817820191,0.9379461408
0.04722957386,0.9917755723,0.9604848027
0.04723057386,0.9925601482,0.9625322223
0.04724057386,0.9982466698,0.9808970094
0.04724157386,0.9985988736,0.9825221896
0.04725157386,0.9999511242,0.996625483
0.04726157386,0.9973570108,1.006795764
0.04727157386,0.9908267856,1.012992859
0.04728157386,0.9803862572,1.01519227
0.04729157386,0.9660766125,1.013385296
0.04730157386,0.9479542375,1.007578969
0.04731157386,0.9260907769,0.9977963567
0.04732157386,0.9005724192,0.9840759039
0.04733157386,0.871499896,0.9664718509
0.04733257386,0.8684014678,0.964499712
0.04734257386,0.8355525136,0.9427045584
0.04734357386,0.8320839405,0.940318048
0.04735357386,0.7956153154,0.9144359231
0.04735457386,0.7917932272,0.9116464853
0.04736457386,0.7518790364,0.88180089
0.04736557386,0.7477217317,0.8786218166
0.04737557386,0.7045525908,0.8449552059
0.04737657386,0.7000798583,0.8414016962
0.04738657386,0.6538619399,0.8040749431
0.04738757386,0.649095118,0.8001639247
0.04739757386,0.6000490785,0.7593551874
0.04739857386,0.5950109363,0.7551053762
0.04740857386,0.5433709621,0.711009562
0.04740957386,0.5380855799,0.706441164
0.04741957386,0.4840982854,0.659268856
0.04742057386,0.4785908759,0.6544037461
0.04743057386,0.4225140214,0.6043801308
0.04743157386,0.4168109298,0.5992415547
0.04744157386,0.3589122891,0.5466054678
0.04744257386,0.3530406952,0.5412179828
0.04745257386,0.2935967445,0.4862208068
0.04745357386,0.2875846922,0.4806100726
0.04746357386,0.2268792689,0.4235144556
0.04746457386,0.2207555026,0.4177072942
0.04747457386,0.1590784639,0.3587858081
0.04747557386,0.1528721899,0.3528099656
0.04748557386,0.0905180499,0.2923440039
0.04748657386,0.08425891399,0.2862279713
0.04749657386,0.02152541652,0.2245062292
0.04749757386,0.01524330303,0.2182792425
0.04750757386,-0.04757000133,0.15559645
0.04750857386,-0.05384509265,0.1492882371
0.04751857386,-0.1164382696,0.08594370633
0.04751957386,-0.12267638,0.07958438993
0.04752957386,-0.1847505569,0.0158805903
0.04753057386,-0.1909218878,0.009500532411
0.04754057386,-0.2521806359,-0.05425835401
0.04754157386,-0.2582557499,-0.0606286861
0.04755157386,-0.3184065819,-0.1241382137
0.04755257386,-0.3243564367,-0.1304683983
0.04756257386,-0.3831121325,-0.1934252977
0.04756357386,-0.3889083266,-0.1996851265
0.04757357386,-0.4459883273,-0.2617887855
0.04757457386,-0.4516031742,-0.2679483593
0.04758457386,-0.5067349672,-0.3289022446
0.04758557386,-0.512141645,-0.3349321187
0.04759557386,-0.5650618672,-0.3944451809
0.04759657386,-0.5702346563,-0.400316596
0.04760657386,-0.6206907034,-0.4581046402
0.04760757386,-0.6256047487,-0.4637895525
0.04761757386,-0.6733556986,-0.5195766091
0.04761857386,-0.6779876351,-0.5250478983
0.04762857386,-0.7228054404,-0.5785676837
0.04762957386,-0.7271331549,-0.5837991834
0.04763957386,-0.7688037753,-0.6347960234
0.04764057386,-0.7728065848,-0.6397628188
0.04765057386,-0.8111310601,-0.687993288
0.04765157386,-0.8147898912,-0.6926715374
0.04766157386,-0.8495852947,-0.7379053235
0.04766257386,-0.8528825641,-0.7422727942
0.04767257386,-0.8839826584,-0.78429389
0.04767357386,-0.8869027495,-0.7883297205
0.04768357386,-0.9141591191,-0.8269374967
0.04768457386,-0.9166879654,-0.830622375
0.04769457386,-0.9399704337,-0.8656324148
0.04769557386,-0.9420960546,-0.8689488173
0.04770557386,-0.9612933993,-0.9001939893
0.04770657386,-0.9630056024,-0.9031260014
0.04771657386,-0.9780262113,-0.9304571152
0.04771757386,-0.9793168306,-0.9329907894
0.04772757386,-0.9900889397,-0.9562773705
0.04772857386,-0.9909518361,-0.9584005475
0.04773857386,-0.9974240065,-0.9775313735
0.04773957386,-0.9978550076,-0.9792339206
0.04774957386,-0.9999964237,-0.9941176772
0.04775957386,-0.9981912971,-1.005078316
0.04776957386,-0.9924467206,-1.012072444
0.04777957386,-0.9827854633,-1.015072584
0.04778957386,-0.969245553,-1.014066815
0.04779957386,-0.9518805146,-1.009059072
0.04780957386,-0.9307588339,-1.000069141
0.04781957386,-0.9059638381,-0.9871324897
0.04782957386,-0.8775934577,-0.9703000784
0.04783057386,-0.8745639324,-0.9684043527
0.04784057386,-0.8423904181,-0.9473640323
0.04784157386,-0.8389880061,-0.9450521469
0.04785157386,-0.8031650186,-0.9199044704
0.04785257386,-0.7994059324,-0.9171873927
0.04786257386,-0.7601044774,-0.8880523443
0.04786357386,-0.7560067177,-0.884943068
0.04787357386,-0.7134144902,-0.851959765
0.04787457386,-0.7089975476,-0.8484731317
0.04788457386,-0.6633179188,-0.811799109
0.04788557386,-0.658602953,-0.8079517484
0.04789557386,-0.6100540161,-0.7677620649
0.04789657386,-0.605063498,-0.7635723948
0.04790657386,-0.5538771749,-0.7200590372
0.04790757386,-0.5486348867,-0.7155469656
0.04791757386,-0.4950554967,-0.6689176559
0.04791857386,-0.4895865619,-0.6641048193
0.04792857386,-0.4338699877,-0.6145822406
0.04792957386,-0.4282004535,-0.6094915867
0.04793957386,-0.3706127405,-0.5573121905
0.04794057386,-0.3647696972,-0.5519680381
0.04795057386,-0.3055858016,-0.4973809719
0.04795157386,-0.2995971739,-0.4918088913
0.04796157386,-0.2390997112,-0.4350747764
0.04796257386,-0.2329940945,-0.4293013215
0.04797257386,-0.1714719236,-0.3706911206
0.04797357386,-0.1652784497,-0.3647438288
0.04798357386,-0.1030253544,-0.3045374155
0.04798457386,-0.09677360952,-0.2984447181
0.04799457386,-0.03408684582,-0.2369295359
0.04799557386,-0.02780667879,-0.23072052
0.04800557386,0.03501443192,-0.1681903154
0.04800657386,0.04129303247,-0.1618946493
0.04801657386,0.1039485112,-0.09864801168
0.04801757386,0.1101955697,-0.09229572862
0.04802757386,0.1723862439,-0.02863465808
0.04802857386,0.1785719246,-0.02225610614
0.04803857386,0.2400008291,0.0415154174
0.04803957386,0.2460955977,0.0478897877
0.04804957386,0.3064694107,0.1114672571
0.04805057386,0.3124441803,0.1178070009
0.04806057386,0.3714746237,0.1808868349
0.04806157386,0.3773008287,0.187161684
0.04807157386,0.4347060323,0.2494426817
0.04807257386,0.4403558671,0.255622685
0.04808257386,0.4958617091,0.3168074489
0.04808357386,0.5013082027,0.3228630722
0.04809357386,0.5546497107,0.3826594353
0.04809457386,0.5598668456,0.3885617852
0.04810457386,0.6107891798,0.4466842413
0.04810557386,0.6157521009,0.4524051249
0.04811557386,0.6640121937,0.5085760951
0.04811657386,0.6686971188,0.5140882134
0.04812657386,0.7140645385,0.5680395365
0.04812757386,0.7184491754,0.5733165741
0.04813757386,0.7607072592,0.6247906089
0.04813857386,0.764770627,0.6298072934
0.04814857386,0.8037176132,0.67855829
0.04814957386,0.8074402809,0.68329072
0.04815957386,0.842890203,0.7290858626
0.04816057386,0.846254468,0.7335114479
0.04817057386,0.8780380487,0.7761320472
0.04817157386,0.8810277581,0.7802296281
0.04818157386,0.9089931846,0.8194721937
0.04818257386,0.9115941525,0.8232222795
0.04819257386,0.9356079698,0.8588994145
0.04819357386,0.9378076792,0.8622840047
0.04820357386,0.957755208,0.894225359
0.04820457386,0.9595432281,0.8972283006
0.04821457386,0.9753291607,0.9252813458
0.04821557386,0.9766969681,0.9278883934
0.04822557386,0.9882459641,0.951919198
0.04822657386,0.9891870022,0.9541178346
0.04823657386,0.9964438677,0.9740116
0.04823757386,0.9969536662,0.9757913351
0.04824757386,0.9998838305,0.9914531112
0.04824857386,0.9999598265,0.9928054214
0.04825857386,0.9985492826,1.004160404
0.04826857386,0.9931979179,1.011552691
0.04827857386,0.9839268327,1.014953017
0.04828857386,0.9707726836,1.014347911
0.04829857386,0.9537873268,1.009739637
0.04830857386,0.9330377579,1.001146555
0.04831857386,0.9086059332,0.9886024594
0.04832857386,0.8805882931,0.9721568823
0.04832957386,0.8775934577,0.9702994823
0.04833957386,0.8457595706,0.9496378303
0.04834057386,0.8423904181,0.9473633766
0.04835057386,0.806892395,0.9225843549
0.04835157386,0.8031650186,0.919903636
0.04836157386,0.764172256,0.8911255598
0.04836257386,0.7601044774,0.888051331
0.04837257386,0.7178032398,0.8554116488
0.04837357386,0.7134144902,0.8519586325
0.04838357386,0.6680067778,0.8156131506
0.04838457386,0.6633179188,0.8117978573
0.04839457386,0.6150205135,0.7719201446
0.04839557386,0.6100540161,0.7677607536
0.04840557386,0.5590975285,0.7245411873
0.04840657386,0.5538771749,0.7200575471
0.04841657386,0.5005049109,0.673702538
0.04841757386,0.4950554967,0.6689161062
0.04842757386,0.4395223856,0.6196469665
0.04842857386,0.4338699877,0.6145806313
0.04843857386,0.3764411211,0.5626326203
0.04843957386,0.3706127405,0.557310462
0.04844957386,0.3115623593,0.5029316545
0.04845057386,0.3055858016,0.4973792136
0.04846057386,0.2451958954,0.4408292472
0.04846157386,0.2390997112,0.4350729585
0.04847157386,0.1776586175,0.3766218722
0.04847257386,0.1714719236,0.3706892133
0.04848257386,0.1092730314,0.3106161356
0.04848357386,0.1030253544,0.3045354784
0.04849357386,0.04036566615,0.2431272119
0.04849457386,0.03408684582,0.236927554
0.04850457386,-0.02873444743,0.1744773537
0.04850557386,-0.03501443192,0.1681883186
0.04851557386,-0.09769735485,0.104994379
0.04851657386,-0.1039485112,0.09864599258
0.04852657386,-0.1661937535,0.03501005471
0.04852757386,-0.1723862439,0.02863263339
0.04853757386,-0.2338965833,-0.03514143452
0.04853857386,-0.2400008291,-0.04151744395
0.04854857386,-0.3004825711,-0.1051251218
0.04854957386,-0.3064694107,-0.1114692688
0.04855957386,-0.3656337261,-0.1746068448
0.04856057386,-0.3714746237,-0.1808888316
0.04857057386,-0.4290390313,-0.2432547957
0.04857157386,-0.4347060323,-0.2494446486
0.04858157386,-0.4903956354,-0.3107412159
0.04858257386,-0.4958617091,-0.3168093562
0.04859257386,-0.5494106412,-0.3767438531
0.04859357386,-0.5546497107,-0.3826613128
0.04860357386,-0.6058021784,-0.4409475327
0.04860457386,-0.6107891798,-0.4466860592
0.04861457386,-0.6593010426,-0.5030456781
0.04861557386,-0.6640121937,-0.5085778832
0.04862557386,-0.7096517682,-0.562741816
0.04862657386,-0.7140645385,-0.568041265
0.04863657386,-0.7566139102,-0.6197508574
0.04863757386,-0.7607072592,-0.6247922182
0.04864757386,-0.7999632359,-0.6738005877
0.04864857386,-0.8037176132,-0.6785598397
0.04865857386,-0.8394926786,-0.7246329188
0.04865957386,-0.842890203,-0.7290872931
0.04866957386,-0.8750136495,-0.7720051408
0.04867057386,-0.8780380487,-0.7761333585
0.04868057386,-0.9063563943,-0.8156910539
0.04868157386,-0.9089931846,-0.8194734454
0.04869157386,-0.9333713055,-0.8554819822
0.04869257386,-0.9356079698,-0.858900547
0.04870257386,-0.9559293389,-0.8911880851
0.04870357386,-0.957755208,-0.8942263722
0.04871357386,-0.9739229083,-0.9226387143
0.04871457386,-0.9753291607,-0.9252822995
0.04872457386,-0.9872659445,-0.9496837854
0.04872557386,-0.9882459641,-0.9519199729
0.04873557386,-0.9958947897,-0.9721940756
0.04873657386,-0.9964438677,-0.9740122557
0.04874657386,-0.9997683167,-0.9900621772
0.04874757386,-0.9998838305,-0.9914536476
0.04875757386,-0.998867929,-1.003202796
0.04876757386,-0.9939098954,-1.010992885
0.04877757386,-0.985029459,-1.014793277
0.04878757386,-0.9722614884,-1.014588833
0.04879757386,-0.9556564689,-1.010380387
0.04880757386,-0.9352799058,-1.00218451
0.04881757386,-0.9112122059,-0.9900335073
0.04882757386,-0.8835483789,-0.97397542
0.04882857386,-0.8805882931,-0.9721564054
0.04883857386,-0.8490953445,-0.9518742561
0.04883957386,-0.8457595706,-0.9496372342
0.04884957386,-0.810587883,-0.9252279997
0.04885057386,-0.806892395,-0.9225836992
0.04886057386,-0.7682098746,-0.8941637874
0.04886157386,-0.764172256,-0.8911247849
0.04887157386,-0.7221637368,-0.8588299751
0.04887257386,-0.7178032398,-0.8554107547
0.04888257386,-0.6726691723,-0.8193952441
0.04888357386,-0.6680067778,-0.8156121373
0.04889357386,-0.6199626923,-0.7760478854
0.04889457386,-0.6150205135,-0.7719190121
0.04890457386,-0.5642958879,-0.7289949059
0.04890557386,-0.5590975285,-0.7245399356
0.04891557386,-0.5059345961,-0.6784610152
0.04891657386,-0.5005049109,-0.6737012267
0.04892657386,-0.4451574087,-0.6246874332
0.04892757386,-0.4395223856,-0.6196455956
0.04893757386,-0.3822546601,-0.567931056
0.04893857386,-0.3764411211,-0.5626311302
0.04894857386,-0.3175266087,-0.5084627271
0.04894957386,-0.3115623593,-0.5029301047
0.04895957386,-0.2512823939,-0.4465665221
0.04896057386,-0.2451958954,-0.4408276379
0.04897057386,-0.1838383079,-0.3825379908
0.04897157386,-0.1776586175,-0.3766202033
0.04898157386,-0.1155163944,-0.3166828454
0.04898257386,-0.1092730314,-0.3106144369
0.04899257386,-0.04664289206,-0.2493155152
0.04899357386,-0.04036566615,-0.2431254685
0.04900357386,0.02245333232,-0.1807577312
0.04900457386,0.02873444743,-0.1744755954
0.04901457386,0.09144233912,-0.1113368347
0.04901557386,0.09769735485,-0.1049925908
0.04902557386,0.1599947065,-0.04138430208
0.04902657386,0.1661937535,-0.03500826284
0.04903657386,0.2277831137,0.02876583487
0.04903757386,0.2338965833,0.03514323011
0.04904757386,0.2944838405,0.09877861291
0.04904857386,0.3004825711,0.1051269099
0.04905857386,0.359778434,0.168319717
0.04905957386,0.3656337261,0.1746086031
0.04906957386,0.4233550727,0.2370570898
0.04907057386,0.4290390313,0.2432565391
0.04908057386,0.4849101901,0.3046625257
0.04908157386,0.4903956354,0.3107429445
0.04909157386,0.5441498756,0.3708131909
0.04909257386,0.5494106412,0.376745522
0.04910257386,0.6007912755,0.4351932108
0.04910357386,0.6058021784,0.440949142
0.04911357386,0.6545639038,0.4974952042
0.04911457386,0.6593010426,0.5030472279
0.04912457386,0.7052109838,0.5574216843
0.04912557386,0.7096517682,0.5627433062
0.04913557386,0.7524906397,0.6146864295
0.04913657386,0.7566139102,0.6197522879
0.04914657386,0.7961772084,0.6690160632
0.04914757386,0.7999632359,0.673801899
0.04915757386,0.8360620737,0.7201511264
0.04915857386,0.8394926786,0.7246341705
0.04916857386,0.8719546795,0.767847538
0.04916957386,0.8750136495,0.7720062733
0.04917957386,0.9036837816,0.8118774295
0.04918057386,0.9063563943,0.8156920671
0.04919057386,0.9310977459,0.8520306349
0.04919157386,0.9333713055,0.8554829359
0.04920157386,0.9540657997,0.888115406
0.04920257386,0.9559293389,0.8911888599
0.04921257386,0.9724781513,0.9199594259
0.04921357386,0.9739229083,0.9226394296
0.04922357386,0.9862469435,0.9474106431
0.04922457386,0.9872659445,0.9496843219
0.04923457386,0.9953064322,0.9703379869
0.04923557386,0.9958947897,0.9721945524
0.04924557386,0.9996133447,0.9886319637
0.04924657386,0.9997683167,0.9900625348
0.04925657386,0.9991470575,1.002205253
0.04926657386,0.994582653,1.010392904
0.04927657386,0.9860931039,1.014593244
0.04928657386,0.9737119079,1.014789462
0.04929657386,0.9574878812,1.010980964
0.04930657386,0.9374850988,1.00318265
0.04931657386,0.9137824774,0.9914252758
0.04932657386,0.8864735961,0.9757552743
0.04932757386,0.8835483789,0.9739747643
0.04933757386,0.8523976207,0.9540728927
0.04933857386,0.8490953445,0.9518734813
0.04934857386,0.8142514229,0.927834928
0.04934957386,0.810587883,0.9252271056
0.04935957386,0.7722172141,0.8971665502
0.04936057386,0.7682098746,0.8941628337
0.04937057386,0.7264956236,0.8622142076
0.04937157386,0.7221637368,0.8588289022
0.04938157386,0.6773051023,0.8231447935
0.04938257386,0.6726691723,0.819394052
0.04939257386,0.6248804331,0.7801448703
0.04939357386,0.6199626923,0.7760465741
0.04940357386,0.5694719553,0.7334197164
0.04940457386,0.5642958879,0.728993535
0.04941457386,0.511344254,0.6831925511
0.04941557386,0.5059345961,0.6784595251
0.04942557386,0.4507748783,0.6297031045
0.04942657386,0.4451574087,0.6246858835
0.04943657386,0.3880530894,0.5732068419
0.04943757386,0.3822546601,0.5679293871
0.04944757386,0.3234783411,0.5139735341
0.04944857386,0.3175266087,0.5084610581
0.04945857386,0.2573589683,0.4522860348
0.04945957386,0.2512823939,0.4465647638
0.04946957386,0.1900107414,0.3884388506
0.04947057386,0.1838383079,0.3825361729
0.04948057386,0.1217551976,0.3227368593
0.04948157386,0.1155163944,0.3166809678
0.04949157386,0.05291827396,0.2554938197
0.04949257386,0.04664289206,0.2493136227
0.04950257386,-0.01617132872,0.187030822
0.04950357386,-0.02245333232,0.1807558089
0.04951357386,-0.08518371731,0.1176747307
0.04951457386,-0.09144233912,0.1113348901
0.04952457386,-0.1537893564,0.04775675759
0.04952557386,-0.1599947065,0.04138235375
0.04953557386,-0.2216606438,-0.02238925174
0.04953657386,-0.2277831137,-0.02876778319
0.04954657386,-0.2884735167,-0.09242834896
0.04954757386,-0.2944838405,-0.09878055006
0.04955757386,-0.3539089262,-0.1620261073
0.04955857386,-0.359778434,-0.1683216393
0.04956857386,-0.4176544249,-0.230850175
0.04956957386,-0.4233550727,-0.2370589823
0.04957957386,-0.4794056118,-0.2985719442
0.04958057386,-0.4849101901,-0.3046643734
0.04959057386,-0.5388676524,-0.3648680151
0.04959157386,-0.5441498756,-0.3708150089
0.04960157386,-0.59575665,-0.4294218719
0.04960257386,-0.6007912755,-0.435194999
0.04961257386,-0.649800837,-0.4919252098
0.04961357386,-0.6545639038,-0.4974969029
0.04962357386,-0.7007423043,-0.552079618
0.04962457386,-0.7052109838,-0.5574232936
0.04963457386,-0.7483376861,-0.6095978618
0.04963557386,-0.7524906397,-0.6146879792
0.04964557386,-0.7923598289,-0.6642052531
0.04964657386,-0.7961772084,-0.6690175533
0.04965657386,-0.8325983882,-0.7156410813
0.04965757386,-0.8360620737,-0.7201525569
0.04966757386,-0.8688613772,-0.7636597753
0.04966857386,-0.8719546795,-0.7678487897
0.04967857386,-0.9009754658,-0.8080319166
0.04967957386,-0.9036837816,-0.8118786216
0.04968957386,-0.9287874699,-0.8485457897
0.04969057386,-0.9310977459,-0.8520317078
0.04970057386,-0.9521645308,-0.8850077987
0.04970157386,-0.9540657997,-0.8881163597
0.04971157386,-0.9709950089,-0.9172439575
0.04971257386,-0.9724781513,-0.9199602604
0.04972257386,-0.9851890206,-0.9451002479
0.04972357386,-0.9862469435,-0.9474113584
0.04973357386,-0.9946787357,-0.9684436917
0.04973457386,-0.9953064322,-0.970338583
0.04974457386,-0.9994188547,-0.9871628284
0.04974557386,-0.9996133447,-0.9886324406
0.04975557386,-0.9993867874,-1.001168251
0.04976557386,-0.9952161908,-1.009753227
0.04977557386,-0.9871178865,-1.014353275
0.04978557386,-0.9751238823,-1.014950275
0.04979557386,-0.9592815042,-1.011541724
0.04980557386,-0.9396532774,-1.004141331
0.04981557386,-0.9163166881,-0.9927780032
0.04982557386,-0.8893638253,-0.9774967432
0.04982657386,-0.8864735961,-0.9757547379
0.04983657386,-0.8556662202,-0.9562340379
0.04983757386,-0.8523976207,-0.9540722966
0.04984757386,-0.8178827763,-0.9304053187
0.04984857386,-0.8142514229,-0.9278341532
0.04985857386,-0.7761939764,-0.9001339674
0.04985957386,-0.7722172141,-0.8971656561
0.04986957386,-0.7307989001,-0.8655644655
0.04987057386,-0.7264956236,-0.862213254
0.04988057386,-0.6819142699,-0.826861918
0.04988157386,-0.6773051023,-0.8231437206
0.04989157386,-0.629773438,-0.7842110991
0.04989257386,-0.6248804331,-0.7801436782
0.04990257386,-0.5746254921,-0.7378156781
0.04990357386,-0.5694719553,-0.7334184647
0.04991357386,-0.516733706,-0.6878972054
0.04991457386,-0.511344254,-0.6831911802
0.04992457386,-0.4563745558,-0.6346940398
0.04992557386,-0.4507748783,-0.629701674
0.04993557386,-0.3938362002,-0.5784601569
0.04993657386,-0.3880530894,-0.5732053518
0.04994657386,-0.3294172883,-0.5194641948
0.04994757386,-0.3234783411,-0.5139719844
0.04995757386,-0.2634254098,-0.4579877853
0.04995857386,-0.2573589683,-0.4522843659
0.04996857386,-0.1961756647,-0.3943244517
0.04996957386,-0.1900107414,-0.3884371221
0.04997957386,-0.1279891878,-0.3287782669
0.04998057386,-0.1217551976,-0.3227351308
0.04999057386,-0.05919156969,-0.2616621554
0.04999157386,-0.05291827396,-0.2554920316
0.05,1.964386719e-15,-0.2031375319
